team_key,tourn_year,own_iso3,own_rank,same_country,same_language,ling_prox,composition_nat,composition_lang,composition_ling
"(('m', 'melo', 'BRA'), ('ł', 'kubot', 'POL'))",Australian Open_2018,POL,1.0,0,0,0.25,0.007874015748031496,0.007874015748031496,0.2512992125327193
"(('m', 'zverev', 'DEU'), ('p', 'lorenzi', 'ITA'))",Australian Open_2018,ITA,85.0,0,0,0.25,0.015748031496062992,0.015748031496062992,0.3117716552939002
"(('l', 'saville', 'AUS'), ('m', 'purcell', 'AUS'))",Australian Open_2018,AUS,203.0,1,1,1.0,0.11811023622047244,0.3464566929133858,0.44129921613246437
"(('a', 'rublev', 'RUS'), ('m', 'elgin', 'RUS'))",Australian Open_2018,RUS,90.0,1,1,1.0,0.007874015748031496,0.031496062992125984,0.26244094475047797
"(('f', 'fognini', 'ITA'), ('m', 'granollers', 'ESP'))",Australian Open_2018,ITA,97.0,0,0,0.5,0.015748031496062992,0.015748031496062992,0.3117716552939002
"(('a', 'bolt', 'AUS'), ('b', 'mousley', 'AUS'))",Australian Open_2018,AUS,81.0,1,1,1.0,0.11811023622047244,0.3464566929133858,0.44129921613246437
"(('d', 'sharan', 'IND'), ('r', 'ram', 'USA'))",Australian Open_2018,USA,22.0,0,1,0.0,0.07874015748031496,0.3464566929133858,0.45072836244082826
"(('m', 'copil', 'ROU'), ('v', 'troicki', 'SRB'))",Australian Open_2018,ROU,847.0,0,0,0.25,0.015748031496062992,0.023622047244094488,0.31570866316791596
"(('f', 'lópez', 'ESP'), ('m', 'lópez', 'ESP'))",Australian Open_2018,ESP,24.0,1,1,1.0,0.06299212598425197,0.16535433070866143,0.40488189048185125
"(('f', 'mergea', 'ROU'), ('n', 'zimonjić', 'SRB'))",Australian Open_2018,ROU,57.0,0,0,0.25,0.015748031496062992,0.023622047244094488,0.31570866316791596
"(('b', 'mclachlan', 'JPN'), ('j', 'struff', 'DEU'))",Australian Open_2018,JPN,73.0,0,0,0.0,0.007874015748031496,0.007874015748031496,0.007874015748031496
"(('j', 'thompson', 'AUS'), ('t', 'kokkinakis', 'AUS'))",Australian Open_2018,AUS,435.0,1,1,1.0,0.11811023622047244,0.3464566929133858,0.44129921613246437
"(('g', 'lópez', 'ESP'), ('p', 'busta', 'ESP'))",Australian Open_2018,ESP,42.0,1,1,1.0,0.06299212598425197,0.16535433070866143,0.40488189048185125
"(('m', 'middelkoop', 'NLD'), ('r', 'haase', 'NLD'))",Australian Open_2018,NLD,64.0,1,1,1.0,0.023622047244094488,0.023622047244094488,0.3351968511587053
"(('d', 'marrero', 'ESP'), ('s', 'lipsky', 'USA'))",Australian Open_2018,USA,77.0,0,0,0.3625000119209289,0.07874015748031496,0.3464566929133858,0.45072836244082826
"(('m', 'venus', 'NZL'), ('r', 'klaasen', 'ZAF'))",Australian Open_2018,ZAF,25.0,0,1,0.0,0.0,0.3464566929133858,0.0
"(('n', 'mahut', 'FRA'), ('p', 'herbert', 'FRA'))",Australian Open_2018,FRA,11.0,1,1,1.0,0.05511811023622047,0.07874015748031496,0.3389370104693991
"(('j', 'millman', 'AUS'), ('m', 'ebden', 'AUS'))",Australian Open_2018,AUS,202.0,1,1,1.0,0.11811023622047244,0.3464566929133858,0.44129921613246437
"(('a', 'vasilevski', 'BLR'), ('h', 'podlipnik-castillo', 'CHL'))",Australian Open_2018,CHL,58.0,0,0,0.25,0.007874015748031496,0.16535433070866143,0.40488189048185125
"(('d', 'schwartzman', 'ARG'), ('g', 'pella', 'ARG'))",Australian Open_2018,ARG,817.0,1,1,1.0,0.047244094488188976,0.1732283464566929,0.40488189048185125
"(('d', 'inglot', 'GBR'), ('m', 'daniell', 'NZL'))",Australian Open_2018,NZL,38.0,0,1,1.0,0.015748031496062992,0.3464566929133858,0.44129921613246437
"(('a', 'shamasdin', 'CAN'), ('n', 'skupski', 'GBR'))",Australian Open_2018,CAN,60.0,0,1,0.7749999761581421,0.015748031496062992,0.4094488188976378,0.42216535311514936
"(('b', 'paire', 'FRA'), ('h', 'nys', 'MCO'))",Australian Open_2018,MCO,80.0,0,1,1.0,0.0,0.0,0.3513385847093552
"(('j', 'peralta', 'CHL'), ('s', 'gonzález', 'MEX'))",Australian Open_2018,MEX,28.0,0,1,1.0,0.0,0.16535433070866143,0.40488189048185125
"(('r', 'bopanna', 'IND'), ('é', 'roger-vasselin', 'FRA'))",Australian Open_2018,IND,19.0,0,0,0.0,0.023622047244094488,0.3464566929133858,0.023622047244094488
"(('r', 'harrison', 'USA'), ('v', 'pospisil', 'CAN'))",Australian Open_2018,USA,18.0,0,1,0.7075000405311584,0.07874015748031496,0.3464566929133858,0.45072836244082826
"(('j', 'sousa', 'PRT'), ('l', 'mayer', 'ARG'))",Australian Open_2018,ARG,131.0,0,0,0.75,0.047244094488188976,0.1732283464566929,0.40488189048185125
"(('j', 'cerretani', 'USA'), ('k', 'skupski', 'GBR'))",Australian Open_2018,USA,84.0,0,1,0.8875000476837158,0.07874015748031496,0.3464566929133858,0.45072836244082826
"(('a', 'sitak', 'NZL'), ('w', 'koolhof', 'NLD'))",Australian Open_2018,NLD,56.0,0,0,0.5,0.023622047244094488,0.023622047244094488,0.3351968511587053
"(('f', 'mayer', 'DEU'), ('p', 'gojowczyk', 'DEU'))",Australian Open_2018,DEU,836.0,1,1,1.0,0.023622047244094488,0.023622047244094488,0.34307086690673677
"(('m', 'pavić', 'HRV'), ('o', 'marach', 'AUT'))",Australian Open_2018,AUT,17.0,0,0,0.25,0.023622047244094488,0.023622047244094488,0.34307086690673677
"(('f', 'delbonis', 'ARG'), ('v', 'burgos', 'DOM'))",Australian Open_2018,ARG,399.0,0,1,1.0,0.047244094488188976,0.1732283464566929,0.40488189048185125
"(('b', 'soares', 'BRA'), ('j', 'murray', 'GBR'))",Australian Open_2018,GBR,9.0,0,0,0.25,0.023622047244094488,0.3464566929133858,0.44129921613246437
"(('d', 'young', 'USA'), ('f', 'tiafoe', 'USA'))",Australian Open_2018,USA,368.0,1,1,1.0,0.07874015748031496,0.3464566929133858,0.45072836244082826
"(('l', 'paes', 'IND'), ('p', 'raja', 'IND'))",Australian Open_2018,IND,61.0,1,1,1.0,0.023622047244094488,0.3464566929133858,0.023622047244094488
"(('a', 'haider-maurer', 'AUT'), ('n', 'basilashvili', 'GEO'))",Australian Open_2018,GEO,822.0,0,0,0.0,0.0,0.0,0.0
"(('a', 'peya', 'AUT'), ('n', 'mektić', 'HRV'))",Australian Open_2018,HRV,31.0,0,0,0.25,0.023622047244094488,0.05511811023622047,0.26704724402878227
"(('j', 'benneteau', 'FRA'), ('j', 'eysseric', 'FRA'))",Australian Open_2018,FRA,45.0,1,1,1.0,0.05511811023622047,0.07874015748031496,0.3389370104693991
"(('j', 'cabal', 'COL'), ('r', 'farah', 'COL'))",Australian Open_2018,COL,23.0,1,1,1.0,0.007874015748031496,0.16535433070866143,0.40488189048185125
"(('a', 'whittington', 'AUS'), ('m', 'polmans', 'AUS'))",Australian Open_2018,AUS,72.0,1,1,1.0,0.11811023622047244,0.3464566929133858,0.44129921613246437
"(('s', 'johnson', 'USA'), ('s', 'querrey', 'USA'))",Australian Open_2018,USA,164.0,1,1,1.0,0.07874015748031496,0.3464566929133858,0.45072836244082826
"(('f', 'verdasco', 'ESP'), ('i', 'dodig', 'HRV'))",Australian Open_2018,HRV,5.0,0,0,0.25,0.023622047244094488,0.05511811023622047,0.26704724402878227
"(('a', 'viñolas', 'ESP'), ('p', 'andújar', 'ESP'))",Australian Open_2018,ESP,327.0,1,1,1.0,0.06299212598425197,0.16535433070866143,0.40488189048185125
"(('sa', 'ratiwatana', 'THA'), ('so', 'ratiwatana', 'THA'))",Australian Open_2018,THA,95.0,1,1,1.0,0.007874015748031496,0.007874015748031496,0.007874015748031496
"(('l', 'hewitt', 'AUS'), ('s', 'groth', 'AUS'))",Australian Open_2018,AUS,86.0,1,1,1.0,0.11811023622047244,0.3464566929133858,0.44129921613246437
"(('d', 'istomin', 'UZB'), ('m', 'kukushkin', 'KAZ'))",Australian Open_2018,UZB,397.0,0,0,0.3133999705314636,0.0,0.0,0.044999999118836835
"(('h', 'tecău', 'ROU'), ('j', 'rojer', 'NLD'))",Australian Open_2018,NLD,7.0,0,0,0.25,0.023622047244094488,0.023622047244094488,0.3351968511587053
"(('a', 'molteni', 'ARG'), ('g', 'durán', 'ARG'))",Australian Open_2018,ARG,71.0,1,1,1.0,0.047244094488188976,0.1732283464566929,0.40488189048185125
"(('b', 'bryan', 'USA'), ('m', 'bryan', 'USA'))",Australian Open_2018,USA,12.0,1,1,1.0,0.07874015748031496,0.3464566929133858,0.45072836244082826
"(('m', 'fucsovics', 'HUN'), ('y', 'nishioka', 'JPN'))",Australian Open_2018,HUN,369.0,0,0,0.0,0.0,0.0,0.001968503937007874
"(('m', 'mirnyi', 'BLR'), ('p', 'oswald', 'AUT'))",Australian Open_2018,BLR,39.0,0,0,0.25,0.007874015748031496,0.023622047244094488,0.26244094475047797
"(('d', 'sela', 'ISR'), ('t', 'fabbiano', 'ITA'))",Australian Open_2018,ITA,498.0,0,0,0.0324999988079071,0.015748031496062992,0.015748031496062992,0.3117716552939002
"(('m', 'reid', 'AUS'), ('n', 'kyrgios', 'AUS'))",Australian Open_2018,AUS,70.0,1,1,1.0,0.11811023622047244,0.3464566929133858,0.44129921613246437
"(('j', 'smith', 'AUS'), ('n', 'monroe', 'USA'))",Australian Open_2018,USA,30.0,0,1,0.8875000476837158,0.07874015748031496,0.3464566929133858,0.45072836244082826
"(('f', 'martin', 'FRA'), ('j', 'chardy', 'FRA'))",Australian Open_2018,FRA,113.0,1,1,1.0,0.05511811023622047,0.07874015748031496,0.3389370104693991
"(('h', 'zeballos', 'ARG'), ('p', 'cuevas', 'URY'))",Australian Open_2018,URY,21.0,0,1,1.0,0.0,0.16535433070866143,0.40488189048185125
"(('a', 'qureshi', 'PAK'), ('m', 'matkowski', 'POL'))",Australian Open_2018,POL,47.0,0,0,0.25,0.007874015748031496,0.007874015748031496,0.2512992125327193
"(('m', 'demoliner', 'BRA'), ('t', 'huey', 'PHL'))",Australian Open_2018,BRA,35.0,0,0,0.0,0.015748031496062992,0.023622047244094488,0.36423228469889934
"(('f', 'škugor', 'HRV'), ('r', 'lindstedt', 'SWE'))",Australian Open_2018,SWE,66.0,0,0,0.25,0.0,0.007874015748031496,0.30763779604059505
"(('j', 'veselý', 'CZE'), ('r', 'jebavý', 'CZE'))",Australian Open_2018,CZE,51.0,1,1,1.0,0.007874015748031496,0.007874015748031496,0.2512992125327193
"(('h', 'chung', 'KOR'), ('r', 'albot', 'MDA'))",Australian Open_2018,MDA,212.0,0,0,0.0,0.0,0.023622047244094488,0.31570866316791596
"(('d', 'nestor', 'CAN'), ('j', 'erlich', 'ISR'))",Australian Open_2018,ISR,83.0,0,1,0.0324999988079071,0.007874015748031496,0.3464566929133858,0.04274881760201116
"(('h', 'kontinen', 'FIN'), ('j', 'peers', 'AUS'))",Australian Open_2018,FIN,3.0,0,0,0.0,0.0,0.007874015748031496,0.001968503937007874
"(('d', 'džumhur', 'BIH'), ('d', 'lajović', 'SRB'))",Australian Open_2018,BIH,300.0,0,1,0.8575000166893005,0.0,0.05511811023622047,0.26368110269073425
"(('l', 'kubot', 'POL'), ('m', 'melo', 'BRA'))",Roland Garros_2018,POL,2.0,0,0,0.25,0.007874015748031496,0.007874015748031496,0.2637795275590551
"(('m', 'cecchinato', 'ITA'), ('m', 'fucsovics', 'HUN'))",Roland Garros_2018,ITA,325.0,0,0,0.0,0.03937007874015748,0.03937007874015748,0.36417323069309626
"(('m', 'pavic', 'HRV'), ('o', 'marach', 'AUT'))",Roland Garros_2018,AUT,4.0,0,0,0.25,0.015748031496062992,0.015748031496062992,0.34448818991503377
"(('a', 'shamasdin', 'CAN'), ('s', 'arends', 'NLD'))",Roland Garros_2018,NLD,65.0,0,0,0.4250000119209289,0.031496062992125984,0.031496062992125984,0.3366141741670023
"(('h', 'kontinen', 'FIN'), ('j', 'peers', 'AUS'))",Roland Garros_2018,FIN,8.0,0,0,0.0,0.0,0.007874015748031496,0.001968503937007874
"(('i', 'ivashka', 'BLR'), ('k', 'khachanov', 'RUS'))",Roland Garros_2018,BLR,673.0,0,1,1.0,0.015748031496062992,0.031496062992125984,0.2755905511811024
"(('b', 'soares', 'BRA'), ('j', 'murray', 'GBR'))",Roland Garros_2018,GBR,11.0,0,0,0.25,0.023622047244094488,0.2440944881889764,0.3956692960318618
"(('d', 'lajovic', 'SRB'), ('f', 'mayer', 'DEU'))",Roland Garros_2018,SRB,409.0,0,0,0.25,0.0,0.05511811023622047,0.2753149608927449
"(('j', 'cabal', 'COL'), ('r', 'farah', 'COL'))",Roland Garros_2018,COL,10.0,1,1,1.0,0.007874015748031496,0.1889763779527559,0.45511811126874185
"(('m', 'mirnyi', 'BLR'), ('p', 'oswald', 'AUT'))",Roland Garros_2018,BLR,38.0,0,0,0.25,0.015748031496062992,0.031496062992125984,0.2755905511811024
"(('n', 'mahut', 'FRA'), ('p', 'herbert', 'FRA'))",Roland Garros_2018,FRA,19.0,1,1,1.0,0.15748031496062992,0.18110236220472442,0.4307086646087526
"(('m', 'matkowski', 'POL'), ('r', 'lindstedt', 'SWE'))",Roland Garros_2018,SWE,57.0,0,0,0.25,0.0,0.007874015748031496,0.30314960723786843
"(('a', 'peya', 'AUT'), ('n', 'mektic', 'HRV'))",Roland Garros_2018,HRV,21.0,0,0,0.25,0.031496062992125984,0.05511811023622047,0.281496062992126
"(('d', 'inglot', 'GBR'), ('f', 'skugor', 'HRV'))",Roland Garros_2018,GBR,46.0,0,0,0.25,0.023622047244094488,0.2440944881889764,0.3956692960318618
"(('i', 'dodig', 'HRV'), ('r', 'ram', 'USA'))",Roland Garros_2018,HRV,16.0,0,0,0.25,0.031496062992125984,0.05511811023622047,0.281496062992126
"(('h', 'podlipnik-castillo', 'CHL'), ('j', 'withrow', 'USA'))",Roland Garros_2018,CHL,48.0,0,0,0.3625000119209289,0.015748031496062992,0.1889763779527559,0.45511811126874185
"(('m', 'venus', 'NZL'), ('r', 'klaasen', 'ZAF'))",Roland Garros_2018,ZAF,31.0,0,1,0.0,0.0,0.2440944881889764,0.0
"(('a', 'muller', 'FRA'), ('c', 'denolly', 'FRA'))",Roland Garros_2018,FRA,496.0,1,1,1.0,0.15748031496062992,0.18110236220472442,0.4307086646087526
"(('m', 'granollers', 'ESP'), ('p', 'cuevas', 'URY'))",Roland Garros_2018,URY,27.0,0,1,1.0,0.0,0.1889763779527559,0.45511811126874185
"(('d', 'nestor', 'CAN'), ('j', 'chardy', 'FRA'))",Roland Garros_2018,FRA,154.0,0,1,0.4750000238418579,0.15748031496062992,0.18110236220472442,0.4307086646087526
"(('f', 'lopez', 'ESP'), ('m', 'lopez', 'ESP'))",Roland Garros_2018,ESP,26.0,1,1,1.0,0.05511811023622047,0.1889763779527559,0.45511811126874185
"(('a', 'molteni', 'ARG'), ('g', 'duran', 'ARG'))",Roland Garros_2018,ARG,74.0,1,1,1.0,0.05511811023622047,0.1889763779527559,0.45511811126874185
"(('e', 'roger-vasselin', 'FRA'), ('r', 'bopanna', 'IND'))",Roland Garros_2018,IND,24.0,0,0,0.0,0.023622047244094488,0.2440944881889764,0.023622047244094488
"(('f', 'tiafoe', 'USA'), ('t', 'fritz', 'USA'))",Roland Garros_2018,USA,422.0,1,1,1.0,0.10236220472440945,0.2440944881889764,0.42399607657447574
"(('h', 'zeballos', 'ARG'), ('j', 'peralta', 'CHL'))",Roland Garros_2018,CHL,37.0,0,1,1.0,0.015748031496062992,0.1889763779527559,0.45511811126874185
"(('c', 'tabur', 'FRA'), ('h', 'gaston', 'FRA'))",Roland Garros_2018,FRA,1145.0,1,1,1.0,0.15748031496062992,0.18110236220472442,0.4307086646087526
"(('j', 'cerretani', 'USA'), ('m', 'arevalo', 'SLV'))",Roland Garros_2018,SLV,81.0,0,0,0.3625000119209289,0.0,0.1889763779527559,0.45511811126874185
"(('b', 'mclachlan', 'JPN'), ('j', 'struff', 'DEU'))",Roland Garros_2018,JPN,25.0,0,0,0.0,0.015748031496062992,0.015748031496062992,0.015748031496062992
"(('d', 'dzumhur', 'BIH'), ('m', 'basic', 'BIH'))",Roland Garros_2018,BIH,502.0,1,1,1.0,0.007874015748031496,0.05511811023622047,0.2764370080054276
"(('a', 'ramos-vinolas', 'ESP'), ('j', 'vesely', 'CZE'))",Roland Garros_2018,ESP,156.0,0,0,0.25,0.05511811023622047,0.1889763779527559,0.45511811126874185
"(('j', 'millman', 'AUS'), ('n', 'basilashvili', 'GEO'))",Roland Garros_2018,GEO,281.0,0,0,0.0,0.0,0.0,0.0
"(('a', 'rinderknech', 'FRA'), ('f', 'lakat', 'FRA'))",Roland Garros_2018,FRA,268.0,1,1,1.0,0.15748031496062992,0.18110236220472442,0.4307086646087526
"(('d', 'sharan', 'IND'), ('y', 'bhambri', 'IND'))",Roland Garros_2018,IND,299.0,1,1,1.0,0.023622047244094488,0.2440944881889764,0.023622047244094488
"(('f', 'martin', 'FRA'), ('p', 'raja', 'IND'))",Roland Garros_2018,FRA,55.0,0,0,0.0,0.15748031496062992,0.18110236220472442,0.4307086646087526
"(('b', 'bonzi', 'FRA'), ('g', 'jacq', 'FRA'))",Roland Garros_2018,FRA,257.0,1,1,1.0,0.15748031496062992,0.18110236220472442,0.4307086646087526
"(('s', 'lipsky', 'USA'), ('t', 'sandgren', 'USA'))",Roland Garros_2018,USA,84.0,1,1,1.0,0.10236220472440945,0.2440944881889764,0.42399607657447574
"(('a', 'seppi', 'ITA'), ('d', 'bracciali', 'ITA'))",Roland Garros_2018,ITA,1176.0,1,1,1.0,0.03937007874015748,0.03937007874015748,0.36417323069309626
"(('m', 'marterer', 'DEU'), ('p', 'petzschner', 'DEU'))",Roland Garros_2018,DEU,404.0,1,1,1.0,0.03937007874015748,0.03937007874015748,0.34448818991503377
"(('g', 'garcia-lopez', 'ESP'), ('r', 'baena', 'ESP'))",Roland Garros_2018,ESP,500.0,1,1,1.0,0.05511811023622047,0.1889763779527559,0.45511811126874185
"(('f', 'fognini', 'ITA'), ('s', 'bolelli', 'ITA'))",Roland Garros_2018,ITA,126.0,1,1,1.0,0.03937007874015748,0.03937007874015748,0.36417323069309626
"(('b', 'paire', 'FRA'), ('f', 'delbonis', 'ARG'))",Roland Garros_2018,ARG,199.0,0,0,0.5,0.05511811023622047,0.1889763779527559,0.45511811126874185
"(('r', 'harrison', 'USA'), ('v', 'pospisil', 'CAN'))",Roland Garros_2018,USA,17.0,0,1,0.7075000405311584,0.10236220472440945,0.2440944881889764,0.42399607657447574
"(('m', 'demoliner', 'BRA'), ('s', 'gonzalez', 'MEX'))",Roland Garros_2018,BRA,56.0,0,0,0.75,0.015748031496062992,0.023622047244094488,0.4096456709809191
"(('a', 'vasilevski', 'BLR'), ('r', 'jebavy', 'CZE'))",Roland Garros_2018,CZE,70.0,0,0,0.5,0.007874015748031496,0.007874015748031496,0.2637795275590551
"(('e', 'donskoy', 'RUS'), ('m', 'reyes-varela', 'MEX'))",Roland Garros_2018,RUS,408.0,0,0,0.25,0.007874015748031496,0.031496062992125984,0.2755905511811024
"(('a', 'qureshi', 'PAK'), ('j', 'rojer', 'NLD'))",Roland Garros_2018,PAK,33.0,0,0,0.25,0.0,0.0,0.2521653546123054
"(('h', 'nys', 'MCO'), ('j', 'eysseric', 'FRA'))",Roland Garros_2018,FRA,80.0,0,1,1.0,0.15748031496062992,0.18110236220472442,0.4307086646087526
"(('d', 'marrero', 'ESP'), ('f', 'verdasco', 'ESP'))",Roland Garros_2018,ESP,47.0,1,1,1.0,0.05511811023622047,0.1889763779527559,0.45511811126874185
"(('m', 'gonzalez', 'ARG'), ('n', 'jarry', 'CHL'))",Roland Garros_2018,ARG,79.0,0,1,1.0,0.05511811023622047,0.1889763779527559,0.45511811126874185
"(('m', 'zverev', 'DEU'), ('p', 'lorenzi', 'ITA'))",Roland Garros_2018,ITA,100.0,0,0,0.25,0.03937007874015748,0.03937007874015748,0.36417323069309626
"(('m', 'middelkoop', 'NLD'), ('r', 'haase', 'NLD'))",Roland Garros_2018,NLD,51.0,1,1,1.0,0.031496062992125984,0.031496062992125984,0.3366141741670023
"(('y', 'nishioka', 'JPN'), ('y', 'sugita', 'JPN'))",Roland Garros_2018,JPN,518.0,1,1,1.0,0.015748031496062992,0.015748031496062992,0.015748031496062992
"(('c', 'hemery', 'FRA'), ('s', 'robert', 'FRA'))",Roland Garros_2018,FRA,687.0,1,1,1.0,0.15748031496062992,0.18110236220472442,0.4307086646087526
"(('d', 'young', 'USA'), ('m', 'ebden', 'AUS'))",Roland Garros_2018,AUS,171.0,0,1,0.8875000476837158,0.023622047244094488,0.2440944881889764,0.3956692960318618
"(('j', 'sock', 'USA'), ('s', 'johnson', 'USA'))",Roland Garros_2018,USA,116.0,1,1,1.0,0.10236220472440945,0.2440944881889764,0.42399607657447574
"(('j', 'smith', 'AUS'), ('n', 'monroe', 'USA'))",Roland Garros_2018,USA,50.0,0,1,0.8875000476837158,0.10236220472440945,0.2440944881889764,0.42399607657447574
"(('a', 'sitak', 'NZL'), ('w', 'koolhof', 'NLD'))",Roland Garros_2018,NLD,60.0,0,0,0.5,0.031496062992125984,0.031496062992125984,0.3366141741670023
"(('a', 'begemann', 'DEU'), ('a', 'sancic', 'HRV'))",Roland Garros_2018,DEU,82.0,0,0,0.25,0.03937007874015748,0.03937007874015748,0.34448818991503377
"(('j', 'sousa', 'PRT'), ('l', 'mayer', 'ARG'))",Roland Garros_2018,ARG,85.0,0,0,0.75,0.05511811023622047,0.1889763779527559,0.45511811126874185
"(('c', 'lestienne', 'FRA'), ('g', 'blancaneaux', 'FRA'))",Roland Garros_2018,FRA,530.0,1,1,1.0,0.15748031496062992,0.18110236220472442,0.4307086646087526
"(('d', 'schwartzman', 'ARG'), ('g', 'pella', 'ARG'))",Roland Garros_2018,ARG,223.0,1,1,1.0,0.05511811023622047,0.1889763779527559,0.45511811126874185
"(('a', 'hoang', 'FRA'), ('u', 'humbert', 'FRA'))",Roland Garros_2018,FRA,341.0,1,1,1.0,0.15748031496062992,0.18110236220472442,0.4307086646087526
"(('k', 'skupski', 'GBR'), ('n', 'skupski', 'GBR'))",Roland Garros_2018,GBR,61.0,1,1,1.0,0.023622047244094488,0.2440944881889764,0.3956692960318618
"(('m', 'bryan', 'USA'), ('s', 'querrey', 'USA'))",Roland Garros_2018,USA,5.0,1,1,1.0,0.10236220472440945,0.2440944881889764,0.42399607657447574
"(('h', 'kontinen', 'FIN'), ('j', 'peers', 'AUS'))",US Open_2018,FIN,8.0,0,0,0.0,0.0,0.015748031496062992,0.001968503937007874
"(('m', 'arevalo', 'SLV'), ('m', 'reyes-varela', 'MEX'))",US Open_2018,SLV,59.0,0,1,1.0,0.0,0.14173228346456693,0.40192913604298913
"(('j', 'sock', 'USA'), ('m', 'bryan', 'USA'))",US Open_2018,USA,1.0,1,1,1.0,0.18110236220472442,0.3543307086614173,0.4886023742183456
"(('d', 'bracciali', 'ITA'), ('m', 'cecchinato', 'ITA'))",US Open_2018,ITA,99.0,1,1,1.0,0.03937007874015748,0.03937007874015748,0.3287007918390702
"(('b', 'soares', 'BRA'), ('j', 'murray', 'GBR'))",US Open_2018,GBR,11.0,0,0,0.25,0.047244094488188976,0.3543307086614173,0.46334646554209113
"(('a', 'ramos-vinolas', 'ESP'), ('g', 'pella', 'ARG'))",US Open_2018,ARG,166.0,0,1,1.0,0.03937007874015748,0.14173228346456693,0.40192913604298913
"(('j', 'cabal', 'COL'), ('r', 'farah', 'COL'))",US Open_2018,COL,10.0,1,1,1.0,0.007874015748031496,0.14173228346456693,0.40192913604298913
"(('d', 'istomin', 'UZB'), ('j', 'nedunchezhiyan', 'IND'))",US Open_2018,UZB,375.0,0,0,0.0,0.0,0.0,0.04236692885362256
"(('h', 'tecau', 'ROU'), ('j', 'rojer', 'NLD'))",US Open_2018,NLD,20.0,0,0,0.25,0.031496062992125984,0.031496062992125984,0.36255905636417585
"(('a', 'sancic', 'HRV'), ('s', 'arends', 'NLD'))",US Open_2018,NLD,71.0,0,0,0.25,0.031496062992125984,0.031496062992125984,0.36255905636417585
"(('l', 'kubot', 'POL'), ('m', 'melo', 'BRA'))",US Open_2018,POL,5.0,0,0,0.25,0.007874015748031496,0.007874015748031496,0.2566338582771031
"(('a', 'siljestrom', 'SWE'), ('h', 'verdugo', 'MEX'))",US Open_2018,MEX,179.0,0,0,0.25,0.015748031496062992,0.14173228346456693,0.40192913604298913
"(('m', 'venus', 'NZL'), ('r', 'klaasen', 'ZAF'))",US Open_2018,ZAF,19.0,0,1,0.0,0.0,0.3543307086614173,0.0
"(('j', 'millman', 'AUS'), ('l', 'lacko', 'SVK'))",US Open_2018,SVK,1027.0,0,0,0.25,0.0,0.0,0.25466535434009524
"(('n', 'mahut', 'FRA'), ('p', 'herbert', 'FRA'))",US Open_2018,FRA,18.0,1,1,1.0,0.047244094488188976,0.06299212598425197,0.3416929181049189
"(('j', 'smith', 'AUS'), ('n', 'monroe', 'USA'))",US Open_2018,USA,60.0,0,1,0.8875000476837158,0.18110236220472442,0.3543307086614173,0.4886023742183456
"(('f', 'lopez', 'ESP'), ('m', 'lopez', 'ESP'))",US Open_2018,ESP,28.0,1,1,1.0,0.031496062992125984,0.14173228346456693,0.40192913604298913
"(('d', 'thomas', 'USA'), ('p', 'kypson', 'USA'))",US Open_2018,USA,1531.0,1,1,1.0,0.18110236220472442,0.3543307086614173,0.4886023742183456
"(('i', 'dodig', 'HRV'), ('m', 'granollers', 'ESP'))",US Open_2018,HRV,24.0,0,0,0.25,0.031496062992125984,0.07086614173228346,0.2782874015841897
"(('l', 'bambridge', 'GBR'), ('r', 'arneodo', 'MCO'))",US Open_2018,MCO,88.0,0,0,0.25,0.007874015748031496,0.007874015748031496,0.3458267761849043
"(('h', 'zeballos', 'ARG'), ('j', 'peralta', 'CHL'))",US Open_2018,CHL,34.0,0,1,1.0,0.007874015748031496,0.14173228346456693,0.40192913604298913
"(('f', 'nielsen', 'DNK'), ('j', 'salisbury', 'GBR'))",US Open_2018,DNK,68.0,0,0,0.5,0.0,0.0,0.33106299337204986
"(('m', 'middelkoop', 'NLD'), ('r', 'haase', 'NLD'))",US Open_2018,NLD,36.0,1,1,1.0,0.031496062992125984,0.031496062992125984,0.36255905636417585
"(('c', 'eubanks', 'USA'), ('d', 'young', 'USA'))",US Open_2018,USA,288.0,1,1,1.0,0.18110236220472442,0.3543307086614173,0.4886023742183456
"(('e', 'roger-vasselin', 'FRA'), ('r', 'bopanna', 'IND'))",US Open_2018,IND,30.0,0,0,0.0,0.031496062992125984,0.3543307086614173,0.031496062992125984
"(('d', 'inglot', 'GBR'), ('f', 'skugor', 'HRV'))",US Open_2018,GBR,23.0,0,0,0.25,0.047244094488188976,0.3543307086614173,0.46334646554209113
"(('r', 'lindstedt', 'SWE'), ('r', 'ram', 'USA'))",US Open_2018,SWE,65.0,0,0,0.4625000059604645,0.007874015748031496,0.015748031496062992,0.33303149730905773
"(('m', 'jaziri', 'TUN'), ('r', 'albot', 'MDA'))",US Open_2018,MDA,64.0,0,0,0.0,0.0,0.007874015748031496,0.31295276034300723
"(('k', 'skupski', 'GBR'), ('n', 'skupski', 'GBR'))",US Open_2018,GBR,55.0,1,1,1.0,0.047244094488188976,0.3543307086614173,0.46334646554209113
"(('a', 'seppi', 'ITA'), ('m', 'berrettini', 'ITA'))",US Open_2018,ITA,126.0,1,1,1.0,0.03937007874015748,0.03937007874015748,0.3287007918390702
"(('b', 'mclachlan', 'JPN'), ('j', 'struff', 'DEU'))",US Open_2018,JPN,21.0,0,0,0.0,0.007874015748031496,0.007874015748031496,0.007874015748031496
"(('f', 'fognini', 'ITA'), ('s', 'bolelli', 'ITA'))",US Open_2018,ITA,104.0,1,1,1.0,0.03937007874015748,0.03937007874015748,0.3287007918390702
"(('k', 'krawietz', 'DEU'), ('m', 'marterer', 'DEU'))",US Open_2018,DEU,77.0,1,1,1.0,0.047244094488188976,0.047244094488188976,0.3724015760492152
"(('f', 'martin', 'FRA'), ('j', 'chardy', 'FRA'))",US Open_2018,FRA,132.0,1,1,1.0,0.047244094488188976,0.06299212598425197,0.3416929181049189
"(('j', 'cerretani', 'USA'), ('l', 'paes', 'IND'))",US Open_2018,USA,66.0,0,1,0.0,0.18110236220472442,0.3543307086614173,0.4886023742183456
"(('m', 'daniell', 'NZL'), ('w', 'koolhof', 'NLD'))",US Open_2018,NZL,46.0,0,0,0.5,0.015748031496062992,0.3543307086614173,0.46334646554209113
"(('m', 'mirnyi', 'BLR'), ('p', 'oswald', 'AUT'))",US Open_2018,BLR,52.0,0,0,0.25,0.0,0.0,0.25383858265369896
"(('m', 'demoliner', 'BRA'), ('s', 'gonzalez', 'MEX'))",US Open_2018,BRA,54.0,0,0,0.75,0.015748031496062992,0.023622047244094488,0.3653149639410297
"(('b', 'paire', 'FRA'), ('h', 'nys', 'MCO'))",US Open_2018,MCO,80.0,0,1,1.0,0.007874015748031496,0.007874015748031496,0.3458267761849043
"(('j', 'withrow', 'USA'), ('m', 'ebden', 'AUS'))",US Open_2018,AUS,128.0,0,1,0.8875000476837158,0.023622047244094488,0.3543307086614173,0.46334646554209113
"(('f', 'krajinovic', 'SRB'), ('v', 'troicki', 'SRB'))",US Open_2018,SRB,243.0,1,1,1.0,0.015748031496062992,0.07086614173228346,0.2760433073588244
"(('n', 'lammons', 'USA'), ('r', 'galloway', 'USA'))",US Open_2018,USA,124.0,1,1,1.0,0.18110236220472442,0.3543307086614173,0.4886023742183456
"(('k', 'king', 'USA'), ('r', 'opelka', 'USA'))",US Open_2018,USA,976.0,1,1,1.0,0.18110236220472442,0.3543307086614173,0.4886023742183456
"(('m', 'gonzalez', 'ARG'), ('n', 'jarry', 'CHL'))",US Open_2018,ARG,40.0,0,1,1.0,0.03937007874015748,0.14173228346456693,0.40192913604298913
"(('d', 'marrero', 'ESP'), ('m', 'matkowski', 'POL'))",US Open_2018,POL,73.0,0,0,0.25,0.007874015748031496,0.007874015748031496,0.2566338582771031
"(('c', 'harrison', 'USA'), ('r', 'harrison', 'USA'))",US Open_2018,USA,53.0,1,1,1.0,0.18110236220472442,0.3543307086614173,0.4886023742183456
"(('b', 'klahn', 'USA'), ('d', 'nestor', 'CAN'))",US Open_2018,USA,233.0,0,1,0.7075000405311584,0.18110236220472442,0.3543307086614173,0.4886023742183456
"(('a', 'molteni', 'ARG'), ('r', 'jebavy', 'CZE'))",US Open_2018,CZE,50.0,0,0,0.25,0.0,0.0,0.25466535434009524
"(('e', 'king', 'USA'), ('n', 'pasha', 'USA'))",US Open_2018,USA,125.0,1,1,1.0,0.18110236220472442,0.3543307086614173,0.4886023742183456
"(('a', 'krajicek', 'USA'), ('t', 'sandgren', 'USA'))",US Open_2018,USA,61.0,1,1,1.0,0.18110236220472442,0.3543307086614173,0.4886023742183456
"(('a', 'qureshi', 'PAK'), ('j', 'erlich', 'ISR'))",US Open_2018,ISR,74.0,0,0,0.0324999988079071,0.0,0.3543307086614173,0.033889565690178564
"(('d', 'lajovic', 'SRB'), ('s', 'tsitsipas', 'GRC'))",US Open_2018,SRB,277.0,0,0,0.25,0.015748031496062992,0.07086614173228346,0.2760433073588244
"(('c', 'norrie', 'GBR'), ('d', 'schwartzman', 'ARG'))",US Open_2018,GBR,209.0,0,0,0.25,0.047244094488188976,0.3543307086614173,0.46334646554209113
"(('j', 'sousa', 'PRT'), ('l', 'mayer', 'ARG'))",US Open_2018,ARG,72.0,0,0,0.75,0.03937007874015748,0.14173228346456693,0.40192913604298913
"(('m', 'pavic', 'HRV'), ('o', 'marach', 'AUT'))",US Open_2018,AUT,3.0,0,0,0.25,0.015748031496062992,0.015748031496062992,0.3724015760492152
"(('m', 'mcdonald', 'USA'), ('y', 'nishioka', 'JPN'))",US Open_2018,USA,222.0,0,0,0.0,0.18110236220472442,0.3543307086614173,0.4886023742183456
"(('d', 'dzumhur', 'BIH'), ('m', 'basic', 'BIH'))",US Open_2018,BIH,232.0,1,1,1.0,0.007874015748031496,0.07086614173228346,0.27492126024614166
"(('j', 'melzer', 'AUT'), ('n', 'mektic', 'HRV'))",US Open_2018,AUT,157.0,0,0,0.25,0.015748031496062992,0.015748031496062992,0.3724015760492152
"(('p', 'gojowczyk', 'DEU'), ('p', 'raja', 'IND'))",US Open_2018,DEU,519.0,0,0,0.0,0.047244094488188976,0.047244094488188976,0.3724015760492152
"(('p', 'petzschner', 'DEU'), ('t', 'puetz', 'DEU'))",US Open_2018,DEU,83.0,1,1,1.0,0.047244094488188976,0.047244094488188976,0.3724015760492152
"(('j', 'eysseric', 'FRA'), ('m', 'fucsovics', 'HUN'))",US Open_2018,FRA,92.0,0,0,0.0,0.047244094488188976,0.06299212598425197,0.3416929181049189
"(('a', 'sitak', 'NZL'), ('d', 'sharan', 'IND'))",US Open_2018,NZL,39.0,0,1,0.0,0.015748031496062992,0.3543307086614173,0.46334646554209113
"(('e', 'zhu', 'USA'), ('m', 'redlicki', 'USA'))",US Open_2018,USA,623.0,1,1,1.0,0.18110236220472442,0.3543307086614173,0.4886023742183456
"(('l', 'kubot', 'POL'), ('m', 'melo', 'BRA'))",Wimbledon_2018,POL,3.0,0,0,0.25,0.007874015748031496,0.007874015748031496,0.2505118110048489
"(('j', ""o'mara"", 'GBR'), ('l', 'bambridge', 'GBR'))",Wimbledon_2018,GBR,78.0,1,1,1.0,0.07874015748031496,0.31496062992125984,0.438641735653239
"(('n', 'mahut', 'FRA'), ('p', 'herbert', 'FRA'))",Wimbledon_2018,FRA,10.0,1,1,1.0,0.05511811023622047,0.07874015748031496,0.34730315184968663
"(('m', 'cecchinato', 'ITA'), ('r', 'baena', 'ESP'))",Wimbledon_2018,ITA,402.0,0,0,0.5,0.031496062992125984,0.031496062992125984,0.3252559071920049
"(('b', 'soares', 'BRA'), ('j', 'murray', 'GBR'))",Wimbledon_2018,GBR,13.0,0,0,0.25,0.07874015748031496,0.31496062992125984,0.438641735653239
"(('a', 'ramos-vinolas', 'ESP'), ('p', 'lorenzi', 'ITA'))",Wimbledon_2018,ITA,176.0,0,0,0.5,0.031496062992125984,0.031496062992125984,0.3252559071920049
"(('j', 'cabal', 'COL'), ('r', 'farah', 'COL'))",Wimbledon_2018,COL,12.0,1,1,1.0,0.007874015748031496,0.1732283464566929,0.4099015755446877
"(('g', 'garcia-lopez', 'ESP'), ('p', 'busta', 'ESP'))",Wimbledon_2018,ESP,65.0,1,1,1.0,0.06299212598425197,0.1732283464566929,0.4099015755446877
"(('j', 'sock', 'USA'), ('m', 'bryan', 'USA'))",Wimbledon_2018,USA,8.0,1,1,1.0,0.07086614173228346,0.31496062992125984,0.4477165507988667
"(('a', 'seppi', 'ITA'), ('d', 'bracciali', 'ITA'))",Wimbledon_2018,ITA,293.0,1,1,1.0,0.031496062992125984,0.031496062992125984,0.3252559071920049
"(('a', 'peya', 'AUT'), ('n', 'mektic', 'HRV'))",Wimbledon_2018,HRV,18.0,0,0,0.25,0.031496062992125984,0.06299212598425197,0.2701968503749277
"(('d', 'nestor', 'CAN'), ('j', 'melzer', 'AUT'))",Wimbledon_2018,AUT,701.0,0,0,0.4250000119209289,0.023622047244094488,0.023622047244094488,0.3760433077342867
"(('a', 'qureshi', 'PAK'), ('j', 'rojer', 'NLD'))",Wimbledon_2018,PAK,36.0,0,0,0.25,0.0,0.0,0.2648228348240139
"(('d', 'ferrer', 'ESP'), ('m', 'lopez', 'ESP'))",Wimbledon_2018,ESP,555.0,1,1,1.0,0.06299212598425197,0.1732283464566929,0.4099015755446877
"(('m', 'granollers', 'ESP'), ('p', 'cuevas', 'URY'))",Wimbledon_2018,URY,28.0,0,1,1.0,0.0,0.1732283464566929,0.4099015755446877
"(('a', 'begemann', 'DEU'), ('y', 'uchiyama', 'JPN'))",Wimbledon_2018,DEU,114.0,0,0,0.0,0.06299212598425197,0.06299212598425197,0.3760433077342867
"(('e', 'roger-vasselin', 'FRA'), ('r', 'bopanna', 'IND'))",Wimbledon_2018,IND,24.0,0,0,0.0,0.03937007874015748,0.31496062992125984,0.03937007874015748
"(('a', 'minaur', 'AUS'), ('j', 'millman', 'AUS'))",Wimbledon_2018,AUS,609.0,1,1,1.0,0.047244094488188976,0.31496062992125984,0.438641735653239
"(('m', 'venus', 'NZL'), ('r', 'klaasen', 'ZAF'))",Wimbledon_2018,ZAF,30.0,0,1,0.0,0.0,0.31496062992125984,0.0
"(('a', 'bolt', 'AUS'), ('l', 'hewitt', 'AUS'))",Wimbledon_2018,AUS,104.0,1,1,1.0,0.047244094488188976,0.31496062992125984,0.438641735653239
"(('b', 'mclachlan', 'JPN'), ('j', 'struff', 'DEU'))",Wimbledon_2018,JPN,27.0,0,0,0.0,0.023622047244094488,0.023622047244094488,0.023622047244094488
"(('j', 'smith', 'AUS'), ('n', 'monroe', 'USA'))",Wimbledon_2018,USA,47.0,0,1,0.8875000476837158,0.07086614173228346,0.31496062992125984,0.4477165507988667
"(('d', 'inglot', 'GBR'), ('f', 'skugor', 'HRV'))",Wimbledon_2018,GBR,33.0,0,0,0.25,0.07874015748031496,0.31496062992125984,0.438641735653239
"(('m', 'fucsovics', 'HUN'), ('m', 'zverev', 'DEU'))",Wimbledon_2018,HUN,213.0,0,0,0.0,0.0,0.0,0.001968503937007874
"(('m', 'middelkoop', 'NLD'), ('s', 'arends', 'NLD'))",Wimbledon_2018,NLD,60.0,1,1,1.0,0.031496062992125984,0.031496062992125984,0.3602952762382237
"(('a', 'krajicek', 'USA'), ('j', 'nedunchezhiyan', 'IND'))",Wimbledon_2018,USA,91.0,0,1,0.0,0.07086614173228346,0.31496062992125984,0.4477165507988667
"(('h', 'podlipnik-castillo', 'CHL'), ('m', 'arevalo', 'SLV'))",Wimbledon_2018,SLV,69.0,0,1,1.0,0.0,0.1732283464566929,0.4099015755446877
"(('c', 'norrie', 'GBR'), ('j', 'clarke', 'GBR'))",Wimbledon_2018,GBR,249.0,1,1,1.0,0.07874015748031496,0.31496062992125984,0.438641735653239
"(('n', 'balaji', 'IND'), ('v', 'vardhan', 'IND'))",Wimbledon_2018,IND,110.0,1,1,1.0,0.03937007874015748,0.31496062992125984,0.03937007874015748
"(('m', 'daniell', 'NZL'), ('w', 'koolhof', 'NLD'))",Wimbledon_2018,NZL,43.0,0,0,0.5,0.015748031496062992,0.31496062992125984,0.438641735653239
"(('d', 'lajovic', 'SRB'), ('m', 'basic', 'BIH'))",Wimbledon_2018,BIH,295.0,0,1,0.8575000166893005,0.007874015748031496,0.06299212598425197,0.26598425221255445
"(('f', 'martin', 'FRA'), ('p', 'raja', 'IND'))",Wimbledon_2018,FRA,53.0,0,0,0.0,0.05511811023622047,0.07874015748031496,0.34730315184968663
"(('l', 'broady', 'GBR'), ('s', 'clayton', 'GBR'))",Wimbledon_2018,GBR,376.0,1,1,1.0,0.07874015748031496,0.31496062992125984,0.438641735653239
"(('f', 'tiafoe', 'USA'), ('j', 'withrow', 'USA'))",Wimbledon_2018,USA,461.0,1,1,1.0,0.07086614173228346,0.31496062992125984,0.4477165507988667
"(('f', 'delbonis', 'ARG'), ('m', 'reyes-varela', 'MEX'))",Wimbledon_2018,ARG,184.0,0,1,1.0,0.031496062992125984,0.1732283464566929,0.4099015755446877
"(('m', 'pavic', 'HRV'), ('o', 'marach', 'AUT'))",Wimbledon_2018,AUT,2.0,0,0,0.25,0.023622047244094488,0.023622047244094488,0.3760433077342867
"(('m', 'demoliner', 'BRA'), ('s', 'gonzalez', 'MEX'))",Wimbledon_2018,BRA,48.0,0,0,0.75,0.015748031496062992,0.023622047244094488,0.3695472453053542
"(('m', 'copil', 'ROU'), ('s', 'tsitsipas', 'GRC'))",Wimbledon_2018,ROU,853.0,0,0,0.25,0.0,0.007874015748031496,0.3134448835699577
"(('m', 'ebden', 'AUS'), ('t', 'fritz', 'USA'))",Wimbledon_2018,AUS,167.0,0,1,0.8875000476837158,0.047244094488188976,0.31496062992125984,0.438641735653239
"(('b', 'paire', 'FRA'), ('p', 'gojowczyk', 'DEU'))",Wimbledon_2018,DEU,820.0,0,0,0.25,0.06299212598425197,0.06299212598425197,0.3760433077342867
"(('j', 'erlich', 'ISR'), ('m', 'matkowski', 'POL'))",Wimbledon_2018,ISR,100.0,0,0,0.0649999976158142,0.0,0.31496062992125984,0.03352362081760496
"(('h', 'nys', 'MCO'), ('j', 'eysseric', 'FRA'))",Wimbledon_2018,FRA,72.0,0,1,1.0,0.05511811023622047,0.07874015748031496,0.34730315184968663
"(('m', 'gonzalez', 'ARG'), ('n', 'jarry', 'CHL'))",Wimbledon_2018,ARG,58.0,0,1,1.0,0.031496062992125984,0.1732283464566929,0.4099015755446877
"(('h', 'kontinen', 'FIN'), ('j', 'peers', 'AUS'))",Wimbledon_2018,FIN,6.0,0,0,0.0,0.0,0.007874015748031496,0.001968503937007874
"(('r', 'haase', 'NLD'), ('r', 'lindstedt', 'SWE'))",Wimbledon_2018,NLD,46.0,0,0,0.5,0.031496062992125984,0.031496062992125984,0.3602952762382237
"(('i', 'dodig', 'HRV'), ('r', 'ram', 'USA'))",Wimbledon_2018,HRV,17.0,0,0,0.25,0.031496062992125984,0.06299212598425197,0.2701968503749277
"(('a', 'molteni', 'ARG'), ('r', 'jebavy', 'CZE'))",Wimbledon_2018,CZE,67.0,0,0,0.25,0.0,0.0,0.2465748031308332
"(('m', 'berrettini', 'ITA'), ('m', 'marterer', 'DEU'))",Wimbledon_2018,ITA,581.0,0,0,0.25,0.031496062992125984,0.031496062992125984,0.3252559071920049
"(('a', 'mies', 'DEU'), ('k', 'krawietz', 'DEU'))",Wimbledon_2018,DEU,86.0,1,1,1.0,0.06299212598425197,0.06299212598425197,0.3760433077342867
"(('j', 'cerretani', 'USA'), ('r', 'arneodo', 'MCO'))",Wimbledon_2018,MCO,89.0,0,0,0.2875000238418579,0.007874015748031496,0.007874015748031496,0.35557086800965737
"(('j', 'sousa', 'PRT'), ('l', 'mayer', 'ARG'))",Wimbledon_2018,ARG,73.0,0,0,0.75,0.031496062992125984,0.1732283464566929,0.4099015755446877
"(('d', 'marrero', 'ESP'), ('f', 'verdasco', 'ESP'))",Wimbledon_2018,ESP,54.0,1,1,1.0,0.06299212598425197,0.1732283464566929,0.4099015755446877
"(('f', 'nielsen', 'DNK'), ('j', 'salisbury', 'GBR'))",Wimbledon_2018,DNK,139.0,0,0,0.5,0.0,0.0,0.3209251974980662
"(('a', 'mannarino', 'FRA'), ('j', 'benneteau', 'FRA'))",Wimbledon_2018,FRA,85.0,1,1,1.0,0.05511811023622047,0.07874015748031496,0.34730315184968663
"(('h', 'zeballos', 'ARG'), ('j', 'peralta', 'CHL'))",Wimbledon_2018,CHL,41.0,0,1,1.0,0.015748031496062992,0.1732283464566929,0.4099015755446877
"(('m', 'mirnyi', 'BLR'), ('p', 'oswald', 'AUT'))",Wimbledon_2018,BLR,35.0,0,0,0.25,0.007874015748031496,0.007874015748031496,0.25102362200969786
"(('p', 'petzschner', 'DEU'), ('t', 'puetz', 'DEU'))",Wimbledon_2018,DEU,92.0,1,1,1.0,0.06299212598425197,0.06299212598425197,0.3760433077342867
"(('r', 'harrison', 'USA'), ('v', 'pospisil', 'CAN'))",Wimbledon_2018,USA,40.0,0,1,0.7075000405311584,0.07086614173228346,0.31496062992125984,0.4477165507988667
"(('a', 'sancic', 'HRV'), ('a', 'vasilevski', 'BLR'))",Wimbledon_2018,HRV,66.0,0,0,0.5,0.031496062992125984,0.06299212598425197,0.2701968503749277
"(('t', 'daniel', 'JPN'), ('y', 'nishioka', 'JPN'))",Wimbledon_2018,JPN,1190.0,1,1,1.0,0.023622047244094488,0.023622047244094488,0.023622047244094488
"(('a', 'sitak', 'NZL'), ('d', 'sharan', 'IND'))",Wimbledon_2018,NZL,39.0,0,1,0.0,0.015748031496062992,0.31496062992125984,0.438641735653239
"(('m', 'jaziri', 'TUN'), ('r', 'albot', 'MDA'))",Wimbledon_2018,MDA,145.0,0,0,0.0,0.0,0.007874015748031496,0.3134448835699577
"(('k', 'skupski', 'GBR'), ('n', 'skupski', 'GBR'))",Wimbledon_2018,GBR,49.0,1,1,1.0,0.07874015748031496,0.31496062992125984,0.438641735653239
"(('d', 'dzumhur', 'BIH'), ('i', 'bozoljac', 'SRB'))",Wimbledon_2018,SRB,489.0,0,1,0.8575000166893005,0.007874015748031496,0.06299212598425197,0.26598425221255445
"(('m', 'pavic', 'HRV'), ('o', 'marach', 'AUT'))",Australian Open_2019,AUT,4.0,0,0,0.25,0.007874015748031496,0.007874015748031496,0.3700984259407351
"(('a', 'seppi', 'ITA'), ('s', 'bolelli', 'ITA'))",Australian Open_2019,ITA,88.0,1,1,1.0,0.023622047244094488,0.023622047244094488,0.3244291368549264
"(('b', 'soares', 'BRA'), ('j', 'murray', 'GBR'))",Australian Open_2019,GBR,7.0,0,0,0.25,0.05511811023622047,0.36220472440944884,0.484665360331066
"(('a', 'molteni', 'ARG'), ('r', 'jebavy', 'CZE'))",Australian Open_2019,CZE,52.0,0,0,0.25,0.0,0.0,0.25751968502529027
"(('b', 'bryan', 'USA'), ('m', 'bryan', 'USA'))",Australian Open_2019,USA,13.0,1,1,1.0,0.11811023622047244,0.36220472440944884,0.49775592161445165
"(('a', 'bolt', 'AUS'), ('m', 'polmans', 'AUS'))",Australian Open_2019,AUS,245.0,1,1,1.0,0.11023622047244094,0.36220472440944884,0.484665360331066
"(('n', 'mahut', 'FRA'), ('p', 'herbert', 'FRA'))",Australian Open_2019,FRA,12.0,1,1,1.0,0.047244094488188976,0.05511811023622047,0.34017716835098943
"(('d', 'marrero', 'ESP'), ('m', 'zverev', 'DEU'))",Australian Open_2019,ESP,62.0,0,0,0.25,0.07086614173228346,0.1889763779527559,0.42246063141606927
"(('m', 'venus', 'NZL'), ('r', 'klaasen', 'ZAF'))",Australian Open_2019,ZAF,15.0,0,1,0.0,0.0,0.36220472440944884,0.0
"(('b', 'klahn', 'USA'), ('m', 'kukushkin', 'KAZ'))",Australian Open_2019,KAZ,455.0,0,0,0.1025000065565109,0.0,0.007874015748031496,0.10677755917385806
"(('h', 'zeballos', 'ARG'), ('l', 'kubot', 'POL'))",Australian Open_2019,POL,10.0,0,0,0.25,0.007874015748031496,0.007874015748031496,0.25555118108828234
"(('a', 'bedene', 'SVN'), ('m', 'marterer', 'DEU'))",Australian Open_2019,SVN,453.0,0,0,0.25,0.0,0.0,0.25751968502529027
"(('d', 'inglot', 'GBR'), ('f', 'skugor', 'HRV'))",Australian Open_2019,GBR,20.0,0,0,0.25,0.05511811023622047,0.36220472440944884,0.484665360331066
"(('j', 'millman', 'AUS'), ('t', 'daniel', 'JPN'))",Australian Open_2019,JPN,462.0,0,0,0.0,0.007874015748031496,0.007874015748031496,0.007874015748031496
"(('j', 'salisbury', 'GBR'), ('r', 'ram', 'USA'))",Australian Open_2019,USA,22.0,0,1,0.8875000476837158,0.11811023622047244,0.36220472440944884,0.49775592161445165
"(('g', 'pella', 'ARG'), ('h', 'podlipnik-castillo', 'CHL'))",Australian Open_2019,CHL,75.0,0,1,1.0,0.007874015748031496,0.1889763779527559,0.42246063141606927
"(('h', 'kontinen', 'FIN'), ('j', 'peers', 'AUS'))",Australian Open_2019,FIN,28.0,0,0,0.0,0.0,0.007874015748031496,0.001968503937007874
"(('a', 'qureshi', 'PAK'), ('s', 'gonzalez', 'MEX'))",Australian Open_2019,MEX,53.0,0,0,0.25,0.007874015748031496,0.1889763779527559,0.42246063141606927
"(('e', 'roger-vasselin', 'FRA'), ('i', 'dodig', 'HRV'))",Australian Open_2019,HRV,36.0,0,0,0.25,0.023622047244094488,0.03937007874015748,0.2673622047103296
"(('m', 'reid', 'AUS'), ('n', 'kyrgios', 'AUS'))",Australian Open_2019,AUS,145.0,1,1,1.0,0.11023622047244094,0.36220472440944884,0.484665360331066
"(('m', 'jaziri', 'TUN'), ('r', 'albot', 'MDA'))",Australian Open_2019,MDA,68.0,0,0,0.0,0.0,0.015748031496062992,0.3204921289809107
"(('b', 'mclachlan', 'JPN'), ('j', 'struff', 'DEU'))",Australian Open_2019,JPN,18.0,0,0,0.0,0.007874015748031496,0.007874015748031496,0.007874015748031496
"(('j', 'cerretani', 'USA'), ('m', 'arevalo', 'SLV'))",Australian Open_2019,SLV,56.0,0,0,0.3625000119209289,0.0,0.1889763779527559,0.42246063141606927
"(('h', 'tecau', 'ROU'), ('j', 'rojer', 'NLD'))",Australian Open_2019,NLD,19.0,0,0,0.25,0.023622047244094488,0.023622047244094488,0.36025590625569576
"(('j', ""o'mara"", 'GBR'), ('l', 'bambridge', 'GBR'))",Australian Open_2019,GBR,51.0,1,1,1.0,0.05511811023622047,0.36220472440944884,0.484665360331066
"(('m', 'copil', 'ROU'), ('m', 'fucsovics', 'HUN'))",Australian Open_2019,ROU,546.0,0,0,0.0,0.007874015748031496,0.015748031496062992,0.3204921289809107
"(('a', 'rublev', 'RUS'), ('r', 'baena', 'ESP'))",Australian Open_2019,ESP,274.0,0,0,0.25,0.07086614173228346,0.1889763779527559,0.42246063141606927
"(('b', 'paire', 'FRA'), ('h', 'nys', 'MCO'))",Australian Open_2019,MCO,79.0,0,1,1.0,0.0,0.0,0.34017716835098943
"(('g', 'garcia-lopez', 'ESP'), ('p', 'busta', 'ESP'))",Australian Open_2019,ESP,84.0,1,1,1.0,0.07086614173228346,0.1889763779527559,0.42246063141606927
"(('d', 'sharan', 'IND'), ('r', 'bopanna', 'IND'))",Australian Open_2019,IND,34.0,1,1,1.0,0.023622047244094488,0.36220472440944884,0.023622047244094488
"(('f', 'martin', 'FRA'), ('j', 'chardy', 'FRA'))",Australian Open_2019,FRA,138.0,1,1,1.0,0.047244094488188976,0.05511811023622047,0.34017716835098943
"(('m', 'mcdonald', 'USA'), ('t', 'sandgren', 'USA'))",Australian Open_2019,USA,280.0,1,1,1.0,0.11811023622047244,0.36220472440944884,0.49775592161445165
"(('f', 'verdasco', 'ESP'), ('p', 'cuevas', 'URY'))",Australian Open_2019,URY,48.0,0,1,1.0,0.0,0.1889763779527559,0.42246063141606927
"(('p', 'oswald', 'AUT'), ('t', 'puetz', 'DEU'))",Australian Open_2019,AUT,61.0,0,0,1.0,0.007874015748031496,0.007874015748031496,0.3700984259407351
"(('m', 'daniell', 'NZL'), ('w', 'koolhof', 'NLD'))",Australian Open_2019,NZL,44.0,0,0,0.5,0.015748031496062992,0.36220472440944884,0.484665360331066
"(('j', 'smith', 'AUS'), ('l', 'hewitt', 'AUS'))",Australian Open_2019,AUS,127.0,1,1,1.0,0.11023622047244094,0.36220472440944884,0.484665360331066
"(('f', 'nielsen', 'DNK'), ('m', 'demoliner', 'BRA'))",Australian Open_2019,BRA,69.0,0,0,0.25,0.007874015748031496,0.015748031496062992,0.37442913610400175
"(('g', 'granollers', 'ESP'), ('m', 'granollers', 'ESP'))",Australian Open_2019,ESP,23.0,1,1,1.0,0.07086614173228346,0.1889763779527559,0.42246063141606927
"(('a', 'popyrin', 'AUS'), ('b', 'ellis', 'AUS'))",Australian Open_2019,AUS,492.0,1,1,1.0,0.11023622047244094,0.36220472440944884,0.484665360331066
"(('d', 'schwartzman', 'ARG'), ('g', 'duran', 'ARG'))",Australian Open_2019,ARG,99.0,1,1,1.0,0.047244094488188976,0.1889763779527559,0.42246063141606927
"(('c', 'norrie', 'GBR'), ('t', 'fritz', 'USA'))",Australian Open_2019,USA,209.0,0,1,0.8875000476837158,0.11811023622047244,0.36220472440944884,0.49775592161445165
"(('d', 'dzumhur', 'BIH'), ('m', 'basic', 'BIH'))",Australian Open_2019,BIH,227.0,1,1,1.0,0.007874015748031496,0.03937007874015748,0.2634251968363139
"(('m', 'gong', 'CHN'), ('z', 'zhang', 'CHN'))",Australian Open_2019,CHN,101.0,1,1,1.0,0.007874015748031496,0.007874015748031496,0.007874015748031496
"(('m', 'klizan', 'SVK'), ('m', 'matkowski', 'POL'))",Australian Open_2019,SVK,229.0,0,0,0.5,0.007874015748031496,0.007874015748031496,0.25948818896229814
"(('m', 'gonzalez', 'ARG'), ('n', 'jarry', 'CHL'))",Australian Open_2019,ARG,43.0,0,1,1.0,0.047244094488188976,0.1889763779527559,0.42246063141606927
"(('l', 'saville', 'AUS'), ('m', 'purcell', 'AUS'))",Australian Open_2019,AUS,121.0,1,1,1.0,0.11023622047244094,0.36220472440944884,0.484665360331066
"(('r', 'harrison', 'USA'), ('s', 'querrey', 'USA'))",Australian Open_2019,USA,108.0,1,1,1.0,0.11811023622047244,0.36220472440944884,0.49775592161445165
"(('m', 'middelkoop', 'NLD'), ('r', 'haase', 'NLD'))",Australian Open_2019,NLD,39.0,1,1,1.0,0.023622047244094488,0.023622047244094488,0.36025590625569576
"(('d', 'kudla', 'USA'), ('s', 'johnson', 'USA'))",Australian Open_2019,USA,94.0,1,1,1.0,0.11811023622047244,0.36220472440944884,0.49775592161445165
"(('m', 'ebden', 'AUS'), ('r', 'lindstedt', 'SWE'))",Australian Open_2019,AUS,106.0,0,0,0.5,0.11023622047244094,0.36220472440944884,0.484665360331066
"(('a', 'krajicek', 'USA'), ('a', 'sitak', 'NZL'))",Australian Open_2019,USA,42.0,0,1,0.8875000476837158,0.11811023622047244,0.36220472440944884,0.49775592161445165
"(('l', 'paes', 'IND'), ('m', 'reyes-varela', 'MEX'))",Australian Open_2019,IND,59.0,0,0,0.0,0.023622047244094488,0.36220472440944884,0.023622047244094488
"(('k', 'krawietz', 'DEU'), ('n', 'mektic', 'HRV'))",Australian Open_2019,DEU,70.0,0,0,0.25,0.047244094488188976,0.047244094488188976,0.3700984259407351
"(('j', 'nedunchezhiyan', 'IND'), ('n', 'monroe', 'USA'))",Australian Open_2019,USA,65.0,0,1,0.0,0.11811023622047244,0.36220472440944884,0.49775592161445165
"(('a', 'mannarino', 'FRA'), ('a', 'mies', 'DEU'))",Australian Open_2019,FRA,276.0,0,0,0.25,0.047244094488188976,0.05511811023622047,0.34017716835098943
"(('a', 'ramos-vinolas', 'ESP'), ('p', 'gojowczyk', 'DEU'))",Australian Open_2019,DEU,355.0,0,0,0.25,0.047244094488188976,0.047244094488188976,0.3700984259407351
"(('j', 'sousa', 'PRT'), ('l', 'mayer', 'ARG'))",Australian Open_2019,ARG,86.0,0,0,0.75,0.047244094488188976,0.1889763779527559,0.42246063141606927
"(('f', 'lopez', 'ESP'), ('m', 'lopez', 'ESP'))",Australian Open_2019,ESP,33.0,1,1,1.0,0.07086614173228346,0.1889763779527559,0.42246063141606927
"(('d', 'molchanov', 'UKR'), ('i', 'zelenay', 'SVK'))",Australian Open_2019,UKR,64.0,0,0,0.5,0.0,0.0,0.25522244093924995
"(('m', 'berrettini', 'ITA'), ('m', 'cecchinato', 'ITA'))",Australian Open_2019,ITA,131.0,1,1,1.0,0.023622047244094488,0.023622047244094488,0.3244291368549264
"(('k', 'skupski', 'GBR'), ('n', 'skupski', 'GBR'))",Australian Open_2019,GBR,54.0,1,1,1.0,0.05511811023622047,0.36220472440944884,0.484665360331066
"(('j', 'duckworth', 'AUS'), ('j', 'thompson', 'AUS'))",Australian Open_2019,AUS,352.0,1,1,1.0,0.11023622047244094,0.36220472440944884,0.484665360331066
"(('j', 'sock', 'USA'), ('j', 'withrow', 'USA'))",Australian Open_2019,USA,2.0,1,1,1.0,0.11811023622047244,0.36220472440944884,0.49775592161445165
"(('j', 'cabal', 'COL'), ('r', 'farah', 'COL'))",Australian Open_2019,COL,5.0,1,1,1.0,0.007874015748031496,0.1889763779527559,0.42246063141606927
"(('l', 'kubot', 'POL'), ('m', 'melo', 'BRA'))",Roland Garros_2019,POL,3.0,0,0,0.25,0.007874015748031496,0.007874015748031496,0.25751968502529027
"(('j', 'munar', 'ESP'), ('r', 'baena', 'ESP'))",Roland Garros_2019,ESP,172.0,1,1,1.0,0.05511811023622047,0.18110236220472442,0.4358661424761682
"(('j', 'cabal', 'COL'), ('r', 'farah', 'COL'))",Roland Garros_2019,COL,10.0,1,1,1.0,0.007874015748031496,0.18110236220472442,0.4358661424761682
"(('j', 'smith', 'AUS'), ('m', 'ebden', 'AUS'))",Roland Garros_2019,AUS,134.0,1,1,1.0,0.03937007874015748,0.23622047244094488,0.3944881919730367
"(('m', 'pavic', 'HRV'), ('o', 'marach', 'AUT'))",Roland Garros_2019,AUT,14.0,0,0,0.25,0.007874015748031496,0.015748031496062992,0.3314763783211783
"(('j', 'nedunchezhiyan', 'IND'), ('m', 'zverev', 'DEU'))",Roland Garros_2019,IND,72.0,0,0,0.0,0.023622047244094488,0.23622047244094488,0.023622047244094488
"(('b', 'bryan', 'USA'), ('m', 'bryan', 'USA'))",Roland Garros_2019,USA,34.0,1,1,1.0,0.05511811023622047,0.23622047244094488,0.4110689130941714
"(('g', 'granollers', 'ESP'), ('p', 'busta', 'ESP'))",Roland Garros_2019,ESP,147.0,1,1,1.0,0.05511811023622047,0.18110236220472442,0.4358661424761682
"(('h', 'kontinen', 'FIN'), ('j', 'peers', 'AUS'))",Roland Garros_2019,FIN,16.0,0,0,0.0,0.0,0.007874015748031496,0.001968503937007874
"(('j', 'sousa', 'PRT'), ('l', 'mayer', 'ARG'))",Roland Garros_2019,ARG,70.0,0,0,0.75,0.06299212598425197,0.18110236220472442,0.4358661424761682
"(('h', 'tecau', 'ROU'), ('j', 'rojer', 'NLD'))",Roland Garros_2019,NLD,20.0,0,0,0.25,0.023622047244094488,0.031496062992125984,0.32673228383298936
"(('c', 'garin', 'CHL'), ('j', 'londero', 'ARG'))",Roland Garros_2019,CHL,407.0,0,1,1.0,0.0,0.18110236220472442,0.4358661424761682
"(('j', 'salisbury', 'GBR'), ('r', 'ram', 'USA'))",Roland Garros_2019,USA,24.0,0,1,0.8875000476837158,0.05511811023622047,0.23622047244094488,0.4110689130941714
"(('d', 'dzumhur', 'BIH'), ('f', 'krajinovic', 'SRB'))",Roland Garros_2019,BIH,297.0,0,1,0.8575000166893005,0.0,0.06299212598425197,0.2727165359446383
"(('j', 'melzer', 'AUT'), ('n', 'mahut', 'FRA'))",Roland Garros_2019,AUT,55.0,0,0,0.25,0.007874015748031496,0.015748031496062992,0.3314763783211783
"(('a', 'seppi', 'ITA'), ('m', 'cecchinato', 'ITA'))",Roland Garros_2019,ITA,353.0,1,1,1.0,0.023622047244094488,0.023622047244094488,0.3445275605499275
"(('f', 'nielsen', 'DNK'), ('r', 'haase', 'NLD'))",Roland Garros_2019,NLD,30.0,0,0,0.5,0.023622047244094488,0.031496062992125984,0.32673228383298936
"(('m', 'arevalo', 'SLV'), ('m', 'reyes-varela', 'MEX'))",Roland Garros_2019,SLV,62.0,0,1,1.0,0.0,0.18110236220472442,0.4358661424761682
"(('g', 'barrere', 'FRA'), ('q', 'halys', 'FRA'))",Roland Garros_2019,FRA,301.0,1,1,1.0,0.14960629921259844,0.16535433070866143,0.4091338597625259
"(('a', 'minaur', 'AUS'), ('d', 'hernandez', 'ESP'))",Roland Garros_2019,AUS,156.0,0,0,0.25,0.03937007874015748,0.23622047244094488,0.3944881919730367
"(('j', 'eysseric', 'FRA'), ('m', 'bourgue', 'FRA'))",Roland Garros_2019,FRA,727.0,1,1,1.0,0.14960629921259844,0.16535433070866143,0.4091338597625259
"(('r', 'berankis', 'LTU'), ('y', 'nishioka', 'JPN'))",Roland Garros_2019,LTU,347.0,0,0,0.0,0.0,0.0,0.22324803148902309
"(('m', 'mcdonald', 'USA'), ('r', 'opelka', 'USA'))",Roland Garros_2019,USA,200.0,1,1,1.0,0.05511811023622047,0.23622047244094488,0.4110689130941714
"(('l', 'sonego', 'ITA'), ('m', 'berrettini', 'ITA'))",Roland Garros_2019,ITA,133.0,1,1,1.0,0.023622047244094488,0.023622047244094488,0.3445275605499275
"(('b', 'soares', 'BRA'), ('j', 'murray', 'GBR'))",Roland Garros_2019,GBR,8.0,0,0,0.25,0.06299212598425197,0.23622047244094488,0.3944881919730367
"(('a', 'hoang', 'FRA'), ('b', 'bonzi', 'FRA'))",Roland Garros_2019,FRA,181.0,1,1,1.0,0.14960629921259844,0.16535433070866143,0.4091338597625259
"(('a', 'mannarino', 'FRA'), ('u', 'humbert', 'FRA'))",Roland Garros_2019,FRA,482.0,1,1,1.0,0.14960629921259844,0.16535433070866143,0.4091338597625259
"(('m', 'copil', 'ROU'), ('r', 'bopanna', 'IND'))",Roland Garros_2019,IND,40.0,0,0,0.0,0.023622047244094488,0.23622047244094488,0.023622047244094488
"(('m', 'venus', 'NZL'), ('r', 'klaasen', 'ZAF'))",Roland Garros_2019,ZAF,13.0,0,1,0.0,0.0,0.23622047244094488,0.0
"(('f', 'martin', 'FRA'), ('j', 'chardy', 'FRA'))",Roland Garros_2019,FRA,59.0,1,1,1.0,0.14960629921259844,0.16535433070866143,0.4091338597625259
"(('b', 'mclachlan', 'JPN'), ('j', 'struff', 'DEU'))",Roland Garros_2019,JPN,31.0,0,0,0.0,0.007874015748031496,0.007874015748031496,0.007874015748031496
"(('e', 'couacaud', 'FRA'), ('t', 'lamasine', 'FRA'))",Roland Garros_2019,FRA,307.0,1,1,1.0,0.14960629921259844,0.16535433070866143,0.4091338597625259
"(('j', 'millman', 'AUS'), ('j', 'thompson', 'AUS'))",Roland Garros_2019,AUS,236.0,1,1,1.0,0.03937007874015748,0.23622047244094488,0.3944881919730367
"(('f', 'lopez', 'ESP'), ('p', 'cuevas', 'URY'))",Roland Garros_2019,URY,116.0,0,1,1.0,0.0,0.18110236220472442,0.4358661424761682
"(('f', 'skugor', 'HRV'), ('n', 'mektic', 'HRV'))",Roland Garros_2019,HRV,9.0,1,1,1.0,0.023622047244094488,0.06299212598425197,0.2752362204583611
"(('m', 'daniell', 'NZL'), ('w', 'koolhof', 'NLD'))",Roland Garros_2019,NZL,56.0,0,0,0.5,0.015748031496062992,0.23622047244094488,0.3944881919730367
"(('a', 'bedene', 'SVN'), ('h', 'hurkacz', 'POL'))",Roland Garros_2019,SVN,453.0,0,0,0.5,0.0,0.0,0.25948818896229814
"(('d', 'sharan', 'IND'), ('m', 'demoliner', 'BRA'))",Roland Garros_2019,BRA,48.0,0,0,0.0,0.015748031496062992,0.023622047244094488,0.3941338593870636
"(('m', 'fucsovics', 'HUN'), ('r', 'lindstedt', 'SWE'))",Roland Garros_2019,HUN,214.0,0,0,0.0,0.0,0.0,0.001968503937007874
"(('f', 'delbonis', 'ARG'), ('g', 'duran', 'ARG'))",Roland Garros_2019,ARG,83.0,1,1,1.0,0.06299212598425197,0.18110236220472442,0.4358661424761682
"(('m', 'granollers', 'ESP'), ('m', 'lopez', 'ESP'))",Roland Garros_2019,ESP,29.0,1,1,1.0,0.05511811023622047,0.18110236220472442,0.4358661424761682
"(('c', 'norrie', 'GBR'), ('d', 'evans', 'GBR'))",Roland Garros_2019,GBR,521.0,1,1,1.0,0.06299212598425197,0.23622047244094488,0.3944881919730367
"(('d', 'kudla', 'USA'), ('s', 'johnson', 'USA'))",Roland Garros_2019,USA,184.0,1,1,1.0,0.05511811023622047,0.23622047244094488,0.4110689130941714
"(('c', 'hsieh', 'TWN'), ('c', 'rungkat', 'IDN'))",Roland Garros_2019,TWN,65.0,0,0,0.0,0.0,0.0,0.0
"(('a', 'krajicek', 'USA'), ('a', 'sitak', 'NZL'))",Roland Garros_2019,USA,36.0,0,1,0.8875000476837158,0.05511811023622047,0.23622047244094488,0.4110689130941714
"(('c', 'ruud', 'NOR'), ('m', 'kecmanovic', 'SRB'))",Roland Garros_2019,SRB,257.0,0,0,0.25,0.023622047244094488,0.06299212598425197,0.2760826772826863
"(('e', 'roger-vasselin', 'FRA'), ('i', 'dodig', 'HRV'))",Roland Garros_2019,HRV,33.0,0,0,0.25,0.023622047244094488,0.06299212598425197,0.2752362204583611
"(('a', 'mies', 'DEU'), ('k', 'krawietz', 'DEU'))",Roland Garros_2019,DEU,51.0,1,1,1.0,0.031496062992125984,0.031496062992125984,0.3314763783211783
"(('a', 'rinderknech', 'FRA'), ('m', 'guinard', 'FRA'))",Roland Garros_2019,FRA,392.0,1,1,1.0,0.14960629921259844,0.16535433070866143,0.4091338597625259
"(('j', 'vliegen', 'BEL'), ('m', 'kukushkin', 'KAZ'))",Roland Garros_2019,KAZ,145.0,0,0,0.1024999991059303,0.0,0.0,0.10597047209739684
"(('m', 'jaziri', 'TUN'), ('r', 'albot', 'MDA'))",Roland Garros_2019,MDA,60.0,0,0,0.0,0.0,0.015748031496062992,0.34059055267591176
"(('d', 'lajovic', 'SRB'), ('j', 'tipsarevic', 'SRB'))",Roland Garros_2019,SRB,201.0,1,1,1.0,0.023622047244094488,0.06299212598425197,0.2760826772826863
"(('a', 'qureshi', 'PAK'), ('s', 'gonzalez', 'MEX'))",Roland Garros_2019,MEX,46.0,0,0,0.25,0.007874015748031496,0.18110236220472442,0.4358661424761682
"(('m', 'middelkoop', 'NLD'), ('t', 'puetz', 'DEU'))",Roland Garros_2019,NLD,41.0,0,0,0.75,0.023622047244094488,0.031496062992125984,0.32673228383298936
"(('a', 'molteni', 'ARG'), ('r', 'jebavy', 'CZE'))",Roland Garros_2019,CZE,45.0,0,0,0.25,0.0,0.0,0.25948818896229814
"(('d', 'molchanov', 'UKR'), ('i', 'zelenay', 'SVK'))",Roland Garros_2019,UKR,68.0,0,0,0.5,0.0,0.0,0.2546318898520132
"(('h', 'zeballos', 'ARG'), ('m', 'gonzalez', 'ARG'))",Roland Garros_2019,ARG,22.0,1,1,1.0,0.06299212598425197,0.18110236220472442,0.4358661424761682
"(('b', 'paire', 'FRA'), ('l', 'paes', 'IND'))",Roland Garros_2019,IND,82.0,0,0,0.0,0.023622047244094488,0.23622047244094488,0.023622047244094488
"(('d', 'inglot', 'GBR'), ('m', 'klizan', 'SVK'))",Roland Garros_2019,GBR,28.0,0,0,0.25,0.06299212598425197,0.23622047244094488,0.3944881919730367
"(('d', 'schwartzman', 'ARG'), ('g', 'pella', 'ARG'))",Roland Garros_2019,ARG,96.0,1,1,1.0,0.06299212598425197,0.18110236220472442,0.4358661424761682
"(('c', 'tabur', 'FRA'), ('h', 'gaston', 'FRA'))",Roland Garros_2019,FRA,855.0,1,1,1.0,0.14960629921259844,0.16535433070866143,0.4091338597625259
"(('k', 'skupski', 'GBR'), ('n', 'skupski', 'GBR'))",Roland Garros_2019,GBR,49.0,1,1,1.0,0.06299212598425197,0.23622047244094488,0.3944881919730367
"(('j', ""o'mara"", 'GBR'), ('l', 'bambridge', 'GBR'))",Roland Garros_2019,GBR,42.0,1,1,1.0,0.06299212598425197,0.23622047244094488,0.3944881919730367
"(('j', 'cabal', 'COL'), ('r', 'farah', 'COL'))",US Open_2019,COL,1.0,1,1,1.0,0.007874015748031496,0.16535433070866143,0.4204527578626092
"(('p', 'cuevas', 'URY'), ('s', 'johnson', 'USA'))",US Open_2019,URY,131.0,0,0,0.3625000119209289,0.0,0.16535433070866143,0.4204527578626092
"(('c', 'norrie', 'GBR'), ('d', 'evans', 'GBR'))",US Open_2019,GBR,189.0,1,1,1.0,0.06299212598425197,0.3700787401574803,0.49183071690750874
"(('j', 'struff', 'DEU'), ('t', 'pütz', 'DEU'))",US Open_2019,DEU,67.0,1,1,1.0,0.031496062992125984,0.031496062992125984,0.3742716547964126
"(('f', 'lópez', 'ESP'), ('p', 'busta', 'ESP'))",US Open_2019,ESP,119.0,1,1,1.0,0.047244094488188976,0.16535433070866143,0.4204527578626092
"(('c', 'hsieh', 'TWN'), ('c', 'rungkat', 'IDN'))",US Open_2019,TWN,66.0,0,0,0.0,0.0,0.0,0.0
"(('r', 'haase', 'NLD'), ('w', 'koolhof', 'NLD'))",US Open_2019,NLD,34.0,1,1,1.0,0.023622047244094488,0.03937007874015748,0.36872047369405037
"(('m', 'middelkoop', 'NLD'), ('r', 'jebavý', 'CZE'))",US Open_2019,CZE,60.0,0,0,0.25,0.0,0.0,0.2650393700505805
"(('f', 'škugor', 'HRV'), ('n', 'mektić', 'HRV'))",US Open_2019,HRV,11.0,1,1,1.0,0.023622047244094488,0.047244094488188976,0.2768503936726277
"(('j', 'smith', 'AUS'), ('j', 'thompson', 'AUS'))",US Open_2019,AUS,98.0,1,1,1.0,0.047244094488188976,0.3700787401574803,0.49183071690750874
"(('b', 'mclachlan', 'JPN'), ('l', 'bambridge', 'GBR'))",US Open_2019,GBR,55.0,0,0,0.0,0.06299212598425197,0.3700787401574803,0.49183071690750874
"(('n', 'rubin', 'USA'), ('t', 'kwiatkowski', 'USA'))",US Open_2019,USA,248.0,1,1,1.0,0.1732283464566929,0.3700787401574803,0.5140866281714026
"(('m', 'jaziri', 'TUN'), ('r', 'albot', 'MDA'))",US Open_2019,MDA,63.0,0,0,0.0,0.0,0.015748031496062992,0.32419291750183254
"(('n', 'monroe', 'USA'), ('t', 'sandgren', 'USA'))",US Open_2019,USA,102.0,1,1,1.0,0.1732283464566929,0.3700787401574803,0.5140866281714026
"(('f', 'martin', 'FRA'), ('j', 'chardy', 'FRA'))",US Open_2019,FRA,35.0,1,1,1.0,0.05511811023622047,0.09448818897637795,0.3534055164902229
"(('h', 'tecău', 'ROU'), ('j', 'rojer', 'NLD'))",US Open_2019,NLD,16.0,0,0,0.25,0.023622047244094488,0.03937007874015748,0.36872047369405037
"(('d', 'shapovalov', 'CAN'), ('r', 'bopanna', 'IND'))",US Open_2019,IND,39.0,0,1,0.0,0.015748031496062992,0.3700787401574803,0.015748031496062992
"(('n', 'mahut', 'FRA'), ('p', 'herbert', 'FRA'))",US Open_2019,FRA,18.0,1,1,1.0,0.05511811023622047,0.09448818897637795,0.3534055164902229
"(('a', 'seppi', 'ITA'), ('m', 'cecchinato', 'ITA'))",US Open_2019,ITA,457.0,1,1,1.0,0.007874015748031496,0.007874015748031496,0.3202559096278168
"(('f', 'verdasco', 'ESP'), ('p', 'andújar', 'ESP'))",US Open_2019,ESP,266.0,1,1,1.0,0.047244094488188976,0.16535433070866143,0.4204527578626092
"(('j', 'londero', 'ARG'), ('r', 'berankis', 'LTU'))",US Open_2019,LTU,448.0,0,0,0.25,0.0,0.0,0.22996062990718
"(('k', 'smith', 'USA'), ('m', 'cressy', 'USA'))",US Open_2019,USA,233.0,1,1,1.0,0.1732283464566929,0.3700787401574803,0.5140866281714026
"(('j', 'murray', 'GBR'), ('n', 'skupski', 'GBR'))",US Open_2019,GBR,21.0,1,1,1.0,0.06299212598425197,0.3700787401574803,0.49183071690750874
"(('n', 'lammons', 'USA'), ('r', 'galloway', 'USA'))",US Open_2019,USA,110.0,1,1,1.0,0.1732283464566929,0.3700787401574803,0.5140866281714026
"(('j', 'sock', 'USA'), ('j', 'withrow', 'USA'))",US Open_2019,USA,10.0,1,1,1.0,0.1732283464566929,0.3700787401574803,0.5140866281714026
"(('f', 'polášek', 'SVK'), ('i', 'dodig', 'HRV'))",US Open_2019,HRV,13.0,0,0,0.5,0.023622047244094488,0.047244094488188976,0.2768503936726277
"(('a', 'krajicek', 'USA'), ('é', 'roger-vasselin', 'FRA'))",US Open_2019,USA,37.0,0,0,0.2875000238418579,0.1732283464566929,0.3700787401574803,0.5140866281714026
"(('j', 'tipsarević', 'SRB'), ('l', 'đere', 'SRB'))",US Open_2019,SRB,349.0,1,1,1.0,0.015748031496062992,0.047244094488188976,0.27488188973561983
"(('f', 'delbonis', 'ARG'), ('r', 'baena', 'ESP'))",US Open_2019,ESP,184.0,0,1,1.0,0.047244094488188976,0.16535433070866143,0.4204527578626092
"(('d', 'sharan', 'IND'), ('h', 'nys', 'MCO'))",US Open_2019,MCO,77.0,0,0,0.0,0.0,0.0,0.3686417365872015
"(('b', 'bryan', 'USA'), ('m', 'bryan', 'USA'))",US Open_2019,USA,29.0,1,1,1.0,0.1732283464566929,0.3700787401574803,0.5140866281714026
"(('h', 'hurkacz', 'POL'), ('v', 'pospisil', 'CAN'))",US Open_2019,POL,639.0,0,0,0.25,0.007874015748031496,0.007874015748031496,0.2630708661135726
"(('h', 'zeballos', 'ARG'), ('m', 'granollers', 'ESP'))",US Open_2019,ESP,27.0,0,1,1.0,0.047244094488188976,0.16535433070866143,0.4204527578626092
"(('j', 'vliegen', 'BEL'), ('s', 'gillé', 'BEL'))",US Open_2019,BEL,51.0,1,1,1.0,0.007874015748031496,0.14960629921259844,0.3716397664373315
"(('e', 'king', 'USA'), ('h', 'reese', 'USA'))",US Open_2019,USA,120.0,1,1,1.0,0.1732283464566929,0.3700787401574803,0.5140866281714026
"(('a', 'bublik', 'KAZ'), ('j', 'millman', 'AUS'))",US Open_2019,KAZ,299.0,0,0,0.1024999991059303,0.007874015748031496,0.015748031496062992,0.11707283515395141
"(('a', 'minaur', 'AUS'), ('m', 'reid', 'AUS'))",US Open_2019,AUS,156.0,1,1,1.0,0.047244094488188976,0.3700787401574803,0.49183071690750874
"(('d', 'schwartzman', 'ARG'), ('g', 'pella', 'ARG'))",US Open_2019,ARG,58.0,1,1,1.0,0.05511811023622047,0.16535433070866143,0.4204527578626092
"(('j', 'salisbury', 'GBR'), ('r', 'ram', 'USA'))",US Open_2019,USA,17.0,0,1,0.8875000476837158,0.1732283464566929,0.3700787401574803,0.5140866281714026
"(('r', 'harrison', 'USA'), ('s', 'querrey', 'USA'))",US Open_2019,USA,80.0,1,1,1.0,0.1732283464566929,0.3700787401574803,0.5140866281714026
"(('j', 'melzer', 'AUT'), ('o', 'marach', 'AUT'))",US Open_2019,AUT,19.0,1,1,1.0,0.015748031496062992,0.031496062992125984,0.3742716547964126
"(('a', 'rublev', 'RUS'), ('m', 'kukushkin', 'KAZ'))",US Open_2019,KAZ,145.0,0,1,0.4099999964237213,0.007874015748031496,0.015748031496062992,0.11707283515395141
"(('m', 'copil', 'ROU'), ('n', 'kyrgios', 'AUS'))",US Open_2019,ROU,245.0,0,0,0.25,0.007874015748031496,0.015748031496062992,0.32419291750183254
"(('k', 'skupski', 'GBR'), ('m', 'daniell', 'NZL'))",US Open_2019,NZL,44.0,0,1,1.0,0.015748031496062992,0.3700787401574803,0.49183071690750874
"(('c', 'ruud', 'NOR'), ('m', 'kecmanović', 'SRB'))",US Open_2019,SRB,216.0,0,0,0.25,0.015748031496062992,0.047244094488188976,0.27488188973561983
"(('g', 'durán', 'ARG'), ('l', 'paes', 'IND'))",US Open_2019,ARG,65.0,0,0,0.0,0.05511811023622047,0.16535433070866143,0.4204527578626092
"(('m', 'venus', 'NZL'), ('r', 'klaasen', 'ZAF'))",US Open_2019,ZAF,8.0,0,1,0.0,0.0,0.3700787401574803,0.0
"(('a', 'mannarino', 'FRA'), ('g', 'simon', 'FRA'))",US Open_2019,FRA,200.0,1,1,1.0,0.05511811023622047,0.09448818897637795,0.3534055164902229
"(('b', 'soares', 'BRA'), ('m', 'pavić', 'HRV'))",US Open_2019,HRV,14.0,0,0,0.25,0.023622047244094488,0.047244094488188976,0.2768503936726277
"(('c', 'garín', 'CHL'), ('n', 'jarry', 'CHL'))",US Open_2019,CHL,318.0,1,1,1.0,0.007874015748031496,0.16535433070866143,0.4204527578626092
"(('j', ""o'mara"", 'GBR'), ('m', 'arévalo', 'SLV'))",US Open_2019,SLV,76.0,0,0,0.25,0.0,0.16535433070866143,0.4204527578626092
"(('b', 'paire', 'FRA'), ('m', 'zverev', 'DEU'))",US Open_2019,FRA,105.0,0,0,0.25,0.05511811023622047,0.09448818897637795,0.3534055164902229
"(('m', 'damm', 'USA'), ('t', 'kodat', 'USA'))",US Open_2019,USA,333.0,1,1,1.0,0.1732283464566929,0.3700787401574803,0.5140866281714026
"(('m', 'krueger', 'USA'), ('t', 'smyczek', 'USA'))",US Open_2019,USA,459.0,1,1,1.0,0.1732283464566929,0.3700787401574803,0.5140866281714026
"(('a', 'mies', 'DEU'), ('k', 'krawietz', 'DEU'))",US Open_2019,DEU,23.0,1,1,1.0,0.031496062992125984,0.031496062992125984,0.3742716547964126
"(('d', 'inglot', 'GBR'), ('m', 'demoliner', 'BRA'))",US Open_2019,BRA,48.0,0,0,0.25,0.015748031496062992,0.023622047244094488,0.37822834949324446
"(('h', 'kontinen', 'FIN'), ('j', 'peers', 'AUS'))",US Open_2019,FIN,26.0,0,0,0.0,0.0,0.007874015748031496,0.0
"(('a', 'qureshi', 'PAK'), ('s', 'gonzález', 'MEX'))",US Open_2019,MEX,61.0,0,0,0.25,0.0,0.16535433070866143,0.4204527578626092
"(('j', 'sousa', 'PRT'), ('l', 'mayer', 'ARG'))",US Open_2019,ARG,74.0,0,0,0.75,0.05511811023622047,0.16535433070866143,0.4204527578626092
"(('a', 'molteni', 'ARG'), ('i', 'zelenay', 'SVK'))",US Open_2019,ARG,64.0,0,0,0.25,0.05511811023622047,0.16535433070866143,0.4204527578626092
"(('a', 'viñolas', 'ESP'), ('j', 'kovalík', 'SVK'))",US Open_2019,SVK,1092.0,0,0,0.25,0.015748031496062992,0.015748031496062992,0.2689763779245962
"(('p', 'oswald', 'AUT'), ('r', 'lindstedt', 'SWE'))",US Open_2019,SWE,72.0,0,0,0.5,0.0,0.007874015748031496,0.33848425322160947
"(('m', 'melo', 'BRA'), ('ł', 'kubot', 'POL'))",US Open_2019,POL,4.0,0,0,0.25,0.007874015748031496,0.007874015748031496,0.2630708661135726
"(('a', 'sitak', 'NZL'), ('d', 'molchanov', 'UKR'))",US Open_2019,UKR,71.0,0,0,0.25,0.0,0.0,0.2637913386652789
"(('l', 'kubot', 'POL'), ('m', 'melo', 'BRA'))",Wimbledon_2019,POL,2.0,0,0,0.25,0.0,0.0,0.24692913385357443
"(('b', 'mclachlan', 'JPN'), ('j', 'struff', 'DEU'))",Wimbledon_2019,JPN,35.0,0,0,0.0,0.0,0.0,0.0
"(('j', 'cabal', 'COL'), ('r', 'farah', 'COL'))",Wimbledon_2019,COL,5.0,1,1,1.0,0.007874015748031496,0.16535433070866143,0.3966141737493004
"(('j', 'draper', 'GBR'), ('p', 'jubb', 'GBR'))",Wimbledon_2019,GBR,1083.0,1,1,1.0,0.14173228346456693,0.3464566929133858,0.4616535450154402
"(('m', 'venus', 'NZL'), ('r', 'klaasen', 'ZAF'))",Wimbledon_2019,ZAF,9.0,0,1,0.0,0.007874015748031496,0.3464566929133858,0.007874015748031496
"(('j', ""o'mara"", 'GBR'), ('l', 'bambridge', 'GBR'))",Wimbledon_2019,GBR,52.0,1,1,1.0,0.14173228346456693,0.3464566929133858,0.4616535450154402
"(('b', 'soares', 'BRA'), ('m', 'pavic', 'HRV'))",Wimbledon_2019,HRV,16.0,0,0,0.25,0.023622047244094488,0.06299212598425197,0.26858267716066103
"(('m', 'middelkoop', 'NLD'), ('s', 'arends', 'NLD'))",Wimbledon_2019,NLD,100.0,1,1,1.0,0.031496062992125984,0.047244094488188976,0.35822834680399557
"(('h', 'tecau', 'ROU'), ('j', 'rojer', 'NLD'))",Wimbledon_2019,NLD,14.0,0,0,0.25,0.031496062992125984,0.047244094488188976,0.35822834680399557
"(('a', 'seppi', 'ITA'), ('m', 'cecchinato', 'ITA'))",Wimbledon_2019,ITA,360.0,1,1,1.0,0.015748031496062992,0.015748031496062992,0.3088582686223383
"(('f', 'skugor', 'HRV'), ('n', 'mektic', 'HRV'))",Wimbledon_2019,HRV,11.0,1,1,1.0,0.023622047244094488,0.06299212598425197,0.26858267716066103
"(('m', 'fucsovics', 'HUN'), ('r', 'berankis', 'LTU'))",Wimbledon_2019,LTU,347.0,0,0,0.0,0.0,0.0,0.219468503955781
"(('b', 'bryan', 'USA'), ('m', 'bryan', 'USA'))",Wimbledon_2019,USA,31.0,1,1,1.0,0.031496062992125984,0.3464566929133858,0.4577539553792458
"(('d', 'molchanov', 'UKR'), ('i', 'zelenay', 'SVK'))",Wimbledon_2019,UKR,65.0,0,0,0.5,0.0,0.0,0.2493602363612708
"(('h', 'kontinen', 'FIN'), ('j', 'peers', 'AUS'))",Wimbledon_2019,FIN,15.0,0,0,0.0,0.0,0.007874015748031496,0.001968503937007874
"(('g', 'granollers', 'ESP'), ('m', 'granollers', 'ESP'))",Wimbledon_2019,ESP,36.0,1,1,1.0,0.03937007874015748,0.1732283464566929,0.3966141737493004
"(('h', 'zeballos', 'ARG'), ('m', 'gonzalez', 'ARG'))",Wimbledon_2019,ARG,26.0,1,1,1.0,0.05511811023622047,0.1732283464566929,0.3966141737493004
"(('a', 'sitak', 'NZL'), ('j', 'erlich', 'ISR'))",Wimbledon_2019,ISR,78.0,0,1,0.0324999988079071,0.0,0.3464566929133858,0.03329842392443202
"(('e', 'roger-vasselin', 'FRA'), ('n', 'mahut', 'FRA'))",Wimbledon_2019,FRA,13.0,1,1,1.0,0.03937007874015748,0.07086614173228346,0.33295275709291144
"(('l', 'broady', 'GBR'), ('s', 'clayton', 'GBR'))",Wimbledon_2019,GBR,246.0,1,1,1.0,0.14173228346456693,0.3464566929133858,0.4616535450154402
"(('j', 'salisbury', 'GBR'), ('r', 'ram', 'USA'))",Wimbledon_2019,USA,25.0,0,1,0.8875000476837158,0.031496062992125984,0.3464566929133858,0.4577539553792458
"(('m', 'jaziri', 'TUN'), ('r', 'albot', 'MDA'))",Wimbledon_2019,MDA,62.0,0,0,0.0,0.0,0.015748031496062992,0.3088582686223383
"(('j', 'melzer', 'AUT'), ('o', 'marach', 'AUT'))",Wimbledon_2019,AUT,18.0,1,1,1.0,0.015748031496062992,0.031496062992125984,0.36181102396934994
"(('c', 'hsieh', 'TWN'), ('c', 'rungkat', 'IDN'))",Wimbledon_2019,TWN,63.0,0,0,0.0,0.0,0.0,0.0
"(('f', 'nielsen', 'DNK'), ('r', 'haase', 'NLD'))",Wimbledon_2019,NLD,34.0,0,0,0.5,0.031496062992125984,0.047244094488188976,0.35822834680399557
"(('d', 'dzumhur', 'BIH'), ('r', 'arneodo', 'MCO'))",Wimbledon_2019,MCO,94.0,0,0,0.25,0.007874015748031496,0.007874015748031496,0.34405511910990466
"(('m', 'arevalo', 'SLV'), ('m', 'reyes-varela', 'MEX'))",Wimbledon_2019,SLV,70.0,0,1,1.0,0.0,0.16535433070866143,0.3966141737493004
"(('c', 'ruud', 'NOR'), ('l', 'harris', 'ZAF'))",Wimbledon_2019,ZAF,268.0,0,0,0.0,0.007874015748031496,0.3464566929133858,0.007874015748031496
"(('a', 'bublik', 'KAZ'), ('m', 'kukushkin', 'KAZ'))",Wimbledon_2019,KAZ,285.0,1,1,1.0,0.007874015748031496,0.007874015748031496,0.1106645664361518
"(('b', 'paire', 'FRA'), ('l', 'paes', 'IND'))",Wimbledon_2019,IND,73.0,0,0,0.0,0.031496062992125984,0.3464566929133858,0.031496062992125984
"(('f', 'lopez', 'ESP'), ('p', 'busta', 'ESP'))",Wimbledon_2019,ESP,150.0,1,1,1.0,0.03937007874015748,0.1732283464566929,0.3966141737493004
"(('c', 'garin', 'CHL'), ('n', 'jarry', 'CHL'))",Wimbledon_2019,CHL,422.0,1,1,1.0,0.007874015748031496,0.16535433070866143,0.3966141737493004
"(('m', 'daniell', 'NZL'), ('w', 'koolhof', 'NLD'))",Wimbledon_2019,NZL,49.0,0,0,0.5,0.015748031496062992,0.3464566929133858,0.4616535450154402
"(('p', 'cuevas', 'URY'), ('r', 'bopanna', 'IND'))",Wimbledon_2019,IND,47.0,0,0,0.0,0.031496062992125984,0.3464566929133858,0.031496062992125984
"(('a', 'minaur', 'AUS'), ('m', 'reid', 'AUS'))",Wimbledon_2019,AUS,357.0,1,1,1.0,0.06299212598425197,0.3464566929133858,0.4616535450154402
"(('a', 'molteni', 'ARG'), ('f', 'delbonis', 'ARG'))",Wimbledon_2019,ARG,120.0,1,1,1.0,0.05511811023622047,0.1732283464566929,0.3966141737493004
"(('d', 'sharan', 'IND'), ('m', 'demoliner', 'BRA'))",Wimbledon_2019,BRA,53.0,0,0,0.0,0.015748031496062992,0.023622047244094488,0.35864173311417497
"(('a', 'mies', 'DEU'), ('k', 'krawietz', 'DEU'))",Wimbledon_2019,DEU,23.0,1,1,1.0,0.031496062992125984,0.031496062992125984,0.36181102396934994
"(('f', 'polasek', 'SVK'), ('i', 'dodig', 'HRV'))",Wimbledon_2019,HRV,37.0,0,0,0.5,0.023622047244094488,0.06299212598425197,0.26858267716066103
"(('j', 'murray', 'GBR'), ('n', 'skupski', 'GBR'))",Wimbledon_2019,GBR,8.0,1,1,1.0,0.14173228346456693,0.3464566929133858,0.4616535450154402
"(('m', 'ebden', 'AUS'), ('v', 'pospisil', 'CAN'))",Wimbledon_2019,AUS,115.0,0,1,0.7749999761581421,0.06299212598425197,0.3464566929133858,0.4616535450154402
"(('d', 'lajovic', 'SRB'), ('f', 'krajinovic', 'SRB'))",Wimbledon_2019,SRB,220.0,1,1,1.0,0.023622047244094488,0.06299212598425197,0.26942913398498625
"(('j', 'vliegen', 'BEL'), ('s', 'gille', 'BEL'))",Wimbledon_2019,BEL,83.0,1,1,1.0,0.007874015748031496,0.13385826771653545,0.36054803218780535
"(('g', 'duran', 'ARG'), ('j', 'londero', 'ARG'))",Wimbledon_2019,ARG,74.0,1,1,1.0,0.05511811023622047,0.1732283464566929,0.3966141737493004
"(('a', 'qureshi', 'PAK'), ('s', 'gonzalez', 'MEX'))",Wimbledon_2019,MEX,50.0,0,0,0.25,0.007874015748031496,0.16535433070866143,0.3966141737493004
"(('j', 'tipsarevic', 'SRB'), ('l', 'djere', 'SRB'))",Wimbledon_2019,SRB,349.0,1,1,1.0,0.023622047244094488,0.06299212598425197,0.26942913398498625
"(('a', 'murray', 'GBR'), ('p', 'herbert', 'FRA'))",Wimbledon_2019,FRA,21.0,0,0,0.25,0.03937007874015748,0.07086614173228346,0.33295275709291144
"(('m', 'copil', 'ROU'), ('u', 'humbert', 'FRA'))",Wimbledon_2019,ROU,234.0,0,0,0.5,0.007874015748031496,0.015748031496062992,0.3088582686223383
"(('j', 'thompson', 'AUS'), ('l', 'hewitt', 'AUS'))",Wimbledon_2019,AUS,356.0,1,1,1.0,0.06299212598425197,0.3464566929133858,0.4616535450154402
"(('j', 'nedunchezhiyan', 'IND'), ('p', 'raja', 'IND'))",Wimbledon_2019,IND,79.0,1,1,1.0,0.031496062992125984,0.3464566929133858,0.031496062992125984
"(('p', 'oswald', 'AUT'), ('r', 'jebavy', 'CZE'))",Wimbledon_2019,CZE,51.0,0,0,0.25,0.0,0.0,0.2508661417275902
"(('g', 'pella', 'ARG'), ('h', 'dellien', 'BOL'))",Wimbledon_2019,BOL,207.0,0,1,0.5400000214576721,0.0,0.11023622047244094,0.21612756830324806
"(('r', 'lindstedt', 'SWE'), ('t', 'puetz', 'DEU'))",Wimbledon_2019,SWE,64.0,0,0,0.5,0.0,0.007874015748031496,0.32602362239454674
"(('l', 'saville', 'AUS'), ('m', 'purcell', 'AUS'))",Wimbledon_2019,AUS,89.0,1,1,1.0,0.06299212598425197,0.3464566929133858,0.4616535450154402
"(('f', 'martin', 'FRA'), ('h', 'nys', 'MCO'))",Wimbledon_2019,FRA,28.0,0,1,1.0,0.03937007874015748,0.07086614173228346,0.33295275709291144
"(('l', 'sonego', 'ITA'), ('r', 'baena', 'ESP'))",Wimbledon_2019,ESP,196.0,0,0,0.5,0.03937007874015748,0.1732283464566929,0.3966141737493004
"(('j', 'sousa', 'PRT'), ('l', 'mayer', 'ARG'))",Wimbledon_2019,ARG,81.0,0,0,0.75,0.05511811023622047,0.1732283464566929,0.3966141737493004
"(('d', 'evans', 'GBR'), ('l', 'glasspool', 'GBR'))",Wimbledon_2019,GBR,205.0,1,1,1.0,0.14173228346456693,0.3464566929133858,0.4616535450154402
"(('m', 'zverev', 'DEU'), ('n', 'monroe', 'USA'))",Wimbledon_2019,USA,104.0,0,0,0.4625000059604645,0.031496062992125984,0.3464566929133858,0.4577539553792458
"(('e', 'hoyt', 'GBR'), ('l', 'johnson', 'GBR'))",Wimbledon_2019,GBR,333.0,1,1,1.0,0.14173228346456693,0.3464566929133858,0.4616535450154402
"(('c', 'norrie', 'GBR'), ('j', 'munar', 'ESP'))",Wimbledon_2019,ESP,181.0,0,0,0.25,0.03937007874015748,0.1732283464566929,0.3966141737493004
"(('a', 'krajicek', 'USA'), ('d', 'inglot', 'GBR'))",Wimbledon_2019,GBR,33.0,0,1,0.8875000476837158,0.14173228346456693,0.3464566929133858,0.4616535450154402
"(('j', 'smith', 'AUS'), ('k', 'skupski', 'GBR'))",Wimbledon_2019,GBR,48.0,0,1,1.0,0.14173228346456693,0.3464566929133858,0.4616535450154402
"(('j', 'clarke', 'GBR'), ('j', 'ward', 'GBR'))",Wimbledon_2019,GBR,436.0,1,1,1.0,0.14173228346456693,0.3464566929133858,0.4616535450154402
"(('l', 'kubot', 'POL'), ('m', 'melo', 'BRA'))",Australian Open_2020,POL,5.0,0,0,0.25,0.007874015748031496,0.007874015748031496,0.2601968504077806
"(('d', 'schwartzman', 'ARG'), ('g', 'duran', 'ARG'))",Australian Open_2020,ARG,85.0,1,1,1.0,0.06299212598425197,0.16535433070866143,0.4036417333769986
"(('f', 'polasek', 'SVK'), ('i', 'dodig', 'HRV'))",Australian Open_2020,HRV,13.0,0,0,0.5,0.023622047244094488,0.05511811023622047,0.27594488190384364
"(('a', 'popyrin', 'AUS'), ('b', 'ellis', 'AUS'))",Australian Open_2020,AUS,229.0,1,1,1.0,0.12598425196850394,0.33070866141732286,0.47576772050594723
"(('n', 'mektic', 'HRV'), ('w', 'koolhof', 'NLD'))",Australian Open_2020,NLD,14.0,0,0,0.25,0.023622047244094488,0.03937007874015748,0.35816929197686864
"(('l', 'djere', 'SRB'), ('m', 'cecchinato', 'ITA'))",Australian Open_2020,ITA,457.0,0,0,0.25,0.023622047244094488,0.023622047244094488,0.3202165374746473
"(('h', 'zeballos', 'ARG'), ('m', 'granollers', 'ESP'))",Australian Open_2020,ESP,27.0,0,1,1.0,0.047244094488188976,0.16535433070866143,0.4036417333769986
"(('m', 'daniell', 'NZL'), ('p', 'oswald', 'AUT'))",Australian Open_2020,NZL,45.0,0,0,0.5,0.015748031496062992,0.33070866141732286,0.47576772050594723
"(('j', 'peers', 'AUS'), ('m', 'venus', 'NZL'))",Australian Open_2020,AUS,23.0,0,1,1.0,0.12598425196850394,0.33070866141732286,0.47576772050594723
"(('f', 'nielsen', 'DNK'), ('t', 'puetz', 'DEU'))",Australian Open_2020,DNK,47.0,0,0,0.5,0.0,0.0,0.3318700793784434
"(('h', 'tecau', 'ROU'), ('j', 'rojer', 'NLD'))",Australian Open_2020,NLD,20.0,0,0,0.25,0.023622047244094488,0.03937007874015748,0.35816929197686864
"(('a', 'qureshi', 'PAK'), ('d', 'inglot', 'GBR'))",Australian Open_2020,GBR,57.0,0,0,0.5,0.05511811023622047,0.33070866141732286,0.47576772050594723
"(('o', 'marach', 'AUT'), ('r', 'klaasen', 'ZAF'))",Australian Open_2020,ZAF,9.0,0,0,0.0,0.0,0.33070866141732286,0.0
"(('c', 'ruud', 'NOR'), ('m', 'kecmanovic', 'SRB'))",Australian Open_2020,SRB,188.0,0,0,0.25,0.023622047244094488,0.05511811023622047,0.27594488190384364
"(('b', 'soares', 'BRA'), ('m', 'pavic', 'HRV'))",Australian Open_2020,HRV,18.0,0,0,0.25,0.023622047244094488,0.05511811023622047,0.27594488190384364
"(('b', 'mclachlan', 'JPN'), ('l', 'bambridge', 'GBR'))",Australian Open_2020,GBR,43.0,0,0,0.0,0.05511811023622047,0.33070866141732286,0.47576772050594723
"(('j', 'salisbury', 'GBR'), ('r', 'ram', 'USA'))",Australian Open_2020,USA,22.0,0,1,0.8875000476837158,0.07874015748031496,0.33070866141732286,0.4798405684354737
"(('d', 'evans', 'GBR'), ('j', 'smith', 'AUS'))",Australian Open_2020,GBR,147.0,0,1,1.0,0.05511811023622047,0.33070866141732286,0.47576772050594723
"(('e', 'roger-vasselin', 'FRA'), ('j', 'melzer', 'AUT'))",Australian Open_2020,AUT,36.0,0,0,0.25,0.015748031496062992,0.031496062992125984,0.361751969142223
"(('r', 'berankis', 'LTU'), ('s', 'arends', 'NLD'))",Australian Open_2020,NLD,72.0,0,0,0.25,0.023622047244094488,0.03937007874015748,0.35816929197686864
"(('b', 'bryan', 'USA'), ('m', 'bryan', 'USA'))",Australian Open_2020,USA,28.0,1,1,1.0,0.07874015748031496,0.33070866141732286,0.4798405684354737
"(('r', 'bopanna', 'IND'), ('y', 'uchiyama', 'JPN'))",Australian Open_2020,IND,38.0,0,0,0.0,0.007874015748031496,0.33070866141732286,0.007874015748031496
"(('j', 'murray', 'GBR'), ('n', 'skupski', 'GBR'))",Australian Open_2020,GBR,25.0,1,1,1.0,0.05511811023622047,0.33070866141732286,0.47576772050594723
"(('h', 'hurkacz', 'POL'), ('v', 'pospisil', 'CAN'))",Australian Open_2020,POL,246.0,0,0,0.25,0.007874015748031496,0.007874015748031496,0.2601968504077806
"(('f', 'martin', 'FRA'), ('m', 'gonzalez', 'ARG'))",Australian Open_2020,ARG,33.0,0,0,0.5,0.06299212598425197,0.16535433070866143,0.4036417333769986
"(('d', 'lajovic', 'SRB'), ('n', 'cacic', 'SRB'))",Australian Open_2020,SRB,70.0,1,1,1.0,0.023622047244094488,0.05511811023622047,0.27594488190384364
"(('a', 'krajicek', 'USA'), ('f', 'skugor', 'HRV'))",Australian Open_2020,USA,42.0,0,0,0.25,0.07874015748031496,0.33070866141732286,0.4798405684354737
"(('i', 'zelenay', 'SVK'), ('r', 'jebavy', 'CZE'))",Australian Open_2020,CZE,63.0,0,0,0.75,0.0,0.0,0.2621653543447885
"(('j', ""o'mara"", 'GBR'), ('m', 'arevalo', 'SLV'))",Australian Open_2020,SLV,71.0,0,0,0.25,0.0,0.15748031496062992,0.4036417333769986
"(('h', 'dellien', 'BOL'), ('j', 'londero', 'ARG'))",Australian Open_2020,BOL,258.0,0,1,0.5400000214576721,0.0,0.12598425196850394,0.2199224505884441
"(('a', 'mannarino', 'FRA'), ('g', 'barrere', 'FRA'))",Australian Open_2020,FRA,220.0,1,1,1.0,0.06299212598425197,0.08661417322834646,0.3482480338192362
"(('f', 'tiafoe', 'USA'), ('u', 'humbert', 'FRA'))",Australian Open_2020,FRA,370.0,0,0,0.2875000238418579,0.06299212598425197,0.08661417322834646,0.3482480338192362
"(('b', 'paire', 'FRA'), ('s', 'bolelli', 'ITA'))",Australian Open_2020,ITA,86.0,0,0,0.5,0.023622047244094488,0.023622047244094488,0.3202165374746473
"(('n', 'mahut', 'FRA'), ('p', 'herbert', 'FRA'))",Australian Open_2020,FRA,6.0,1,1,1.0,0.06299212598425197,0.08661417322834646,0.3482480338192362
"(('a', 'bublik', 'KAZ'), ('m', 'kukushkin', 'KAZ'))",Australian Open_2020,KAZ,342.0,1,1,1.0,0.007874015748031496,0.015748031496062992,0.11645944853584596
"(('a', 'mies', 'DEU'), ('k', 'krawietz', 'DEU'))",Australian Open_2020,DEU,8.0,1,1,1.0,0.023622047244094488,0.023622047244094488,0.361751969142223
"(('j', 'cabal', 'COL'), ('j', 'munar', 'ESP'))",Australian Open_2020,COL,1.0,0,1,1.0,0.0,0.15748031496062992,0.4036417333769986
"(('t', 'fritz', 'USA'), ('t', 'paul', 'USA'))",Australian Open_2020,USA,121.0,1,1,1.0,0.07874015748031496,0.33070866141732286,0.4798405684354737
"(('g', 'pella', 'ARG'), ('p', 'cuevas', 'URY'))",Australian Open_2020,URY,120.0,0,1,1.0,0.007874015748031496,0.15748031496062992,0.4036417333769986
"(('j', 'chardy', 'FRA'), ('r', 'lindstedt', 'SWE'))",Australian Open_2020,FRA,30.0,0,0,0.25,0.06299212598425197,0.08661417322834646,0.3482480338192362
"(('f', 'delbonis', 'ARG'), ('l', 'mayer', 'ARG'))",Australian Open_2020,ARG,126.0,1,1,1.0,0.06299212598425197,0.16535433070866143,0.4036417333769986
"(('a', 'bedene', 'SVN'), ('a', 'behar', 'URY'))",Australian Open_2020,URY,81.0,0,0,0.25,0.007874015748031496,0.15748031496062992,0.4036417333769986
"(('j', 'duckworth', 'AUS'), ('m', 'polmans', 'AUS'))",Australian Open_2020,AUS,196.0,1,1,1.0,0.12598425196850394,0.33070866141732286,0.47576772050594723
"(('a', 'harris', 'AUS'), ('c', ""o'connell"", 'AUS'))",Australian Open_2020,AUS,269.0,1,1,1.0,0.12598425196850394,0.33070866141732286,0.47576772050594723
"(('j', 'vliegen', 'BEL'), ('s', 'gille', 'BEL'))",Australian Open_2020,BEL,44.0,1,1,1.0,0.007874015748031496,0.14173228346456693,0.36330000132908963
"(('f', 'lopez', 'ESP'), ('p', 'andujar', 'ESP'))",Australian Open_2020,ESP,85.0,1,1,1.0,0.047244094488188976,0.16535433070866143,0.4036417333769986
"(('k', 'skupski', 'GBR'), ('s', 'gonzalez', 'MEX'))",Australian Open_2020,MEX,48.0,0,0,0.25,0.0,0.15748031496062992,0.4036417333769986
"(('j', 'millman', 'AUS'), ('s', 'kwon', 'KOR'))",Australian Open_2020,KOR,275.0,0,0,0.0,0.015748031496062992,0.015748031496062992,0.015748031496062992
"(('c', 'guccione', 'AUS'), ('m', 'reid', 'AUS'))",Australian Open_2020,AUS,367.0,1,1,1.0,0.12598425196850394,0.33070866141732286,0.47576772050594723
"(('a', 'ramos-vinolas', 'ESP'), ('m', 'lopez', 'ESP'))",Australian Open_2020,ESP,190.0,1,1,1.0,0.047244094488188976,0.16535433070866143,0.4036417333769986
"(('s', 'johnson', 'USA'), ('s', 'querrey', 'USA'))",Australian Open_2020,USA,456.0,1,1,1.0,0.07874015748031496,0.33070866141732286,0.4798405684354737
"(('c', 'hsieh', 'TWN'), ('y', 'lu', 'TWN'))",Australian Open_2020,TWN,74.0,1,1,1.0,0.007874015748031496,0.007874015748031496,0.007874015748031496
"(('h', 'kontinen', 'FIN'), ('j', 'struff', 'DEU'))",Australian Open_2020,FIN,17.0,0,0,0.0,0.0,0.007874015748031496,0.0
"(('a', 'seppi', 'ITA'), ('l', 'sonego', 'ITA'))",Australian Open_2020,ITA,297.0,1,1,1.0,0.023622047244094488,0.023622047244094488,0.3202165374746473
"(('a', 'molteni', 'ARG'), ('h', 'nys', 'MCO'))",Australian Open_2020,ARG,56.0,0,0,0.5,0.06299212598425197,0.16535433070866143,0.4036417333769986
"(('a', 'bolt', 'AUS'), ('m', 'ebden', 'AUS'))",Australian Open_2020,AUS,281.0,1,1,1.0,0.12598425196850394,0.33070866141732286,0.47576772050594723
"(('j', 'nam', 'KOR'), ('m', 'song', 'KOR'))",Australian Open_2020,KOR,115.0,1,1,1.0,0.015748031496062992,0.015748031496062992,0.015748031496062992
"(('j', 'thompson', 'AUS'), ('l', 'hewitt', 'AUS'))",Australian Open_2020,AUS,454.0,1,1,1.0,0.12598425196850394,0.33070866141732286,0.47576772050594723
"(('l', 'saville', 'AUS'), ('m', 'purcell', 'AUS'))",Australian Open_2020,AUS,88.0,1,1,1.0,0.12598425196850394,0.33070866141732286,0.47576772050594723
"(('a', 'rublev', 'RUS'), ('a', 'vasilevski', 'BLR'))",Australian Open_2020,RUS,75.0,0,1,1.0,0.0,0.023622047244094488,0.2634251968363139
"(('j', 'withrow', 'USA'), ('t', 'sandgren', 'USA'))",Australian Open_2020,USA,255.0,1,1,1.0,0.07874015748031496,0.33070866141732286,0.4798405684354737
"(('m', 'demoliner', 'BRA'), ('m', 'middelkoop', 'NLD'))",Australian Open_2020,BRA,50.0,0,0,0.25,0.015748031496062992,0.023622047244094488,0.36586614341717066
"(('a', 'sitak', 'NZL'), ('d', 'sharan', 'IND'))",Australian Open_2020,NZL,62.0,0,1,0.0,0.015748031496062992,0.33070866141732286,0.47576772050594723
"(('j', 'sousa', 'PRT'), ('p', 'busta', 'ESP'))",Australian Open_2020,ESP,80.0,0,0,0.75,0.047244094488188976,0.16535433070866143,0.4036417333769986
"(('j', 'cabal', 'COL'), ('r', 'farah', 'COL'))",Roland Garros_2020,COL,2.0,1,1,1.0,0.007874015748031496,0.14960629921259844,0.4255708669724427
"(('c', 'denolly', 'FRA'), ('k', 'jacquet', 'FRA'))",Roland Garros_2020,FRA,286.0,1,1,1.0,0.15748031496062992,0.1889763779527559,0.42466535675713396
"(('h', 'zeballos', 'ARG'), ('m', 'granollers', 'ESP'))",Roland Garros_2020,ESP,7.0,0,1,1.0,0.023622047244094488,0.14960629921259844,0.4255708669724427
"(('s', 'johnson', 'USA'), ('s', 'querrey', 'USA'))",Roland Garros_2020,USA,125.0,1,1,1.0,0.07874015748031496,0.2755905511811024,0.45227560741225564
"(('j', 'salisbury', 'GBR'), ('r', 'ram', 'USA'))",Roland Garros_2020,USA,6.0,0,1,0.8875000476837158,0.07874015748031496,0.2755905511811024,0.45227560741225564
"(('g', 'barrere', 'FRA'), ('q', 'halys', 'FRA'))",Roland Garros_2020,FRA,192.0,1,1,1.0,0.15748031496062992,0.1889763779527559,0.42466535675713396
"(('l', 'kubot', 'POL'), ('m', 'melo', 'BRA'))",Roland Garros_2020,POL,8.0,0,0,0.25,0.007874015748031496,0.007874015748031496,0.25913385823955687
"(('a', 'cazaux', 'FRA'), ('h', 'mayot', 'FRA'))",Roland Garros_2020,FRA,442.0,1,1,1.0,0.15748031496062992,0.1889763779527559,0.42466535675713396
"(('f', 'polasek', 'SVK'), ('i', 'dodig', 'HRV'))",Roland Garros_2020,HRV,12.0,0,0,0.5,0.023622047244094488,0.047244094488188976,0.27291338579861196
"(('h', 'kontinen', 'FIN'), ('j', 'struff', 'DEU'))",Roland Garros_2020,FIN,33.0,0,0,0.0,0.0,0.007874015748031496,0.001968503937007874
"(('n', 'mahut', 'FRA'), ('p', 'herbert', 'FRA'))",Roland Garros_2020,FRA,24.0,1,1,1.0,0.15748031496062992,0.1889763779527559,0.42466535675713396
"(('l', 'saville', 'AUS'), ('m', 'purcell', 'AUS'))",Roland Garros_2020,AUS,40.0,1,1,1.0,0.05511811023622047,0.2755905511811024,0.43946850767755136
"(('b', 'soares', 'BRA'), ('m', 'pavic', 'HRV'))",Roland Garros_2020,HRV,11.0,0,0,0.25,0.023622047244094488,0.047244094488188976,0.27291338579861196
"(('m', 'daniell', 'NZL'), ('p', 'oswald', 'AUT'))",Roland Garros_2020,NZL,49.0,0,0,0.5,0.015748031496062992,0.2755905511811024,0.43946850767755136
"(('a', 'mies', 'DEU'), ('k', 'krawietz', 'DEU'))",Roland Garros_2020,DEU,16.0,1,1,1.0,0.023622047244094488,0.023622047244094488,0.35812992194975457
"(('a', 'bublik', 'KAZ'), ('m', 'kukushkin', 'KAZ'))",Roland Garros_2020,KAZ,105.0,1,1,1.0,0.007874015748031496,0.007874015748031496,0.11279527532068762
"(('n', 'mektic', 'HRV'), ('w', 'koolhof', 'NLD'))",Roland Garros_2020,NLD,15.0,0,0,0.25,0.023622047244094488,0.03937007874015748,0.3525787408473923
"(('b', 'mclachlan', 'JPN'), ('l', 'bambridge', 'GBR'))",Roland Garros_2020,GBR,55.0,0,0,0.0,0.06299212598425197,0.2755905511811024,0.43946850767755136
"(('j', 'peers', 'AUS'), ('m', 'venus', 'NZL'))",Roland Garros_2020,AUS,28.0,0,1,1.0,0.05511811023622047,0.2755905511811024,0.43946850767755136
"(('c', 'ruud', 'NOR'), ('m', 'kecmanovic', 'SRB'))",Roland Garros_2020,SRB,235.0,0,0,0.25,0.015748031496062992,0.047244094488188976,0.2709448818616041
"(('h', 'tecau', 'ROU'), ('j', 'rojer', 'NLD'))",Roland Garros_2020,NLD,22.0,0,0,0.25,0.023622047244094488,0.03937007874015748,0.3525787408473923
"(('c', 'garin', 'CHL'), ('p', 'martinez', 'ESP'))",Roland Garros_2020,CHL,268.0,0,1,1.0,0.0,0.14960629921259844,0.4255708669724427
"(('j', 'murray', 'GBR'), ('n', 'skupski', 'GBR'))",Roland Garros_2020,GBR,26.0,1,1,1.0,0.06299212598425197,0.2755905511811024,0.43946850767755136
"(('j', 'londero', 'ARG'), ('j', 'vesely', 'CZE'))",Roland Garros_2020,ARG,193.0,0,0,0.25,0.05511811023622047,0.14960629921259844,0.4255708669724427
"(('f', 'martin', 'FRA'), ('j', 'chardy', 'FRA'))",Roland Garros_2020,FRA,32.0,1,1,1.0,0.15748031496062992,0.1889763779527559,0.42466535675713396
"(('j', 'duckworth', 'AUS'), ('j', 'millman', 'AUS'))",Roland Garros_2020,AUS,197.0,1,1,1.0,0.05511811023622047,0.2755905511811024,0.43946850767755136
"(('e', 'roger-vasselin', 'FRA'), ('j', 'melzer', 'AUT'))",Roland Garros_2020,AUT,35.0,0,0,0.25,0.023622047244094488,0.03937007874015748,0.35812992194975457
"(('a', 'olivetti', 'FRA'), ('e', 'couacaud', 'FRA'))",Roland Garros_2020,FRA,209.0,1,1,1.0,0.15748031496062992,0.1889763779527559,0.42466535675713396
"(('a', 'krajicek', 'USA'), ('f', 'skugor', 'HRV'))",Roland Garros_2020,USA,39.0,0,0,0.25,0.07874015748031496,0.2755905511811024,0.45227560741225564
"(('d', 'sharan', 'IND'), ('s', 'kwon', 'KOR'))",Roland Garros_2020,KOR,325.0,0,0,0.0,0.0,0.0,0.0
"(('j', ""o'mara"", 'GBR'), ('m', 'arevalo', 'SLV'))",Roland Garros_2020,SLV,62.0,0,0,0.25,0.0,0.14960629921259844,0.4255708669724427
"(('a', 'ramos-vinolas', 'ESP'), ('g', 'mager', 'ITA'))",Roland Garros_2020,ITA,1156.0,0,0,0.5,0.023622047244094488,0.023622047244094488,0.3482086632805546
"(('a', 'bedene', 'SVN'), ('d', 'novak', 'AUT'))",Roland Garros_2020,SVN,738.0,0,0,0.25,0.0,0.0,0.26110236217656474
"(('r', 'berankis', 'LTU'), ('y', 'nishioka', 'JPN'))",Roland Garros_2020,LTU,310.0,0,0,0.0,0.0,0.0,0.22996062990718
"(('m', 'gonzalez', 'ARG'), ('s', 'bolelli', 'ITA'))",Roland Garros_2020,ITA,73.0,0,0,0.5,0.023622047244094488,0.023622047244094488,0.3482086632805546
"(('k', 'skupski', 'GBR'), ('s', 'gonzalez', 'MEX'))",Roland Garros_2020,MEX,45.0,0,0,0.25,0.0,0.14960629921259844,0.4255708669724427
"(('a', 'hoang', 'FRA'), ('b', 'bonzi', 'FRA'))",Roland Garros_2020,FRA,168.0,1,1,1.0,0.15748031496062992,0.1889763779527559,0.42466535675713396
"(('o', 'marach', 'AUT'), ('r', 'klaasen', 'ZAF'))",Roland Garros_2020,ZAF,14.0,0,0,0.0,0.0,0.2755905511811024,0.0
"(('d', 'schwartzman', 'ARG'), ('f', 'coria', 'ARG'))",Roland Garros_2020,ARG,613.0,1,1,1.0,0.05511811023622047,0.14960629921259844,0.4255708669724427
"(('a', 'sitak', 'NZL'), ('i', 'zelenay', 'SVK'))",Roland Garros_2020,NZL,75.0,0,0,0.25,0.015748031496062992,0.2755905511811024,0.43946850767755136
"(('f', 'lopez', 'ESP'), ('p', 'cuevas', 'URY'))",Roland Garros_2020,URY,114.0,0,1,1.0,0.007874015748031496,0.14960629921259844,0.4255708669724427
"(('h', 'gaston', 'FRA'), ('u', 'humbert', 'FRA'))",Roland Garros_2020,FRA,318.0,1,1,1.0,0.15748031496062992,0.1889763779527559,0.42466535675713396
"(('a', 'minaur', 'AUS'), ('m', 'reid', 'AUS'))",Roland Garros_2020,AUS,61.0,1,1,1.0,0.05511811023622047,0.2755905511811024,0.43946850767755136
"(('d', 'lajovic', 'SRB'), ('n', 'cacic', 'SRB'))",Roland Garros_2020,SRB,54.0,1,1,1.0,0.015748031496062992,0.047244094488188976,0.2709448818616041
"(('d', 'evans', 'GBR'), ('h', 'hurkacz', 'POL'))",Roland Garros_2020,GBR,140.0,0,0,0.25,0.06299212598425197,0.2755905511811024,0.43946850767755136
"(('m', 'demoliner', 'BRA'), ('m', 'middelkoop', 'NLD'))",Roland Garros_2020,BRA,48.0,0,0,0.25,0.015748031496062992,0.023622047244094488,0.3908267730005144
"(('c', 'norrie', 'GBR'), ('m', 'fucsovics', 'HUN'))",Roland Garros_2020,HUN,358.0,0,0,0.0,0.0,0.0,0.001968503937007874
"(('m', 'mcdonald', 'USA'), ('t', 'sandgren', 'USA'))",Roland Garros_2020,USA,211.0,1,1,1.0,0.07874015748031496,0.2755905511811024,0.45227560741225564
"(('a', 'rinderknech', 'FRA'), ('m', 'guinard', 'FRA'))",Roland Garros_2020,FRA,196.0,1,1,1.0,0.15748031496062992,0.1889763779527559,0.42466535675713396
"(('a', 'qureshi', 'PAK'), ('d', 'inglot', 'GBR'))",Roland Garros_2020,GBR,53.0,0,0,0.5,0.06299212598425197,0.2755905511811024,0.43946850767755136
"(('j', 'thompson', 'AUS'), ('r', 'lindstedt', 'SWE'))",Roland Garros_2020,SWE,86.0,0,0,0.5,0.0,0.007874015748031496,0.3243110243119593
"(('j', 'sousa', 'PRT'), ('r', 'haase', 'NLD'))",Roland Garros_2020,NLD,34.0,0,0,0.25,0.023622047244094488,0.03937007874015748,0.3525787408473923
"(('a', 'mannarino', 'FRA'), ('b', 'paire', 'FRA'))",Roland Garros_2020,FRA,214.0,1,1,1.0,0.15748031496062992,0.1889763779527559,0.42466535675713396
"(('f', 'tiafoe', 'USA'), ('j', 'withrow', 'USA'))",Roland Garros_2020,USA,548.0,1,1,1.0,0.07874015748031496,0.2755905511811024,0.45227560741225564
"(('g', 'pella', 'ARG'), ('l', 'mayer', 'ARG'))",Roland Garros_2020,ARG,103.0,1,1,1.0,0.05511811023622047,0.14960629921259844,0.4255708669724427
"(('n', 'basilashvili', 'GEO'), ('r', 'albot', 'MDA'))",Roland Garros_2020,MDA,142.0,0,0,0.0,0.0,0.007874015748031496,0.3403346475325231
"(('a', 'molteni', 'ARG'), ('h', 'nys', 'MCO'))",Roland Garros_2020,ARG,64.0,0,0,0.5,0.05511811023622047,0.14960629921259844,0.4255708669724427
"(('j', 'vliegen', 'BEL'), ('s', 'gille', 'BEL'))",Roland Garros_2020,BEL,41.0,1,1,1.0,0.007874015748031496,0.25196850393700787,0.39133267856723675
"(('n', 'monroe', 'USA'), ('t', 'paul', 'USA'))",Roland Garros_2020,USA,87.0,1,1,1.0,0.07874015748031496,0.2755905511811024,0.45227560741225564
"(('a', 'behar', 'URY'), ('g', 'escobar', 'ECU'))",Roland Garros_2020,URY,66.0,0,1,1.0,0.007874015748031496,0.14960629921259844,0.4255708669724427
"(('f', 'nielsen', 'DNK'), ('t', 'puetz', 'DEU'))",Roland Garros_2020,DNK,59.0,0,0,0.5,0.0,0.0,0.3243110243119593
"(('l', 'sonego', 'ITA'), ('s', 'travaglia', 'ITA'))",Roland Garros_2020,ITA,237.0,1,1,1.0,0.023622047244094488,0.023622047244094488,0.3482086632805546
"(('j', 'sock', 'USA'), ('v', 'pospisil', 'CAN'))",Roland Garros_2020,CAN,206.0,0,1,0.7075000405311584,0.007874015748031496,0.4566929133858268,0.44412204987890136
"(('d', 'shapovalov', 'CAN'), ('r', 'bopanna', 'IND'))",Roland Garros_2020,IND,37.0,0,1,0.0,0.007874015748031496,0.2755905511811024,0.007874015748031496
"(('j', 'cabal', 'COL'), ('r', 'farah', 'COL'))",US Open_2020,COL,2.0,1,1,1.0,0.015873015873015872,0.1111111111111111,0.3891666685588776
"(('e', 'roger-vasselin', 'FRA'), ('j', 'melzer', 'AUT'))",US Open_2020,AUT,34.0,0,0,0.25,0.031746031746031744,0.06349206349206349,0.4143253980553339
"(('j', 'salisbury', 'GBR'), ('r', 'ram', 'USA'))",US Open_2020,USA,6.0,0,1,0.8875000476837158,0.15873015873015872,0.4126984126984127,0.5381190632543866
"(('a', 'krajicek', 'USA'), ('f', 'skugor', 'HRV'))",US Open_2020,USA,39.0,0,0,0.25,0.15873015873015872,0.4126984126984127,0.5381190632543866
"(('a', 'mies', 'DEU'), ('k', 'krawietz', 'DEU'))",US Open_2020,DEU,13.0,1,1,1.0,0.031746031746031744,0.031746031746031744,0.4143253980553339
"(('l', 'saville', 'AUS'), ('m', 'purcell', 'AUS'))",US Open_2020,AUS,40.0,1,1,1.0,0.031746031746031744,0.4126984126984127,0.5290873095345876
"(('n', 'mektic', 'HRV'), ('w', 'koolhof', 'NLD'))",US Open_2020,NLD,16.0,0,0,0.25,0.031746031746031744,0.06349206349206349,0.40710317583311173
"(('d', 'sharan', 'IND'), ('n', 'cacic', 'SRB'))",US Open_2020,SRB,55.0,0,0,0.0,0.0,0.06349206349206349,0.27380952380952384
"(('m', 'gonzalez', 'ARG'), ('s', 'bolelli', 'ITA'))",US Open_2020,ITA,74.0,0,0,0.5,0.0,0.0,0.3086111150847541
"(('k', 'skupski', 'GBR'), ('s', 'gonzalez', 'MEX'))",US Open_2020,MEX,42.0,0,0,0.25,0.015873015873015872,0.1111111111111111,0.3891666685588776
"(('d', 'shapovalov', 'CAN'), ('r', 'bopanna', 'IND'))",US Open_2020,IND,37.0,0,1,0.0,0.015873015873015872,0.4126984126984127,0.015873015873015872
"(('e', 'escobedo', 'MEX'), ('n', 'rubin', 'USA'))",US Open_2020,MEX,296.0,0,0,0.3625000119209289,0.015873015873015872,0.1111111111111111,0.3891666685588776
"(('m', 'daniell', 'NZL'), ('p', 'oswald', 'AUT'))",US Open_2020,NZL,50.0,0,0,0.5,0.015873015873015872,0.4126984126984127,0.5290873095345876
"(('o', 'marach', 'AUT'), ('r', 'klaasen', 'ZAF'))",US Open_2020,ZAF,12.0,0,0,0.0,0.0,0.4126984126984127,0.0
"(('m', 'demoliner', 'BRA'), ('m', 'middelkoop', 'NLD'))",US Open_2020,BRA,49.0,0,0,0.25,0.031746031746031744,0.031746031746031744,0.3627777807107047
"(('j', 'struff', 'DEU'), ('n', 'mahut', 'FRA'))",US Open_2020,FRA,3.0,0,0,0.25,0.047619047619047616,0.09523809523809523,0.34130952835083006
"(('c', 'eubanks', 'USA'), ('m', 'mcdonald', 'USA'))",US Open_2020,USA,258.0,1,1,1.0,0.15873015873015872,0.4126984126984127,0.5381190632543866
"(('b', 'mclachlan', 'JPN'), ('l', 'bambridge', 'GBR'))",US Open_2020,GBR,53.0,0,0,0.0,0.09523809523809523,0.4126984126984127,0.5290873095345876
"(('j', 'vliegen', 'BEL'), ('s', 'gille', 'BEL'))",US Open_2020,BEL,44.0,1,1,1.0,0.015873015873015872,0.19047619047619047,0.3916468279844237
"(('l', 'kubot', 'POL'), ('m', 'melo', 'BRA'))",US Open_2020,POL,7.0,0,0,0.25,0.0,0.0,0.25793650793650796
"(('c', 'harrison', 'USA'), ('r', 'harrison', 'USA'))",US Open_2020,USA,328.0,1,1,1.0,0.15873015873015872,0.4126984126984127,0.5381190632543866
"(('f', 'martin', 'FRA'), ('j', 'chardy', 'FRA'))",US Open_2020,FRA,35.0,1,1,1.0,0.047619047619047616,0.09523809523809523,0.34130952835083006
"(('j', 'murray', 'GBR'), ('n', 'skupski', 'GBR'))",US Open_2020,GBR,24.0,1,1,1.0,0.09523809523809523,0.4126984126984127,0.5290873095345876
"(('f', 'polasek', 'SVK'), ('i', 'dodig', 'HRV'))",US Open_2020,HRV,10.0,0,0,0.5,0.047619047619047616,0.06349206349206349,0.2857142857142857
"(('b', 'soares', 'BRA'), ('m', 'pavic', 'HRV'))",US Open_2020,HRV,17.0,0,0,0.25,0.047619047619047616,0.06349206349206349,0.2857142857142857
"(('h', 'zeballos', 'ARG'), ('m', 'granollers', 'ESP'))",US Open_2020,ESP,15.0,0,1,1.0,0.0,0.1111111111111111,0.3891666685588776
"(('j', 'peers', 'AUS'), ('m', 'venus', 'NZL'))",US Open_2020,AUS,31.0,0,1,1.0,0.031746031746031744,0.4126984126984127,0.5290873095345876
"(('n', 'lammons', 'USA'), ('n', 'monroe', 'USA'))",US Open_2020,USA,110.0,1,1,1.0,0.15873015873015872,0.4126984126984127,0.5381190632543866
"(('h', 'tecau', 'ROU'), ('j', 'rojer', 'NLD'))",US Open_2020,NLD,21.0,0,0,0.25,0.031746031746031744,0.06349206349206349,0.40710317583311173
"(('j', ""o'mara"", 'GBR'), ('m', 'arevalo', 'SLV'))",US Open_2020,SLV,60.0,0,0,0.25,0.0,0.1111111111111111,0.3891666685588776
"(('j', 'sock', 'USA'), ('j', 'withrow', 'USA'))",US Open_2020,USA,128.0,1,1,1.0,0.15873015873015872,0.4126984126984127,0.5381190632543866
"(('a', 'qureshi', 'PAK'), ('d', 'inglot', 'GBR'))",US Open_2020,GBR,54.0,0,0,0.5,0.09523809523809523,0.4126984126984127,0.5290873095345876
"(('j', 'cabal', 'COL'), ('r', 'farah', 'COL'))",Australian Open_2021,COL,2.0,1,1,1.0,0.007874015748031496,0.15748031496062992,0.40462598470017663
"(('a', 'begemann', 'DEU'), ('n', 'basilashvili', 'GEO'))",Australian Open_2021,DEU,93.0,0,0,0.0,0.023622047244094488,0.023622047244094488,0.35529527622649054
"(('m', 'pavic', 'HRV'), ('n', 'mektic', 'HRV'))",Australian Open_2021,HRV,6.0,1,1,1.0,0.015748031496062992,0.06299212598425197,0.2745275590128786
"(('s', 'querrey', 'USA'), ('y', 'lu', 'TWN'))",Australian Open_2021,TWN,542.0,0,0,0.0,0.0,0.0,0.0
"(('l', 'kubot', 'POL'), ('w', 'koolhof', 'NLD'))",Australian Open_2021,POL,9.0,0,0,0.25,0.007874015748031496,0.007874015748031496,0.2587795275168156
"(('a', 'behar', 'URY'), ('g', 'escobar', 'ECU'))",Australian Open_2021,URY,56.0,0,1,1.0,0.007874015748031496,0.15748031496062992,0.40462598470017663
"(('j', 'salisbury', 'GBR'), ('r', 'ram', 'USA'))",Australian Open_2021,USA,15.0,0,1,0.8875000476837158,0.05511811023622047,0.30708661417322836,0.457767734142739
"(('a', 'sitak', 'NZL'), ('j', ""o'mara"", 'GBR'))",Australian Open_2021,GBR,59.0,0,1,1.0,0.06299212598425197,0.30708661417322836,0.45494094730127516
"(('b', 'soares', 'BRA'), ('j', 'murray', 'GBR'))",Australian Open_2021,GBR,22.0,0,0,0.25,0.06299212598425197,0.30708661417322836,0.45494094730127516
"(('c', 'norrie', 'GBR'), ('m', 'giron', 'USA'))",Australian Open_2021,USA,631.0,0,1,0.8875000476837158,0.05511811023622047,0.30708661417322836,0.457767734142739
"(('h', 'tecau', 'ROU'), ('m', 'melo', 'BRA'))",Australian Open_2021,BRA,9.0,0,0,0.5,0.023622047244094488,0.023622047244094488,0.36879921342209565
"(('d', 'lajovic', 'SRB'), ('f', 'krajinovic', 'SRB'))",Australian Open_2021,SRB,377.0,1,1,1.0,0.031496062992125984,0.06299212598425197,0.2793110237112196
"(('n', 'mahut', 'FRA'), ('p', 'herbert', 'FRA'))",Australian Open_2021,FRA,25.0,1,1,1.0,0.05511811023622047,0.09448818897637795,0.35549212802817504
"(('g', 'mager', 'ITA'), ('y', 'nishioka', 'JPN'))",Australian Open_2021,ITA,1213.0,0,0,0.0,0.03937007874015748,0.03937007874015748,0.33297244214401467
"(('f', 'polasek', 'SVK'), ('i', 'dodig', 'HRV'))",Australian Open_2021,HRV,16.0,0,0,0.5,0.015748031496062992,0.06299212598425197,0.2745275590128786
"(('m', 'lopez', 'ESP'), ('p', 'busta', 'ESP'))",Australian Open_2021,ESP,54.0,1,1,1.0,0.047244094488188976,0.15748031496062992,0.40462598470017663
"(('j', 'peers', 'AUS'), ('m', 'venus', 'NZL'))",Australian Open_2021,AUS,28.0,0,1,1.0,0.10236220472440945,0.30708661417322836,0.45494094730127516
"(('a', 'minaur', 'AUS'), ('m', 'reid', 'AUS'))",Australian Open_2021,AUS,61.0,1,1,1.0,0.10236220472440945,0.30708661417322836,0.45494094730127516
"(('l', 'saville', 'AUS'), ('m', 'purcell', 'AUS'))",Australian Open_2021,AUS,40.0,1,1,1.0,0.10236220472440945,0.30708661417322836,0.45494094730127516
"(('a', 'ramos-vinolas', 'ESP'), ('g', 'duran', 'ARG'))",Australian Open_2021,ARG,94.0,0,1,1.0,0.047244094488188976,0.15748031496062992,0.40462598470017663
"(('k', 'skupski', 'GBR'), ('n', 'skupski', 'GBR'))",Australian Open_2021,GBR,58.0,1,1,1.0,0.06299212598425197,0.30708661417322836,0.45494094730127516
"(('f', 'auger-aliassime', 'CAN'), ('h', 'hurkacz', 'POL'))",Australian Open_2021,CAN,77.0,0,0,0.25,0.015748031496062992,0.3858267716535433,0.44081495826403927
"(('d', 'evans', 'GBR'), ('r', 'albot', 'MDA'))",Australian Open_2021,MDA,128.0,0,0,0.25,0.0,0.007874015748031496,0.3172244106479517
"(('a', 'molteni', 'ARG'), ('h', 'nys', 'MCO'))",Australian Open_2021,ARG,66.0,0,0,0.5,0.047244094488188976,0.15748031496062992,0.40462598470017663
"(('m', 'arevalo', 'SLV'), ('m', 'middelkoop', 'NLD'))",Australian Open_2021,SLV,52.0,0,0,0.25,0.0,0.15748031496062992,0.40462598470017663
"(('m', 'demoliner', 'BRA'), ('s', 'gonzalez', 'MEX'))",Australian Open_2021,BRA,44.0,0,0,0.75,0.023622047244094488,0.023622047244094488,0.36879921342209565
"(('d', 'inglot', 'GBR'), ('l', 'bambridge', 'GBR'))",Australian Open_2021,GBR,64.0,1,1,1.0,0.06299212598425197,0.30708661417322836,0.45494094730127516
"(('a', 'bedene', 'SVN'), ('j', 'vesely', 'CZE'))",Australian Open_2021,SVN,386.0,0,0,0.75,0.0,0.0,0.26074803145382347
"(('m', 'kukushkin', 'KAZ'), ('r', 'berankis', 'LTU'))",Australian Open_2021,LTU,331.0,0,0,0.1024999991059303,0.0,0.0,0.2248622047032897
"(('e', 'roger-vasselin', 'FRA'), ('h', 'kontinen', 'FIN'))",Australian Open_2021,FIN,32.0,0,0,0.0,0.007874015748031496,0.007874015748031496,0.007874015748031496
"(('m', 'gonzalez', 'ARG'), ('s', 'bolelli', 'ITA'))",Australian Open_2021,ITA,69.0,0,0,0.5,0.03937007874015748,0.03937007874015748,0.33297244214401467
"(('f', 'martin', 'FRA'), ('j', 'chardy', 'FRA'))",Australian Open_2021,FRA,31.0,1,1,1.0,0.05511811023622047,0.09448818897637795,0.35549212802817504
"(('a', 'qureshi', 'PAK'), ('t', 'brkic', 'BIH'))",Australian Open_2021,BIH,80.0,0,0,0.25,0.0,0.06299212598425197,0.27482283526048884
"(('p', 'andujar', 'ESP'), ('p', 'martinez', 'ESP'))",Australian Open_2021,ESP,445.0,1,1,1.0,0.047244094488188976,0.15748031496062992,0.40462598470017663
"(('a', 'bublik', 'KAZ'), ('a', 'golubev', 'KAZ'))",Australian Open_2021,KAZ,90.0,1,1,1.0,0.015748031496062992,0.015748031496062992,0.11986220428558783
"(('e', 'ruusuvuori', 'FIN'), ('s', 'caruso', 'ITA'))",Australian Open_2021,ITA,177.0,0,0,0.0,0.03937007874015748,0.03937007874015748,0.33297244214401467
"(('m', 'daniell', 'NZL'), ('p', 'oswald', 'AUT'))",Australian Open_2021,NZL,45.0,0,0,0.5,0.015748031496062992,0.30708661417322836,0.45494094730127516
"(('a', 'mannarino', 'FRA'), ('g', 'simon', 'FRA'))",Australian Open_2021,FRA,190.0,1,1,1.0,0.05511811023622047,0.09448818897637795,0.35549212802817504
"(('l', 'djere', 'SRB'), ('s', 'travaglia', 'ITA'))",Australian Open_2021,SRB,349.0,0,0,0.25,0.031496062992125984,0.06299212598425197,0.2793110237112196
"(('a', 'harris', 'AUS'), ('a', 'popyrin', 'AUS'))",Australian Open_2021,AUS,264.0,1,1,1.0,0.10236220472440945,0.30708661417322836,0.45494094730127516
"(('j', 'duckworth', 'AUS'), ('m', 'polmans', 'AUS'))",Australian Open_2021,AUS,211.0,1,1,1.0,0.10236220472440945,0.30708661417322836,0.45494094730127516
"(('f', 'nielsen', 'DNK'), ('n', 'cacic', 'SRB'))",Australian Open_2021,SRB,57.0,0,0,0.25,0.031496062992125984,0.06299212598425197,0.2793110237112196
"(('j', 'smith', 'AUS'), ('m', 'ebden', 'AUS'))",Australian Open_2021,AUS,109.0,1,1,1.0,0.10236220472440945,0.30708661417322836,0.45494094730127516
"(('g', 'pella', 'ARG'), ('p', 'cuevas', 'URY'))",Australian Open_2021,URY,118.0,0,1,1.0,0.007874015748031496,0.15748031496062992,0.40462598470017663
"(('k', 'krawietz', 'DEU'), ('y', 'hanfmann', 'DEU'))",Australian Open_2021,DEU,895.0,1,1,1.0,0.023622047244094488,0.023622047244094488,0.35529527622649054
"(('d', 'sharan', 'IND'), ('i', 'zelenay', 'SVK'))",Australian Open_2021,IND,65.0,0,0,0.0,0.007874015748031496,0.30708661417322836,0.007874015748031496
"(('c', 'ruud', 'NOR'), ('m', 'kecmanovic', 'SRB'))",Australian Open_2021,SRB,254.0,0,0,0.25,0.031496062992125984,0.06299212598425197,0.2793110237112196
"(('o', 'marach', 'AUT'), ('r', 'haase', 'NLD'))",Australian Open_2021,NLD,35.0,0,0,0.75,0.015748031496062992,0.031496062992125984,0.3477755911871204
"(('d', 'koepfer', 'DEU'), ('t', 'sandgren', 'USA'))",Australian Open_2021,DEU,421.0,0,0,0.4625000059604645,0.023622047244094488,0.023622047244094488,0.35529527622649054
"(('j', 'vliegen', 'BEL'), ('s', 'gille', 'BEL'))",Australian Open_2021,BEL,39.0,1,1,1.0,0.007874015748031496,0.14960629921259844,0.3636220484573071
"(('n', 'kyrgios', 'AUS'), ('t', 'kokkinakis', 'AUS'))",Australian Open_2021,AUS,1020.0,1,1,1.0,0.10236220472440945,0.30708661417322836,0.45494094730127516
"(('j', 'knowle', 'AUT'), ('l', 'harris', 'ZAF'))",Australian Open_2021,ZAF,1177.0,0,0,0.0,0.0,0.30708661417322836,0.0
"(('m', 'mcdonald', 'USA'), ('t', 'paul', 'USA'))",Australian Open_2021,USA,197.0,1,1,1.0,0.05511811023622047,0.30708661417322836,0.457767734142739
"(('p', 'tsitsipas', 'GRC'), ('s', 'tsitsipas', 'GRC'))",Australian Open_2021,GRC,99.0,1,1,1.0,0.007874015748031496,0.007874015748031496,0.23076771651431333
"(('j', 'millman', 'AUS'), ('t', 'monteiro', 'BRA'))",Australian Open_2021,AUS,786.0,0,0,0.25,0.10236220472440945,0.30708661417322836,0.45494094730127516
"(('d', 'schwartzman', 'ARG'), ('f', 'coria', 'ARG'))",Australian Open_2021,ARG,358.0,1,1,1.0,0.047244094488188976,0.15748031496062992,0.40462598470017663
"(('f', 'tiafoe', 'USA'), ('n', 'monroe', 'USA'))",Australian Open_2021,USA,74.0,1,1,1.0,0.05511811023622047,0.30708661417322836,0.457767734142739
"(('h', 'zeballos', 'ARG'), ('m', 'granollers', 'ESP'))",Australian Open_2021,ESP,11.0,0,1,1.0,0.047244094488188976,0.15748031496062992,0.40462598470017663
"(('j', 'nam', 'KOR'), ('m', 'song', 'KOR'))",Australian Open_2021,KOR,119.0,1,1,1.0,0.007874015748031496,0.007874015748031496,0.007874015748031496
"(('b', 'mclachlan', 'JPN'), ('r', 'bopanna', 'IND'))",Australian Open_2021,IND,38.0,0,0,0.0,0.007874015748031496,0.30708661417322836,0.007874015748031496
"(('d', 'shapovalov', 'CAN'), ('v', 'pospisil', 'CAN'))",Australian Open_2021,CAN,194.0,1,1,1.0,0.015748031496062992,0.3858267716535433,0.44081495826403927
"(('a', 'martin', 'ESP'), ('s', 'weissborn', 'AUT'))",Australian Open_2021,ESP,409.0,0,0,0.25,0.047244094488188976,0.15748031496062992,0.40462598470017663
"(('a', 'vavassori', 'ITA'), ('l', 'sonego', 'ITA'))",Australian Open_2021,ITA,232.0,1,1,1.0,0.03937007874015748,0.03937007874015748,0.33297244214401467
"(('b', 'paire', 'FRA'), ('r', 'arneodo', 'MCO'))",Australian Open_2021,MCO,101.0,0,1,1.0,0.007874015748031496,0.007874015748031496,0.374862206205139
"(('p', 'andújar', 'ESP'), ('p', 'martínez', 'ESP'))",Roland Garros_2021,ESP,452.0,1,1,1.0,0.03937007874015748,0.14960629921259844,0.4167716545523621
"(('g', 'pella', 'ARG'), ('p', 'cuevas', 'URY'))",Roland Garros_2021,URY,129.0,0,1,1.0,0.007874015748031496,0.14960629921259844,0.4167716545523621
"(('a', 'cazaux', 'FRA'), ('h', 'gaston', 'FRA'))",Roland Garros_2021,FRA,1002.0,1,1,1.0,0.14960629921259844,0.16535433070866143,0.4154724429864583
"(('s', 'johnson', 'USA'), ('s', 'querrey', 'USA'))",Roland Garros_2021,USA,145.0,1,1,1.0,0.07874015748031496,0.2677165354330709,0.4357795434908604
"(('a', 'krajicek', 'USA'), ('t', 'sandgren', 'USA'))",Roland Garros_2021,USA,43.0,1,1,1.0,0.07874015748031496,0.2677165354330709,0.4357795434908604
"(('c', 'ruud', 'NOR'), ('m', 'kecmanović', 'SRB'))",Roland Garros_2021,SRB,179.0,0,0,0.25,0.023622047244094488,0.047244094488188976,0.2663976378797546
"(('j', 'vliegen', 'BEL'), ('s', 'gillé', 'BEL'))",Roland Garros_2021,BEL,32.0,1,1,1.0,0.007874015748031496,0.23622047244094488,0.3895728357734642
"(('a', 'vavassori', 'ITA'), ('l', 'sonego', 'ITA'))",Roland Garros_2021,ITA,152.0,1,1,1.0,0.03937007874015748,0.03937007874015748,0.34925197054551343
"(('m', 'arévalo', 'SLV'), ('m', 'middelkoop', 'NLD'))",Roland Garros_2021,SLV,44.0,0,0,0.25,0.0,0.14960629921259844,0.4167716545523621
"(('h', 'kontinen', 'FIN'), ('é', 'roger-vasselin', 'FRA'))",Roland Garros_2021,FIN,31.0,0,0,0.0,0.007874015748031496,0.007874015748031496,0.00984251968503937
"(('a', 'minaur', 'AUS'), ('m', 'reid', 'AUS'))",Roland Garros_2021,AUS,64.0,1,1,1.0,0.06299212598425197,0.2677165354330709,0.4216141773349657
"(('d', 'sharan', 'IND'), ('f', 'delbonis', 'ARG'))",Roland Garros_2021,ARG,147.0,0,0,0.0,0.047244094488188976,0.14960629921259844,0.4167716545523621
"(('f', 'škugor', 'HRV'), ('r', 'bopanna', 'IND'))",Roland Garros_2021,IND,40.0,0,0,0.0,0.007874015748031496,0.2677165354330709,0.007874015748031496
"(('a', 'begemann', 'DEU'), ('n', 'basilashvili', 'GEO'))",Roland Garros_2021,GEO,350.0,0,0,0.0,0.0,0.0,0.0
"(('f', 'tiafoe', 'USA'), ('n', 'monroe', 'USA'))",Roland Garros_2021,USA,76.0,1,1,1.0,0.07874015748031496,0.2677165354330709,0.4357795434908604
"(('m', 'melo', 'BRA'), ('ł', 'kubot', 'POL'))",Roland Garros_2021,POL,17.0,0,0,0.25,0.015748031496062992,0.015748031496062992,0.25570866137039006
"(('j', 'salisbury', 'GBR'), ('r', 'ram', 'USA'))",Roland Garros_2021,USA,8.0,0,1,0.8875000476837158,0.07874015748031496,0.2677165354330709,0.4357795434908604
"(('a', 'fokina', 'ESP'), ('s', 'caruso', 'ITA'))",Roland Garros_2021,ITA,188.0,0,0,0.5,0.03937007874015748,0.03937007874015748,0.34925197054551343
"(('h', 'nys', 'MCO'), ('t', 'pütz', 'DEU'))",Roland Garros_2021,MCO,53.0,0,0,0.25,0.007874015748031496,0.007874015748031496,0.4224409469234662
"(('a', 'mannarino', 'FRA'), ('q', 'halys', 'FRA'))",Roland Garros_2021,FRA,177.0,1,1,1.0,0.14960629921259844,0.16535433070866143,0.4154724429864583
"(('b', 'paire', 'FRA'), ('r', 'arneodo', 'MCO'))",Roland Garros_2021,MCO,102.0,0,1,1.0,0.007874015748031496,0.007874015748031496,0.4224409469234662
"(('j', 'melzer', 'AUT'), ('m', 'lópez', 'ESP'))",Roland Garros_2021,ESP,363.0,0,0,0.25,0.03937007874015748,0.14960629921259844,0.4167716545523621
"(('m', 'daniell', 'NZL'), ('p', 'oswald', 'AUT'))",Roland Garros_2021,NZL,41.0,0,0,0.5,0.007874015748031496,0.2677165354330709,0.4216141773349657
"(('m', 'fucsovics', 'HUN'), ('s', 'travaglia', 'ITA'))",Roland Garros_2021,HUN,374.0,0,0,0.0,0.0,0.0,0.003937007874015748
"(('j', 'rojer', 'NLD'), ('w', 'koolhof', 'NLD'))",Roland Garros_2021,NLD,13.0,1,1,1.0,0.031496062992125984,0.047244094488188976,0.35007874065027467
"(('d', 'lajović', 'SRB'), ('f', 'krajinović', 'SRB'))",Roland Garros_2021,SRB,405.0,1,1,1.0,0.023622047244094488,0.047244094488188976,0.2663976378797546
"(('d', 'koepfer', 'DEU'), ('e', 'ruusuvuori', 'FIN'))",Roland Garros_2021,DEU,191.0,0,0,0.0,0.031496062992125984,0.031496062992125984,0.35562992175263686
"(('a', 'bedene', 'SVN'), ('j', 'withrow', 'USA'))",Roland Garros_2021,SVN,346.0,0,0,0.25,0.0,0.0,0.24980314955936642
"(('a', 'bublik', 'KAZ'), ('a', 'golubev', 'KAZ'))",Roland Garros_2021,KAZ,98.0,1,1,1.0,0.007874015748031496,0.007874015748031496,0.10998661390791727
"(('f', 'reboul', 'FRA'), ('s', 'doumbia', 'FRA'))",Roland Garros_2021,FRA,130.0,1,1,1.0,0.14960629921259844,0.16535433070866143,0.4154724429864583
"(('f', 'polášek', 'SVK'), ('i', 'dodig', 'HRV'))",Roland Garros_2021,HRV,9.0,0,0,0.5,0.007874015748031496,0.047244094488188976,0.26161417318141367
"(('a', 'molteni', 'ARG'), ('f', 'nielsen', 'DNK'))",Roland Garros_2021,ARG,62.0,0,0,0.25,0.047244094488188976,0.14960629921259844,0.4167716545523621
"(('n', 'mahut', 'FRA'), ('p', 'herbert', 'FRA'))",Roland Garros_2021,FRA,20.0,1,1,1.0,0.14960629921259844,0.16535433070866143,0.4154724429864583
"(('c', 'norrie', 'GBR'), ('j', ""o'mara"", 'GBR'))",Roland Garros_2021,GBR,180.0,1,1,1.0,0.05511811023622047,0.2677165354330709,0.4216141773349657
"(('j', 'erlich', 'ISR'), ('l', 'harris', 'ZAF'))",Roland Garros_2021,ISR,78.0,0,1,0.0,0.0,0.2677165354330709,0.0330834633370084
"(('d', 'schwartzman', 'ARG'), ('f', 'coria', 'ARG'))",Roland Garros_2021,ARG,243.0,1,1,1.0,0.047244094488188976,0.14960629921259844,0.4167716545523621
"(('j', 'struff', 'DEU'), ('r', 'haase', 'NLD'))",Roland Garros_2021,NLD,39.0,0,0,0.75,0.031496062992125984,0.047244094488188976,0.35007874065027467
"(('j', 'smith', 'AUS'), ('m', 'ebden', 'AUS'))",Roland Garros_2021,AUS,71.0,1,1,1.0,0.06299212598425197,0.2677165354330709,0.4216141773349657
"(('j', 'peers', 'AUS'), ('m', 'venus', 'NZL'))",Roland Garros_2021,AUS,25.0,0,1,1.0,0.06299212598425197,0.2677165354330709,0.4216141773349657
"(('a', 'hoang', 'FRA'), ('b', 'bonzi', 'FRA'))",Roland Garros_2021,FRA,159.0,1,1,1.0,0.14960629921259844,0.16535433070866143,0.4154724429864583
"(('f', 'martin', 'FRA'), ('j', 'chardy', 'FRA'))",Roland Garros_2021,FRA,30.0,1,1,1.0,0.14960629921259844,0.16535433070866143,0.4154724429864583
"(('l', 'musetti', 'ITA'), ('t', 'paul', 'USA'))",Roland Garros_2021,ITA,308.0,0,0,0.2875000238418579,0.03937007874015748,0.03937007874015748,0.34925197054551343
"(('m', 'gonzález', 'ARG'), ('s', 'bolelli', 'ITA'))",Roland Garros_2021,ITA,61.0,0,0,0.5,0.03937007874015748,0.03937007874015748,0.34925197054551343
"(('m', 'mcdonald', 'USA'), ('t', 'fritz', 'USA'))",Roland Garros_2021,USA,111.0,1,1,1.0,0.07874015748031496,0.2677165354330709,0.4357795434908604
"(('n', 'ćaćić', 'SRB'), ('t', 'brkić', 'BIH'))",Roland Garros_2021,BIH,66.0,0,1,0.8575000166893005,0.0,0.047244094488188976,0.2630314965417066
"(('a', 'popyrin', 'AUS'), ('j', 'thompson', 'AUS'))",Roland Garros_2021,AUS,1493.0,1,1,1.0,0.06299212598425197,0.2677165354330709,0.4216141773349657
"(('h', 'zeballos', 'ARG'), ('m', 'granollers', 'ESP'))",Roland Garros_2021,ESP,11.0,0,1,1.0,0.03937007874015748,0.14960629921259844,0.4167716545523621
"(('h', 'hurkacz', 'POL'), ('s', 'walków', 'POL'))",Roland Garros_2021,POL,68.0,1,1,1.0,0.015748031496062992,0.015748031496062992,0.25570866137039006
"(('b', 'soares', 'BRA'), ('j', 'murray', 'GBR'))",Roland Garros_2021,GBR,21.0,0,0,0.25,0.05511811023622047,0.2677165354330709,0.4216141773349657
"(('d', 'inglot', 'GBR'), ('l', 'bambridge', 'GBR'))",Roland Garros_2021,GBR,63.0,1,1,1.0,0.05511811023622047,0.2677165354330709,0.4216141773349657
"(('a', 'qureshi', 'PAK'), ('o', 'marach', 'AUT'))",Roland Garros_2021,AUT,33.0,0,0,0.25,0.023622047244094488,0.03937007874015748,0.35562992175263686
"(('m', 'demoliner', 'BRA'), ('s', 'gonzález', 'MEX'))",Roland Garros_2021,BRA,50.0,0,0,0.75,0.015748031496062992,0.015748031496062992,0.38005905664342593
"(('y', 'lu', 'TWN'), ('y', 'nishioka', 'JPN'))",Roland Garros_2021,TWN,542.0,0,0,0.0,0.0,0.0,0.0
"(('d', 'pel', 'NLD'), ('j', 'knowle', 'AUT'))",Roland Garros_2021,AUT,75.0,0,0,0.75,0.023622047244094488,0.03937007874015748,0.35562992175263686
"(('h', 'tecău', 'ROU'), ('k', 'krawietz', 'DEU'))",Roland Garros_2021,DEU,16.0,0,0,0.25,0.031496062992125984,0.031496062992125984,0.35562992175263686
"(('a', 'behar', 'URY'), ('g', 'escobar', 'ECU'))",Roland Garros_2021,URY,51.0,0,1,1.0,0.007874015748031496,0.14960629921259844,0.4167716545523621
"(('b', 'mclachlan', 'JPN'), ('r', 'klaasen', 'ZAF'))",Roland Garros_2021,ZAF,24.0,0,0,0.0,0.007874015748031496,0.2677165354330709,0.007874015748031496
"(('l', 'pouille', 'FRA'), ('m', 'bourgue', 'FRA'))",Roland Garros_2021,FRA,727.0,1,1,1.0,0.14960629921259844,0.16535433070866143,0.4154724429864583
"(('l', 'saville', 'AUS'), ('m', 'purcell', 'AUS'))",Roland Garros_2021,AUS,48.0,1,1,1.0,0.06299212598425197,0.2677165354330709,0.4216141773349657
"(('a', 'olivetti', 'FRA'), ('g', 'barrère', 'FRA'))",Roland Garros_2021,FRA,168.0,1,1,1.0,0.14960629921259844,0.16535433070866143,0.4154724429864583
"(('d', 'added', 'FRA'), ('j', 'tsonga', 'FRA'))",Roland Garros_2021,FRA,226.0,1,1,1.0,0.14960629921259844,0.16535433070866143,0.4154724429864583
"(('a', 'viñolas', 'ESP'), ('r', 'berankis', 'LTU'))",Roland Garros_2021,LTU,275.0,0,0,0.25,0.0,0.0,0.22431102359858085
"(('j', 'cabal', 'COL'), ('r', 'farah', 'COL'))",Roland Garros_2021,COL,4.0,1,1,1.0,0.007874015748031496,0.14960629921259844,0.4167716545523621
"(('k', 'skupski', 'GBR'), ('n', 'skupski', 'GBR'))",Roland Garros_2021,GBR,60.0,1,1,1.0,0.05511811023622047,0.2677165354330709,0.4216141773349657
"(('j', 'withrow', 'USA'), ('n', 'lammons', 'USA'))",US Open_2021,USA,89.0,1,1,1.0,0.1732283464566929,0.4094488188976378,0.5285551328593352
"(('m', 'pavić', 'HRV'), ('n', 'mektić', 'HRV'))",US Open_2021,HRV,2.0,1,1,1.0,0.015748031496062992,0.06299212598425197,0.27539370074046876
"(('b', 'paire', 'FRA'), ('r', 'berankis', 'LTU'))",US Open_2021,LTU,285.0,0,0,0.25,0.0,0.0,0.22627952753558872
"(('j', 'smith', 'AUS'), ('l', 'saville', 'AUS'))",US Open_2021,AUS,29.0,1,1,1.0,0.08661417322834646,0.4094488188976378,0.5155118194480581
"(('s', 'johnson', 'USA'), ('s', 'querrey', 'USA'))",US Open_2021,USA,96.0,1,1,1.0,0.1732283464566929,0.4094488188976378,0.5285551328593352
"(('m', 'arévalo', 'SLV'), ('m', 'middelkoop', 'NLD'))",US Open_2021,SLV,36.0,0,0,0.25,0.0,0.12598425196850394,0.3827165374746473
"(('m', 'gonzález', 'ARG'), ('s', 'bolelli', 'ITA'))",US Open_2021,ITA,34.0,0,0,0.5,0.015748031496062992,0.015748031496062992,0.3061417364839494
"(('c', 'norrie', 'GBR'), ('j', 'struff', 'DEU'))",US Open_2021,GBR,123.0,0,0,0.5,0.07086614173228346,0.4094488188976378,0.5155118194480581
"(('b', 'mclachlan', 'JPN'), ('r', 'klaasen', 'ZAF'))",US Open_2021,ZAF,23.0,0,0,0.0,0.007874015748031496,0.4094488188976378,0.007874015748031496
"(('m', 'krueger', 'USA'), ('m', 'mmoh', 'USA'))",US Open_2021,USA,241.0,1,1,1.0,0.1732283464566929,0.4094488188976378,0.5285551328593352
"(('a', 'molteni', 'ARG'), ('s', 'gonzález', 'MEX'))",US Open_2021,MEX,54.0,0,1,1.0,0.0,0.12598425196850394,0.3827165374746473
"(('m', 'mcdonald', 'USA'), ('r', 'haase', 'NLD'))",US Open_2021,NLD,64.0,0,0,0.4625000059604645,0.023622047244094488,0.03937007874015748,0.37547244209473524
"(('f', 'nielsen', 'DNK'), ('v', 'pospisil', 'CAN'))",US Open_2021,DNK,94.0,0,0,0.4250000119209289,0.0,0.0,0.3472047255593022
"(('a', 'göransson', 'SWE'), ('m', 'giron', 'USA'))",US Open_2021,USA,678.0,0,0,0.4625000059604645,0.1732283464566929,0.4094488188976378,0.5285551328593352
"(('h', 'tecău', 'ROU'), ('k', 'krawietz', 'DEU'))",US Open_2021,DEU,13.0,0,0,0.25,0.031496062992125984,0.031496062992125984,0.3810236231970975
"(('m', 'fucsovics', 'HUN'), ('s', 'travaglia', 'ITA'))",US Open_2021,HUN,343.0,0,0,0.0,0.0,0.0,0.005905511811023622
"(('j', 'salisbury', 'GBR'), ('r', 'ram', 'USA'))",US Open_2021,USA,7.0,0,1,0.8875000476837158,0.1732283464566929,0.4094488188976378,0.5285551328593352
"(('d', 'sharan', 'IND'), ('s', 'kwon', 'KOR'))",US Open_2021,KOR,452.0,0,0,0.0,0.0,0.0,0.0
"(('j', 'millman', 'AUS'), ('t', 'monteiro', 'BRA'))",US Open_2021,AUS,222.0,0,0,0.25,0.08661417322834646,0.4094488188976378,0.5155118194480581
"(('a', 'minaur', 'AUS'), ('m', 'reid', 'AUS'))",US Open_2021,AUS,124.0,1,1,1.0,0.08661417322834646,0.4094488188976378,0.5155118194480581
"(('a', 'rinderknech', 'FRA'), ('h', 'nys', 'MCO'))",US Open_2021,MCO,53.0,0,1,1.0,0.0,0.0,0.34133858697151576
"(('c', 'ruud', 'NOR'), ('m', 'kecmanović', 'SRB'))",US Open_2021,SRB,204.0,0,0,0.25,0.031496062992125984,0.06299212598425197,0.2801771654388097
"(('i', 'dodig', 'HRV'), ('r', 'bopanna', 'IND'))",US Open_2021,IND,48.0,0,0,0.0,0.007874015748031496,0.4094488188976378,0.007874015748031496
"(('j', 'duckworth', 'AUS'), ('j', 'thompson', 'AUS'))",US Open_2021,AUS,237.0,1,1,1.0,0.08661417322834646,0.4094488188976378,0.5155118194480581
"(('e', 'king', 'USA'), ('h', 'reese', 'USA'))",US Open_2021,USA,136.0,1,1,1.0,0.1732283464566929,0.4094488188976378,0.5285551328593352
"(('m', 'melo', 'BRA'), ('ł', 'kubot', 'POL'))",US Open_2021,POL,19.0,0,0,0.25,0.015748031496062992,0.015748031496062992,0.26358267711842154
"(('a', 'krajicek', 'USA'), ('d', 'inglot', 'GBR'))",US Open_2021,GBR,63.0,0,1,0.8875000476837158,0.07086614173228346,0.4094488188976378,0.5155118194480581
"(('h', 'heliövaara', 'FIN'), ('h', 'kontinen', 'FIN'))",US Open_2021,FIN,76.0,1,1,1.0,0.015748031496062992,0.023622047244094488,0.017716535433070866
"(('m', 'ebden', 'AUS'), ('m', 'purcell', 'AUS'))",US Open_2021,AUS,69.0,1,1,1.0,0.08661417322834646,0.4094488188976378,0.5155118194480581
"(('b', 'nakashima', 'USA'), ('d', 'lajović', 'SRB'))",US Open_2021,SRB,157.0,0,0,0.25,0.031496062992125984,0.06299212598425197,0.2801771654388097
"(('h', 'hurkacz', 'POL'), ('s', 'walków', 'POL'))",US Open_2021,POL,56.0,1,1,1.0,0.015748031496062992,0.015748031496062992,0.26358267711842154
"(('j', 'cabal', 'COL'), ('r', 'farah', 'COL'))",US Open_2021,COL,10.0,1,1,1.0,0.007874015748031496,0.12598425196850394,0.3827165374746473
"(('f', 'polášek', 'SVK'), ('j', 'peers', 'AUS'))",US Open_2021,AUS,25.0,0,0,0.25,0.08661417322834646,0.4094488188976378,0.5155118194480581
"(('k', 'skupski', 'GBR'), ('l', 'bambridge', 'GBR'))",US Open_2021,GBR,59.0,1,1,1.0,0.07086614173228346,0.4094488188976378,0.5155118194480581
"(('j', 'erlich', 'ISR'), ('l', 'harris', 'ZAF'))",US Open_2021,ISR,65.0,0,1,0.0,0.0,0.4094488188976378,0.035130707356404126
"(('o', 'marach', 'AUT'), ('p', 'oswald', 'AUT'))",US Open_2021,AUT,41.0,1,1,1.0,0.015748031496062992,0.031496062992125984,0.3810236231970975
"(('a', 'lawson', 'USA'), ('r', 'galloway', 'USA'))",US Open_2021,USA,108.0,1,1,1.0,0.1732283464566929,0.4094488188976378,0.5285551328593352
"(('f', 'coria', 'ARG'), ('g', 'mager', 'ITA'))",US Open_2021,ARG,259.0,0,0,0.5,0.03937007874015748,0.12598425196850394,0.3827165374746473
"(('j', 'rojer', 'NLD'), ('w', 'koolhof', 'NLD'))",US Open_2021,NLD,16.0,1,1,1.0,0.023622047244094488,0.03937007874015748,0.37547244209473524
"(('a', 'karatsev', 'RUS'), ('a', 'nedovyesov', 'KAZ'))",US Open_2021,RUS,171.0,0,1,0.4099999964237213,0.0,0.023622047244094488,0.263385826677788
"(('a', 'golubev', 'KAZ'), ('a', 'mies', 'DEU'))",US Open_2021,KAZ,38.0,0,0,0.1024999991059303,0.007874015748031496,0.015748031496062992,0.1164433074689756
"(('a', 'viñolas', 'ESP'), ('p', 'martínez', 'ESP'))",US Open_2021,ESP,87.0,1,1,1.0,0.023622047244094488,0.12598425196850394,0.3827165374746473
"(('n', 'ćaćić', 'SRB'), ('t', 'brkić', 'BIH'))",US Open_2021,BIH,52.0,0,1,0.8575000166893005,0.0,0.06299212598425197,0.27568897698807904
"(('a', 'mannarino', 'FRA'), ('p', 'cuevas', 'URY'))",US Open_2021,URY,150.0,0,0,0.5,0.007874015748031496,0.12598425196850394,0.3827165374746473
"(('m', 'daniell', 'NZL'), ('m', 'demoliner', 'BRA'))",US Open_2021,NZL,43.0,0,0,0.25,0.007874015748031496,0.4094488188976378,0.5155118194480581
"(('d', 'evans', 'GBR'), ('l', 'glasspool', 'GBR'))",US Open_2021,GBR,61.0,1,1,1.0,0.07086614173228346,0.4094488188976378,0.5155118194480581
"(('n', 'mahut', 'FRA'), ('p', 'herbert', 'FRA'))",US Open_2021,FRA,9.0,1,1,1.0,0.047244094488188976,0.07086614173228346,0.33023622495452254
"(('e', 'spizzirri', 'USA'), ('t', 'zink', 'USA'))",US Open_2021,USA,811.0,1,1,1.0,0.1732283464566929,0.4094488188976378,0.5285551328593352
"(('b', 'soares', 'BRA'), ('j', 'murray', 'GBR'))",US Open_2021,GBR,22.0,0,0,0.25,0.07086614173228346,0.4094488188976378,0.5155118194480581
"(('a', 'popyrin', 'AUS'), ('t', 'paul', 'USA'))",US Open_2021,USA,187.0,0,1,0.8875000476837158,0.1732283464566929,0.4094488188976378,0.5285551328593352
"(('b', 'fratangelo', 'USA'), ('c', 'eubanks', 'USA'))",US Open_2021,USA,195.0,1,1,1.0,0.1732283464566929,0.4094488188976378,0.5285551328593352
"(('f', 'tiafoe', 'USA'), ('n', 'monroe', 'USA'))",US Open_2021,USA,92.0,1,1,1.0,0.1732283464566929,0.4094488188976378,0.5285551328593352
"(('j', 'sock', 'USA'), ('n', 'skupski', 'GBR'))",US Open_2021,GBR,17.0,0,1,0.8875000476837158,0.07086614173228346,0.4094488188976378,0.5155118194480581
"(('f', 'krajinović', 'SRB'), ('l', 'djere', 'SRB'))",US Open_2021,SRB,370.0,1,1,1.0,0.031496062992125984,0.06299212598425197,0.2801771654388097
"(('d', 'koepfer', 'DEU'), ('e', 'ruusuvuori', 'FIN'))",US Open_2021,DEU,142.0,0,0,0.0,0.031496062992125984,0.031496062992125984,0.3810236231970975
"(('m', 'venus', 'NZL'), ('t', 'pütz', 'DEU'))",US Open_2021,DEU,33.0,0,0,0.5,0.031496062992125984,0.031496062992125984,0.3810236231970975
"(('j', 'vliegen', 'BEL'), ('s', 'gillé', 'BEL'))",US Open_2021,BEL,32.0,1,1,1.0,0.007874015748031496,0.12598425196850394,0.3661240182640983
"(('i', 'ivashka', 'BLR'), ('j', 'munar', 'ESP'))",US Open_2021,BLR,1026.0,0,0,0.25,0.0,0.007874015748031496,0.263385826677788
"(('a', 'qureshi', 'PAK'), ('j', ""o'mara"", 'GBR'))",US Open_2021,GBR,74.0,0,0,0.5,0.07086614173228346,0.4094488188976378,0.5155118194480581
"(('a', 'behar', 'URY'), ('g', 'escobar', 'ECU'))",US Open_2021,URY,49.0,0,1,1.0,0.007874015748031496,0.12598425196850394,0.3827165374746473
"(('f', 'martin', 'FRA'), ('j', 'chardy', 'FRA'))",US Open_2021,FRA,55.0,1,1,1.0,0.047244094488188976,0.07086614173228346,0.33023622495452254
"(('j', 'melzer', 'AUT'), ('m', 'polmans', 'AUS'))",US Open_2021,AUT,26.0,0,0,0.5,0.015748031496062992,0.031496062992125984,0.3810236231970975
"(('h', 'zeballos', 'ARG'), ('m', 'granollers', 'ESP'))",US Open_2021,ESP,5.0,0,1,1.0,0.023622047244094488,0.12598425196850394,0.3827165374746473
"(('f', 'bagnis', 'ARG'), ('f', 'delbonis', 'ARG'))",US Open_2021,ARG,190.0,1,1,1.0,0.03937007874015748,0.12598425196850394,0.3827165374746473
"(('m', 'pavić', 'HRV'), ('n', 'mektić', 'HRV'))",Wimbledon_2021,HRV,3.0,1,1,1.0,0.023622047244094488,0.07086614173228346,0.28291338576575903
"(('a', 'vasilevski', 'BLR'), ('j', 'erlich', 'ISR'))",Wimbledon_2021,ISR,72.0,0,0,0.1299999952316284,0.0,0.3228346456692913,0.035806297874591476
"(('a', 'minaur', 'AUS'), ('m', 'reid', 'AUS'))",Wimbledon_2021,AUS,68.0,1,1,1.0,0.06299212598425197,0.3228346456692913,0.46248031699516645
"(('a', 'matusevich', 'GBR'), ('l', 'johnson', 'GBR'))",Wimbledon_2021,GBR,431.0,1,1,1.0,0.13385826771653545,0.3228346456692913,0.46248031699516645
"(('n', 'ćaćić', 'SRB'), ('t', 'brkić', 'BIH'))",Wimbledon_2021,BIH,57.0,0,1,0.8575000166893005,0.0,0.07086614173228346,0.28124015807636144
"(('e', 'gerasimov', 'BLR'), ('y', 'nishioka', 'JPN'))",Wimbledon_2021,BLR,907.0,0,0,0.0,0.007874015748031496,0.007874015748031496,0.26858267704332905
"(('m', 'daniell', 'NZL'), ('p', 'oswald', 'AUT'))",Wimbledon_2021,NZL,41.0,0,0,0.5,0.015748031496062992,0.3228346456692913,0.46248031699516645
"(('j', 'clarke', 'GBR'), ('m', 'copil', 'ROU'))",Wimbledon_2021,GBR,1045.0,0,0,0.25,0.13385826771653545,0.3228346456692913,0.46248031699516645
"(('h', 'heliövaara', 'FIN'), ('l', 'glasspool', 'GBR'))",Wimbledon_2021,GBR,99.0,0,0,0.0,0.13385826771653545,0.3228346456692913,0.46248031699516645
"(('j', 'rojer', 'NLD'), ('w', 'koolhof', 'NLD'))",Wimbledon_2021,NLD,14.0,1,1,1.0,0.03937007874015748,0.05511811023622047,0.36161417357330244
"(('a', 'gray', 'GBR'), ('a', 'mchugh', 'GBR'))",Wimbledon_2021,GBR,1043.0,1,1,1.0,0.13385826771653545,0.3228346456692913,0.46248031699516645
"(('j', 'veselý', 'CZE'), ('r', 'jebavý', 'CZE'))",Wimbledon_2021,CZE,97.0,1,1,1.0,0.007874015748031496,0.007874015748031496,0.2691338582067039
"(('m', 'middelkoop', 'NLD'), ('s', 'arends', 'NLD'))",Wimbledon_2021,NLD,92.0,1,1,1.0,0.03937007874015748,0.05511811023622047,0.36161417357330244
"(('a', 'begemann', 'DEU'), ('j', 'melzer', 'AUT'))",Wimbledon_2021,DEU,104.0,0,0,1.0,0.023622047244094488,0.023622047244094488,0.3612598428646411
"(('m', 'melo', 'BRA'), ('ł', 'kubot', 'POL'))",Wimbledon_2021,POL,17.0,0,0,0.25,0.0,0.0,0.2592913385216645
"(('j', 'withrow', 'USA'), ('n', 'lammons', 'USA'))",Wimbledon_2021,USA,86.0,1,1,1.0,0.03937007874015748,0.3228346456692913,0.45662600200945935
"(('j', 'cabal', 'COL'), ('r', 'farah', 'COL'))",Wimbledon_2021,COL,5.0,1,1,1.0,0.007874015748031496,0.12598425196850394,0.3743700791789791
"(('d', 'pel', 'NLD'), ('y', 'lu', 'TWN'))",Wimbledon_2021,TWN,542.0,0,0,0.0,0.0,0.0,0.0
"(('r', 'matos', 'BRA'), ('t', 'monteiro', 'BRA'))",Wimbledon_2021,BRA,89.0,1,1,1.0,0.031496062992125984,0.031496062992125984,0.3489763786731742
"(('a', 'bublik', 'KAZ'), ('a', 'nedovyesov', 'KAZ'))",Wimbledon_2021,KAZ,50.0,1,1,1.0,0.015748031496062992,0.015748031496062992,0.1251244088268186
"(('d', 'inglot', 'GBR'), ('l', 'bambridge', 'GBR'))",Wimbledon_2021,GBR,67.0,1,1,1.0,0.13385826771653545,0.3228346456692913,0.46248031699516645
"(('j', 'ward', 'GBR'), ('s', 'parker', 'GBR'))",Wimbledon_2021,GBR,1145.0,1,1,1.0,0.13385826771653545,0.3228346456692913,0.46248031699516645
"(('l', 'saville', 'AUS'), ('m', 'purcell', 'AUS'))",Wimbledon_2021,AUS,43.0,1,1,1.0,0.06299212598425197,0.3228346456692913,0.46248031699516645
"(('j', 'peers', 'AUS'), ('j', 'thompson', 'AUS'))",Wimbledon_2021,AUS,24.0,1,1,1.0,0.06299212598425197,0.3228346456692913,0.46248031699516645
"(('j', 'smith', 'AUS'), ('m', 'ebden', 'AUS'))",Wimbledon_2021,AUS,70.0,1,1,1.0,0.06299212598425197,0.3228346456692913,0.46248031699516645
"(('m', 'venus', 'NZL'), ('t', 'pütz', 'DEU'))",Wimbledon_2021,DEU,39.0,0,0,0.5,0.023622047244094488,0.023622047244094488,0.3612598428646411
"(('a', 'behar', 'URY'), ('g', 'escobar', 'ECU'))",Wimbledon_2021,URY,53.0,0,1,1.0,0.0,0.12598425196850394,0.3743700791789791
"(('h', 'nys', 'MCO'), ('j', ""o'mara"", 'GBR'))",Wimbledon_2021,MCO,48.0,0,0,0.25,0.007874015748031496,0.007874015748031496,0.33712598534784916
"(('m', 'fucsovics', 'HUN'), ('s', 'travaglia', 'ITA'))",Wimbledon_2021,HUN,456.0,0,0,0.0,0.0,0.0,0.003937007874015748
"(('n', 'basilashvili', 'GEO'), ('r', 'albot', 'MDA'))",Wimbledon_2021,MDA,141.0,0,0,0.0,0.0,0.015748031496062992,0.3058661427342985
"(('j', 'salisbury', 'GBR'), ('r', 'ram', 'USA'))",Wimbledon_2021,USA,12.0,0,1,0.8875000476837158,0.03937007874015748,0.3228346456692913,0.45662600200945935
"(('g', 'mager', 'ITA'), ('l', 'đere', 'SRB'))",Wimbledon_2021,SRB,354.0,0,0,0.25,0.031496062992125984,0.07086614173228346,0.2857283465270921
"(('f', 'polášek', 'SVK'), ('i', 'dodig', 'HRV'))",Wimbledon_2021,HRV,8.0,0,0,0.5,0.023622047244094488,0.07086614173228346,0.28291338576575903
"(('n', 'gombos', 'SVK'), ('p', 'martínez', 'ESP'))",Wimbledon_2021,SVK,418.0,0,0,0.25,0.015748031496062992,0.015748031496062992,0.2711023621437118
"(('c', 'norrie', 'GBR'), ('j', 'munar', 'ESP'))",Wimbledon_2021,ESP,172.0,0,0,0.25,0.047244094488188976,0.12598425196850394,0.3743700791789791
"(('p', 'tsitsipas', 'GRC'), ('s', 'tsitsipas', 'GRC'))",Wimbledon_2021,GRC,300.0,1,1,1.0,0.007874015748031496,0.007874015748031496,0.22905511807972992
"(('a', 'göransson', 'SWE'), ('c', 'ruud', 'NOR'))",Wimbledon_2021,SWE,80.0,0,0,0.75,0.0,0.015748031496062992,0.32547244128983793
"(('f', 'lópez', 'ESP'), ('m', 'lópez', 'ESP'))",Wimbledon_2021,ESP,103.0,1,1,1.0,0.047244094488188976,0.12598425196850394,0.3743700791789791
"(('h', 'tecău', 'ROU'), ('k', 'krawietz', 'DEU'))",Wimbledon_2021,DEU,20.0,0,0,0.25,0.023622047244094488,0.023622047244094488,0.3612598428646411
"(('a', 'davidovich fokina', 'ESP'), ('s', 'caruso', 'ITA'))",Wimbledon_2021,ITA,184.0,0,0,0.5,0.031496062992125984,0.031496062992125984,0.31374015848233006
"(('a', 'qureshi', 'PAK'), ('o', 'marach', 'AUT'))",Wimbledon_2021,AUT,30.0,0,0,0.25,0.015748031496062992,0.031496062992125984,0.3612598428646411
"(('j', 'vliegen', 'BEL'), ('s', 'gillé', 'BEL'))",Wimbledon_2021,BEL,29.0,1,1,1.0,0.007874015748031496,0.12598425196850394,0.3597047251392537
"(('a', 'popyrin', 'AUS'), ('l', 'harris', 'ZAF'))",Wimbledon_2021,ZAF,334.0,0,1,0.0,0.007874015748031496,0.3228346456692913,0.007874015748031496
"(('a', 'krajicek', 'USA'), ('t', 'sandgren', 'USA'))",Wimbledon_2021,USA,51.0,1,1,1.0,0.03937007874015748,0.3228346456692913,0.45662600200945935
"(('k', 'skupski', 'GBR'), ('n', 'skupski', 'GBR'))",Wimbledon_2021,GBR,66.0,1,1,1.0,0.13385826771653545,0.3228346456692913,0.46248031699516645
"(('l', 'broady', 'GBR'), ('r', 'peniston', 'GBR'))",Wimbledon_2021,GBR,254.0,1,1,1.0,0.13385826771653545,0.3228346456692913,0.46248031699516645
"(('h', 'zeballos', 'ARG'), ('m', 'granollers', 'ESP'))",Wimbledon_2021,ESP,10.0,0,1,1.0,0.047244094488188976,0.12598425196850394,0.3743700791789791
"(('d', 'lajović', 'SRB'), ('i', 'sabanov', 'SRB'))",Wimbledon_2021,SRB,165.0,1,1,1.0,0.031496062992125984,0.07086614173228346,0.2857283465270921
"(('b', 'soares', 'BRA'), ('j', 'murray', 'GBR'))",Wimbledon_2021,GBR,22.0,0,0,0.25,0.13385826771653545,0.3228346456692913,0.46248031699516645
"(('n', 'monroe', 'USA'), ('v', 'pospisil', 'CAN'))",Wimbledon_2021,USA,87.0,0,1,0.7075000405311584,0.03937007874015748,0.3228346456692913,0.45662600200945935
"(('a', 'golubev', 'KAZ'), ('r', 'haase', 'NLD'))",Wimbledon_2021,KAZ,40.0,0,0,0.1024999991059303,0.015748031496062992,0.015748031496062992,0.1251244088268186
"(('m', 'demoliner', 'BRA'), ('s', 'gonzález', 'MEX'))",Wimbledon_2021,BRA,49.0,0,0,0.75,0.031496062992125984,0.031496062992125984,0.3489763786731742
"(('m', 'gonzález', 'ARG'), ('s', 'bolelli', 'ITA'))",Wimbledon_2021,ITA,46.0,0,0,0.5,0.031496062992125984,0.031496062992125984,0.31374015848233006
"(('f', 'krajinović', 'SRB'), ('m', 'sabanov', 'HRV'))",Wimbledon_2021,SRB,406.0,0,1,0.75,0.031496062992125984,0.07086614173228346,0.2857283465270921
"(('h', 'kontinen', 'FIN'), ('é', 'roger-vasselin', 'FRA'))",Wimbledon_2021,FIN,33.0,0,0,0.0,0.007874015748031496,0.015748031496062992,0.00984251968503937
"(('d', 'sharan', 'IND'), ('r', 'bopanna', 'IND'))",Wimbledon_2021,IND,38.0,1,1,1.0,0.007874015748031496,0.3228346456692913,0.007874015748031496
"(('b', 'mclachlan', 'JPN'), ('r', 'klaasen', 'ZAF'))",Wimbledon_2021,ZAF,23.0,0,0,0.0,0.007874015748031496,0.3228346456692913,0.007874015748031496
"(('a', 'molteni', 'ARG'), ('a', 'vavassori', 'ITA'))",Wimbledon_2021,ARG,65.0,0,0,0.5,0.031496062992125984,0.12598425196850394,0.3743700791789791
"(('d', 'koepfer', 'DEU'), ('r', 'berankis', 'LTU'))",Wimbledon_2021,LTU,355.0,0,0,0.25,0.0,0.0,0.22314960626870628
"(('i', 'zelenay', 'SVK'), ('r', 'arneodo', 'MCO'))",Wimbledon_2021,MCO,88.0,0,0,0.25,0.007874015748031496,0.007874015748031496,0.33712598534784916
"(('f', 'martin', 'FRA'), ('j', 'chardy', 'FRA'))",Wimbledon_2021,FRA,58.0,1,1,1.0,0.031496062992125984,0.05511811023622047,0.32602362333085594
"(('a', 'sitak', 'NZL'), ('f', 'delbonis', 'ARG'))",Wimbledon_2021,ARG,170.0,0,0,0.25,0.031496062992125984,0.12598425196850394,0.3743700791789791
"(('n', 'mahut', 'FRA'), ('p', 'herbert', 'FRA'))",Wimbledon_2021,FRA,6.0,1,1,1.0,0.031496062992125984,0.05511811023622047,0.32602362333085594
"(('a', 'viñolas', 'ESP'), ('f', 'bagnis', 'ARG'))",Wimbledon_2021,ARG,224.0,0,1,1.0,0.031496062992125984,0.12598425196850394,0.3743700791789791
"(('m', 'pavić', 'HRV'), ('n', 'mektić', 'HRV'))",Australian Open_2022,HRV,2.0,1,1,1.0,0.031496062992125984,0.08661417322834646,0.28881889757678264
"(('f', 'bagnis', 'ARG'), ('f', 'delbonis', 'ARG'))",Australian Open_2022,ARG,228.0,1,1,1.0,0.031496062992125984,0.13385826771653545,0.38234252049932327
"(('n', 'kyrgios', 'AUS'), ('t', 'kokkinakis', 'AUS'))",Australian Open_2022,AUS,434.0,1,1,1.0,0.1732283464566929,0.36220472440944884,0.49309055452975703
"(('a', 'bolt', 'AUS'), ('j', 'mccabe', 'AUS'))",Australian Open_2022,AUS,735.0,1,1,1.0,0.1732283464566929,0.36220472440944884,0.49309055452975703
"(('d', 'koepfer', 'DEU'), ('j', 'struff', 'DEU'))",Australian Open_2022,DEU,104.0,1,1,1.0,0.03937007874015748,0.03937007874015748,0.37277559094306995
"(('f', 'krajinović', 'SRB'), ('m', 'sabanov', 'HRV'))",Australian Open_2022,SRB,268.0,0,1,0.75,0.03937007874015748,0.08661417322834646,0.2916338583381157
"(('a', 'behar', 'URY'), ('g', 'escobar', 'ECU'))",Australian Open_2022,URY,47.0,0,1,1.0,0.0,0.13385826771653545,0.38234252049932327
"(('n', 'ćaćić', 'SRB'), ('t', 'brkić', 'BIH'))",Australian Open_2022,BIH,40.0,0,1,0.8575000166893005,0.0,0.08661417322834646,0.28602362277470234
"(('j', 'withrow', 'USA'), ('n', 'lammons', 'USA'))",Australian Open_2022,USA,84.0,1,1,1.0,0.06299212598425197,0.36220472440944884,0.48835828618740473
"(('j', 'vliegen', 'BEL'), ('s', 'gillé', 'BEL'))",Australian Open_2022,BEL,26.0,1,1,1.0,0.007874015748031496,0.11023622047244094,0.368557087525608
"(('c', ""o'connell"", 'AUS'), ('j', 'kubler', 'AUS'))",Australian Open_2022,AUS,585.0,1,1,1.0,0.1732283464566929,0.36220472440944884,0.49309055452975703
"(('a', 'fokina', 'ESP'), ('j', 'munar', 'ESP'))",Australian Open_2022,ESP,211.0,1,1,1.0,0.047244094488188976,0.13385826771653545,0.38234252049932327
"(('h', 'gaston', 'FRA'), ('r', 'baena', 'ESP'))",Australian Open_2022,ESP,195.0,0,0,0.5,0.047244094488188976,0.13385826771653545,0.38234252049932327
"(('l', 'đere', 'SRB'), ('s', 'travaglia', 'ITA'))",Australian Open_2022,SRB,353.0,0,0,0.25,0.03937007874015748,0.08661417322834646,0.2916338583381157
"(('m', 'venus', 'NZL'), ('t', 'pütz', 'DEU'))",Australian Open_2022,DEU,18.0,0,0,0.5,0.03937007874015748,0.03937007874015748,0.37277559094306995
"(('f', 'tiafoe', 'USA'), ('n', 'monroe', 'USA'))",Australian Open_2022,USA,99.0,1,1,1.0,0.06299212598425197,0.36220472440944884,0.48835828618740473
"(('h', 'zeballos', 'ARG'), ('m', 'granollers', 'ESP'))",Australian Open_2022,ESP,7.0,0,1,1.0,0.047244094488188976,0.13385826771653545,0.38234252049932327
"(('j', 'veselý', 'CZE'), ('y', 'nishioka', 'JPN'))",Australian Open_2022,JPN,305.0,0,0,0.0,0.007874015748031496,0.007874015748031496,0.007874015748031496
"(('a', 'vasilevski', 'BLR'), ('j', ""o'mara"", 'GBR'))",Australian Open_2022,GBR,65.0,0,0,0.25,0.047244094488188976,0.36220472440944884,0.49309055452975703
"(('j', 'millman', 'AUS'), ('m', 'mcdonald', 'USA'))",Australian Open_2022,USA,298.0,0,1,0.8875000476837158,0.06299212598425197,0.36220472440944884,0.48835828618740473
"(('p', 'andújar', 'ESP'), ('p', 'martínez', 'ESP'))",Australian Open_2022,ESP,140.0,1,1,1.0,0.047244094488188976,0.13385826771653545,0.38234252049932327
"(('d', 'lajović', 'SRB'), ('i', 'sabanov', 'SRB'))",Australian Open_2022,SRB,208.0,1,1,1.0,0.03937007874015748,0.08661417322834646,0.2916338583381157
"(('b', 'zandschulp', 'NLD'), ('r', 'haase', 'NLD'))",Australian Open_2022,NLD,71.0,1,1,1.0,0.03937007874015748,0.05511811023622047,0.37312992165173137
"(('j', 'rojer', 'NLD'), ('m', 'arévalo', 'SLV'))",Australian Open_2022,SLV,30.0,0,0,0.25,0.0,0.13385826771653545,0.38234252049932327
"(('a', 'mies', 'DEU'), ('k', 'krawietz', 'DEU'))",Australian Open_2022,DEU,14.0,1,1,1.0,0.03937007874015748,0.03937007874015748,0.37277559094306995
"(('a', 'molteni', 'ARG'), ('s', 'gonzález', 'MEX'))",Australian Open_2022,MEX,35.0,0,1,1.0,0.0,0.13385826771653545,0.38234252049932327
"(('a', 'krajicek', 'USA'), ('s', 'querrey', 'USA'))",Australian Open_2022,USA,38.0,1,1,1.0,0.06299212598425197,0.36220472440944884,0.48835828618740473
"(('a', 'harris', 'AUS'), ('a', 'vukic', 'AUS'))",Australian Open_2022,AUS,700.0,1,1,1.0,0.1732283464566929,0.36220472440944884,0.49309055452975703
"(('r', 'hijikata', 'AUS'), ('t', 'schoolkate', 'AUS'))",Australian Open_2022,AUS,650.0,1,1,1.0,0.1732283464566929,0.36220472440944884,0.49309055452975703
"(('j', 'thompson', 'AUS'), ('m', 'reid', 'AUS'))",Australian Open_2022,AUS,77.0,1,1,1.0,0.1732283464566929,0.36220472440944884,0.49309055452975703
"(('f', 'polášek', 'SVK'), ('j', 'peers', 'AUS'))",Australian Open_2022,AUS,12.0,0,0,0.25,0.1732283464566929,0.36220472440944884,0.49309055452975703
"(('j', 'smith', 'AUS'), ('l', 'saville', 'AUS'))",Australian Open_2022,AUS,23.0,1,1,1.0,0.1732283464566929,0.36220472440944884,0.49309055452975703
"(('a', 'nedovyesov', 'KAZ'), ('a', 'qureshi', 'PAK'))",Australian Open_2022,KAZ,70.0,0,0,0.1024999991059303,0.015748031496062992,0.023622047244094488,0.12512440900281657
"(('f', 'martin', 'FRA'), ('n', 'mahut', 'FRA'))",Australian Open_2022,FRA,5.0,1,1,1.0,0.03937007874015748,0.05511811023622047,0.3310433087456883
"(('m', 'giron', 'USA'), ('s', 'kwon', 'KOR'))",Australian Open_2022,USA,1169.0,0,0,0.0,0.06299212598425197,0.36220472440944884,0.48835828618740473
"(('a', 'bublik', 'KAZ'), ('j', 'zieliński', 'POL'))",Australian Open_2022,KAZ,50.0,0,0,0.2049999982118606,0.015748031496062992,0.023622047244094488,0.12512440900281657
"(('d', 'altmaier', 'DEU'), ('t', 'monteiro', 'BRA'))",Australian Open_2022,DEU,404.0,0,0,0.25,0.03937007874015748,0.03937007874015748,0.37277559094306995
"(('g', 'mager', 'ITA'), ('l', 'musetti', 'ITA'))",Australian Open_2022,ITA,1533.0,1,1,1.0,0.03937007874015748,0.03937007874015748,0.31994094654096394
"(('n', 'skupski', 'GBR'), ('w', 'koolhof', 'NLD'))",Australian Open_2022,NLD,21.0,0,0,0.5,0.03937007874015748,0.05511811023622047,0.37312992165173137
"(('b', 'paire', 'FRA'), ('r', 'arneodo', 'MCO'))",Australian Open_2022,MCO,76.0,0,1,1.0,0.007874015748031496,0.007874015748031496,0.3380118126826962
"(('b', 'mclachlan', 'JPN'), ('r', 'klaasen', 'ZAF'))",Australian Open_2022,ZAF,27.0,0,0,0.0,0.007874015748031496,0.36220472440944884,0.007874015748031496
"(('m', 'middelkoop', 'NLD'), ('p', 'oswald', 'AUT'))",Australian Open_2022,NLD,28.0,0,0,0.75,0.03937007874015748,0.05511811023622047,0.37312992165173137
"(('d', 'inglot', 'GBR'), ('k', 'skupski', 'GBR'))",Australian Open_2022,GBR,60.0,1,1,1.0,0.047244094488188976,0.36220472440944884,0.49309055452975703
"(('a', 'vavassori', 'ITA'), ('t', 'griekspoor', 'NLD'))",Australian Open_2022,NLD,329.0,0,0,0.25,0.03937007874015748,0.05511811023622047,0.37312992165173137
"(('m', 'ebden', 'AUS'), ('m', 'purcell', 'AUS'))",Australian Open_2022,AUS,55.0,1,1,1.0,0.1732283464566929,0.36220472440944884,0.49309055452975703
"(('a', 'göransson', 'SWE'), ('j', 'erlich', 'ISR'))",Australian Open_2022,ISR,64.0,0,0,0.0324999988079071,0.0,0.36220472440944884,0.035806297874591476
"(('j', 'cabal', 'COL'), ('r', 'farah', 'COL'))",Australian Open_2022,COL,10.0,1,1,1.0,0.007874015748031496,0.13385826771653545,0.38234252049932327
"(('a', 'popyrin', 'AUS'), ('l', 'harris', 'ZAF'))",Australian Open_2022,ZAF,200.0,0,1,0.0,0.007874015748031496,0.36220472440944884,0.007874015748031496
"(('b', 'soares', 'BRA'), ('j', 'murray', 'GBR'))",Australian Open_2022,GBR,19.0,0,0,0.25,0.047244094488188976,0.36220472440944884,0.49309055452975703
"(('j', 'duckworth', 'AUS'), ('m', 'polmans', 'AUS'))",Australian Open_2022,AUS,222.0,1,1,1.0,0.1732283464566929,0.36220472440944884,0.49309055452975703
"(('h', 'heliövaara', 'FIN'), ('l', 'glasspool', 'GBR'))",Australian Open_2022,GBR,74.0,0,0,0.0,0.047244094488188976,0.36220472440944884,0.49309055452975703
"(('a', 'viñolas', 'ESP'), ('f', 'coria', 'ARG'))",Australian Open_2022,ARG,239.0,0,1,1.0,0.031496062992125984,0.13385826771653545,0.38234252049932327
"(('f', 'fognini', 'ITA'), ('s', 'bolelli', 'ITA'))",Australian Open_2022,ITA,25.0,1,1,1.0,0.03937007874015748,0.03937007874015748,0.31994094654096394
"(('f', 'alves', 'BRA'), ('r', 'matos', 'BRA'))",Australian Open_2022,BRA,67.0,1,1,1.0,0.031496062992125984,0.031496062992125984,0.3540944894256554
"(('i', 'dodig', 'HRV'), ('m', 'melo', 'BRA'))",Australian Open_2022,HRV,13.0,0,0,0.25,0.031496062992125984,0.08661417322834646,0.28881889757678264
"(('a', 'mannarino', 'FRA'), ('h', 'nys', 'MCO'))",Australian Open_2022,FRA,164.0,0,1,1.0,0.03937007874015748,0.05511811023622047,0.3310433087456883
"(('d', 'sweeny', 'AUS'), ('l', 'tu', 'AUS'))",Australian Open_2022,AUS,566.0,1,1,1.0,0.1732283464566929,0.36220472440944884,0.49309055452975703
"(('a', 'golubev', 'KAZ'), ('f', 'škugor', 'HRV'))",Australian Open_2022,KAZ,29.0,0,0,0.2049999982118606,0.015748031496062992,0.023622047244094488,0.12512440900281657
"(('c', 'rungkat', 'IDN'), ('t', 'huey', 'PHL'))",Australian Open_2022,PHL,137.0,0,0,0.25,0.0,0.36220472440944884,0.001968503937007874
"(('r', 'bopanna', 'IND'), ('é', 'roger-vasselin', 'FRA'))",Australian Open_2022,IND,43.0,0,0,0.0,0.0,0.36220472440944884,0.0
"(('f', 'nielsen', 'DNK'), ('m', 'daniell', 'NZL'))",Australian Open_2022,NZL,52.0,0,0,0.5,0.015748031496062992,0.36220472440944884,0.49309055452975703
"(('a', 'karatsev', 'RUS'), ('a', 'sitak', 'NZL'))",Australian Open_2022,RUS,87.0,0,0,0.25,0.0,0.031496062992125984,0.26858267704332905
"(('j', 'salisbury', 'GBR'), ('r', 'ram', 'USA'))",Australian Open_2022,USA,4.0,0,1,0.8875000476837158,0.06299212598425197,0.36220472440944884,0.48835828618740473
"(('m', 'kecmanović', 'SRB'), ('n', 'basilashvili', 'GEO'))",Australian Open_2022,GEO,419.0,0,0,0.0,0.0,0.0,0.0
"(('j', 'salisbury', 'GBR'), ('r', 'ram', 'USA'))",Roland Garros_2022,USA,2.0,0,1,0.8875000476837158,0.08661417322834646,0.2283464566929134,0.41007678492332067
"(('m', 'giron', 'USA'), ('s', 'kwon', 'KOR'))",Roland Garros_2022,USA,221.0,0,0,0.0,0.08661417322834646,0.2283464566929134,0.41007678492332067
"(('m', 'kecmanović', 'SRB'), ('n', 'monroe', 'USA'))",Roland Garros_2022,SRB,772.0,0,0,0.25,0.023622047244094488,0.07086614173228346,0.28875984263232374
"(('j', 'sousa', 'PRT'), ('n', 'basilashvili', 'GEO'))",Roland Garros_2022,GEO,775.0,0,0,0.0,0.0,0.0,0.0
"(('f', 'lópez', 'ESP'), ('m', 'cressy', 'USA'))",Roland Garros_2022,USA,638.0,0,0,0.3625000119209289,0.08661417322834646,0.2283464566929134,0.41007678492332067
"(('m', 'sabanov', 'HRV'), ('r', 'jebavý', 'CZE'))",Roland Garros_2022,CZE,72.0,0,0,0.5,0.007874015748031496,0.007874015748031496,0.27216535431193556
"(('m', 'gonzález', 'ARG'), ('m', 'melo', 'BRA'))",Roland Garros_2022,ARG,24.0,0,0,0.75,0.05511811023622047,0.1732283464566929,0.4305905524459411
"(('a', 'bedene', 'SVN'), ('f', 'krajinović', 'SRB'))",Roland Garros_2022,SVN,766.0,0,0,0.5,0.0,0.0,0.2701968503749277
"(('f', 'tiafoe', 'USA'), ('m', 'fucsovics', 'HUN'))",Roland Garros_2022,HUN,264.0,0,0,0.0,0.0,0.0,0.003937007874015748
"(('a', 'tabilo', 'CHL'), ('t', 'etcheverry', 'ARG'))",Roland Garros_2022,ARG,259.0,0,1,1.0,0.05511811023622047,0.1732283464566929,0.4305905524459411
"(('a', 'bublik', 'KAZ'), ('t', 'kokkinakis', 'AUS'))",Roland Garros_2022,KAZ,65.0,0,0,0.1024999991059303,0.015748031496062992,0.015748031496062992,0.12660944866617835
"(('k', 'majchrzak', 'POL'), ('n', 'lammons', 'USA'))",Roland Garros_2022,USA,80.0,0,0,0.25,0.08661417322834646,0.2283464566929134,0.41007678492332067
"(('f', 'reboul', 'FRA'), ('s', 'doumbia', 'FRA'))",Roland Garros_2022,FRA,90.0,1,1,1.0,0.15748031496062992,0.1732283464566929,0.41476378183430573
"(('p', 'andújar', 'ESP'), ('p', 'martínez', 'ESP'))",Roland Garros_2022,ESP,85.0,1,1,1.0,0.03937007874015748,0.1732283464566929,0.4305905524459411
"(('a', 'krajicek', 'USA'), ('i', 'dodig', 'HRV'))",Roland Garros_2022,HRV,32.0,0,0,0.25,0.031496062992125984,0.07086614173228346,0.2898818897450064
"(('f', 'polášek', 'SVK'), ('j', 'peers', 'AUS'))",Roland Garros_2022,AUS,15.0,0,0,0.25,0.047244094488188976,0.2283464566929134,0.3871653588479898
"(('h', 'zeballos', 'ARG'), ('m', 'granollers', 'ESP'))",Roland Garros_2022,ESP,8.0,0,1,1.0,0.03937007874015748,0.1732283464566929,0.4305905524459411
"(('c', 'lestienne', 'FRA'), ('u', 'humbert', 'FRA'))",Roland Garros_2022,FRA,628.0,1,1,1.0,0.15748031496062992,0.1732283464566929,0.41476378183430573
"(('a', 'mannarino', 'FRA'), ('a', 'olivetti', 'FRA'))",Roland Garros_2022,FRA,407.0,1,1,1.0,0.15748031496062992,0.1732283464566929,0.41476378183430573
"(('j', 'eysseric', 'FRA'), ('q', 'halys', 'FRA'))",Roland Garros_2022,FRA,153.0,1,1,1.0,0.15748031496062992,0.1732283464566929,0.41476378183430573
"(('j', ""o'mara"", 'GBR'), ('j', 'withrow', 'USA'))",Roland Garros_2022,GBR,84.0,0,1,0.8875000476837158,0.031496062992125984,0.2283464566929134,0.3871653588479898
"(('s', 'arends', 'NLD'), ('s', 'walków', 'POL'))",Roland Garros_2022,NLD,104.0,0,0,0.25,0.047244094488188976,0.06299212598425197,0.33787401632295816
"(('a', 'vavassori', 'ITA'), ('l', 'sonego', 'ITA'))",Roland Garros_2022,ITA,143.0,1,1,1.0,0.007874015748031496,0.007874015748031496,0.33279527789729785
"(('m', 'ebden', 'AUS'), ('m', 'purcell', 'AUS'))",Roland Garros_2022,AUS,33.0,1,1,1.0,0.047244094488188976,0.2283464566929134,0.3871653588479898
"(('b', 'soares', 'BRA'), ('j', 'murray', 'GBR'))",Roland Garros_2022,GBR,19.0,0,0,0.25,0.031496062992125984,0.2283464566929134,0.3871653588479898
"(('j', 'erlich', 'ISR'), ('l', 'harris', 'ZAF'))",Roland Garros_2022,ISR,74.0,0,1,0.0,0.0,0.2283464566929134,0.03627716396443956
"(('m', 'mcdonald', 'USA'), ('t', 'paul', 'USA'))",Roland Garros_2022,USA,335.0,1,1,1.0,0.08661417322834646,0.2283464566929134,0.41007678492332067
"(('a', 'nedovyesov', 'KAZ'), ('a', 'qureshi', 'PAK'))",Roland Garros_2022,KAZ,60.0,0,0,0.1024999991059303,0.015748031496062992,0.015748031496062992,0.12660944866617835
"(('h', 'reese', 'USA'), ('r', 'ramanathan', 'IND'))",Roland Garros_2022,IND,79.0,0,1,0.0,0.007874015748031496,0.2283464566929134,0.007874015748031496
"(('d', 'altmaier', 'DEU'), ('o', 'otte', 'DEU'))",Roland Garros_2022,DEU,318.0,1,1,1.0,0.031496062992125984,0.031496062992125984,0.33358267774028105
"(('n', 'skupski', 'GBR'), ('w', 'koolhof', 'NLD'))",Roland Garros_2022,NLD,11.0,0,0,0.5,0.047244094488188976,0.06299212598425197,0.33787401632295816
"(('b', 'zandschulp', 'NLD'), ('t', 'griekspoor', 'NLD'))",Roland Garros_2022,NLD,476.0,1,1,1.0,0.047244094488188976,0.06299212598425197,0.33787401632295816
"(('m', 'venus', 'NZL'), ('t', 'pütz', 'DEU'))",Roland Garros_2022,DEU,16.0,0,0,0.5,0.031496062992125984,0.031496062992125984,0.33358267774028105
"(('i', 'ivashka', 'BLR'), ('j', 'duckworth', 'AUS'))",Roland Garros_2022,AUS,222.0,0,0,0.25,0.047244094488188976,0.2283464566929134,0.3871653588479898
"(('a', 'rinderknech', 'FRA'), ('b', 'bonzi', 'FRA'))",Roland Garros_2022,FRA,155.0,1,1,1.0,0.15748031496062992,0.1732283464566929,0.41476378183430573
"(('d', 'molchanov', 'UKR'), ('f', 'škugor', 'HRV'))",Roland Garros_2022,UKR,91.0,0,0,0.5,0.0,0.0,0.2703307087965838
"(('e', 'couacaud', 'FRA'), ('m', 'guinard', 'FRA'))",Roland Garros_2022,FRA,393.0,1,1,1.0,0.15748031496062992,0.1732283464566929,0.41476378183430573
"(('f', 'delbonis', 'ARG'), ('h', 'dellien', 'BOL'))",Roland Garros_2022,ARG,145.0,0,1,0.5400000214576721,0.05511811023622047,0.1732283464566929,0.4305905524459411
"(('j', 'rojer', 'NLD'), ('m', 'arévalo', 'SLV'))",Roland Garros_2022,SLV,27.0,0,0,0.25,0.0,0.16535433070866143,0.4305905524459411
"(('h', 'verdugo', 'MEX'), ('p', 'oswald', 'AUT'))",Roland Garros_2022,MEX,64.0,0,0,0.25,0.007874015748031496,0.16535433070866143,0.4305905524459411
"(('d', 'hernández', 'ESP'), ('r', 'matos', 'BRA'))",Roland Garros_2022,BRA,52.0,0,0,0.75,0.023622047244094488,0.031496062992125984,0.3925196869424947
"(('a', 'molteni', 'ARG'), ('s', 'gonzález', 'MEX'))",Roland Garros_2022,MEX,25.0,0,1,1.0,0.007874015748031496,0.16535433070866143,0.4305905524459411
"(('é', 'roger-vasselin', 'FRA'), ('ł', 'kubot', 'POL'))",Roland Garros_2022,POL,100.0,0,0,0.25,0.023622047244094488,0.023622047244094488,0.2761023621859513
"(('d', 'kudla', 'USA'), ('e', 'ruusuvuori', 'FIN'))",Roland Garros_2022,USA,255.0,0,0,0.0,0.08661417322834646,0.2283464566929134,0.41007678492332067
"(('j', 'thompson', 'AUS'), ('l', 'saville', 'AUS'))",Roland Garros_2022,AUS,69.0,1,1,1.0,0.047244094488188976,0.2283464566929134,0.3871653588479898
"(('d', 'lajović', 'SRB'), ('j', 'veselý', 'CZE'))",Roland Garros_2022,SRB,303.0,0,0,0.5,0.023622047244094488,0.07086614173228346,0.28875984263232374
"(('j', 'vliegen', 'BEL'), ('s', 'gillé', 'BEL'))",Roland Garros_2022,BEL,48.0,1,1,1.0,0.007874015748031496,0.23622047244094488,0.37859724537946104
"(('n', 'mahut', 'FRA'), ('p', 'herbert', 'FRA'))",Roland Garros_2022,FRA,7.0,1,1,1.0,0.15748031496062992,0.1732283464566929,0.41476378183430573
"(('a', 'viñolas', 'ESP'), ('b', 'paire', 'FRA'))",Roland Garros_2022,FRA,108.0,0,0,0.5,0.15748031496062992,0.1732283464566929,0.41476378183430573
"(('j', 'cabal', 'COL'), ('r', 'farah', 'COL'))",Roland Garros_2022,COL,9.0,1,1,1.0,0.007874015748031496,0.16535433070866143,0.4305905524459411
"(('h', 'nys', 'MCO'), ('j', 'zieliński', 'POL'))",Roland Garros_2022,MCO,54.0,0,0,0.25,0.0,0.0,0.4217322857713136
"(('n', 'ćaćić', 'SRB'), ('t', 'brkić', 'BIH'))",Roland Garros_2022,BIH,46.0,0,1,0.8575000166893005,0.0,0.07086614173228346,0.2853937012942757
"(('a', 'behar', 'URY'), ('g', 'escobar', 'ECU'))",Roland Garros_2022,URY,43.0,0,1,1.0,0.0,0.16535433070866143,0.4305905524459411
"(('f', 'cerúndolo', 'ARG'), ('f', 'coria', 'ARG'))",Roland Garros_2022,ARG,351.0,1,1,1.0,0.05511811023622047,0.1732283464566929,0.4305905524459411
"(('h', 'heliövaara', 'FIN'), ('l', 'glasspool', 'GBR'))",Roland Garros_2022,GBR,62.0,0,0,0.0,0.031496062992125984,0.2283464566929134,0.3871653588479898
"(('a', 'mies', 'DEU'), ('k', 'krawietz', 'DEU'))",Roland Garros_2022,DEU,14.0,1,1,1.0,0.031496062992125984,0.031496062992125984,0.33358267774028105
"(('m', 'middelkoop', 'NLD'), ('r', 'bopanna', 'IND'))",Roland Garros_2022,IND,26.0,0,0,0.0,0.007874015748031496,0.2283464566929134,0.007874015748031496
"(('l', 'assche', 'FRA'), ('s', 'wayenburg', 'FRA'))",Roland Garros_2022,FRA,473.0,1,1,1.0,0.15748031496062992,0.1732283464566929,0.41476378183430573
"(('a', 'golubev', 'KAZ'), ('f', 'martin', 'FRA'))",Roland Garros_2022,KAZ,21.0,0,0,0.1024999991059303,0.015748031496062992,0.015748031496062992,0.12660944866617835
"(('f', 'alves', 'BRA'), ('s', 'báez', 'ARG'))",Roland Garros_2022,ARG,1055.0,0,0,0.75,0.05511811023622047,0.1732283464566929,0.4305905524459411
"(('r', 'haase', 'NLD'), ('r', 'klaasen', 'ZAF'))",Roland Garros_2022,NLD,59.0,0,0,0.0,0.047244094488188976,0.06299212598425197,0.33787401632295816
"(('g', 'simon', 'FRA'), ('h', 'gaston', 'FRA'))",Roland Garros_2022,FRA,220.0,1,1,1.0,0.15748031496062992,0.1732283464566929,0.41476378183430573
"(('m', 'pavić', 'HRV'), ('n', 'mektić', 'HRV'))",Roland Garros_2022,HRV,5.0,1,1,1.0,0.031496062992125984,0.07086614173228346,0.2898818897450064
"(('a', 'göransson', 'SWE'), ('b', 'mclachlan', 'JPN'))",Roland Garros_2022,SWE,66.0,0,0,0.0,0.0,0.015748031496062992,0.2977952761654779
"(('j', 'salisbury', 'GBR'), ('r', 'ram', 'USA'))",US Open_2022,USA,2.0,0,1,0.8875000476837158,0.1889763779527559,0.31496062992125984,0.48374607484406373
"(('c', 'rodriguez', 'COL'), ('f', 'coria', 'ARG'))",US Open_2022,ARG,1240.0,0,1,1.0,0.03937007874015748,0.18110236220472442,0.44663386059323634
"(('n', 'skupski', 'GBR'), ('w', 'koolhof', 'NLD'))",US Open_2022,NLD,4.0,0,0,0.5,0.023622047244094488,0.031496062992125984,0.33907480430180637
"(('s', 'johnson', 'USA'), ('s', 'querrey', 'USA'))",US Open_2022,USA,58.0,1,1,1.0,0.1889763779527559,0.31496062992125984,0.48374607484406373
"(('j', 'rojer', 'NLD'), ('m', 'arevalo', 'SLV'))",US Open_2022,SLV,6.0,0,0,0.25,0.0,0.18110236220472442,0.44663386059323634
"(('a', 'popyrin', 'AUS'), ('j', 'peers', 'AUS'))",US Open_2022,AUS,440.0,1,1,1.0,0.047244094488188976,0.31496062992125984,0.44797245031032035
"(('m', 'venus', 'NZL'), ('t', 'puetz', 'DEU'))",US Open_2022,DEU,8.0,0,0,0.5,0.023622047244094488,0.023622047244094488,0.3398818909159796
"(('a', 'golubev', 'KAZ'), ('p', 'martinez', 'ESP'))",US Open_2022,KAZ,46.0,0,0,0.1024999991059303,0.015748031496062992,0.023622047244094488,0.1238976383185762
"(('m', 'pavic', 'HRV'), ('n', 'mektic', 'HRV'))",US Open_2022,HRV,13.0,1,1,1.0,0.023622047244094488,0.047244094488188976,0.2745275590128786
"(('b', 'holt', 'USA'), ('g', 'nanda', 'USA'))",US Open_2022,USA,898.0,1,1,1.0,0.1889763779527559,0.31496062992125984,0.48374607484406373
"(('a', 'krajicek', 'USA'), ('i', 'dodig', 'HRV'))",US Open_2022,HRV,14.0,0,0,0.25,0.023622047244094488,0.047244094488188976,0.2745275590128786
"(('d', 'altmaier', 'DEU'), ('t', 'monteiro', 'BRA'))",US Open_2022,DEU,314.0,0,0,0.25,0.023622047244094488,0.023622047244094488,0.3398818909159796
"(('n', 'kyrgios', 'AUS'), ('t', 'kokkinakis', 'AUS'))",US Open_2022,AUS,23.0,1,1,1.0,0.047244094488188976,0.31496062992125984,0.44797245031032035
"(('h', 'gaston', 'FRA'), ('l', 'musetti', 'ITA'))",US Open_2022,FRA,271.0,0,0,0.5,0.06299212598425197,0.07086614173228346,0.3626181149083798
"(('b', 'soares', 'BRA'), ('j', 'murray', 'GBR'))",US Open_2022,GBR,15.0,0,0,0.25,0.031496062992125984,0.31496062992125984,0.44797245031032035
"(('h', 'reese', 'USA'), ('m', 'schnur', 'USA'))",US Open_2022,USA,79.0,1,1,1.0,0.1889763779527559,0.31496062992125984,0.48374607484406373
"(('h', 'heliovaara', 'FIN'), ('l', 'glasspool', 'GBR'))",US Open_2022,GBR,28.0,0,0,0.0,0.031496062992125984,0.31496062992125984,0.44797245031032035
"(('m', 'kecmanovic', 'SRB'), ('w', 'blumberg', 'USA'))",US Open_2022,USA,77.0,0,0,0.25,0.1889763779527559,0.31496062992125984,0.48374607484406373
"(('a', 'mies', 'DEU'), ('k', 'krawietz', 'DEU'))",US Open_2022,DEU,24.0,1,1,1.0,0.023622047244094488,0.023622047244094488,0.3398818909159796
"(('m', 'giron', 'USA'), ('m', 'mcdonald', 'USA'))",US Open_2022,USA,196.0,1,1,1.0,0.1889763779527559,0.31496062992125984,0.48374607484406373
"(('j', 'cabal', 'COL'), ('r', 'farah', 'COL'))",US Open_2022,COL,30.0,1,1,1.0,0.023622047244094488,0.18110236220472442,0.44663386059323634
"(('a', 'michelsen', 'USA'), ('s', 'gorzny', 'USA'))",US Open_2022,USA,948.0,1,1,1.0,0.1889763779527559,0.31496062992125984,0.48374607484406373
"(('f', 'fognini', 'ITA'), ('s', 'bolelli', 'ITA'))",US Open_2022,ITA,32.0,1,1,1.0,0.031496062992125984,0.031496062992125984,0.34131890230995465
"(('n', 'cacic', 'SRB'), ('r', 'ramanathan', 'IND'))",US Open_2022,SRB,56.0,0,0,0.0,0.007874015748031496,0.047244094488188976,0.27143700796318804
"(('a', 'behar', 'URY'), ('g', 'escobar', 'ECU'))",US Open_2022,URY,43.0,0,1,1.0,0.0,0.18110236220472442,0.44663386059323634
"(('a', 'ramos-vinolas', 'ESP'), ('b', 'miralles', 'ESP'))",US Open_2022,ESP,315.0,1,1,1.0,0.047244094488188976,0.18110236220472442,0.44663386059323634
"(('f', 'cabral', 'PRT'), ('n', 'borges', 'PRT'))",US Open_2022,PRT,82.0,1,1,1.0,0.015748031496062992,0.05511811023622047,0.4077559090106506
"(('m', 'reyes-varela', 'MEX'), ('n', 'barrientos', 'COL'))",US Open_2022,COL,68.0,0,1,1.0,0.023622047244094488,0.18110236220472442,0.44663386059323634
"(('a', 'bublik', 'KAZ'), ('h', 'rune', 'DNK'))",US Open_2022,KAZ,198.0,0,0,0.1024999991059303,0.015748031496062992,0.023622047244094488,0.1238976383185762
"(('d', 'kudla', 'USA'), ('f', 'tiafoe', 'USA'))",US Open_2022,USA,260.0,1,1,1.0,0.1889763779527559,0.31496062992125984,0.48374607484406373
"(('j', 'sousa', 'PRT'), ('m', 'demoliner', 'BRA'))",US Open_2022,BRA,160.0,0,1,1.0,0.031496062992125984,0.05511811023622047,0.4077559090106506
"(('h', 'zeballos', 'ARG'), ('m', 'granollers', 'ESP'))",US Open_2022,ESP,11.0,0,1,1.0,0.047244094488188976,0.18110236220472442,0.44663386059323634
"(('m', 'ebden', 'AUS'), ('m', 'purcell', 'AUS'))",US Open_2022,AUS,36.0,1,1,1.0,0.047244094488188976,0.31496062992125984,0.44797245031032035
"(('a', 'molteni', 'ARG'), ('s', 'gonzalez', 'MEX'))",US Open_2022,MEX,25.0,0,1,1.0,0.015748031496062992,0.18110236220472442,0.44663386059323634
"(('b', 'shelton', 'USA'), ('c', 'eubanks', 'USA'))",US Open_2022,USA,279.0,1,1,1.0,0.1889763779527559,0.31496062992125984,0.48374607484406373
"(('p', 'tsitsipas', 'GRC'), ('s', 'tsitsipas', 'GRC'))",US Open_2022,GRC,65.0,1,1,1.0,0.007874015748031496,0.007874015748031496,0.2327362204513212
"(('a', 'lawson', 'USA'), ('r', 'galloway', 'USA'))",US Open_2022,USA,94.0,1,1,1.0,0.1889763779527559,0.31496062992125984,0.48374607484406373
"(('a', 'bedene', 'SVN'), ('e', 'ruusuvuori', 'FIN'))",US Open_2022,SVN,533.0,0,0,0.0,0.0,0.0,0.26271653539083134
"(('e', 'quinn', 'USA'), ('n', 'godsick', 'USA'))",US Open_2022,USA,1124.0,1,1,1.0,0.1889763779527559,0.31496062992125984,0.48374607484406373
"(('h', 'verdugo', 'MEX'), ('n', 'basilashvili', 'GEO'))",US Open_2022,GEO,792.0,0,0,0.0,0.0,0.0,0.0
"(('a', 'goransson', 'SWE'), ('y', 'nishioka', 'JPN'))",US Open_2022,SWE,78.0,0,0,0.0,0.0,0.015748031496062992,0.3170669302860583
"(('b', 'mclachlan', 'JPN'), ('f', 'skugor', 'HRV'))",US Open_2022,JPN,70.0,0,0,0.0,0.007874015748031496,0.007874015748031496,0.007874015748031496
"(('p', 'oswald', 'AUT'), ('r', 'haase', 'NLD'))",US Open_2022,NLD,54.0,0,0,0.75,0.023622047244094488,0.031496062992125984,0.33907480430180637
"(('i', 'ivashka', 'BLR'), ('s', 'kwon', 'KOR'))",US Open_2022,BLR,540.0,0,0,0.0,0.0,0.007874015748031496,0.26559055109662333
"(('a', 'mannarino', 'FRA'), ('q', 'halys', 'FRA'))",US Open_2022,FRA,183.0,1,1,1.0,0.06299212598425197,0.07086614173228346,0.3626181149083798
"(('e', 'roger-vasselin', 'FRA'), ('n', 'mahut', 'FRA'))",US Open_2022,FRA,20.0,1,1,1.0,0.06299212598425197,0.07086614173228346,0.3626181149083798
"(('d', 'hidalgo', 'ECU'), ('f', 'reboul', 'FRA'))",US Open_2022,ECU,80.0,0,0,0.5,0.007874015748031496,0.18110236220472442,0.44663386059323634
"(('d', 'hernandez', 'ESP'), ('r', 'matos', 'BRA'))",US Open_2022,BRA,38.0,0,0,0.75,0.031496062992125984,0.05511811023622047,0.4077559090106506
"(('a', 'karatsev', 'RUS'), ('l', 'saville', 'AUS'))",US Open_2022,RUS,95.0,0,0,0.25,0.0,0.031496062992125984,0.26559055109662333
"(('l', 'kubot', 'POL'), ('s', 'gille', 'BEL'))",US Open_2022,BEL,69.0,0,0,0.25,0.0,0.11023622047244094,0.3550689002331786
"(('m', 'melo', 'BRA'), ('r', 'klaasen', 'ZAF'))",US Open_2022,ZAF,74.0,0,0,0.0,0.0,0.31496062992125984,0.0
"(('m', 'gonzalez', 'ARG'), ('t', 'brkic', 'BIH'))",US Open_2022,BIH,51.0,0,0,0.25,0.0,0.047244094488188976,0.2703149608505054
"(('j', 'withrow', 'USA'), ('n', 'lammons', 'USA'))",US Open_2022,USA,66.0,1,1,1.0,0.1889763779527559,0.31496062992125984,0.48374607484406373
"(('j', 'lehecka', 'CZE'), ('j', 'vesely', 'CZE'))",US Open_2022,CZE,423.0,1,1,1.0,0.007874015748031496,0.007874015748031496,0.2646850393278392
"(('f', 'lopez', 'ESP'), ('j', 'munar', 'ESP'))",US Open_2022,ESP,72.0,1,1,1.0,0.047244094488188976,0.18110236220472442,0.44663386059323634
"(('a', 'rinderknech', 'FRA'), ('b', 'bonzi', 'FRA'))",US Open_2022,FRA,125.0,1,1,1.0,0.06299212598425197,0.07086614173228346,0.3626181149083798
"(('k', 'smith', 'USA'), ('n', 'monroe', 'USA'))",US Open_2022,USA,210.0,1,1,1.0,0.1889763779527559,0.31496062992125984,0.48374607484406373
"(('a', 'molcan', 'SVK'), ('m', 'fucsovics', 'HUN'))",US Open_2022,HUN,312.0,0,0,0.0,0.0,0.0,0.003937007874015748
"(('a', 'nedovyesov', 'KAZ'), ('a', 'qureshi', 'PAK'))",US Open_2022,KAZ,57.0,0,0,0.1024999991059303,0.015748031496062992,0.023622047244094488,0.1238976383185762
"(('s', 'baez', 'ARG'), ('t', 'etcheverry', 'ARG'))",US Open_2022,ARG,1233.0,1,1,1.0,0.03937007874015748,0.18110236220472442,0.44663386059323634
"(('h', 'nys', 'MCO'), ('j', 'zielinski', 'POL'))",US Open_2022,MCO,61.0,0,0,0.25,0.0,0.0,0.36610236687688374
"(('f', 'martin', 'FRA'), ('j', ""o'mara"", 'GBR'))",US Open_2022,FRA,50.0,0,0,0.25,0.06299212598425197,0.07086614173228346,0.3626181149083798
"(('a', 'vavassori', 'ITA'), ('l', 'sonego', 'ITA'))",US Open_2022,ITA,81.0,1,1,1.0,0.031496062992125984,0.031496062992125984,0.34131890230995465
"(('m', 'middelkoop', 'NLD'), ('r', 'bopanna', 'IND'))",US Open_2022,IND,19.0,0,0,0.0,0.007874015748031496,0.31496062992125984,0.007874015748031496
"(('j', 'salisbury', 'GBR'), ('r', 'ram', 'USA'))",Wimbledon_2022,USA,2.0,0,1,0.8875000476837158,0.12598425196850394,0.3228346456692913,0.4946515902172862
"(('c', 'taberner', 'ESP'), ('d', 'altmaier', 'DEU'))",Wimbledon_2022,DEU,325.0,0,0,0.25,0.031496062992125984,0.031496062992125984,0.36505905590188786
"(('f', 'martin', 'FRA'), ('h', 'nys', 'MCO'))",Wimbledon_2022,FRA,50.0,0,1,1.0,0.08661417322834646,0.09448818897637795,0.38110236538207437
"(('m', 'gonzález', 'ARG'), ('n', 'lammons', 'USA'))",Wimbledon_2022,ARG,35.0,0,0,0.3625000119209289,0.05511811023622047,0.1968503937007874,0.4525196866210051
"(('a', 'nedovyesov', 'KAZ'), ('a', 'qureshi', 'PAK'))",Wimbledon_2022,KAZ,60.0,0,0,0.1024999991059303,0.007874015748031496,0.007874015748031496,0.11787992140908878
"(('j', 'duckworth', 'AUS'), ('m', 'giron', 'USA'))",Wimbledon_2022,AUS,222.0,0,1,0.8875000476837158,0.047244094488188976,0.3228346456692913,0.4739370142427955
"(('d', 'hernández', 'ESP'), ('r', 'matos', 'BRA'))",Wimbledon_2022,BRA,40.0,0,0,0.75,0.015748031496062992,0.03937007874015748,0.40812992363933503
"(('j', 'clarke', 'GBR'), ('l', 'broady', 'GBR'))",Wimbledon_2022,GBR,554.0,1,1,1.0,0.10236220472440945,0.3228346456692913,0.4739370142427955
"(('n', 'mahut', 'FRA'), ('é', 'roger-vasselin', 'FRA'))",Wimbledon_2022,FRA,18.0,1,1,1.0,0.08661417322834646,0.09448818897637795,0.38110236538207437
"(('f', 'cerúndolo', 'ARG'), ('t', 'etcheverry', 'ARG'))",Wimbledon_2022,ARG,388.0,1,1,1.0,0.05511811023622047,0.1968503937007874,0.4525196866210051
"(('h', 'verdugo', 'MEX'), ('p', 'oswald', 'AUT'))",Wimbledon_2022,MEX,62.0,0,0,0.25,0.015748031496062992,0.1968503937007874,0.4525196866210051
"(('h', 'reese', 'USA'), ('r', 'jebavý', 'CZE'))",Wimbledon_2022,CZE,71.0,0,0,0.25,0.0,0.0,0.2689763779245962
"(('s', 'walków', 'POL'), ('ł', 'kubot', 'POL'))",Wimbledon_2022,POL,112.0,1,1,1.0,0.023622047244094488,0.023622047244094488,0.2768503936726277
"(('f', 'lópez', 'ESP'), ('m', 'cressy', 'USA'))",Wimbledon_2022,USA,259.0,0,0,0.3625000119209289,0.12598425196850394,0.3228346456692913,0.4946515902172862
"(('a', 'krajicek', 'USA'), ('i', 'dodig', 'HRV'))",Wimbledon_2022,HRV,17.0,0,0,0.25,0.023622047244094488,0.05511811023622047,0.28472440942065924
"(('s', 'johnson', 'USA'), ('s', 'querrey', 'USA'))",Wimbledon_2022,USA,52.0,1,1,1.0,0.12598425196850394,0.3228346456692913,0.4946515902172862
"(('n', 'skupski', 'GBR'), ('w', 'koolhof', 'NLD'))",Wimbledon_2022,NLD,7.0,0,0,0.5,0.03937007874015748,0.047244094488188976,0.3662204732247225
"(('d', 'schwartzman', 'ARG'), ('f', 'bagnis', 'ARG'))",Wimbledon_2022,ARG,296.0,1,1,1.0,0.05511811023622047,0.1968503937007874,0.4525196866210051
"(('j', 'smith', 'AUS'), ('p', 'martínez', 'ESP'))",Wimbledon_2022,ESP,91.0,0,0,0.25,0.031496062992125984,0.1968503937007874,0.4525196866210051
"(('a', 'golubev', 'KAZ'), ('d', 'molchanov', 'UKR'))",Wimbledon_2022,KAZ,39.0,0,0,0.3382500112056732,0.007874015748031496,0.007874015748031496,0.11787992140908878
"(('j', 'vliegen', 'BEL'), ('j', 'withrow', 'USA'))",Wimbledon_2022,BEL,56.0,0,0,0.3907500132918358,0.0,0.14960629921259844,0.37866338759191387
"(('a', 'gray', 'GBR'), ('r', 'peniston', 'GBR'))",Wimbledon_2022,GBR,305.0,1,1,1.0,0.10236220472440945,0.3228346456692913,0.4739370142427955
"(('m', 'ebden', 'AUS'), ('m', 'purcell', 'AUS'))",Wimbledon_2022,AUS,31.0,1,1,1.0,0.047244094488188976,0.3228346456692913,0.4739370142427955
"(('a', 'göransson', 'SWE'), ('b', 'mclachlan', 'JPN'))",Wimbledon_2022,SWE,66.0,0,0,0.0,0.0,0.007874015748031496,0.3343700795239351
"(('b', 'soares', 'BRA'), ('j', 'murray', 'GBR'))",Wimbledon_2022,GBR,21.0,0,0,0.25,0.10236220472440945,0.3228346456692913,0.4739370142427955
"(('a', 'rinderknech', 'FRA'), ('b', 'bonzi', 'FRA'))",Wimbledon_2022,FRA,156.0,1,1,1.0,0.08661417322834646,0.09448818897637795,0.38110236538207437
"(('a', 'vavassori', 'ITA'), ('n', 'ćaćić', 'SRB'))",Wimbledon_2022,SRB,58.0,0,0,0.25,0.015748031496062992,0.05511811023622047,0.28360236230797653
"(('f', 'delbonis', 'ARG'), ('s', 'báez', 'ARG'))",Wimbledon_2022,ARG,1127.0,1,1,1.0,0.05511811023622047,0.1968503937007874,0.4525196866210051
"(('j', 'sousa', 'PRT'), ('j', 'thompson', 'AUS'))",Wimbledon_2022,PRT,226.0,0,0,0.25,0.015748031496062992,0.03937007874015748,0.40812992363933503
"(('l', 'saville', 'AUS'), ('m', 'middelkoop', 'NLD'))",Wimbledon_2022,NLD,25.0,0,0,0.5,0.03937007874015748,0.047244094488188976,0.3662204732247225
"(('f', 'polášek', 'SVK'), ('j', 'peers', 'AUS'))",Wimbledon_2022,AUS,16.0,0,0,0.25,0.047244094488188976,0.3228346456692913,0.4739370142427955
"(('b', 'zandschulp', 'NLD'), ('m', 'mcdonald', 'USA'))",Wimbledon_2022,USA,187.0,0,0,0.4625000059604645,0.12598425196850394,0.3228346456692913,0.4946515902172862
"(('j', 'cabal', 'COL'), ('r', 'farah', 'COL'))",Wimbledon_2022,COL,12.0,1,1,1.0,0.023622047244094488,0.1968503937007874,0.4525196866210051
"(('a', 'mannarino', 'FRA'), ('u', 'humbert', 'FRA'))",Wimbledon_2022,FRA,541.0,1,1,1.0,0.08661417322834646,0.09448818897637795,0.38110236538207437
"(('f', 'cabral', 'PRT'), ('n', 'borges', 'PRT'))",Wimbledon_2022,PRT,90.0,1,1,1.0,0.015748031496062992,0.03937007874015748,0.40812992363933503
"(('f', 'škugor', 'HRV'), ('t', 'huey', 'PHL'))",Wimbledon_2022,PHL,108.0,0,0,0.0,0.0,0.3228346456692913,0.0
"(('n', 'basilashvili', 'GEO'), ('r', 'albot', 'MDA'))",Wimbledon_2022,MDA,204.0,0,0,0.0,0.0,0.0,0.3322440976655389
"(('q', 'halys', 'FRA'), ('s', 'arends', 'NLD'))",Wimbledon_2022,NLD,103.0,0,0,0.25,0.03937007874015748,0.047244094488188976,0.3662204732247225
"(('c', 'rodríguez', 'COL'), ('d', 'hidalgo', 'ECU'))",Wimbledon_2022,ECU,94.0,0,1,1.0,0.007874015748031496,0.1968503937007874,0.4525196866210051
"(('a', 'bedene', 'SVN'), ('s', 'kwon', 'KOR'))",Wimbledon_2022,SVN,533.0,0,0,0.0,0.0,0.0,0.2689763779245962
"(('a', 'molteni', 'ARG'), ('s', 'gonzález', 'MEX'))",Wimbledon_2022,MEX,28.0,0,1,1.0,0.015748031496062992,0.1968503937007874,0.4525196866210051
"(('h', 'patten', 'GBR'), ('j', 'cash', 'GBR'))",Wimbledon_2022,GBR,155.0,1,1,1.0,0.10236220472440945,0.3228346456692913,0.4739370142427955
"(('m', 'schnur', 'USA'), ('r', 'galloway', 'USA'))",Wimbledon_2022,USA,95.0,1,1,1.0,0.12598425196850394,0.3228346456692913,0.4946515902172862
"(('o', 'otte', 'DEU'), ('t', 'griekspoor', 'NLD'))",Wimbledon_2022,NLD,482.0,0,0,0.75,0.03937007874015748,0.047244094488188976,0.3662204732247225
"(('j', 'zieliński', 'POL'), ('k', 'majchrzak', 'POL'))",Wimbledon_2022,POL,959.0,1,1,1.0,0.023622047244094488,0.023622047244094488,0.2768503936726277
"(('d', 'lajović', 'SRB'), ('l', 'djere', 'SRB'))",Wimbledon_2022,SRB,353.0,1,1,1.0,0.015748031496062992,0.05511811023622047,0.28360236230797653
"(('d', 'kudla', 'USA'), ('j', 'sock', 'USA'))",Wimbledon_2022,USA,253.0,1,1,1.0,0.12598425196850394,0.3228346456692913,0.4946515902172862
"(('j', 'rojer', 'NLD'), ('m', 'arévalo', 'SLV'))",Wimbledon_2022,SLV,10.0,0,0,0.25,0.0,0.1968503937007874,0.4525196866210051
"(('m', 'melo', 'BRA'), ('r', 'klaasen', 'ZAF'))",Wimbledon_2022,ZAF,51.0,0,0,0.0,0.0,0.3228346456692913,0.0
"(('m', 'venus', 'NZL'), ('t', 'pütz', 'DEU'))",Wimbledon_2022,DEU,14.0,0,0,0.5,0.031496062992125984,0.031496062992125984,0.36505905590188786
"(('j', ""o'mara"", 'GBR'), ('k', 'skupski', 'GBR'))",Wimbledon_2022,GBR,72.0,1,1,1.0,0.10236220472440945,0.3228346456692913,0.4739370142427955
"(('a', 'tabilo', 'CHL'), ('j', 'peralta', 'CHL'))",Wimbledon_2022,CHL,535.0,1,1,1.0,0.007874015748031496,0.1968503937007874,0.4525196866210051
"(('a', 'fery', 'GBR'), ('f', 'gill', 'GBR'))",Wimbledon_2022,GBR,619.0,1,1,1.0,0.10236220472440945,0.3228346456692913,0.4739370142427955
"(('a', 'behar', 'URY'), ('g', 'escobar', 'ECU'))",Wimbledon_2022,URY,45.0,0,1,1.0,0.0,0.1968503937007874,0.4525196866210051
"(('a', 'mies', 'DEU'), ('k', 'krawietz', 'DEU'))",Wimbledon_2022,DEU,23.0,1,1,1.0,0.031496062992125984,0.031496062992125984,0.36505905590188786
"(('f', 'reboul', 'FRA'), ('s', 'doumbia', 'FRA'))",Wimbledon_2022,FRA,75.0,1,1,1.0,0.08661417322834646,0.09448818897637795,0.38110236538207437
"(('h', 'heliövaara', 'FIN'), ('l', 'glasspool', 'GBR'))",Wimbledon_2022,GBR,43.0,0,0,0.0,0.10236220472440945,0.3228346456692913,0.4739370142427955
"(('h', 'gaston', 'FRA'), ('l', 'musetti', 'ITA'))",Wimbledon_2022,FRA,261.0,0,0,0.5,0.08661417322834646,0.09448818897637795,0.38110236538207437
"(('c', 'ruud', 'NOR'), ('w', 'blumberg', 'USA'))",Wimbledon_2022,USA,113.0,0,0,0.4625000059604645,0.12598425196850394,0.3228346456692913,0.4946515902172862
"(('m', 'reyes-varela', 'MEX'), ('n', 'barrientos', 'COL'))",Wimbledon_2022,COL,82.0,0,1,1.0,0.023622047244094488,0.1968503937007874,0.4525196866210051
"(('n', 'monroe', 'USA'), ('t', 'paul', 'USA'))",Wimbledon_2022,USA,128.0,1,1,1.0,0.12598425196850394,0.3228346456692913,0.4946515902172862
"(('r', 'ramanathan', 'IND'), ('t', 'brkić', 'BIH'))",Wimbledon_2022,BIH,57.0,0,0,0.0,0.0,0.05511811023622047,0.2813582680826112
"(('m', 'pavić', 'HRV'), ('n', 'mektić', 'HRV'))",Wimbledon_2022,HRV,6.0,1,1,1.0,0.023622047244094488,0.05511811023622047,0.28472440942065924
"(('a', 'viñolas', 'ESP'), ('b', 'paire', 'FRA'))",Wimbledon_2022,FRA,137.0,0,0,0.5,0.08661417322834646,0.09448818897637795,0.38110236538207437
"(('n', 'skupski', 'GBR'), ('w', 'koolhof', 'NLD'))",Australian Open_2023,NLD,3.0,0,0,0.5,0.023622047244094488,0.03937007874015748,0.33645669343199314
"(('a', 'bublik', 'KAZ'), ('j', 'smith', 'AUS'))",Australian Open_2023,KAZ,179.0,0,0,0.1024999991059303,0.015748031496062992,0.023622047244094488,0.117876771309479
"(('j', 'salisbury', 'GBR'), ('r', 'ram', 'USA'))",Australian Open_2023,USA,1.0,0,1,0.8875000476837158,0.06299212598425197,0.2992125984251969,0.43764765349429424
"(('c', 'lestienne', 'FRA'), ('m', 'giron', 'USA'))",Australian Open_2023,USA,211.0,0,0,0.2875000238418579,0.06299212598425197,0.2992125984251969,0.43764765349429424
"(('j', 'rojer', 'NLD'), ('m', 'arevalo', 'SLV'))",Australian Open_2023,SLV,6.0,0,0,0.25,0.0,0.2204724409448819,0.4582283474117752
"(('d', 'hidalgo', 'ECU'), ('e', 'ruusuvuori', 'FIN'))",Australian Open_2023,ECU,75.0,0,0,0.0,0.007874015748031496,0.2204724409448819,0.4582283474117752
"(('m', 'pavic', 'HRV'), ('n', 'mektic', 'HRV'))",Australian Open_2023,HRV,8.0,1,1,1.0,0.023622047244094488,0.05511811023622047,0.265748031496063
"(('a', 'molteni', 'ARG'), ('m', 'gonzalez', 'ARG'))",Australian Open_2023,ARG,45.0,1,1,1.0,0.08661417322834646,0.23622047244094488,0.4582283474117752
"(('h', 'heliovaara', 'FIN'), ('l', 'glasspool', 'GBR'))",Australian Open_2023,GBR,12.0,0,0,0.0,0.03937007874015748,0.2992125984251969,0.4200393735165671
"(('j', 'withrow', 'USA'), ('n', 'lammons', 'USA'))",Australian Open_2023,USA,41.0,1,1,1.0,0.06299212598425197,0.2992125984251969,0.43764765349429424
"(('h', 'zeballos', 'ARG'), ('m', 'granollers', 'ESP'))",Australian Open_2023,ESP,16.0,0,1,1.0,0.03937007874015748,0.2283464566929134,0.4582283474117752
"(('l', 'martinez', 'CHE'), ('s', 'baez', 'ARG'))",Australian Open_2023,ARG,826.0,0,0,0.3149999976158142,0.08661417322834646,0.23622047244094488,0.4582283474117752
"(('j', 'murray', 'GBR'), ('m', 'venus', 'NZL'))",Australian Open_2023,GBR,35.0,0,1,1.0,0.03937007874015748,0.2992125984251969,0.4200393735165671
"(('c', 'rodriguez', 'COL'), ('h', 'reese', 'USA'))",Australian Open_2023,COL,77.0,0,0,0.3625000119209289,0.023622047244094488,0.2204724409448819,0.4582283474117752
"(('j', 'cabal', 'COL'), ('r', 'farah', 'COL'))",Australian Open_2023,COL,27.0,1,1,1.0,0.023622047244094488,0.2204724409448819,0.4582283474117752
"(('d', 'altmaier', 'DEU'), ('j', 'varillas', 'PER'))",Australian Open_2023,DEU,332.0,0,0,0.25,0.015748031496062992,0.015748031496062992,0.3409842525246575
"(('a', 'mies', 'DEU'), ('j', 'peers', 'AUS'))",Australian Open_2023,DEU,22.0,0,0,0.5,0.015748031496062992,0.015748031496062992,0.3409842525246575
"(('s', 'myneni', 'IND'), ('y', 'bhambri', 'IND'))",Australian Open_2023,IND,90.0,1,1,1.0,0.03937007874015748,0.2992125984251969,0.03937007874015748
"(('e', 'roger-vasselin', 'FRA'), ('s', 'gonzalez', 'MEX'))",Australian Open_2023,MEX,30.0,0,0,0.5,0.015748031496062992,0.2204724409448819,0.4582283474117752
"(('a', 'karatsev', 'RUS'), ('d', 'lajovic', 'SRB'))",Australian Open_2023,RUS,178.0,0,0,0.5,0.0,0.023622047244094488,0.2509055117687841
"(('m', 'middelkoop', 'NLD'), ('r', 'haase', 'NLD'))",Australian Open_2023,NLD,42.0,1,1,1.0,0.023622047244094488,0.03937007874015748,0.33645669343199314
"(('h', 'dellien', 'BOL'), ('r', 'baena', 'ESP'))",Australian Open_2023,ESP,241.0,0,1,0.5400000214576721,0.03937007874015748,0.2283464566929134,0.4582283474117752
"(('a', 'behar', 'URY'), ('n', 'barrientos', 'COL'))",Australian Open_2023,COL,66.0,0,1,1.0,0.023622047244094488,0.2204724409448819,0.4582283474117752
"(('n', 'mahut', 'FRA'), ('t', 'puetz', 'DEU'))",Australian Open_2023,FRA,47.0,0,0,0.25,0.08661417322834646,0.10236220472440945,0.3792913402229782
"(('a', 'bolt', 'AUS'), ('l', 'saville', 'AUS'))",Australian Open_2023,AUS,897.0,1,1,1.0,0.11023622047244094,0.2992125984251969,0.4200393735165671
"(('d', 'schwartzman', 'ARG'), ('f', 'coria', 'ARG'))",Australian Open_2023,ARG,1240.0,1,1,1.0,0.08661417322834646,0.23622047244094488,0.4582283474117752
"(('a', 'rinderknech', 'FRA'), ('b', 'bonzi', 'FRA'))",Australian Open_2023,FRA,205.0,1,1,1.0,0.08661417322834646,0.10236220472440945,0.3792913402229782
"(('a', 'vukic', 'AUS'), ('j', 'millman', 'AUS'))",Australian Open_2023,AUS,1067.0,1,1,1.0,0.11023622047244094,0.2992125984251969,0.4200393735165671
"(('g', 'escobar', 'ECU'), ('t', 'brkic', 'BIH'))",Australian Open_2023,BIH,65.0,0,0,0.25,0.0,0.05511811023622047,0.262381890158015
"(('i', 'sabanov', 'SRB'), ('m', 'sabanov', 'HRV'))",Australian Open_2023,SRB,92.0,0,1,0.75,0.015748031496062992,0.05511811023622047,0.2646259843833803
"(('a', 'qureshi', 'PAK'), ('n', 'cacic', 'SRB'))",Australian Open_2023,SRB,82.0,0,0,0.25,0.015748031496062992,0.05511811023622047,0.2646259843833803
"(('f', 'cabral', 'PRT'), ('j', 'sousa', 'PRT'))",Australian Open_2023,PRT,55.0,1,1,1.0,0.007874015748031496,0.031496062992125984,0.40529527704312107
"(('h', 'patten', 'GBR'), ('j', 'cash', 'GBR'))",Australian Open_2023,GBR,64.0,1,1,1.0,0.03937007874015748,0.2992125984251969,0.4200393735165671
"(('g', 'pella', 'ARG'), ('p', 'cachin', 'ARG'))",Australian Open_2023,ARG,316.0,1,1,1.0,0.08661417322834646,0.23622047244094488,0.4582283474117752
"(('f', 'martin', 'FRA'), ('j', 'chardy', 'FRA'))",Australian Open_2023,FRA,815.0,1,1,1.0,0.08661417322834646,0.10236220472440945,0.3792913402229782
"(('a', 'olivetti', 'FRA'), ('m', 'cressy', 'USA'))",Australian Open_2023,USA,138.0,0,0,0.2875000238418579,0.06299212598425197,0.2992125984251969,0.43764765349429424
"(('a', 'vavassori', 'ITA'), ('m', 'demoliner', 'BRA'))",Australian Open_2023,BRA,125.0,0,0,0.5,0.015748031496062992,0.031496062992125984,0.40529527704312107
"(('j', 'vliegen', 'BEL'), ('s', 'gille', 'BEL'))",Australian Open_2023,BEL,52.0,1,1,1.0,0.007874015748031496,0.15748031496062992,0.36321732381314725
"(('f', 'reboul', 'FRA'), ('s', 'doumbia', 'FRA'))",Australian Open_2023,FRA,60.0,1,1,1.0,0.08661417322834646,0.10236220472440945,0.3792913402229782
"(('f', 'fognini', 'ITA'), ('s', 'bolelli', 'ITA'))",Australian Open_2023,ITA,23.0,1,1,1.0,0.015748031496062992,0.015748031496062992,0.3346456710067321
"(('a', 'erler', 'AUT'), ('l', 'miedler', 'AUT'))",Australian Open_2023,AUT,50.0,1,1,1.0,0.015748031496062992,0.031496062992125984,0.3409842525246575
"(('m', 'ebden', 'AUS'), ('r', 'bopanna', 'IND'))",Australian Open_2023,IND,19.0,0,1,0.0,0.03937007874015748,0.2992125984251969,0.03937007874015748
"(('a', 'golubev', 'KAZ'), ('a', 'nedovyesov', 'KAZ'))",Australian Open_2023,KAZ,49.0,1,1,1.0,0.015748031496062992,0.023622047244094488,0.117876771309479
"(('d', 'sweeny', 'AUS'), ('l', 'tu', 'AUS'))",Australian Open_2023,AUS,160.0,1,1,1.0,0.11023622047244094,0.2992125984251969,0.4200393735165671
"(('a', 'goransson', 'SWE'), ('m', 'huesler', 'CHE'))",Australian Open_2023,SWE,68.0,0,0,0.4350000023841858,0.0,0.015748031496062992,0.3052755910322422
"(('a', 'mannarino', 'FRA'), ('q', 'halys', 'FRA'))",Australian Open_2023,FRA,149.0,1,1,1.0,0.08661417322834646,0.10236220472440945,0.3792913402229782
"(('l', 'harris', 'ZAF'), ('r', 'klaasen', 'ZAF'))",Australian Open_2023,ZAF,154.0,1,1,1.0,0.007874015748031496,0.2992125984251969,0.007874015748031496
"(('p', 'martinez', 'ESP'), ('t', 'monteiro', 'BRA'))",Australian Open_2023,BRA,404.0,0,0,0.75,0.015748031496062992,0.031496062992125984,0.40529527704312107
"(('j', 'kubler', 'AUS'), ('r', 'hijikata', 'AUS'))",Australian Open_2023,AUS,277.0,1,1,1.0,0.11023622047244094,0.2992125984251969,0.4200393735165671
"(('h', 'verdugo', 'MEX'), ('j', 'isner', 'USA'))",Australian Open_2023,MEX,102.0,0,0,0.3625000119209289,0.015748031496062992,0.2204724409448819,0.4582283474117752
"(('a', 'molcan', 'SVK'), ('j', 'lehecka', 'CZE'))",Australian Open_2023,CZE,1057.0,0,0,0.75,0.0,0.0,0.24803149606299213
"(('f', 'cerundolo', 'ARG'), ('t', 'etcheverry', 'ARG'))",Australian Open_2023,ARG,209.0,1,1,1.0,0.08661417322834646,0.23622047244094488,0.4582283474117752
"(('b', 'mclachlan', 'JPN'), ('y', 'nishioka', 'JPN'))",Australian Open_2023,JPN,70.0,1,1,1.0,0.007874015748031496,0.007874015748031496,0.007874015748031496
"(('a', 'ramos-vinolas', 'ESP'), ('b', 'miralles', 'ESP'))",Australian Open_2023,ESP,333.0,1,1,1.0,0.03937007874015748,0.2283464566929134,0.4582283474117752
"(('j', 'nedunchezhiyan', 'IND'), ('n', 'balaji', 'IND'))",Australian Open_2023,IND,100.0,1,1,1.0,0.03937007874015748,0.2992125984251969,0.03937007874015748
"(('a', 'krajicek', 'USA'), ('i', 'dodig', 'HRV'))",Australian Open_2023,HRV,10.0,0,0,0.25,0.023622047244094488,0.05511811023622047,0.265748031496063
"(('h', 'nys', 'MCO'), ('j', 'zielinski', 'POL'))",Australian Open_2023,MCO,40.0,0,0,0.25,0.0,0.0,0.39500000175293976
"(('d', 'hernandez', 'ESP'), ('r', 'matos', 'BRA'))",Australian Open_2023,BRA,29.0,0,0,0.75,0.015748031496062992,0.031496062992125984,0.40529527704312107
"(('a', 'popyrin', 'AUS'), ('m', 'polmans', 'AUS'))",Australian Open_2023,AUS,1074.0,1,1,1.0,0.11023622047244094,0.2992125984251969,0.4200393735165671
"(('f', 'bagnis', 'ARG'), ('r', 'galloway', 'USA'))",Australian Open_2023,ARG,817.0,0,0,0.3625000119209289,0.08661417322834646,0.23622047244094488,0.4582283474117752
"(('j', 'thompson', 'AUS'), ('m', 'purcell', 'AUS'))",Australian Open_2023,AUS,33.0,1,1,1.0,0.11023622047244094,0.2992125984251969,0.4200393735165671
"(('g', 'duran', 'ARG'), ('p', 'oswald', 'AUT'))",Australian Open_2023,ARG,72.0,0,0,0.25,0.08661417322834646,0.23622047244094488,0.4582283474117752
"(('p', 'tsitsipas', 'GRC'), ('s', 'tsitsipas', 'GRC'))",Australian Open_2023,GRC,73.0,1,1,1.0,0.007874015748031496,0.007874015748031496,0.22789370080852134
"(('m', 'reyes-varela', 'MEX'), ('r', 'ramanathan', 'IND'))",Australian Open_2023,MEX,62.0,0,0,0.0,0.015748031496062992,0.2204724409448819,0.4582283474117752
"(('n', 'skupski', 'GBR'), ('w', 'koolhof', 'NLD'))",Roland Garros_2023,NLD,1.0,0,0,0.5,0.03937007874015748,0.05511811023622047,0.34403543363640626
"(('a', 'golubev', 'KAZ'), ('g', 'escobar', 'ECU'))",Roland Garros_2023,ECU,55.0,0,0,0.1024999991059303,0.007874015748031496,0.1889763779527559,0.45714567034028647
"(('j', 'salisbury', 'GBR'), ('r', 'ram', 'USA'))",Roland Garros_2023,USA,3.0,0,1,0.8875000476837158,0.07086614173228346,0.2440944881889764,0.41481300707407825
"(('g', 'pella', 'ARG'), ('h', 'dellien', 'BOL'))",Roland Garros_2023,BOL,224.0,0,1,0.5400000214576721,0.0,0.12598425196850394,0.24881457775479224
"(('j', 'rojer', 'NLD'), ('m', 'arevalo', 'SLV'))",Roland Garros_2023,SLV,6.0,0,0,0.25,0.0,0.1889763779527559,0.45714567034028647
"(('p', 'tsitsipas', 'GRC'), ('s', 'tsitsipas', 'GRC'))",Roland Garros_2023,GRC,159.0,1,1,1.0,0.007874015748031496,0.007874015748031496,0.22789370080852134
"(('a', 'krajicek', 'USA'), ('i', 'dodig', 'HRV'))",Roland Garros_2023,HRV,8.0,0,0,0.25,0.015748031496062992,0.023622047244094488,0.24803149606299213
"(('g', 'duran', 'ARG'), ('s', 'baez', 'ARG'))",Roland Garros_2023,ARG,850.0,1,1,1.0,0.06299212598425197,0.2047244094488189,0.45714567034028647
"(('h', 'heliovaara', 'FIN'), ('l', 'glasspool', 'GBR'))",Roland Garros_2023,GBR,10.0,0,0,0.0,0.03937007874015748,0.2440944881889764,0.3896259880652578
"(('a', 'erler', 'AUT'), ('l', 'miedler', 'AUT'))",Roland Garros_2023,AUT,34.0,1,1,1.0,0.023622047244094488,0.03937007874015748,0.34856299272907065
"(('h', 'nys', 'MCO'), ('j', 'zielinski', 'POL'))",Roland Garros_2023,MCO,14.0,0,0,0.25,0.007874015748031496,0.007874015748031496,0.4484448838304347
"(('e', 'roger-vasselin', 'FRA'), ('s', 'gonzalez', 'MEX'))",Roland Garros_2023,MEX,18.0,0,0,0.5,0.007874015748031496,0.1889763779527559,0.45714567034028647
"(('a', 'goransson', 'SWE'), ('b', 'mclachlan', 'JPN'))",Roland Garros_2023,SWE,62.0,0,0,0.0,0.0,0.007874015748031496,0.30104330761460807
"(('h', 'zeballos', 'ARG'), ('m', 'granollers', 'ESP'))",Roland Garros_2023,ESP,22.0,0,1,1.0,0.03937007874015748,0.1968503937007874,0.45714567034028647
"(('b', 'stevens', 'NLD'), ('t', 'griekspoor', 'NLD'))",Roland Garros_2023,NLD,188.0,1,1,1.0,0.03937007874015748,0.05511811023622047,0.34403543363640626
"(('k', 'krawietz', 'DEU'), ('t', 'puetz', 'DEU'))",Roland Garros_2023,DEU,26.0,1,1,1.0,0.023622047244094488,0.023622047244094488,0.34856299272907065
"(('v', 'cornea', 'ROU'), ('z', 'zhang', 'CHN'))",Roland Garros_2023,ROU,89.0,0,0,0.0,0.0,0.0,0.34084645859603807
"(('a', 'mies', 'DEU'), ('m', 'middelkoop', 'NLD'))",Roland Garros_2023,NLD,24.0,0,0,0.75,0.03937007874015748,0.05511811023622047,0.34403543363640626
"(('a', 'bublik', 'KAZ'), ('m', 'fucsovics', 'HUN'))",Roland Garros_2023,KAZ,158.0,0,0,0.0,0.015748031496062992,0.015748031496062992,0.11464842493961175
"(('j', 'murray', 'GBR'), ('m', 'venus', 'NZL'))",Roland Garros_2023,GBR,36.0,0,1,1.0,0.03937007874015748,0.2440944881889764,0.3896259880652578
"(('d', 'hernandez', 'ESP'), ('d', 'hidalgo', 'ECU'))",Roland Garros_2023,ECU,109.0,0,1,1.0,0.007874015748031496,0.1889763779527559,0.45714567034028647
"(('a', 'molteni', 'ARG'), ('m', 'gonzalez', 'ARG'))",Roland Garros_2023,ARG,30.0,1,1,1.0,0.06299212598425197,0.2047244094488189,0.45714567034028647
"(('f', 'martin', 'FRA'), ('j', 'chardy', 'FRA'))",Roland Garros_2023,FRA,111.0,1,1,1.0,0.15748031496062992,0.1732283464566929,0.43273622230047315
"(('r', 'arneodo', 'MCO'), ('s', 'weissborn', 'AUT'))",Roland Garros_2023,MCO,51.0,0,0,0.25,0.007874015748031496,0.007874015748031496,0.4484448838304347
"(('p', 'oswald', 'AUT'), ('r', 'haase', 'NLD'))",Roland Garros_2023,NLD,29.0,0,0,0.75,0.03937007874015748,0.05511811023622047,0.34403543363640626
"(('l', 'sanchez', 'FRA'), ('t', 'arribage', 'FRA'))",Roland Garros_2023,FRA,138.0,1,1,1.0,0.15748031496062992,0.1732283464566929,0.43273622230047315
"(('a', 'fils', 'FRA'), ('g', 'perricard', 'FRA'))",Roland Garros_2023,FRA,502.0,1,1,1.0,0.15748031496062992,0.1732283464566929,0.43273622230047315
"(('n', 'barrientos', 'COL'), ('r', 'galloway', 'USA'))",Roland Garros_2023,COL,71.0,0,0,0.3625000119209289,0.015748031496062992,0.1889763779527559,0.45714567034028647
"(('a', 'olivetti', 'FRA'), ('d', 'added', 'FRA'))",Roland Garros_2023,FRA,98.0,1,1,1.0,0.15748031496062992,0.1732283464566929,0.43273622230047315
"(('a', 'behar', 'URY'), ('a', 'pavlasek', 'CZE'))",Roland Garros_2023,URY,68.0,0,0,0.25,0.0,0.1889763779527559,0.45714567034028647
"(('a', 'ramos-vinolas', 'ESP'), ('b', 'miralles', 'ESP'))",Roland Garros_2023,ESP,560.0,1,1,1.0,0.03937007874015748,0.1968503937007874,0.45714567034028647
"(('s', 'myneni', 'IND'), ('y', 'bhambri', 'IND'))",Roland Garros_2023,IND,75.0,1,1,1.0,0.031496062992125984,0.2440944881889764,0.031496062992125984
"(('a', 'rinderknech', 'FRA'), ('e', 'couacaud', 'FRA'))",Roland Garros_2023,FRA,229.0,1,1,1.0,0.15748031496062992,0.1732283464566929,0.43273622230047315
"(('f', 'fognini', 'ITA'), ('s', 'bolelli', 'ITA'))",Roland Garros_2023,ITA,46.0,1,1,1.0,0.015748031496062992,0.015748031496062992,0.34872047434406955
"(('j', 'struff', 'DEU'), ('t', 'kokkinakis', 'AUS'))",Roland Garros_2023,AUS,80.0,0,0,0.5,0.05511811023622047,0.2440944881889764,0.3896259880652578
"(('j', 'cabal', 'COL'), ('r', 'farah', 'COL'))",Roland Garros_2023,COL,49.0,1,1,1.0,0.015748031496062992,0.1889763779527559,0.45714567034028647
"(('g', 'andreozzi', 'ARG'), ('t', 'etcheverry', 'ARG'))",Roland Garros_2023,ARG,77.0,1,1,1.0,0.06299212598425197,0.2047244094488189,0.45714567034028647
"(('f', 'cabral', 'PRT'), ('r', 'matos', 'BRA'))",Roland Garros_2023,PRT,57.0,0,1,1.0,0.0,0.031496062992125984,0.4117913401760454
"(('j', 'kubler', 'AUS'), ('r', 'hijikata', 'AUS'))",Roland Garros_2023,AUS,33.0,1,1,1.0,0.05511811023622047,0.2440944881889764,0.3896259880652578
"(('p', 'cachin', 'ARG'), ('y', 'wu', 'CHN'))",Roland Garros_2023,ARG,847.0,0,0,0.0,0.06299212598425197,0.2047244094488189,0.45714567034028647
"(('l', 'assche', 'FRA'), ('s', 'wayenburg', 'FRA'))",Roland Garros_2023,FRA,453.0,1,1,1.0,0.15748031496062992,0.1732283464566929,0.43273622230047315
"(('j', 'munar', 'ESP'), ('r', 'baena', 'ESP'))",Roland Garros_2023,ESP,253.0,1,1,1.0,0.03937007874015748,0.1968503937007874,0.45714567034028647
"(('l', 'harris', 'ZAF'), ('r', 'klaasen', 'ZAF'))",Roland Garros_2023,ZAF,279.0,1,1,1.0,0.007874015748031496,0.2440944881889764,0.007874015748031496
"(('f', 'reboul', 'FRA'), ('s', 'doumbia', 'FRA'))",Roland Garros_2023,FRA,47.0,1,1,1.0,0.15748031496062992,0.1732283464566929,0.43273622230047315
"(('m', 'ebden', 'AUS'), ('r', 'bopanna', 'IND'))",Roland Garros_2023,IND,9.0,0,1,0.0,0.031496062992125984,0.2440944881889764,0.031496062992125984
"(('h', 'mayot', 'FRA'), ('j', 'eysseric', 'FRA'))",Roland Garros_2023,FRA,113.0,1,1,1.0,0.15748031496062992,0.1732283464566929,0.43273622230047315
"(('c', 'eubanks', 'USA'), ('j', 'smith', 'AUS'))",Roland Garros_2023,USA,278.0,0,1,0.8875000476837158,0.07086614173228346,0.2440944881889764,0.41481300707407825
"(('j', 'vliegen', 'BEL'), ('s', 'gille', 'BEL'))",Roland Garros_2023,BEL,41.0,1,1,1.0,0.007874015748031496,0.25196850393700787,0.3930854341540279
"(('m', 'pavic', 'HRV'), ('n', 'mektic', 'HRV'))",Roland Garros_2023,HRV,15.0,1,1,1.0,0.015748031496062992,0.023622047244094488,0.24803149606299213
"(('m', 'giron', 'USA'), ('m', 'mcdonald', 'USA'))",Roland Garros_2023,USA,559.0,1,1,1.0,0.07086614173228346,0.2440944881889764,0.41481300707407825
"(('n', 'mahut', 'FRA'), ('p', 'herbert', 'FRA'))",Roland Garros_2023,FRA,397.0,1,1,1.0,0.15748031496062992,0.1732283464566929,0.43273622230047315
"(('m', 'huesler', 'CHE'), ('n', 'jarry', 'CHL'))",Roland Garros_2023,CHE,291.0,0,0,0.3149999976158142,0.007874015748031496,0.007874015748031496,0.383733069669074
"(('a', 'vavassori', 'ITA'), ('m', 'demoliner', 'BRA'))",Roland Garros_2023,BRA,69.0,0,0,0.5,0.023622047244094488,0.031496062992125984,0.4117913401760454
"(('a', 'popyrin', 'AUS'), ('i', 'ivashka', 'BLR'))",Roland Garros_2023,BLR,553.0,0,0,0.25,0.0,0.0,0.2430314960207526
"(('j', 'nedunchezhiyan', 'IND'), ('n', 'balaji', 'IND'))",Roland Garros_2023,IND,82.0,1,1,1.0,0.031496062992125984,0.2440944881889764,0.031496062992125984
"(('l', 'martinez', 'CHE'), ('r', 'jebavy', 'CZE'))",Roland Garros_2023,CZE,106.0,0,0,0.25,0.007874015748031496,0.007874015748031496,0.2421259842519685
"(('j', 'varillas', 'PER'), ('t', 'monteiro', 'BRA'))",Roland Garros_2023,BRA,404.0,0,0,0.75,0.023622047244094488,0.031496062992125984,0.4117913401760454
"(('j', 'peers', 'AUS'), ('m', 'melo', 'BRA'))",Roland Garros_2023,BRA,43.0,0,0,0.25,0.023622047244094488,0.031496062992125984,0.4117913401760454
"(('m', 'kecmanovic', 'SRB'), ('w', 'blumberg', 'USA'))",Roland Garros_2023,USA,91.0,0,0,0.25,0.07086614173228346,0.2440944881889764,0.41481300707407825
"(('a', 'nedovyesov', 'KAZ'), ('m', 'reyes-varela', 'MEX'))",Roland Garros_2023,KAZ,67.0,0,0,0.1024999991059303,0.015748031496062992,0.015748031496062992,0.11464842493961175
"(('j', 'withrow', 'USA'), ('n', 'lammons', 'USA'))",Roland Garros_2023,USA,31.0,1,1,1.0,0.07086614173228346,0.2440944881889764,0.41481300707407825
"(('b', 'shelton', 'USA'), ('m', 'purcell', 'AUS'))",Roland Garros_2023,AUS,53.0,0,1,0.8875000476837158,0.05511811023622047,0.2440944881889764,0.3896259880652578
"(('h', 'patten', 'GBR'), ('j', 'cash', 'GBR'))",Roland Garros_2023,GBR,48.0,1,1,1.0,0.03937007874015748,0.2440944881889764,0.3896259880652578
"(('n', 'skupski', 'GBR'), ('w', 'koolhof', 'NLD'))",US Open_2023,NLD,2.0,0,0,0.5,0.05511811023622047,0.07086614173228346,0.3855708672821991
"(('b', 'shelton', 'USA'), ('c', 'eubanks', 'USA'))",US Open_2023,USA,256.0,1,1,1.0,0.1732283464566929,0.3228346456692913,0.4953385956409409
"(('j', 'cabal', 'COL'), ('r', 'farah', 'COL'))",US Open_2023,COL,49.0,1,1,1.0,0.023622047244094488,0.14960629921259844,0.4262007895088571
"(('e', 'quinn', 'USA'), ('n', 'godsick', 'USA'))",US Open_2023,USA,523.0,1,1,1.0,0.1732283464566929,0.3228346456692913,0.4953385956409409
"(('a', 'behar', 'URY'), ('a', 'pavlásek', 'CZE'))",US Open_2023,URY,55.0,0,0,0.25,0.0,0.14960629921259844,0.4262007895088571
"(('b', 'zandschulp', 'NLD'), ('p', 'oswald', 'AUT'))",US Open_2023,AUT,81.0,0,0,0.75,0.031496062992125984,0.047244094488188976,0.38616141850084773
"(('j', 'withrow', 'USA'), ('n', 'lammons', 'USA'))",US Open_2023,USA,30.0,1,1,1.0,0.1732283464566929,0.3228346456692913,0.4953385956409409
"(('g', 'durán', 'ARG'), ('t', 'etcheverry', 'ARG'))",US Open_2023,ARG,85.0,1,1,1.0,0.047244094488188976,0.15748031496062992,0.4262007895088571
"(('g', 'barrère', 'FRA'), ('q', 'halys', 'FRA'))",US Open_2023,FRA,444.0,1,1,1.0,0.10236220472440945,0.11811023622047244,0.3903346498603896
"(('k', 'krawietz', 'DEU'), ('t', 'pütz', 'DEU'))",US Open_2023,DEU,13.0,1,1,1.0,0.015748031496062992,0.015748031496062992,0.38616141850084773
"(('h', 'patten', 'GBR'), ('j', 'cash', 'GBR'))",US Open_2023,GBR,58.0,1,1,1.0,0.03937007874015748,0.3228346456692913,0.4667913472417771
"(('s', 'johnson', 'USA'), ('w', 'blumberg', 'USA'))",US Open_2023,USA,122.0,1,1,1.0,0.1732283464566929,0.3228346456692913,0.4953385956409409
"(('a', 'golubev', 'KAZ'), ('r', 'safiullin', 'RUS'))",US Open_2023,KAZ,73.0,0,1,0.4099999964237213,0.007874015748031496,0.023622047244094488,0.11545866193968479
"(('a', 'kovacevic', 'USA'), ('n', 'alboran', 'USA'))",US Open_2023,USA,278.0,1,1,1.0,0.1732283464566929,0.3228346456692913,0.4953385956409409
"(('m', 'ebden', 'AUS'), ('r', 'bopanna', 'IND'))",US Open_2023,IND,14.0,0,1,0.0,0.015748031496062992,0.3228346456692913,0.015748031496062992
"(('a', 'vukic', 'AUS'), ('c', ""o'connell"", 'AUS'))",US Open_2023,AUS,871.0,1,1,1.0,0.05511811023622047,0.3228346456692913,0.4667913472417771
"(('j', 'rojer', 'NLD'), ('m', 'arévalo', 'SLV'))",US Open_2023,SLV,8.0,0,0,0.25,0.0,0.14960629921259844,0.4262007895088571
"(('d', 'molchanov', 'UKR'), ('d', 'pel', 'NLD'))",US Open_2023,UKR,75.0,0,0,0.25,0.0,0.0,0.25847637794149203
"(('b', 'stevens', 'NLD'), ('m', 'arnaldi', 'ITA'))",US Open_2023,ITA,323.0,0,0,0.25,0.015748031496062992,0.015748031496062992,0.3338779570220962
"(('l', 'martínez', 'CHE'), ('s', 'báez', 'ARG'))",US Open_2023,ARG,884.0,0,0,0.3149999976158142,0.047244094488188976,0.15748031496062992,0.4262007895088571
"(('a', 'olivetti', 'FRA'), ('r', 'galloway', 'USA'))",US Open_2023,USA,63.0,0,0,0.2875000238418579,0.1732283464566929,0.3228346456692913,0.4953385956409409
"(('j', 'isner', 'USA'), ('j', 'sock', 'USA'))",US Open_2023,USA,200.0,1,1,1.0,0.1732283464566929,0.3228346456692913,0.4953385956409409
"(('h', 'heliövaara', 'FIN'), ('l', 'glasspool', 'GBR'))",US Open_2023,GBR,27.0,0,0,0.0,0.03937007874015748,0.3228346456692913,0.4667913472417771
"(('j', 'peers', 'AUS'), ('m', 'melo', 'BRA'))",US Open_2023,BRA,37.0,0,0,0.25,0.015748031496062992,0.023622047244094488,0.38594488507650027
"(('j', 'murray', 'GBR'), ('m', 'venus', 'NZL'))",US Open_2023,GBR,28.0,0,1,1.0,0.03937007874015748,0.3228346456692913,0.4667913472417771
"(('a', 'nedovyesov', 'KAZ'), ('g', 'escobar', 'ECU'))",US Open_2023,ECU,51.0,0,0,0.1024999991059303,0.0,0.14960629921259844,0.4262007895088571
"(('n', 'mahut', 'FRA'), ('p', 'herbert', 'FRA'))",US Open_2023,FRA,213.0,1,1,1.0,0.10236220472440945,0.11811023622047244,0.3903346498603896
"(('a', 'popyrin', 'AUS'), ('m', 'fucsovics', 'HUN'))",US Open_2023,HUN,400.0,0,0,0.0,0.0,0.0,0.001968503937007874
"(('l', 'harris', 'ZAF'), ('m', 'kecmanović', 'SRB'))",US Open_2023,ZAF,130.0,0,0,0.0,0.0,0.3228346456692913,0.0
"(('j', 'thompson', 'AUS'), ('m', 'purcell', 'AUS'))",US Open_2023,AUS,44.0,1,1,1.0,0.05511811023622047,0.3228346456692913,0.4667913472417771
"(('h', 'zeballos', 'ARG'), ('m', 'granollers', 'ESP'))",US Open_2023,ESP,17.0,0,1,1.0,0.023622047244094488,0.14960629921259844,0.4262007895088571
"(('d', 'galán', 'COL'), ('z', 'zhang', 'CHN'))",US Open_2023,COL,313.0,0,0,0.0,0.023622047244094488,0.14960629921259844,0.4262007895088571
"(('a', 'molteni', 'ARG'), ('m', 'gonzález', 'ARG'))",US Open_2023,ARG,12.0,1,1,1.0,0.047244094488188976,0.15748031496062992,0.4262007895088571
"(('j', 'varillas', 'PER'), ('p', 'cachin', 'ARG'))",US Open_2023,ARG,407.0,0,1,1.0,0.047244094488188976,0.15748031496062992,0.4262007895088571
"(('a', 'mannarino', 'FRA'), ('a', 'rinderknech', 'FRA'))",US Open_2023,FRA,124.0,1,1,1.0,0.10236220472440945,0.11811023622047244,0.3903346498603896
"(('e', 'spizzirri', 'USA'), ('t', 'zink', 'USA'))",US Open_2023,USA,652.0,1,1,1.0,0.1732283464566929,0.3228346456692913,0.4953385956409409
"(('t', 'griekspoor', 'NLD'), ('t', 'kokkinakis', 'AUS'))",US Open_2023,NLD,111.0,0,0,0.5,0.05511811023622047,0.07086614173228346,0.3855708672821991
"(('a', 'frusina', 'USA'), ('a', 'ganesan', 'USA'))",US Open_2023,USA,1792.0,1,1,1.0,0.1732283464566929,0.3228346456692913,0.4953385956409409
"(('f', 'cabral', 'PRT'), ('r', 'matos', 'BRA'))",US Open_2023,PRT,53.0,0,1,1.0,0.0,0.023622047244094488,0.38594488507650027
"(('j', 'vliegen', 'BEL'), ('s', 'gillé', 'BEL'))",US Open_2023,BEL,22.0,1,1,1.0,0.007874015748031496,0.2204724409448819,0.40020669530461145
"(('n', 'mektić', 'HRV'), ('r', 'haase', 'NLD'))",US Open_2023,NLD,42.0,0,0,0.25,0.05511811023622047,0.07086614173228346,0.3855708672821991
"(('n', 'ćaćić', 'SRB'), ('v', 'cornea', 'ROU'))",US Open_2023,SRB,61.0,0,0,0.25,0.015748031496062992,0.03937007874015748,0.2650393700505805
"(('a', 'mies', 'DEU'), ('m', 'mcdonald', 'USA'))",US Open_2023,USA,57.0,0,0,0.4625000059604645,0.1732283464566929,0.3228346456692913,0.4953385956409409
"(('a', 'fils', 'FRA'), ('l', 'assche', 'FRA'))",US Open_2023,FRA,490.0,1,1,1.0,0.10236220472440945,0.11811023622047244,0.3903346498603896
"(('b', 'mclachlan', 'JPN'), ('y', 'nishioka', 'JPN'))",US Open_2023,JPN,84.0,1,1,1.0,0.007874015748031496,0.007874015748031496,0.007874015748031496
"(('a', 'erler', 'AUT'), ('l', 'miedler', 'AUT'))",US Open_2023,AUT,34.0,1,1,1.0,0.031496062992125984,0.047244094488188976,0.38616141850084773
"(('j', 'salisbury', 'GBR'), ('r', 'ram', 'USA'))",US Open_2023,USA,5.0,0,1,0.8875000476837158,0.1732283464566929,0.3228346456692913,0.4953385956409409
"(('a', 'vavassori', 'ITA'), ('s', 'bolelli', 'ITA'))",US Open_2023,ITA,43.0,1,1,1.0,0.015748031496062992,0.015748031496062992,0.3338779570220962
"(('s', 'gonzález', 'MEX'), ('é', 'roger-vasselin', 'FRA'))",US Open_2023,MEX,15.0,0,0,0.5,0.007874015748031496,0.14960629921259844,0.4262007895088571
"(('f', 'martin', 'FRA'), ('m', 'cressy', 'USA'))",US Open_2023,USA,74.0,0,0,0.2875000238418579,0.1732283464566929,0.3228346456692913,0.4953385956409409
"(('a', 'göransson', 'SWE'), ('n', 'barrientos', 'COL'))",US Open_2023,COL,67.0,0,0,0.25,0.023622047244094488,0.14960629921259844,0.4262007895088571
"(('r', 'arneodo', 'MCO'), ('s', 'weissborn', 'AUT'))",US Open_2023,MCO,50.0,0,0,0.25,0.007874015748031496,0.007874015748031496,0.4060433113903511
"(('a', 'karatsev', 'RUS'), ('s', 'myneni', 'IND'))",US Open_2023,RUS,585.0,0,0,0.0,0.007874015748031496,0.023622047244094488,0.260984251818319
"(('h', 'nys', 'MCO'), ('j', 'zieliński', 'POL'))",US Open_2023,MCO,19.0,0,0,0.25,0.007874015748031496,0.007874015748031496,0.4060433113903511
"(('m', 'demoliner', 'BRA'), ('y', 'bhambri', 'IND'))",US Open_2023,IND,64.0,0,0,0.0,0.015748031496062992,0.3228346456692913,0.015748031496062992
"(('m', 'middelkoop', 'NLD'), ('m', 'pavić', 'HRV'))",US Open_2023,NLD,36.0,0,0,0.25,0.05511811023622047,0.07086614173228346,0.3855708672821991
"(('f', 'reboul', 'FRA'), ('s', 'doumbia', 'FRA'))",US Open_2023,FRA,47.0,1,1,1.0,0.10236220472440945,0.11811023622047244,0.3903346498603896
"(('d', 'kudla', 'USA'), ('v', 'kirkov', 'USA'))",US Open_2023,USA,223.0,1,1,1.0,0.1732283464566929,0.3228346456692913,0.4953385956409409
"(('a', 'müller', 'FRA'), ('s', 'ofner', 'AUT'))",US Open_2023,FRA,822.0,0,0,0.25,0.10236220472440945,0.11811023622047244,0.3903346498603896
"(('p', 'tsitsipas', 'GRC'), ('s', 'tsitsipas', 'GRC'))",US Open_2023,GRC,117.0,1,1,1.0,0.007874015748031496,0.007874015748031496,0.23586614171820364
"(('d', 'hernández', 'ESP'), ('m', 'reyes-varela', 'MEX'))",US Open_2023,MEX,69.0,0,1,1.0,0.007874015748031496,0.14960629921259844,0.4262007895088571
"(('a', 'krajicek', 'USA'), ('i', 'dodig', 'HRV'))",US Open_2023,HRV,4.0,0,0,0.25,0.015748031496062992,0.03937007874015748,0.2650393700505805
"(('b', 'miralles', 'ESP'), ('r', 'baena', 'ESP'))",US Open_2023,ESP,219.0,1,1,1.0,0.023622047244094488,0.14960629921259844,0.4262007895088571
"(('n', 'skupski', 'GBR'), ('w', 'koolhof', 'NLD'))",Wimbledon_2023,NLD,2.0,0,0,0.5,0.05511811023622047,0.07086614173228346,0.38972441026544946
"(('a', 'karatsev', 'RUS'), ('d', 'altmaier', 'DEU'))",Wimbledon_2023,DEU,409.0,0,0,0.25,0.031496062992125984,0.031496062992125984,0.39082677248894704
"(('j', 'kubler', 'AUS'), ('r', 'hijikata', 'AUS'))",Wimbledon_2023,AUS,37.0,1,1,1.0,0.047244094488188976,0.3228346456692913,0.46669291944015684
"(('m', 'cecchinato', 'ITA'), ('t', 'monteiro', 'BRA'))",Wimbledon_2023,ITA,879.0,0,0,0.5,0.015748031496062992,0.015748031496062992,0.3452362235277656
"(('j', 'thompson', 'AUS'), ('m', 'purcell', 'AUS'))",Wimbledon_2023,AUS,56.0,1,1,1.0,0.047244094488188976,0.3228346456692913,0.46669291944015684
"(('j', 'isner', 'USA'), ('j', 'sock', 'USA'))",Wimbledon_2023,USA,199.0,1,1,1.0,0.11811023622047244,0.3228346456692913,0.4875925354600891
"(('a', 'molteni', 'ARG'), ('m', 'gonzález', 'ARG'))",Wimbledon_2023,ARG,32.0,1,1,1.0,0.07086614173228346,0.18110236220472442,0.445393702425356
"(('j', 'cash', 'GBR'), ('l', 'johnson', 'GBR'))",Wimbledon_2023,GBR,57.0,1,1,1.0,0.08661417322834646,0.3228346456692913,0.46669291944015684
"(('m', 'pavić', 'HRV'), ('n', 'mektić', 'HRV'))",Wimbledon_2023,HRV,17.0,1,1,1.0,0.015748031496062992,0.031496062992125984,0.2601968504077806
"(('m', 'demoliner', 'BRA'), ('m', 'middelkoop', 'NLD'))",Wimbledon_2023,BRA,54.0,0,0,0.25,0.023622047244094488,0.031496062992125984,0.4041732308104282
"(('f', 'cabral', 'PRT'), ('r', 'matos', 'BRA'))",Wimbledon_2023,PRT,49.0,0,1,1.0,0.0,0.031496062992125984,0.4041732308104282
"(('j', ""o'mara"", 'GBR'), ('l', 'broady', 'GBR'))",Wimbledon_2023,GBR,253.0,1,1,1.0,0.08661417322834646,0.3228346456692913,0.46669291944015684
"(('a', 'behar', 'URY'), ('a', 'pavlásek', 'CZE'))",Wimbledon_2023,URY,68.0,0,0,0.25,0.0,0.16535433070866143,0.445393702425356
"(('f', 'cerúndolo', 'ARG'), ('g', 'andreozzi', 'ARG'))",Wimbledon_2023,ARG,79.0,1,1,1.0,0.07086614173228346,0.18110236220472442,0.445393702425356
"(('a', 'mies', 'DEU'), ('f', 'martin', 'FRA'))",Wimbledon_2023,FRA,22.0,0,0,0.25,0.12598425196850394,0.14173228346456693,0.4124803179784084
"(('j', 'chardy', 'FRA'), ('u', 'humbert', 'FRA'))",Wimbledon_2023,FRA,106.0,1,1,1.0,0.12598425196850394,0.14173228346456693,0.4124803179784084
"(('b', 'stevens', 'NLD'), ('t', 'griekspoor', 'NLD'))",Wimbledon_2023,NLD,176.0,1,1,1.0,0.05511811023622047,0.07086614173228346,0.38972441026544946
"(('j', 'salisbury', 'GBR'), ('r', 'ram', 'USA'))",Wimbledon_2023,USA,5.0,0,1,0.8875000476837158,0.11811023622047244,0.3228346456692913,0.4875925354600891
"(('a', 'vavassori', 'ITA'), ('s', 'bolelli', 'ITA'))",Wimbledon_2023,ITA,42.0,1,1,1.0,0.015748031496062992,0.015748031496062992,0.3452362235277656
"(('a', 'nedovyesov', 'KAZ'), ('g', 'escobar', 'ECU'))",Wimbledon_2023,ECU,55.0,0,0,0.1024999991059303,0.0,0.16535433070866143,0.445393702425356
"(('f', 'reboul', 'FRA'), ('s', 'doumbia', 'FRA'))",Wimbledon_2023,FRA,46.0,1,1,1.0,0.12598425196850394,0.14173228346456693,0.4124803179784084
"(('c', 'eubanks', 'USA'), ('j', 'wolf', 'USA'))",Wimbledon_2023,USA,287.0,1,1,1.0,0.11811023622047244,0.3228346456692913,0.4875925354600891
"(('j', 'peers', 'AUS'), ('m', 'melo', 'BRA'))",Wimbledon_2023,BRA,36.0,0,0,0.25,0.023622047244094488,0.031496062992125984,0.4041732308104282
"(('p', 'oswald', 'AUT'), ('r', 'haase', 'NLD'))",Wimbledon_2023,NLD,35.0,0,0,0.75,0.05511811023622047,0.07086614173228346,0.38972441026544946
"(('l', 'glasspool', 'GBR'), ('n', 'mahut', 'FRA'))",Wimbledon_2023,GBR,9.0,0,0,0.25,0.08661417322834646,0.3228346456692913,0.46669291944015684
"(('a', 'golubev', 'KAZ'), ('m', 'cressy', 'USA'))",Wimbledon_2023,USA,78.0,0,0,0.1025000065565109,0.11811023622047244,0.3228346456692913,0.4875925354600891
"(('d', 'pel', 'NLD'), ('r', 'stalder', 'USA'))",Wimbledon_2023,NLD,86.0,0,0,0.4625000059604645,0.05511811023622047,0.07086614173228346,0.38972441026544946
"(('c', 'lestienne', 'FRA'), ('c', 'moutet', 'FRA'))",Wimbledon_2023,FRA,278.0,1,1,1.0,0.12598425196850394,0.14173228346456693,0.4124803179784084
"(('j', 'fearnley', 'GBR'), ('j', 'monday', 'GBR'))",Wimbledon_2023,GBR,432.0,1,1,1.0,0.08661417322834646,0.3228346456692913,0.46669291944015684
"(('a', 'göransson', 'SWE'), ('b', 'mclachlan', 'JPN'))",Wimbledon_2023,SWE,70.0,0,0,0.0,0.0,0.0,0.34031496142777873
"(('m', 'ebden', 'AUS'), ('r', 'bopanna', 'IND'))",Wimbledon_2023,IND,12.0,0,1,0.0,0.031496062992125984,0.3228346456692913,0.031496062992125984
"(('g', 'durán', 'ARG'), ('t', 'etcheverry', 'ARG'))",Wimbledon_2023,ARG,83.0,1,1,1.0,0.07086614173228346,0.18110236220472442,0.445393702425356
"(('s', 'gonzález', 'MEX'), ('é', 'roger-vasselin', 'FRA'))",Wimbledon_2023,MEX,11.0,0,0,0.5,0.007874015748031496,0.16535433070866143,0.445393702425356
"(('g', 'barrère', 'FRA'), ('q', 'halys', 'FRA'))",Wimbledon_2023,FRA,441.0,1,1,1.0,0.12598425196850394,0.14173228346456693,0.4124803179784084
"(('c', 'thomson', 'GBR'), ('t', 'samuel', 'GBR'))",Wimbledon_2023,GBR,546.0,1,1,1.0,0.08661417322834646,0.3228346456692913,0.46669291944015684
"(('p', 'cachin', 'ARG'), ('y', 'hanfmann', 'DEU'))",Wimbledon_2023,ARG,410.0,0,0,0.25,0.07086614173228346,0.18110236220472442,0.445393702425356
"(('c', 'ruud', 'NOR'), ('w', 'blumberg', 'USA'))",Wimbledon_2023,USA,84.0,0,0,0.4625000059604645,0.11811023622047244,0.3228346456692913,0.4875925354600891
"(('d', 'galán', 'COL'), ('r', 'baena', 'ESP'))",Wimbledon_2023,ESP,207.0,0,1,1.0,0.023622047244094488,0.1732283464566929,0.445393702425356
"(('k', 'krawietz', 'DEU'), ('t', 'pütz', 'DEU'))",Wimbledon_2023,DEU,19.0,1,1,1.0,0.031496062992125984,0.031496062992125984,0.39082677248894704
"(('m', 'reyes-varela', 'MEX'), ('n', 'ćaćić', 'SRB'))",Wimbledon_2023,SRB,66.0,0,0,0.25,0.007874015748031496,0.031496062992125984,0.25822834647077275
"(('j', 'murray', 'GBR'), ('m', 'venus', 'NZL'))",Wimbledon_2023,GBR,33.0,0,1,1.0,0.08661417322834646,0.3228346456692913,0.46669291944015684
"(('a', 'olivetti', 'FRA'), ('d', 'hernández', 'ESP'))",Wimbledon_2023,FRA,62.0,0,0,0.5,0.12598425196850394,0.14173228346456693,0.4124803179784084
"(('a', 'erler', 'AUT'), ('l', 'miedler', 'AUT'))",Wimbledon_2023,AUT,38.0,1,1,1.0,0.023622047244094488,0.03937007874015748,0.39082677248894704
"(('a', 'rinderknech', 'FRA'), ('p', 'herbert', 'FRA'))",Wimbledon_2023,FRA,569.0,1,1,1.0,0.12598425196850394,0.14173228346456693,0.4124803179784084
"(('a', 'fokina', 'ESP'), ('a', 'mannarino', 'FRA'))",Wimbledon_2023,ESP,586.0,0,0,0.5,0.023622047244094488,0.1732283464566929,0.445393702425356
"(('s', 'myneni', 'IND'), ('y', 'bhambri', 'IND'))",Wimbledon_2023,IND,58.0,1,1,1.0,0.031496062992125984,0.3228346456692913,0.031496062992125984
"(('h', 'nys', 'MCO'), ('j', 'zieliński', 'POL'))",Wimbledon_2023,MCO,13.0,0,0,0.25,0.007874015748031496,0.007874015748031496,0.4238189007118931
"(('b', 'shelton', 'USA'), ('m', 'mcdonald', 'USA'))",Wimbledon_2023,USA,73.0,1,1,1.0,0.11811023622047244,0.3228346456692913,0.4875925354600891
"(('j', 'rojer', 'NLD'), ('m', 'arévalo', 'SLV'))",Wimbledon_2023,SLV,14.0,0,0,0.25,0.0,0.16535433070866143,0.445393702425356
"(('j', 'withrow', 'USA'), ('n', 'lammons', 'USA'))",Wimbledon_2023,USA,34.0,1,1,1.0,0.11811023622047244,0.3228346456692913,0.4875925354600891
"(('g', 'pella', 'ARG'), ('s', 'báez', 'ARG'))",Wimbledon_2023,ARG,863.0,1,1,1.0,0.07086614173228346,0.18110236220472442,0.445393702425356
"(('r', 'arneodo', 'MCO'), ('s', 'weissborn', 'AUT'))",Wimbledon_2023,MCO,53.0,0,0,0.25,0.007874015748031496,0.007874015748031496,0.4238189007118931
"(('h', 'dellien', 'BOL'), ('j', 'varillas', 'PER'))",Wimbledon_2023,BOL,858.0,0,1,0.5400000214576721,0.0,0.11811023622047244,0.2424685147850532
"(('j', 'vliegen', 'BEL'), ('s', 'gillé', 'BEL'))",Wimbledon_2023,BEL,23.0,1,1,1.0,0.007874015748031496,0.23622047244094488,0.4117370095931168
"(('c', ""o'connell"", 'AUS'), ('l', 'djere', 'SRB'))",Wimbledon_2023,SRB,575.0,0,0,0.25,0.007874015748031496,0.031496062992125984,0.25822834647077275
"(('h', 'zeballos', 'ARG'), ('m', 'granollers', 'ESP'))",Wimbledon_2023,ESP,28.0,0,1,1.0,0.023622047244094488,0.1732283464566929,0.445393702425356
"(('j', 'cabal', 'COL'), ('r', 'farah', 'COL'))",Wimbledon_2023,COL,47.0,1,1,1.0,0.015748031496062992,0.16535433070866143,0.445393702425356
"(('a', 'fils', 'FRA'), ('l', 'assche', 'FRA'))",Wimbledon_2023,FRA,797.0,1,1,1.0,0.12598425196850394,0.14173228346456693,0.4124803179784084
"(('p', 'tsitsipas', 'GRC'), ('s', 'tsitsipas', 'GRC'))",Wimbledon_2023,GRC,108.0,1,1,1.0,0.007874015748031496,0.007874015748031496,0.23889763782343526
"(('l', 'harris', 'ZAF'), ('r', 'galloway', 'USA'))",Wimbledon_2023,USA,77.0,0,1,0.0,0.11811023622047244,0.3228346456692913,0.4875925354600891
"(('b', 'zandschulp', 'NLD'), ('m', 'giron', 'USA'))",Wimbledon_2023,USA,325.0,0,0,0.4625000059604645,0.11811023622047244,0.3228346456692913,0.4875925354600891
"(('a', 'krajicek', 'USA'), ('i', 'dodig', 'HRV'))",Wimbledon_2023,HRV,4.0,0,0,0.25,0.015748031496062992,0.031496062992125984,0.2601968504077806
"(('j', 'nedunchezhiyan', 'IND'), ('s', 'balaji', 'IND'))",Wimbledon_2023,IND,94.0,1,1,1.0,0.031496062992125984,0.3228346456692913,0.031496062992125984
"(('a', 'krajicek', 'USA'), ('i', 'dodig', 'HRV'))",Australian Open_2024,HRV,2.0,0,0,0.25,0.015748031496062992,0.03937007874015748,0.2634251968363139
"(('m', 'kecmanović', 'SRB'), ('r', 'safiullin', 'RUS'))",Australian Open_2024,SRB,160.0,0,0,0.5,0.015748031496062992,0.03937007874015748,0.2634251968363139
"(('d', 'molchanov', 'UKR'), ('n', 'ćaćić', 'SRB'))",Australian Open_2024,SRB,67.0,0,0,0.5,0.015748031496062992,0.03937007874015748,0.2634251968363139
"(('b', 'mclachlan', 'JPN'), ('y', 'nishioka', 'JPN'))",Australian Open_2024,JPN,85.0,1,1,1.0,0.007874015748031496,0.007874015748031496,0.007874015748031496
"(('a', 'vavassori', 'ITA'), ('s', 'bolelli', 'ITA'))",Australian Open_2024,ITA,56.0,1,1,1.0,0.023622047244094488,0.023622047244094488,0.31078740363280605
"(('r', 'arneodo', 'MCO'), ('s', 'weissborn', 'AUT'))",Australian Open_2024,MCO,51.0,0,0,0.25,0.007874015748031496,0.007874015748031496,0.3446063012706013
"(('n', 'mahut', 'FRA'), ('é', 'roger-vasselin', 'FRA'))",Australian Open_2024,FRA,40.0,1,1,1.0,0.05511811023622047,0.07086614173228346,0.33763779733359345
"(('f', 'cerúndolo', 'ARG'), ('t', 'etcheverry', 'ARG'))",Australian Open_2024,ARG,897.0,1,1,1.0,0.047244094488188976,0.11023622047244094,0.3724015758286311
"(('m', 'arévalo', 'SLV'), ('m', 'pavić', 'HRV'))",Australian Open_2024,SLV,19.0,0,0,0.25,0.0,0.11023622047244094,0.3724015758286311
"(('c', 'frantzen', 'DEU'), ('h', 'jebens', 'DEU'))",Australian Open_2024,DEU,66.0,1,1,1.0,0.05511811023622047,0.05511811023622047,0.40377952806827594
"(('s', 'balaji', 'IND'), ('v', 'cornea', 'ROU'))",Australian Open_2024,IND,79.0,0,0,0.0,0.031496062992125984,0.36220472440944884,0.031496062992125984
"(('a', 'pellegrino', 'ITA'), ('m', 'arnaldi', 'ITA'))",Australian Open_2024,ITA,571.0,1,1,1.0,0.023622047244094488,0.023622047244094488,0.31078740363280605
"(('a', 'müller', 'FRA'), ('s', 'ofner', 'AUT'))",Australian Open_2024,FRA,837.0,0,0,0.25,0.05511811023622047,0.07086614173228346,0.33763779733359345
"(('s', 'báez', 'ARG'), ('t', 'wild', 'BRA'))",Australian Open_2024,ARG,436.0,0,0,0.75,0.047244094488188976,0.11023622047244094,0.3724015758286311
"(('k', 'krawietz', 'DEU'), ('t', 'pütz', 'DEU'))",Australian Open_2024,DEU,16.0,1,1,1.0,0.05511811023622047,0.05511811023622047,0.40377952806827594
"(('m', 'giron', 'USA'), ('s', 'kwon', 'KOR'))",Australian Open_2024,USA,249.0,0,0,0.0,0.07874015748031496,0.36220472440944884,0.4968228525533451
"(('h', 'zeballos', 'ARG'), ('m', 'granollers', 'ESP'))",Australian Open_2024,ESP,9.0,0,1,1.0,0.007874015748031496,0.11023622047244094,0.3724015758286311
"(('e', 'king', 'USA'), ('r', 'stalder', 'USA'))",Australian Open_2024,USA,70.0,1,1,1.0,0.07874015748031496,0.36220472440944884,0.4968228525533451
"(('a', 'mies', 'DEU'), ('j', 'smith', 'AUS'))",Australian Open_2024,DEU,34.0,0,0,0.5,0.05511811023622047,0.05511811023622047,0.40377952806827594
"(('a', 'popyrin', 'AUS'), ('t', 'kokkinakis', 'AUS'))",Australian Open_2024,AUS,338.0,1,1,1.0,0.1732283464566929,0.36220472440944884,0.4992913427057229
"(('d', 'koepfer', 'DEU'), ('y', 'hanfmann', 'DEU'))",Australian Open_2024,DEU,885.0,1,1,1.0,0.05511811023622047,0.05511811023622047,0.40377952806827594
"(('b', 'shelton', 'USA'), ('c', 'eubanks', 'USA'))",Australian Open_2024,USA,345.0,1,1,1.0,0.07874015748031496,0.36220472440944884,0.4968228525533451
"(('j', 'kubler', 'AUS'), ('r', 'hijikata', 'AUS'))",Australian Open_2024,AUS,24.0,1,1,1.0,0.1732283464566929,0.36220472440944884,0.4992913427057229
"(('c', ""o'connell"", 'AUS'), ('l', 'djere', 'SRB'))",Australian Open_2024,SRB,575.0,0,0,0.25,0.015748031496062992,0.03937007874015748,0.2634251968363139
"(('j', 'rojer', 'NLD'), ('l', 'glasspool', 'GBR'))",Australian Open_2024,GBR,31.0,0,0,0.5,0.03937007874015748,0.36220472440944884,0.4992913427057229
"(('b', 'stevens', 'NLD'), ('t', 'griekspoor', 'NLD'))",Australian Open_2024,NLD,109.0,1,1,1.0,0.047244094488188976,0.06299212598425197,0.3962598430289058
"(('a', 'göransson', 'SWE'), ('a', 'olivetti', 'FRA'))",Australian Open_2024,SWE,68.0,0,0,0.25,0.0,0.007874015748031496,0.3443700792493783
"(('a', 'harris', 'AUS'), ('b', 'ellis', 'AUS'))",Australian Open_2024,AUS,225.0,1,1,1.0,0.1732283464566929,0.36220472440944884,0.4992913427057229
"(('j', 'thompson', 'AUS'), ('m', 'purcell', 'AUS'))",Australian Open_2024,AUS,33.0,1,1,1.0,0.1732283464566929,0.36220472440944884,0.4992913427057229
"(('a', 'erler', 'AUT'), ('l', 'miedler', 'AUT'))",Australian Open_2024,AUT,37.0,1,1,1.0,0.023622047244094488,0.03937007874015748,0.40377952806827594
"(('h', 'nys', 'MCO'), ('j', 'zieliński', 'POL'))",Australian Open_2024,MCO,15.0,0,0,0.25,0.007874015748031496,0.007874015748031496,0.3446063012706013
"(('d', 'sweeny', 'AUS'), ('j', 'mccabe', 'AUS'))",Australian Open_2024,AUS,435.0,1,1,1.0,0.1732283464566929,0.36220472440944884,0.4992913427057229
"(('n', 'skupski', 'GBR'), ('s', 'gonzález', 'MEX'))",Australian Open_2024,MEX,11.0,0,0,0.25,0.007874015748031496,0.11023622047244094,0.3724015758286311
"(('b', 'zandschulp', 'NLD'), ('m', 'mcdonald', 'USA'))",Australian Open_2024,USA,74.0,0,0,0.4625000059604645,0.07874015748031496,0.36220472440944884,0.4968228525533451
"(('f', 'cabral', 'PRT'), ('h', 'patten', 'GBR'))",Australian Open_2024,PRT,53.0,0,0,0.25,0.007874015748031496,0.03937007874015748,0.35143700941575795
"(('a', 'walton', 'AUS'), ('t', 'schoolkate', 'AUS'))",Australian Open_2024,AUS,172.0,1,1,1.0,0.1732283464566929,0.36220472440944884,0.4992913427057229
"(('n', 'barrientos', 'COL'), ('r', 'matos', 'BRA'))",Australian Open_2024,COL,65.0,0,0,0.75,0.0,0.11023622047244094,0.3724015758286311
"(('r', 'haase', 'NLD'), ('y', 'bhambri', 'IND'))",Australian Open_2024,IND,61.0,0,0,0.0,0.031496062992125984,0.36220472440944884,0.031496062992125984
"(('a', 'behar', 'URY'), ('a', 'pavlásek', 'CZE'))",Australian Open_2024,URY,48.0,0,0,0.25,0.0,0.11023622047244094,0.3724015758286311
"(('j', 'murray', 'GBR'), ('m', 'venus', 'NZL'))",Australian Open_2024,GBR,20.0,0,1,1.0,0.03937007874015748,0.36220472440944884,0.4992913427057229
"(('t', 'macháč', 'CZE'), ('z', 'zhang', 'CHN'))",Australian Open_2024,CZE,65.0,0,0,0.0,0.023622047244094488,0.023622047244094488,0.261456692899306
"(('j', 'vliegen', 'BEL'), ('s', 'gillé', 'BEL'))",Australian Open_2024,BEL,26.0,1,1,1.0,0.007874015748031496,0.15748031496062992,0.38490748145918197
"(('f', 'marozsán', 'HUN'), ('m', 'fucsovics', 'HUN'))",Australian Open_2024,HUN,581.0,1,1,1.0,0.007874015748031496,0.007874015748031496,0.00984251968503937
"(('d', 'altmaier', 'DEU'), ('m', 'reyes-varela', 'MEX'))",Australian Open_2024,DEU,885.0,0,0,0.25,0.05511811023622047,0.05511811023622047,0.40377952806827594
"(('p', 'tsitsipas', 'GRC'), ('s', 'tsitsipas', 'GRC'))",Australian Open_2024,GRC,95.0,1,1,1.0,0.007874015748031496,0.007874015748031496,0.23112204723705457
"(('j', 'salisbury', 'GBR'), ('r', 'ram', 'USA'))",Australian Open_2024,USA,5.0,0,1,0.8875000476837158,0.07874015748031496,0.36220472440944884,0.4968228525533451
"(('m', 'melo', 'BRA'), ('m', 'middelkoop', 'NLD'))",Australian Open_2024,BRA,50.0,0,0,0.25,0.023622047244094488,0.03937007874015748,0.35143700941575795
"(('a', 'molteni', 'ARG'), ('m', 'gonzález', 'ARG'))",Australian Open_2024,ARG,13.0,1,1,1.0,0.047244094488188976,0.11023622047244094,0.3724015758286311
"(('p', 'cachín', 'ARG'), ('r', 'baena', 'ESP'))",Australian Open_2024,ARG,426.0,0,1,1.0,0.047244094488188976,0.11023622047244094,0.3724015758286311
"(('a', 'vukic', 'AUS'), ('n', 'borges', 'PRT'))",Australian Open_2024,PRT,221.0,0,0,0.25,0.007874015748031496,0.03937007874015748,0.35143700941575795
"(('a', 'nedovyesov', 'KAZ'), ('g', 'escobar', 'ECU'))",Australian Open_2024,ECU,52.0,0,0,0.1024999991059303,0.0,0.11023622047244094,0.3724015758286311
"(('a', 'mannarino', 'FRA'), ('q', 'halys', 'FRA'))",Australian Open_2024,FRA,360.0,1,1,1.0,0.05511811023622047,0.07086614173228346,0.33763779733359345
"(('j', 'cash', 'GBR'), ('r', 'galloway', 'USA'))",Australian Open_2024,GBR,49.0,0,1,0.8875000476837158,0.03937007874015748,0.36220472440944884,0.4992913427057229
"(('j', 'withrow', 'USA'), ('n', 'lammons', 'USA'))",Australian Open_2024,USA,25.0,1,1,1.0,0.07874015748031496,0.36220472440944884,0.4968228525533451
"(('j', 'lehečka', 'CZE'), ('p', 'nouza', 'CZE'))",Australian Open_2024,CZE,144.0,1,1,1.0,0.023622047244094488,0.023622047244094488,0.261456692899306
"(('n', 'mektić', 'HRV'), ('w', 'koolhof', 'NLD'))",Australian Open_2024,NLD,8.0,0,0,0.25,0.047244094488188976,0.06299212598425197,0.3962598430289058
"(('f', 'reboul', 'FRA'), ('s', 'doumbia', 'FRA'))",Australian Open_2024,FRA,35.0,1,1,1.0,0.05511811023622047,0.07086614173228346,0.33763779733359345
"(('h', 'heliövaara', 'FIN'), ('j', 'peers', 'AUS'))",Australian Open_2024,FIN,29.0,0,0,0.0,0.0,0.007874015748031496,0.003937007874015748
"(('a', 'bolt', 'AUS'), ('l', 'saville', 'AUS'))",Australian Open_2024,AUS,179.0,1,1,1.0,0.1732283464566929,0.36220472440944884,0.4992913427057229
"(('e', 'winter', 'AUS'), ('j', 'millman', 'AUS'))",Australian Open_2024,AUS,571.0,1,1,1.0,0.1732283464566929,0.36220472440944884,0.4992913427057229
"(('m', 'daniell', 'NZL'), ('m', 'demoliner', 'BRA'))",Australian Open_2024,NZL,1069.0,0,0,0.25,0.007874015748031496,0.36220472440944884,0.4992913427057229
"(('m', 'ebden', 'AUS'), ('r', 'bopanna', 'IND'))",Australian Open_2024,IND,3.0,0,1,0.0,0.031496062992125984,0.36220472440944884,0.031496062992125984
"(('j', 'duckworth', 'AUS'), ('m', 'polmans', 'AUS'))",Australian Open_2024,AUS,1232.0,1,1,1.0,0.1732283464566929,0.36220472440944884,0.4992913427057229
"(('h', 'zeballos', 'ARG'), ('m', 'granollers', 'ESP'))",Roland Garros_2024,ESP,1.0,0,1,1.0,0.03937007874015748,0.15748031496062992,0.44145669390601433
"(('a', 'mannarino', 'FRA'), ('f', 'martin', 'FRA'))",Roland Garros_2024,FRA,291.0,1,1,1.0,0.14173228346456693,0.16535433070866143,0.42543307285374543
"(('a', 'erler', 'AUT'), ('l', 'miedler', 'AUT'))",Roland Garros_2024,AUT,45.0,1,1,1.0,0.015748031496062992,0.031496062992125984,0.3822047249609091
"(('n', 'mahut', 'FRA'), ('q', 'halys', 'FRA'))",Roland Garros_2024,FRA,332.0,1,1,1.0,0.14173228346456693,0.16535433070866143,0.42543307285374543
"(('c', 'eubanks', 'USA'), ('e', 'king', 'USA'))",Roland Garros_2024,USA,237.0,1,1,1.0,0.07874015748031496,0.2440944881889764,0.44788190558200747
"(('c', 'lestienne', 'FRA'), ('m', 'giron', 'USA'))",Roland Garros_2024,USA,350.0,0,0,0.2875000238418579,0.07874015748031496,0.2440944881889764,0.44788190558200747
"(('h', 'nys', 'MCO'), ('j', 'zieliński', 'POL'))",Roland Garros_2024,MCO,30.0,0,0,0.25,0.007874015748031496,0.007874015748031496,0.43677165558723013
"(('l', 'darderi', 'ITA'), ('v', 'cornea', 'ROU'))",Roland Garros_2024,ROU,67.0,0,0,0.5,0.0,0.0,0.3424409469070397
"(('t', 'macháč', 'CZE'), ('z', 'zhang', 'CHN'))",Roland Garros_2024,CZE,65.0,0,0,0.0,0.015748031496062992,0.015748031496062992,0.26271653539083134
"(('a', 'mies', 'DEU'), ('n', 'skupski', 'GBR'))",Roland Garros_2024,DEU,42.0,0,0,0.5,0.047244094488188976,0.047244094488188976,0.3822047249609091
"(('b', 'zandschulp', 'NLD'), ('r', 'haase', 'NLD'))",Roland Garros_2024,NLD,56.0,1,1,1.0,0.05511811023622047,0.07086614173228346,0.3791338588004037
"(('a', 'müller', 'FRA'), ('l', 'sanchez', 'FRA'))",Roland Garros_2024,FRA,329.0,1,1,1.0,0.14173228346456693,0.16535433070866143,0.42543307285374543
"(('a', 'bublik', 'KAZ'), ('a', 'shevchenko', 'KAZ'))",Roland Garros_2024,KAZ,148.0,1,1,1.0,0.015748031496062992,0.023622047244094488,0.12252559037659111
"(('d', 'lajović', 'SRB'), ('m', 'kecmanović', 'SRB'))",Roland Garros_2024,SRB,433.0,1,1,1.0,0.007874015748031496,0.031496062992125984,0.2646850393278392
"(('a', 'molteni', 'ARG'), ('m', 'gonzález', 'ARG'))",Roland Garros_2024,ARG,17.0,1,1,1.0,0.03937007874015748,0.15748031496062992,0.44145669390601433
"(('j', 'rojer', 'NLD'), ('l', 'glasspool', 'GBR'))",Roland Garros_2024,GBR,39.0,0,0,0.5,0.06299212598425197,0.23622047244094488,0.4295275631828571
"(('a', 'krajicek', 'USA'), ('i', 'dodig', 'HRV'))",Roland Garros_2024,HRV,7.0,0,0,0.25,0.015748031496062992,0.031496062992125984,0.2666535432648471
"(('j', 'cash', 'GBR'), ('r', 'galloway', 'USA'))",Roland Garros_2024,GBR,50.0,0,1,0.8875000476837158,0.06299212598425197,0.23622047244094488,0.4295275631828571
"(('p', 'tsitsipas', 'GRC'), ('s', 'tsitsipas', 'GRC'))",Roland Garros_2024,GRC,73.0,1,1,1.0,0.007874015748031496,0.007874015748031496,0.2386417322623448
"(('d', 'molchanov', 'UKR'), ('j', 'smith', 'AUS'))",Roland Garros_2024,UKR,69.0,0,0,0.25,0.0,0.0,0.2605492127692606
"(('g', 'andreozzi', 'ARG'), ('r', 'hijikata', 'AUS'))",Roland Garros_2024,ARG,77.0,0,0,0.25,0.03937007874015748,0.15748031496062992,0.44145669390601433
"(('f', 'cabral', 'PRT'), ('n', 'barrientos', 'COL'))",Roland Garros_2024,COL,53.0,0,0,0.75,0.007874015748031496,0.15748031496062992,0.44145669390601433
"(('g', 'jacq', 'FRA'), ('m', 'guinard', 'FRA'))",Roland Garros_2024,FRA,109.0,1,1,1.0,0.14173228346456693,0.16535433070866143,0.42543307285374543
"(('j', 'withrow', 'USA'), ('n', 'lammons', 'USA'))",Roland Garros_2024,USA,25.0,1,1,1.0,0.07874015748031496,0.2440944881889764,0.44788190558200747
"(('m', 'arévalo', 'SLV'), ('m', 'pavić', 'HRV'))",Roland Garros_2024,SLV,13.0,0,0,0.25,0.0,0.15748031496062992,0.44145669390601433
"(('m', 'navone', 'ARG'), ('r', 'baena', 'ESP'))",Roland Garros_2024,ESP,288.0,0,1,1.0,0.03937007874015748,0.15748031496062992,0.44145669390601433
"(('m', 'daniell', 'NZL'), ('m', 'mcdonald', 'USA'))",Roland Garros_2024,NZL,655.0,0,1,0.8875000476837158,0.007874015748031496,0.23622047244094488,0.4295275631828571
"(('d', 'brown', 'JAM'), ('f', 'tiafoe', 'USA'))",Roland Garros_2024,JAM,741.0,0,1,0.8875000476837158,0.0,0.08661417322834646,0.4295275631828571
"(('d', 'koepfer', 'DEU'), ('y', 'hanfmann', 'DEU'))",Roland Garros_2024,DEU,112.0,1,1,1.0,0.047244094488188976,0.047244094488188976,0.3822047249609091
"(('c', 'rodríguez', 'COL'), ('f', 'cobolli', 'ITA'))",Roland Garros_2024,ITA,1384.0,0,0,0.5,0.023622047244094488,0.023622047244094488,0.3542519705290869
"(('k', 'krawietz', 'DEU'), ('t', 'pütz', 'DEU'))",Roland Garros_2024,DEU,14.0,1,1,1.0,0.047244094488188976,0.047244094488188976,0.3822047249609091
"(('a', 'tabilo', 'CHL'), ('d', 'hidalgo', 'ECU'))",Roland Garros_2024,ECU,78.0,0,1,1.0,0.007874015748031496,0.15748031496062992,0.44145669390601433
"(('n', 'mektić', 'HRV'), ('w', 'koolhof', 'NLD'))",Roland Garros_2024,NLD,9.0,0,0,0.25,0.05511811023622047,0.07086614173228346,0.3791338588004037
"(('m', 'middelkoop', 'NLD'), ('s', 'arends', 'NLD'))",Roland Garros_2024,NLD,75.0,1,1,1.0,0.05511811023622047,0.07086614173228346,0.3791338588004037
"(('j', 'thompson', 'AUS'), ('m', 'purcell', 'AUS'))",Roland Garros_2024,AUS,33.0,1,1,1.0,0.03937007874015748,0.23622047244094488,0.4295275631828571
"(('a', 'göransson', 'SWE'), ('d', 'pel', 'NLD'))",Roland Garros_2024,SWE,90.0,0,0,0.5,0.0,0.007874015748031496,0.3257874020887172
"(('m', 'melo', 'BRA'), ('r', 'matos', 'BRA'))",Roland Garros_2024,BRA,44.0,1,1,1.0,0.03937007874015748,0.047244094488188976,0.41064960780810184
"(('c', 'frantzen', 'DEU'), ('h', 'jebens', 'DEU'))",Roland Garros_2024,DEU,60.0,1,1,1.0,0.047244094488188976,0.047244094488188976,0.3822047249609091
"(('a', 'vavassori', 'ITA'), ('s', 'bolelli', 'ITA'))",Roland Garros_2024,ITA,23.0,1,1,1.0,0.023622047244094488,0.023622047244094488,0.3542519705290869
"(('f', 'marozsán', 'HUN'), ('f', 'romboli', 'BRA'))",Roland Garros_2024,HUN,575.0,0,0,0.0,0.0,0.0,0.001968503937007874
"(('j', 'murray', 'GBR'), ('m', 'venus', 'NZL'))",Roland Garros_2024,GBR,27.0,0,1,1.0,0.06299212598425197,0.23622047244094488,0.4295275631828571
"(('j', 'munar', 'ESP'), ('p', 'martínez', 'ESP'))",Roland Garros_2024,ESP,274.0,1,1,1.0,0.03937007874015748,0.15748031496062992,0.44145669390601433
"(('g', 'barrère', 'FRA'), ('l', 'pouille', 'FRA'))",Roland Garros_2024,FRA,431.0,1,1,1.0,0.14173228346456693,0.16535433070866143,0.42543307285374543
"(('g', 'perricard', 'FRA'), ('t', 'droguet', 'FRA'))",Roland Garros_2024,FRA,427.0,1,1,1.0,0.14173228346456693,0.16535433070866143,0.42543307285374543
"(('a', 'nedovyesov', 'KAZ'), ('g', 'escobar', 'ECU'))",Roland Garros_2024,ECU,47.0,0,0,0.1024999991059303,0.007874015748031496,0.15748031496062992,0.44145669390601433
"(('p', 'busta', 'ESP'), ('s', 'gornés', 'ESP'))",Roland Garros_2024,ESP,42.0,1,1,1.0,0.03937007874015748,0.15748031496062992,0.44145669390601433
"(('j', 'salisbury', 'GBR'), ('r', 'ram', 'USA'))",Roland Garros_2024,USA,6.0,0,1,0.8875000476837158,0.07874015748031496,0.2440944881889764,0.44788190558200747
"(('a', 'behar', 'URY'), ('a', 'pavlásek', 'CZE'))",Roland Garros_2024,URY,35.0,0,0,0.25,0.0,0.15748031496062992,0.44145669390601433
"(('h', 'heliövaara', 'FIN'), ('h', 'patten', 'GBR'))",Roland Garros_2024,FIN,38.0,0,0,0.0,0.0,0.007874015748031496,0.001968503937007874
"(('s', 'gonzález', 'MEX'), ('é', 'roger-vasselin', 'FRA'))",Roland Garros_2024,MEX,12.0,0,0,0.5,0.007874015748031496,0.15748031496062992,0.44145669390601433
"(('l', 'johnson', 'GBR'), ('s', 'mansouri', 'TUN'))",Roland Garros_2024,GBR,74.0,0,0,0.0,0.06299212598425197,0.23622047244094488,0.4295275631828571
"(('r', 'arneodo', 'MCO'), ('s', 'weissborn', 'AUT'))",Roland Garros_2024,MCO,73.0,0,0,0.25,0.007874015748031496,0.007874015748031496,0.43677165558723013
"(('j', 'peers', 'AUS'), ('r', 'safiullin', 'RUS'))",Roland Garros_2024,AUS,43.0,0,0,0.25,0.03937007874015748,0.23622047244094488,0.4295275631828571
"(('a', 'olivetti', 'FRA'), ('y', 'bhambri', 'IND'))",Roland Garros_2024,IND,52.0,0,0,0.0,0.015748031496062992,0.23622047244094488,0.015748031496062992
"(('j', 'vliegen', 'BEL'), ('s', 'gillé', 'BEL'))",Roland Garros_2024,BEL,18.0,1,1,1.0,0.007874015748031496,0.25196850393700787,0.41079921372762807
"(('l', 'martínez', 'CHE'), ('p', 'nouza', 'CZE'))",Roland Garros_2024,CHE,649.0,0,0,0.25,0.0,0.0,0.40445669204935314
"(('d', 'added', 'FRA'), ('t', 'arribagé', 'FRA'))",Roland Garros_2024,FRA,127.0,1,1,1.0,0.14173228346456693,0.16535433070866143,0.42543307285374543
"(('f', 'reboul', 'FRA'), ('s', 'doumbia', 'FRA'))",Roland Garros_2024,FRA,32.0,1,1,1.0,0.14173228346456693,0.16535433070866143,0.42543307285374543
"(('m', 'reyes-varela', 'MEX'), ('s', 'balaji', 'IND'))",Roland Garros_2024,IND,84.0,0,0,0.0,0.015748031496062992,0.23622047244094488,0.015748031496062992
"(('r', 'stalder', 'USA'), ('s', 'verbeek', 'NLD'))",Roland Garros_2024,USA,71.0,0,0,0.4625000059604645,0.07874015748031496,0.2440944881889764,0.44788190558200747
"(('s', 'báez', 'ARG'), ('t', 'wild', 'BRA'))",Roland Garros_2024,ARG,436.0,0,0,0.75,0.03937007874015748,0.15748031496062992,0.44145669390601433
"(('a', 'murray', 'GBR'), ('d', 'evans', 'GBR'))",Roland Garros_2024,GBR,286.0,1,1,1.0,0.06299212598425197,0.23622047244094488,0.4295275631828571
"(('m', 'ebden', 'AUS'), ('r', 'bopanna', 'IND'))",Roland Garros_2024,IND,4.0,0,1,0.0,0.015748031496062992,0.23622047244094488,0.015748031496062992
"(('m', 'zormann', 'BRA'), ('o', 'luz', 'BRA'))",Roland Garros_2024,BRA,103.0,1,1,1.0,0.03937007874015748,0.047244094488188976,0.41064960780810184
"(('h', 'zeballos', 'ARG'), ('m', 'granollers', 'ESP'))",US Open_2024,ESP,1.0,0,1,1.0,0.03937007874015748,0.18110236220472442,0.45661417526053627
"(('c', 'carabelli', 'ARG'), ('f', 'cerúndolo', 'ARG'))",US Open_2024,ARG,294.0,1,1,1.0,0.05511811023622047,0.18110236220472442,0.45661417526053627
"(('a', 'erler', 'AUT'), ('m', 'middelkoop', 'NLD'))",US Open_2024,AUT,49.0,0,0,0.75,0.015748031496062992,0.03937007874015748,0.3933661429478427
"(('a', 'behar', 'URY'), ('l', 'johnson', 'GBR'))",US Open_2024,URY,44.0,0,0,0.25,0.0,0.18110236220472442,0.45661417526053627
"(('a', 'olivetti', 'FRA'), ('y', 'bhambri', 'IND'))",US Open_2024,IND,48.0,0,0,0.0,0.015748031496062992,0.33070866141732286,0.015748031496062992
"(('p', 'trhac', 'USA'), ('r', 'seggerman', 'USA'))",US Open_2024,USA,91.0,1,1,1.0,0.1732283464566929,0.33070866141732286,0.5132027700778068
"(('a', 'krajicek', 'USA'), ('j', 'rojer', 'NLD'))",US Open_2024,USA,22.0,0,0,0.4625000059604645,0.1732283464566929,0.33070866141732286,0.5132027700778068
"(('c', 'frantzen', 'DEU'), ('h', 'jebens', 'DEU'))",US Open_2024,DEU,45.0,1,1,1.0,0.031496062992125984,0.031496062992125984,0.3933661429478427
"(('h', 'nys', 'MCO'), ('j', 'zieliński', 'POL'))",US Open_2024,MCO,24.0,0,0,0.25,0.0,0.0,0.4158858310753905
"(('j', 'munar', 'ESP'), ('p', 'martínez', 'ESP'))",US Open_2024,ESP,207.0,1,1,1.0,0.03937007874015748,0.18110236220472442,0.45661417526053627
"(('f', 'cabral', 'PRT'), ('n', 'borges', 'PRT'))",US Open_2024,PRT,346.0,1,1,1.0,0.007874015748031496,0.047244094488188976,0.41635827082817944
"(('f', 'marozsán', 'HUN'), ('z', 'bergs', 'BEL'))",US Open_2024,BEL,626.0,0,0,0.0,0.015748031496062992,0.2204724409448819,0.408078742681995
"(('a', 'mies', 'DEU'), ('j', 'smith', 'AUS'))",US Open_2024,DEU,56.0,0,0,0.5,0.031496062992125984,0.031496062992125984,0.3933661429478427
"(('a', 'müller', 'FRA'), ('s', 'ofner', 'AUT'))",US Open_2024,FRA,308.0,0,0,0.25,0.09448818897637795,0.13385826771653545,0.3969291382934165
"(('j', 'thompson', 'AUS'), ('m', 'purcell', 'AUS'))",US Open_2024,AUS,18.0,1,1,1.0,0.047244094488188976,0.33070866141732286,0.48244095333448545
"(('b', 'zandschulp', 'NLD'), ('m', 'giron', 'USA'))",US Open_2024,USA,549.0,0,0,0.4625000059604645,0.1732283464566929,0.33070866141732286,0.5132027700778068
"(('j', 'salisbury', 'GBR'), ('r', 'ram', 'USA'))",US Open_2024,USA,5.0,0,1,0.8875000476837158,0.1732283464566929,0.33070866141732286,0.5132027700778068
"(('f', 'romboli', 'BRA'), ('l', 'darderi', 'ITA'))",US Open_2024,ITA,273.0,0,0,0.5,0.023622047244094488,0.023622047244094488,0.35051181521472036
"(('l', 'glasspool', 'GBR'), ('r', 'hijikata', 'AUS'))",US Open_2024,GBR,42.0,0,1,1.0,0.047244094488188976,0.33070866141732286,0.48244095333448545
"(('a', 'tabilo', 'CHL'), ('d', 'hidalgo', 'ECU'))",US Open_2024,ECU,76.0,0,1,1.0,0.007874015748031496,0.18110236220472442,0.45661417526053627
"(('f', 'martin', 'FRA'), ('j', 'eysseric', 'FRA'))",US Open_2024,FRA,99.0,1,1,1.0,0.09448818897637795,0.13385826771653545,0.3969291382934165
"(('b', 'nakashima', 'USA'), ('e', 'king', 'USA'))",US Open_2024,USA,70.0,1,1,1.0,0.1732283464566929,0.33070866141732286,0.5132027700778068
"(('j', 'withrow', 'USA'), ('n', 'lammons', 'USA'))",US Open_2024,USA,26.0,1,1,1.0,0.1732283464566929,0.33070866141732286,0.5132027700778068
"(('m', 'krueger', 'USA'), ('r', 'stalder', 'USA'))",US Open_2024,USA,276.0,1,1,1.0,0.1732283464566929,0.33070866141732286,0.5132027700778068
"(('n', 'mektić', 'HRV'), ('w', 'koolhof', 'NLD'))",US Open_2024,NLD,14.0,0,0,0.25,0.05511811023622047,0.07874015748031496,0.3953937019841878
"(('t', 'griekspoor', 'NLD'), ('t', 'kokkinakis', 'AUS'))",US Open_2024,NLD,117.0,0,0,0.5,0.05511811023622047,0.07874015748031496,0.3953937019841878
"(('m', 'melo', 'BRA'), ('r', 'matos', 'BRA'))",US Open_2024,BRA,34.0,1,1,1.0,0.031496062992125984,0.047244094488188976,0.41635827082817944
"(('p', 'busta', 'ESP'), ('s', 'gornés', 'ESP'))",US Open_2024,ESP,42.0,1,1,1.0,0.03937007874015748,0.18110236220472442,0.45661417526053627
"(('d', 'stricker', 'CHE'), ('f', 'cobolli', 'ITA'))",US Open_2024,ITA,471.0,0,0,0.3149999976158142,0.023622047244094488,0.023622047244094488,0.35051181521472036
"(('d', 'shapovalov', 'CAN'), ('s', 'kwon', 'KOR'))",US Open_2024,KOR,1176.0,0,0,0.0,0.0,0.0,0.0
"(('h', 'heliövaara', 'FIN'), ('h', 'patten', 'GBR'))",US Open_2024,FIN,11.0,0,0,0.0,0.0,0.007874015748031496,0.001968503937007874
"(('m', 'guinard', 'FRA'), ('s', 'doumbia', 'FRA'))",US Open_2024,FRA,31.0,1,1,1.0,0.09448818897637795,0.13385826771653545,0.3969291382934165
"(('m', 'venus', 'NZL'), ('n', 'skupski', 'GBR'))",US Open_2024,GBR,19.0,0,1,1.0,0.047244094488188976,0.33070866141732286,0.48244095333448545
"(('g', 'jacq', 'FRA'), ('h', 'gaston', 'FRA'))",US Open_2024,FRA,1252.0,1,1,1.0,0.09448818897637795,0.13385826771653545,0.3969291382934165
"(('g', 'andreozzi', 'ARG'), ('s', 'balaji', 'IND'))",US Open_2024,ARG,62.0,0,0,0.0,0.05511811023622047,0.18110236220472442,0.45661417526053627
"(('m', 'daniell', 'NZL'), ('m', 'reyes-varela', 'MEX'))",US Open_2024,NZL,225.0,0,0,0.25,0.007874015748031496,0.33070866141732286,0.48244095333448545
"(('j', 'cash', 'GBR'), ('r', 'galloway', 'USA'))",US Open_2024,GBR,39.0,0,1,0.8875000476837158,0.047244094488188976,0.33070866141732286,0.48244095333448545
"(('a', 'michelsen', 'USA'), ('m', 'mcdonald', 'USA'))",US Open_2024,USA,72.0,1,1,1.0,0.1732283464566929,0.33070866141732286,0.5132027700778068
"(('e', 'nava', 'USA'), ('t', 'boyer', 'USA'))",US Open_2024,USA,437.0,1,1,1.0,0.1732283464566929,0.33070866141732286,0.5132027700778068
"(('s', 'gonzález', 'MEX'), ('é', 'roger-vasselin', 'FRA'))",US Open_2024,MEX,23.0,0,0,0.5,0.007874015748031496,0.18110236220472442,0.45661417526053627
"(('a', 'pavlásek', 'CZE'), ('i', 'dodig', 'HRV'))",US Open_2024,HRV,16.0,0,0,0.5,0.015748031496062992,0.023622047244094488,0.25913385823955687
"(('c', 'harrison', 'USA'), ('v', 'kirkov', 'USA'))",US Open_2024,USA,107.0,1,1,1.0,0.1732283464566929,0.33070866141732286,0.5132027700778068
"(('n', 'barrientos', 'COL'), ('s', 'mansouri', 'TUN'))",US Open_2024,COL,52.0,0,0,0.0,0.007874015748031496,0.18110236220472442,0.45661417526053627
"(('a', 'razeghi', 'USA'), ('n', 'filin', 'USA'))",US Open_2024,USA,1501.0,1,1,1.0,0.1732283464566929,0.33070866141732286,0.5132027700778068
"(('j', 'vliegen', 'BEL'), ('s', 'gillé', 'BEL'))",US Open_2024,BEL,35.0,1,1,1.0,0.015748031496062992,0.2204724409448819,0.408078742681995
"(('m', 'kecmanović', 'SRB'), ('r', 'safiullin', 'RUS'))",US Open_2024,SRB,407.0,0,0,0.5,0.0,0.023622047244094488,0.25519685036554113
"(('m', 'arévalo', 'SLV'), ('m', 'pavić', 'HRV'))",US Open_2024,SLV,8.0,0,0,0.25,0.0,0.18110236220472442,0.45661417526053627
"(('a', 'fils', 'FRA'), ('g', 'perricard', 'FRA'))",US Open_2024,FRA,246.0,1,1,1.0,0.09448818897637795,0.13385826771653545,0.3969291382934165
"(('a', 'vavassori', 'ITA'), ('s', 'bolelli', 'ITA'))",US Open_2024,ITA,10.0,1,1,1.0,0.023622047244094488,0.023622047244094488,0.35051181521472036
"(('c', 'ruud', 'NOR'), ('w', 'blumberg', 'USA'))",US Open_2024,USA,113.0,0,0,0.4625000059604645,0.1732283464566929,0.33070866141732286,0.5132027700778068
"(('a', 'göransson', 'SWE'), ('s', 'verbeek', 'NLD'))",US Open_2024,SWE,67.0,0,0,0.5,0.0,0.007874015748031496,0.34562992243785556
"(('j', 'murray', 'GBR'), ('j', 'peers', 'AUS'))",US Open_2024,GBR,32.0,0,1,1.0,0.047244094488188976,0.33070866141732286,0.48244095333448545
"(('m', 'navone', 'ARG'), ('t', 'monteiro', 'BRA'))",US Open_2024,BRA,161.0,0,0,0.75,0.031496062992125984,0.047244094488188976,0.41635827082817944
"(('a', 'mannarino', 'FRA'), ('a', 'rinderknech', 'FRA'))",US Open_2024,FRA,411.0,1,1,1.0,0.09448818897637795,0.13385826771653545,0.3969291382934165
"(('k', 'krawietz', 'DEU'), ('t', 'pütz', 'DEU'))",US Open_2024,DEU,20.0,1,1,1.0,0.031496062992125984,0.031496062992125984,0.3933661429478427
"(('a', 'nedovyesov', 'KAZ'), ('g', 'escobar', 'ECU'))",US Open_2024,ECU,53.0,0,0,0.1024999991059303,0.007874015748031496,0.18110236220472442,0.45661417526053627
"(('a', 'molteni', 'ARG'), ('m', 'gonzález', 'ARG'))",US Open_2024,ARG,33.0,1,1,1.0,0.05511811023622047,0.18110236220472442,0.45661417526053627
"(('c', 'rodríguez', 'COL'), ('n', 'jarry', 'CHL'))",US Open_2024,CHL,340.0,0,1,1.0,0.007874015748031496,0.18110236220472442,0.45661417526053627
"(('j', 'tracy', 'USA'), ('r', 'cash', 'USA'))",US Open_2024,USA,212.0,1,1,1.0,0.1732283464566929,0.33070866141732286,0.5132027700778068
"(('a', 'shevchenko', 'KAZ'), ('s', 'weissborn', 'AUT'))",US Open_2024,KAZ,876.0,0,0,0.1024999991059303,0.007874015748031496,0.023622047244094488,0.1136023626318128
"(('f', 'coria', 'ARG'), ('r', 'baena', 'ESP'))",US Open_2024,ESP,408.0,0,1,1.0,0.03937007874015748,0.18110236220472442,0.45661417526053627
"(('p', 'kotov', 'RUS'), ('t', 'wild', 'BRA'))",US Open_2024,RUS,869.0,0,0,0.25,0.007874015748031496,0.023622047244094488,0.25645669285706646
"(('m', 'ebden', 'AUS'), ('r', 'bopanna', 'IND'))",US Open_2024,IND,4.0,0,1,0.0,0.015748031496062992,0.33070866141732286,0.015748031496062992
"(('r', 'haase', 'NLD'), ('s', 'arends', 'NLD'))",US Open_2024,NLD,69.0,1,1,1.0,0.05511811023622047,0.07874015748031496,0.3953937019841878
"(('h', 'zeballos', 'ARG'), ('m', 'granollers', 'ESP'))",Wimbledon_2024,ESP,2.0,0,1,1.0,0.015748031496062992,0.14960629921259844,0.41801181231662043
"(('t', 'monteiro', 'BRA'), ('t', 'wild', 'BRA'))",Wimbledon_2024,BRA,567.0,1,1,1.0,0.031496062992125984,0.047244094488188976,0.38828740352486063
"(('n', 'mahut', 'FRA'), ('s', 'mansouri', 'TUN'))",Wimbledon_2024,FRA,53.0,0,1,0.0,0.06299212598425197,0.08661417322834646,0.3637598451268016
"(('a', 'vukic', 'AUS'), ('r', 'stalder', 'USA'))",Wimbledon_2024,USA,72.0,0,1,0.8875000476837158,0.10236220472440945,0.36220472440944884,0.5123149787816476
"(('s', 'ofner', 'AUT'), ('s', 'weissborn', 'AUT'))",Wimbledon_2024,AUT,351.0,1,1,1.0,0.023622047244094488,0.03937007874015748,0.3966338589036559
"(('a', 'tabilo', 'CHL'), ('d', 'hidalgo', 'ECU'))",Wimbledon_2024,ECU,61.0,0,1,1.0,0.007874015748031496,0.14960629921259844,0.41801181231662043
"(('d', 'brown', 'JAM'), ('s', 'báez', 'ARG'))",Wimbledon_2024,ARG,352.0,0,0,0.25,0.05511811023622047,0.14960629921259844,0.41801181231662043
"(('h', 'nys', 'MCO'), ('j', 'zieliński', 'POL'))",Wimbledon_2024,MCO,28.0,0,0,0.25,0.007874015748031496,0.007874015748031496,0.37072834906380947
"(('j', 'withrow', 'USA'), ('n', 'lammons', 'USA'))",Wimbledon_2024,USA,23.0,1,1,1.0,0.10236220472440945,0.36220472440944884,0.5123149787816476
"(('a', 'michelsen', 'USA'), ('m', 'giron', 'USA'))",Wimbledon_2024,USA,564.0,1,1,1.0,0.10236220472440945,0.36220472440944884,0.5123149787816476
"(('b', 'shelton', 'USA'), ('m', 'mcdonald', 'USA'))",Wimbledon_2024,USA,120.0,1,1,1.0,0.10236220472440945,0.36220472440944884,0.5123149787816476
"(('f', 'cobolli', 'ITA'), ('l', 'sonego', 'ITA'))",Wimbledon_2024,ITA,1395.0,1,1,1.0,0.031496062992125984,0.031496062992125984,0.3369094514260142
"(('a', 'olivetti', 'FRA'), ('y', 'bhambri', 'IND'))",Wimbledon_2024,IND,55.0,0,0,0.0,0.023622047244094488,0.3543307086614173,0.023622047244094488
"(('a', 'bublik', 'KAZ'), ('a', 'shevchenko', 'KAZ'))",Wimbledon_2024,KAZ,131.0,1,1,1.0,0.015748031496062992,0.023622047244094488,0.11824803142331715
"(('k', 'krawietz', 'DEU'), ('t', 'pütz', 'DEU'))",Wimbledon_2024,DEU,15.0,1,1,1.0,0.031496062992125984,0.031496062992125984,0.3966338589036559
"(('f', 'romboli', 'BRA'), ('l', 'darderi', 'ITA'))",Wimbledon_2024,ITA,262.0,0,0,0.5,0.031496062992125984,0.031496062992125984,0.3369094514260142
"(('j', 'salisbury', 'GBR'), ('r', 'ram', 'USA'))",Wimbledon_2024,USA,6.0,0,1,0.8875000476837158,0.10236220472440945,0.36220472440944884,0.5123149787816476
"(('c', 'ruud', 'NOR'), ('w', 'blumberg', 'USA'))",Wimbledon_2024,USA,92.0,0,0,0.4625000059604645,0.10236220472440945,0.36220472440944884,0.5123149787816476
"(('a', 'mies', 'DEU'), ('j', 'smith', 'AUS'))",Wimbledon_2024,DEU,62.0,0,0,0.5,0.031496062992125984,0.031496062992125984,0.3966338589036559
"(('f', 'marozsán', 'HUN'), ('v', 'cornea', 'ROU'))",Wimbledon_2024,ROU,69.0,0,0,0.0,0.0,0.0,0.3211614199299512
"(('f', 'martin', 'FRA'), ('m', 'middelkoop', 'NLD'))",Wimbledon_2024,FRA,166.0,0,0,0.25,0.06299212598425197,0.08661417322834646,0.3637598451268016
"(('b', 'stevens', 'NLD'), ('t', 'griekspoor', 'NLD'))",Wimbledon_2024,NLD,68.0,1,1,1.0,0.05511811023622047,0.07086614173228346,0.39698818961231724
"(('j', 'thompson', 'AUS'), ('m', 'purcell', 'AUS'))",Wimbledon_2024,AUS,31.0,1,1,1.0,0.047244094488188976,0.3543307086614173,0.5041535485424394
"(('j', 'clarke', 'GBR'), ('m', 'willis', 'GBR'))",Wimbledon_2024,GBR,276.0,1,1,1.0,0.14173228346456693,0.3543307086614173,0.5041535485424394
"(('a', 'molteni', 'ARG'), ('m', 'gonzález', 'ARG'))",Wimbledon_2024,ARG,21.0,1,1,1.0,0.05511811023622047,0.14960629921259844,0.41801181231662043
"(('p', 'tsitsipas', 'GRC'), ('s', 'tsitsipas', 'GRC'))",Wimbledon_2024,GRC,83.0,1,1,1.0,0.007874015748031496,0.007874015748031496,0.23667322832533694
"(('t', 'macháč', 'CZE'), ('z', 'zhang', 'CHN'))",Wimbledon_2024,CZE,54.0,0,0,0.0,0.007874015748031496,0.007874015748031496,0.2509055117687841
"(('a', 'behar', 'URY'), ('a', 'pavlásek', 'CZE'))",Wimbledon_2024,URY,36.0,0,0,0.25,0.0,0.14960629921259844,0.41801181231662043
"(('a', 'fery', 'GBR'), ('c', 'broom', 'GBR'))",Wimbledon_2024,GBR,185.0,1,1,1.0,0.14173228346456693,0.3543307086614173,0.5041535485424394
"(('a', 'rinderknech', 'FRA'), ('n', 'borges', 'PRT'))",Wimbledon_2024,PRT,359.0,0,0,0.5,0.007874015748031496,0.047244094488188976,0.38828740352486063
"(('n', 'mektić', 'HRV'), ('w', 'koolhof', 'NLD'))",Wimbledon_2024,NLD,8.0,0,0,0.25,0.05511811023622047,0.07086614173228346,0.39698818961231724
"(('f', 'coria', 'ARG'), ('m', 'navone', 'ARG'))",Wimbledon_2024,ARG,877.0,1,1,1.0,0.05511811023622047,0.14960629921259844,0.41801181231662043
"(('h', 'heliövaara', 'FIN'), ('h', 'patten', 'GBR'))",Wimbledon_2024,FIN,37.0,0,0,0.0,0.0,0.0,0.001968503937007874
"(('a', 'vavassori', 'ITA'), ('s', 'bolelli', 'ITA'))",Wimbledon_2024,ITA,11.0,1,1,1.0,0.031496062992125984,0.031496062992125984,0.3369094514260142
"(('j', 'munar', 'ESP'), ('p', 'martínez', 'ESP'))",Wimbledon_2024,ESP,246.0,1,1,1.0,0.015748031496062992,0.14960629921259844,0.41801181231662043
"(('d', 'lajović', 'SRB'), ('s', 'nagal', 'IND'))",Wimbledon_2024,SRB,425.0,0,0,0.0,0.0,0.023622047244094488,0.252874015705792
"(('m', 'melo', 'BRA'), ('r', 'matos', 'BRA'))",Wimbledon_2024,BRA,40.0,1,1,1.0,0.031496062992125984,0.047244094488188976,0.38828740352486063
"(('j', 'fearnley', 'GBR'), ('j', 'jones', 'USA'))",Wimbledon_2024,GBR,408.0,0,1,0.8875000476837158,0.14173228346456693,0.3543307086614173,0.5041535485424394
"(('f', 'cabral', 'PRT'), ('n', 'barrientos', 'COL'))",Wimbledon_2024,COL,52.0,0,0,0.75,0.007874015748031496,0.14960629921259844,0.41801181231662043
"(('a', 'krajicek', 'USA'), ('i', 'dodig', 'HRV'))",Wimbledon_2024,HRV,17.0,0,0,0.25,0.015748031496062992,0.023622047244094488,0.25681102357980773
"(('f', 'reboul', 'FRA'), ('s', 'doumbia', 'FRA'))",Wimbledon_2024,FRA,34.0,1,1,1.0,0.06299212598425197,0.08661417322834646,0.3637598451268016
"(('k', 'edmund', 'GBR'), ('o', 'crawford', 'GBR'))",Wimbledon_2024,GBR,338.0,1,1,1.0,0.14173228346456693,0.3543307086614173,0.5041535485424394
"(('j', 'cash', 'GBR'), ('r', 'galloway', 'USA'))",Wimbledon_2024,GBR,39.0,0,1,0.8875000476837158,0.14173228346456693,0.3543307086614173,0.5041535485424394
"(('m', 'daniell', 'NZL'), ('t', 'arribagé', 'FRA'))",Wimbledon_2024,FRA,71.0,0,0,0.25,0.06299212598425197,0.08661417322834646,0.3637598451268016
"(('r', 'arneodo', 'MCO'), ('s', 'verbeek', 'NLD'))",Wimbledon_2024,MCO,75.0,0,0,0.25,0.007874015748031496,0.007874015748031496,0.37072834906380947
"(('a', 'nedovyesov', 'KAZ'), ('g', 'escobar', 'ECU'))",Wimbledon_2024,ECU,47.0,0,0,0.1024999991059303,0.007874015748031496,0.14960629921259844,0.41801181231662043
"(('m', 'arévalo', 'SLV'), ('m', 'pavić', 'HRV'))",Wimbledon_2024,SLV,7.0,0,0,0.25,0.0,0.14960629921259844,0.41801181231662043
"(('l', 'johnson', 'GBR'), ('s', 'balaji', 'IND'))",Wimbledon_2024,IND,64.0,0,1,0.0,0.023622047244094488,0.3543307086614173,0.023622047244094488
"(('s', 'gonzález', 'MEX'), ('é', 'roger-vasselin', 'FRA'))",Wimbledon_2024,MEX,14.0,0,0,0.5,0.007874015748031496,0.14960629921259844,0.41801181231662043
"(('d', 'evans', 'GBR'), ('h', 'searle', 'GBR'))",Wimbledon_2024,GBR,428.0,1,1,1.0,0.14173228346456693,0.3543307086614173,0.5041535485424394
"(('c', 'eubanks', 'USA'), ('e', 'king', 'USA'))",Wimbledon_2024,USA,193.0,1,1,1.0,0.10236220472440945,0.36220472440944884,0.5123149787816476
"(('b', 'harris', 'GBR'), ('l', 'broady', 'GBR'))",Wimbledon_2024,GBR,828.0,1,1,1.0,0.14173228346456693,0.3543307086614173,0.5041535485424394
"(('j', 'peers', 'AUS'), ('r', 'hijikata', 'AUS'))",Wimbledon_2024,AUS,50.0,1,1,1.0,0.047244094488188976,0.3543307086614173,0.5041535485424394
"(('a', 'murray', 'GBR'), ('j', 'murray', 'GBR'))",Wimbledon_2024,GBR,346.0,1,1,1.0,0.14173228346456693,0.3543307086614173,0.5041535485424394
"(('m', 'venus', 'NZL'), ('n', 'skupski', 'GBR'))",Wimbledon_2024,GBR,12.0,0,1,1.0,0.14173228346456693,0.3543307086614173,0.5041535485424394
"(('a', 'erler', 'AUT'), ('l', 'miedler', 'AUT'))",Wimbledon_2024,AUT,43.0,1,1,1.0,0.023622047244094488,0.03937007874015748,0.3966338589036559
"(('j', 'vliegen', 'BEL'), ('s', 'gillé', 'BEL'))",Wimbledon_2024,BEL,29.0,1,1,1.0,0.007874015748031496,0.18110236220472442,0.3960472455386101
"(('a', 'müller', 'FRA'), ('f', 'acosta', 'ARG'))",Wimbledon_2024,ARG,1232.0,0,0,0.5,0.05511811023622047,0.14960629921259844,0.41801181231662043
"(('j', 'rojer', 'NLD'), ('l', 'glasspool', 'GBR'))",Wimbledon_2024,GBR,45.0,0,0,0.5,0.14173228346456693,0.3543307086614173,0.5041535485424394
"(('g', 'andreozzi', 'ARG'), ('m', 'reyes-varela', 'MEX'))",Wimbledon_2024,ARG,63.0,0,1,1.0,0.05511811023622047,0.14960629921259844,0.41801181231662043
"(('c', 'frantzen', 'DEU'), ('h', 'jebens', 'DEU'))",Wimbledon_2024,DEU,59.0,1,1,1.0,0.031496062992125984,0.031496062992125984,0.3966338589036559
"(('c', 'rodríguez', 'COL'), ('p', 'kotov', 'RUS'))",Wimbledon_2024,RUS,870.0,0,0,0.25,0.0,0.023622047244094488,0.25181102353756823
"(('m', 'ebden', 'AUS'), ('r', 'bopanna', 'IND'))",Wimbledon_2024,IND,4.0,0,1,0.0,0.023622047244094488,0.3543307086614173,0.023622047244094488
"(('r', 'haase', 'NLD'), ('s', 'arends', 'NLD'))",Wimbledon_2024,NLD,78.0,1,1,1.0,0.05511811023622047,0.07086614173228346,0.39698818961231724
"(('m', 'arévalo', 'SLV'), ('m', 'pavić', 'HRV'))",Australian Open_2025,SLV,1.0,0,0,0.25,0.0,0.14173228346456693,0.4006102370441429
"(('j', 'kubler', 'AUS'), ('r', 'hijikata', 'AUS'))",Australian Open_2025,AUS,92.0,1,1,1.0,0.12598425196850394,0.31496062992125984,0.44478346792497037
"(('d', 'džumhur', 'BIH'), ('p', 'tsitsipas', 'GRC'))",Australian Open_2025,BIH,754.0,0,0,0.25,0.0,0.03937007874015748,0.25765748040413294
"(('a', 'chandrasekar', 'IND'), ('k', 'drzewiecki', 'POL'))",Australian Open_2025,IND,116.0,0,0,0.0,0.047244094488188976,0.31496062992125984,0.047244094488188976
"(('l', 'johnson', 'GBR'), ('s', 'arends', 'NLD'))",Australian Open_2025,NLD,52.0,0,0,0.5,0.047244094488188976,0.07086614173228346,0.36848425236977933
"(('p', 'busta', 'ESP'), ('s', 'gornés', 'ESP'))",Australian Open_2025,ESP,861.0,1,1,1.0,0.031496062992125984,0.14173228346456693,0.4006102370441429
"(('f', 'reboul', 'FRA'), ('s', 'doumbia', 'FRA'))",Australian Open_2025,FRA,36.0,1,1,1.0,0.07086614173228346,0.10236220472440945,0.35879921426688594
"(('p', 'nouza', 'CZE'), ('p', 'rikl', 'CZE'))",Australian Open_2025,CZE,73.0,1,1,1.0,0.023622047244094488,0.023622047244094488,0.2587795275168156
"(('j', 'salisbury', 'GBR'), ('n', 'skupski', 'GBR'))",Australian Open_2025,GBR,40.0,1,1,1.0,0.047244094488188976,0.31496062992125984,0.44478346792497037
"(('f', 'comesaña', 'ARG'), ('s', 'báez', 'ARG'))",Australian Open_2025,ARG,205.0,1,1,1.0,0.05511811023622047,0.14173228346456693,0.4006102370441429
"(('a', 'göransson', 'SWE'), ('s', 'verbeek', 'NLD'))",Australian Open_2025,SWE,68.0,0,0,0.5,0.0,0.007874015748031496,0.3201771657556061
"(('a', 'erler', 'AUT'), ('a', 'mies', 'DEU'))",Australian Open_2025,AUT,41.0,0,0,1.0,0.007874015748031496,0.031496062992125984,0.3689370082752911
"(('a', 'vukic', 'AUS'), ('j', 'duckworth', 'AUS'))",Australian Open_2025,AUS,1279.0,1,1,1.0,0.12598425196850394,0.31496062992125984,0.44478346792497037
"(('n', 'kyrgios', 'AUS'), ('t', 'kokkinakis', 'AUS'))",Australian Open_2025,AUS,457.0,1,1,1.0,0.12598425196850394,0.31496062992125984,0.44478346792497037
"(('l', 'saville', 'AUS'), ('l', 'tu', 'AUS'))",Australian Open_2025,AUS,139.0,1,1,1.0,0.12598425196850394,0.31496062992125984,0.44478346792497037
"(('a', 'molteni', 'ARG'), ('m', 'gonzález', 'ARG'))",Australian Open_2025,ARG,22.0,1,1,1.0,0.05511811023622047,0.14173228346456693,0.4006102370441429
"(('a', 'vavassori', 'ITA'), ('s', 'bolelli', 'ITA'))",Australian Open_2025,ITA,6.0,1,1,1.0,0.031496062992125984,0.031496062992125984,0.3263976394637363
"(('c', 'frantzen', 'DEU'), ('h', 'jebens', 'DEU'))",Australian Open_2025,DEU,57.0,1,1,1.0,0.047244094488188976,0.047244094488188976,0.3689370082752911
"(('d', 'hidalgo', 'ECU'), ('l', 'darderi', 'ITA'))",Australian Open_2025,ITA,218.0,0,0,0.5,0.031496062992125984,0.031496062992125984,0.3263976394637363
"(('f', 'cobolli', 'ITA'), ('m', 'bortolotti', 'ITA'))",Australian Open_2025,ITA,107.0,1,1,1.0,0.031496062992125984,0.031496062992125984,0.3263976394637363
"(('a', 'pavlásek', 'CZE'), ('j', 'rojer', 'NLD'))",Australian Open_2025,CZE,30.0,0,0,0.25,0.023622047244094488,0.023622047244094488,0.2587795275168156
"(('a', 'cazaux', 'FRA'), ('r', 'arneodo', 'MCO'))",Australian Open_2025,MCO,77.0,0,1,1.0,0.007874015748031496,0.007874015748031496,0.36925197017239775
"(('j', 'munar', 'ESP'), ('p', 'martínez', 'ESP'))",Australian Open_2025,ESP,236.0,1,1,1.0,0.031496062992125984,0.14173228346456693,0.4006102370441429
"(('n', 'barrientos', 'COL'), ('r', 'bopanna', 'IND'))",Australian Open_2025,COL,48.0,0,0,0.0,0.0,0.14173228346456693,0.4006102370441429
"(('j', 'murray', 'GBR'), ('j', 'peers', 'AUS'))",Australian Open_2025,GBR,27.0,0,1,1.0,0.047244094488188976,0.31496062992125984,0.44478346792497037
"(('b', 'gojo', 'HRV'), ('m', 'kecmanović', 'SRB'))",Australian Open_2025,HRV,547.0,0,1,0.75,0.023622047244094488,0.03937007874015748,0.26271653539083134
"(('b', 'zandschulp', 'NLD'), ('t', 'griekspoor', 'NLD'))",Australian Open_2025,NLD,143.0,1,1,1.0,0.047244094488188976,0.07086614173228346,0.36848425236977933
"(('c', ""o'connell"", 'AUS'), ('r', 'safiullin', 'RUS'))",Australian Open_2025,AUS,1257.0,0,0,0.25,0.12598425196850394,0.31496062992125984,0.44478346792497037
"(('m', 'reyes-varela', 'MEX'), ('s', 'balaji', 'IND'))",Australian Open_2025,IND,65.0,0,0,0.0,0.047244094488188976,0.31496062992125984,0.047244094488188976
"(('a', 'nedovyesov', 'KAZ'), ('r', 'haase', 'NLD'))",Australian Open_2025,NLD,71.0,0,0,0.1024999991059303,0.047244094488188976,0.07086614173228346,0.36848425236977933
"(('f', 'cabral', 'PRT'), ('n', 'borges', 'PRT'))",Australian Open_2025,PRT,252.0,1,1,1.0,0.007874015748031496,0.047244094488188976,0.3743307099074829
"(('m', 'venus', 'NZL'), ('n', 'mektić', 'HRV'))",Australian Open_2025,HRV,8.0,0,0,0.25,0.023622047244094488,0.03937007874015748,0.26271653539083134
"(('j', 'withrow', 'USA'), ('n', 'lammons', 'USA'))",Australian Open_2025,USA,20.0,1,1,1.0,0.06299212598425197,0.31496062992125984,0.45171064672272976
"(('e', 'king', 'USA'), ('m', 'giron', 'USA'))",Australian Open_2025,USA,584.0,1,1,1.0,0.06299212598425197,0.31496062992125984,0.45171064672272976
"(('a', 'behar', 'URY'), ('r', 'galloway', 'USA'))",Australian Open_2025,URY,42.0,0,0,0.3625000119209289,0.0,0.14173228346456693,0.4006102370441429
"(('a', 'bublik', 'KAZ'), ('a', 'shevchenko', 'KAZ'))",Australian Open_2025,KAZ,117.0,1,1,1.0,0.015748031496062992,0.023622047244094488,0.1182480311299872
"(('l', 'miedler', 'AUT'), ('s', 'gonzález', 'MEX'))",Australian Open_2025,MEX,45.0,0,0,0.25,0.007874015748031496,0.14173228346456693,0.4006102370441429
"(('s', 'watanabe', 'JPN'), ('t', 'yuzuki', 'JPN'))",Australian Open_2025,JPN,167.0,1,1,1.0,0.007874015748031496,0.007874015748031496,0.007874015748031496
"(('j', 'cash', 'GBR'), ('l', 'glasspool', 'GBR'))",Australian Open_2025,GBR,31.0,1,1,1.0,0.047244094488188976,0.31496062992125984,0.44478346792497037
"(('f', 'cerúndolo', 'ARG'), ('t', 'etcheverry', 'ARG'))",Australian Open_2025,ARG,253.0,1,1,1.0,0.05511811023622047,0.14173228346456693,0.4006102370441429
"(('j', 'zieliński', 'POL'), ('s', 'gillé', 'BEL'))",Australian Open_2025,BEL,37.0,0,0,0.25,0.015748031496062992,0.1732283464566929,0.3800531505271205
"(('r', 'baena', 'ESP'), ('y', 'bu', 'CHN'))",Australian Open_2025,CHN,726.0,0,0,0.0,0.007874015748031496,0.007874015748031496,0.007874015748031496
"(('g', 'jacq', 'FRA'), ('o', 'luz', 'BRA'))",Australian Open_2025,FRA,64.0,0,0,0.5,0.07086614173228346,0.10236220472440945,0.35879921426688594
"(('m', 'navone', 'ARG'), ('v', 'cornea', 'ROU'))",Australian Open_2025,ROU,91.0,0,0,0.5,0.0,0.0,0.3106496079676733
"(('c', 'harrison', 'USA'), ('d', 'pel', 'NLD'))",Australian Open_2025,USA,75.0,0,0,0.4625000059604645,0.06299212598425197,0.31496062992125984,0.45171064672272976
"(('k', 'krawietz', 'DEU'), ('t', 'pütz', 'DEU'))",Australian Open_2025,DEU,9.0,1,1,1.0,0.047244094488188976,0.047244094488188976,0.3689370082752911
"(('a', 'müller', 'FRA'), ('d', 'goffin', 'BEL'))",Australian Open_2025,BEL,855.0,0,1,0.5575,0.015748031496062992,0.1732283464566929,0.3800531505271205
"(('h', 'heliövaara', 'FIN'), ('h', 'patten', 'GBR'))",Australian Open_2025,FIN,14.0,0,0,0.0,0.0,0.007874015748031496,0.0
"(('r', 'bollipalli', 'IND'), ('r', 'seggerman', 'USA'))",Australian Open_2025,IND,72.0,0,1,0.0,0.047244094488188976,0.31496062992125984,0.047244094488188976
"(('m', 'polmans', 'AUS'), ('m', 'romios', 'AUS'))",Australian Open_2025,AUS,506.0,1,1,1.0,0.12598425196850394,0.31496062992125984,0.44478346792497037
"(('a', 'rinderknech', 'FRA'), ('m', 'guinard', 'FRA'))",Australian Open_2025,FRA,70.0,1,1,1.0,0.07086614173228346,0.10236220472440945,0.35879921426688594
"(('a', 'walton', 'AUS'), ('t', 'schoolkate', 'AUS'))",Australian Open_2025,AUS,138.0,1,1,1.0,0.12598425196850394,0.31496062992125984,0.44478346792497037
"(('a', 'olivetti', 'FRA'), ('y', 'bhambri', 'IND'))",Australian Open_2025,IND,47.0,0,0,0.0,0.047244094488188976,0.31496062992125984,0.047244094488188976
"(('a', 'krajicek', 'USA'), ('r', 'ram', 'USA'))",Australian Open_2025,USA,43.0,1,1,1.0,0.06299212598425197,0.31496062992125984,0.45171064672272976
"(('j', 'vliegen', 'BEL'), ('m', 'ebden', 'AUS'))",Australian Open_2025,AUS,15.0,0,0,0.3974999999999999,0.12598425196850394,0.31496062992125984,0.44478346792497037
"(('h', 'nys', 'MCO'), ('é', 'roger-vasselin', 'FRA'))",Australian Open_2025,MCO,24.0,0,1,1.0,0.007874015748031496,0.007874015748031496,0.36925197017239775
"(('m', 'melo', 'BRA'), ('r', 'matos', 'BRA'))",Australian Open_2025,BRA,35.0,1,1,1.0,0.031496062992125984,0.047244094488188976,0.3743307099074829
"(('i', 'dodig', 'HRV'), ('s', 'mansouri', 'TUN'))",Australian Open_2025,HRV,26.0,0,0,0.0,0.023622047244094488,0.03937007874015748,0.26271653539083134
"(('b', 'ellis', 'AUS'), ('t', 'fancutt', 'AUS'))",Australian Open_2025,AUS,149.0,1,1,1.0,0.12598425196850394,0.31496062992125984,0.44478346792497037
"(('t', 'macháč', 'CZE'), ('z', 'zhang', 'CHN'))",Australian Open_2025,CZE,49.0,0,0,0.0,0.023622047244094488,0.023622047244094488,0.2587795275168156
"(('g', 'andreozzi', 'ARG'), ('t', 'arribagé', 'FRA'))",Australian Open_2025,ARG,56.0,0,0,0.5,0.05511811023622047,0.14173228346456693,0.4006102370441429
"(('j', 'schnaitter', 'DEU'), ('m', 'wallner', 'DEU'))",Australian Open_2025,DEU,80.0,1,1,1.0,0.047244094488188976,0.047244094488188976,0.3689370082752911
"(('f', 'romboli', 'BRA'), ('m', 'zormann', 'BRA'))",Australian Open_2025,BRA,100.0,1,1,1.0,0.031496062992125984,0.047244094488188976,0.3743307099074829
"(('m', 'arévalo', 'SLV'), ('m', 'pavić', 'HRV'))",Roland Garros_2025,SLV,1.0,0,0,0.25,0.0,0.12598425196850394,0.4284251979580076
"(('j', 'munar', 'ESP'), ('p', 'martínez', 'ESP'))",Roland Garros_2025,ESP,86.0,1,1,1.0,0.015748031496062992,0.12598425196850394,0.4284251979580076
"(('f', 'marozsán', 'HUN'), ('m', 'bellucci', 'ITA'))",Roland Garros_2025,ITA,857.0,0,0,0.0,0.023622047244094488,0.023622047244094488,0.3557874039026696
"(('j', 'brooksby', 'USA'), ('m', 'giron', 'USA'))",Roland Garros_2025,USA,1421.0,1,1,1.0,0.09448818897637795,0.2755905511811024,0.46158859890511655
"(('a', 'vukic', 'AUS'), ('j', 'duckworth', 'AUS'))",Roland Garros_2025,AUS,488.0,1,1,1.0,0.06299212598425197,0.2755905511811024,0.4444094535309499
"(('j', 'rojer', 'NLD'), ('s', 'mansouri', 'TUN'))",Roland Garros_2025,TUN,76.0,0,0,0.0,0.0,0.2125984251968504,0.0
"(('h', 'nys', 'MCO'), ('é', 'roger-vasselin', 'FRA'))",Roland Garros_2025,MCO,39.0,0,1,1.0,0.007874015748031496,0.007874015748031496,0.464468506377513
"(('a', 'behar', 'URY'), ('j', 'vliegen', 'BEL'))",Roland Garros_2025,URY,46.0,0,0,0.3525,0.0,0.12598425196850394,0.4284251979580076
"(('d', 'pel', 'NLD'), ('j', 'paul', 'CHE'))",Roland Garros_2025,CHE,88.0,0,0,0.6200000047683716,0.0,0.0,0.41164369987221217
"(('a', 'molteni', 'ARG'), ('m', 'gonzález', 'ARG'))",Roland Garros_2025,ARG,25.0,1,1,1.0,0.047244094488188976,0.12598425196850394,0.4284251979580076
"(('l', 'johnson', 'GBR'), ('s', 'arends', 'NLD'))",Roland Garros_2025,NLD,37.0,0,0,0.5,0.05511811023622047,0.07874015748031496,0.3849212605840578
"(('m', 'demoliner', 'BRA'), ('n', 'jarry', 'CHL'))",Roland Garros_2025,BRA,91.0,0,0,0.75,0.031496062992125984,0.047244094488188976,0.4049015765208898
"(('l', 'tien', 'USA'), ('r', 'seggerman', 'USA'))",Roland Garros_2025,USA,83.0,1,1,1.0,0.09448818897637795,0.2755905511811024,0.46158859890511655
"(('a', 'géa', 'FRA'), ('m', 'kouamé', 'FRA'))",Roland Garros_2025,FRA,462.0,1,1,1.0,0.1732283464566929,0.2125984251968504,0.445511813595539
"(('j', 'cash', 'GBR'), ('l', 'glasspool', 'GBR'))",Roland Garros_2025,GBR,16.0,1,1,1.0,0.05511811023622047,0.2755905511811024,0.4444094535309499
"(('m', 'kecmanović', 'SRB'), ('r', 'hijikata', 'AUS'))",Roland Garros_2025,AUS,123.0,0,0,0.25,0.06299212598425197,0.2755905511811024,0.4444094535309499
"(('k', 'krawietz', 'DEU'), ('t', 'pütz', 'DEU'))",Roland Garros_2025,DEU,5.0,1,1,1.0,0.047244094488188976,0.047244094488188976,0.3848622054847207
"(('k', 'drzewiecki', 'POL'), ('p', 'matuszewski', 'POL'))",Roland Garros_2025,POL,84.0,1,1,1.0,0.015748031496062992,0.015748031496062992,0.2618110236220472
"(('i', 'dodig', 'HRV'), ('o', 'luz', 'BRA'))",Roland Garros_2025,HRV,58.0,0,0,0.25,0.015748031496062992,0.023622047244094488,0.2637795275590551
"(('g', 'blancaneaux', 'FRA'), ('v', 'royer', 'FRA'))",Roland Garros_2025,FRA,115.0,1,1,1.0,0.1732283464566929,0.2125984251968504,0.445511813595539
"(('f', 'romboli', 'BRA'), ('j', 'smith', 'AUS'))",Roland Garros_2025,BRA,56.0,0,0,0.25,0.031496062992125984,0.047244094488188976,0.4049015765208898
"(('p', 'tsitsipas', 'GRC'), ('s', 'tsitsipas', 'GRC'))",Roland Garros_2025,GRC,105.0,1,1,1.0,0.007874015748031496,0.007874015748031496,0.24015748031496062
"(('a', 'cazaux', 'FRA'), ('h', 'mayot', 'FRA'))",Roland Garros_2025,FRA,580.0,1,1,1.0,0.1732283464566929,0.2125984251968504,0.445511813595539
"(('j', 'murray', 'GBR'), ('r', 'ram', 'USA'))",Roland Garros_2025,GBR,29.0,0,1,0.8875000476837158,0.05511811023622047,0.2755905511811024,0.4444094535309499
"(('a', 'krajicek', 'USA'), ('s', 'gonzález', 'MEX'))",Roland Garros_2025,MEX,53.0,0,0,0.3625000119209289,0.007874015748031496,0.12598425196850394,0.4284251979580076
"(('j', 'withrow', 'USA'), ('n', 'lammons', 'USA'))",Roland Garros_2025,USA,23.0,1,1,1.0,0.09448818897637795,0.2755905511811024,0.46158859890511655
"(('a', 'olivetti', 'FRA'), ('q', 'halys', 'FRA'))",Roland Garros_2025,FRA,388.0,1,1,1.0,0.1732283464566929,0.2125984251968504,0.445511813595539
"(('j', 'kubler', 'AUS'), ('j', 'thompson', 'AUS'))",Roland Garros_2025,AUS,866.0,1,1,1.0,0.06299212598425197,0.2755905511811024,0.4444094535309499
"(('a', 'erler', 'AUT'), ('c', 'frantzen', 'DEU'))",Roland Garros_2025,AUT,44.0,0,0,1.0,0.007874015748031496,0.031496062992125984,0.3848622054847207
"(('d', 'hidalgo', 'ECU'), ('l', 'darderi', 'ITA'))",Roland Garros_2025,ITA,137.0,0,0,0.5,0.023622047244094488,0.023622047244094488,0.3557874039026696
"(('h', 'zeballos', 'ARG'), ('m', 'granollers', 'ESP'))",Roland Garros_2025,ESP,10.0,0,1,1.0,0.015748031496062992,0.12598425196850394,0.4284251979580076
"(('f', 'cabral', 'PRT'), ('l', 'miedler', 'AUT'))",Roland Garros_2025,PRT,49.0,0,0,0.25,0.007874015748031496,0.047244094488188976,0.4049015765208898
"(('j', 'salisbury', 'GBR'), ('n', 'skupski', 'GBR'))",Roland Garros_2025,GBR,20.0,1,1,1.0,0.05511811023622047,0.2755905511811024,0.4444094535309499
"(('a', 'mies', 'DEU'), ('r', 'safiullin', 'RUS'))",Roland Garros_2025,DEU,96.0,0,0,0.25,0.047244094488188976,0.047244094488188976,0.3848622054847207
"(('g', 'andreozzi', 'ARG'), ('t', 'arribagé', 'FRA'))",Roland Garros_2025,ARG,47.0,0,0,0.5,0.047244094488188976,0.12598425196850394,0.4284251979580076
"(('f', 'comesaña', 'ARG'), ('s', 'báez', 'ARG'))",Roland Garros_2025,ARG,298.0,1,1,1.0,0.047244094488188976,0.12598425196850394,0.4284251979580076
"(('a', 'rinderknech', 'FRA'), ('n', 'borges', 'PRT'))",Roland Garros_2025,PRT,101.0,0,0,0.5,0.007874015748031496,0.047244094488188976,0.4049015765208898
"(('j', 'jong', 'NLD'), ('z', 'bergs', 'BEL'))",Roland Garros_2025,BEL,577.0,0,1,0.6925,0.015748031496062992,0.29133858267716534,0.4253031510982926
"(('a', 'göransson', 'SWE'), ('s', 'verbeek', 'NLD'))",Roland Garros_2025,SWE,27.0,0,0,0.5,0.0,0.007874015748031496,0.33122047316370984
"(('a', 'müller', 'FRA'), ('g', 'perricard', 'FRA'))",Roland Garros_2025,FRA,211.0,1,1,1.0,0.1732283464566929,0.2125984251968504,0.445511813595539
"(('j', 'peers', 'AUS'), ('m', 'ebden', 'AUS'))",Roland Garros_2025,AUS,36.0,1,1,1.0,0.06299212598425197,0.2755905511811024,0.4444094535309499
"(('k', 'jacquet', 'FRA'), ('u', 'blanchet', 'FRA'))",Roland Garros_2025,FRA,671.0,1,1,1.0,0.1732283464566929,0.2125984251968504,0.445511813595539
"(('j', 'schnaitter', 'DEU'), ('m', 'wallner', 'DEU'))",Roland Garros_2025,DEU,59.0,1,1,1.0,0.047244094488188976,0.047244094488188976,0.3848622054847207
"(('b', 'stevens', 'NLD'), ('t', 'griekspoor', 'NLD'))",Roland Garros_2025,NLD,157.0,1,1,1.0,0.05511811023622047,0.07874015748031496,0.3849212605840578
"(('m', 'reyes-varela', 'MEX'), ('s', 'balaji', 'IND'))",Roland Garros_2025,IND,68.0,0,0,0.0,0.023622047244094488,0.2755905511811024,0.023622047244094488
"(('c', 'carabelli', 'ARG'), ('y', 'bu', 'CHN'))",Roland Garros_2025,CHN,863.0,0,0,0.0,0.0,0.0,0.0
"(('a', 'vavassori', 'ITA'), ('s', 'bolelli', 'ITA'))",Roland Garros_2025,ITA,7.0,1,1,1.0,0.023622047244094488,0.023622047244094488,0.3557874039026696
"(('n', 'mahut', 'FRA'), ('p', 'herbert', 'FRA'))",Roland Garros_2025,FRA,152.0,1,1,1.0,0.1732283464566929,0.2125984251968504,0.445511813595539
"(('m', 'venus', 'NZL'), ('n', 'mektić', 'HRV'))",Roland Garros_2025,HRV,13.0,0,0,0.25,0.015748031496062992,0.023622047244094488,0.2637795275590551
"(('g', 'jacq', 'FRA'), ('m', 'romios', 'AUS'))",Roland Garros_2025,FRA,63.0,0,0,0.25,0.1732283464566929,0.2125984251968504,0.445511813595539
"(('r', 'galloway', 'USA'), ('y', 'bhambri', 'IND'))",Roland Garros_2025,IND,41.0,0,1,0.0,0.023622047244094488,0.2755905511811024,0.023622047244094488
"(('h', 'jebens', 'DEU'), ('r', 'haase', 'NLD'))",Roland Garros_2025,NLD,74.0,0,0,0.75,0.05511811023622047,0.07874015748031496,0.3849212605840578
"(('m', 'guinard', 'FRA'), ('r', 'arneodo', 'MCO'))",Roland Garros_2025,MCO,48.0,0,1,1.0,0.007874015748031496,0.007874015748031496,0.464468506377513
"(('m', 'melo', 'BRA'), ('r', 'matos', 'BRA'))",Roland Garros_2025,BRA,34.0,1,1,1.0,0.031496062992125984,0.047244094488188976,0.4049015765208898
"(('c', 'harrison', 'USA'), ('e', 'king', 'USA'))",Roland Garros_2025,USA,21.0,1,1,1.0,0.09448818897637795,0.2755905511811024,0.46158859890511655
"(('j', 'zieliński', 'POL'), ('s', 'gillé', 'BEL'))",Roland Garros_2025,BEL,43.0,0,0,0.25,0.015748031496062992,0.29133858267716534,0.4253031510982926
"(('f', 'reboul', 'FRA'), ('s', 'doumbia', 'FRA'))",Roland Garros_2025,FRA,26.0,1,1,1.0,0.1732283464566929,0.2125984251968504,0.445511813595539
"(('a', 'mannarino', 'FRA'), ('g', 'barrère', 'FRA'))",Roland Garros_2025,FRA,318.0,1,1,1.0,0.1732283464566929,0.2125984251968504,0.445511813595539
"(('a', 'pavlásek', 'CZE'), ('r', 'bopanna', 'IND'))",Roland Garros_2025,IND,33.0,0,0,0.0,0.023622047244094488,0.2755905511811024,0.023622047244094488
"(('j', 'tracy', 'USA'), ('r', 'cash', 'USA'))",Roland Garros_2025,USA,71.0,1,1,1.0,0.09448818897637795,0.2755905511811024,0.46158859890511655
"(('g', 'diallo', 'CAN'), ('j', 'fearnley', 'GBR'))",Roland Garros_2025,CAN,1287.0,0,1,0.7749999761581421,0.0,0.4881889763779528,0.45548819370626464
"(('n', 'barrientos', 'COL'), ('r', 'bollipalli', 'IND'))",Roland Garros_2025,COL,66.0,0,0,0.0,0.0,0.12598425196850394,0.4284251979580076
"(('h', 'heliövaara', 'FIN'), ('h', 'patten', 'GBR'))",Roland Garros_2025,FIN,3.0,0,0,0.0,0.0,0.007874015748031496,0.001968503937007874
"(('p', 'nouza', 'CZE'), ('p', 'rikl', 'CZE'))",Roland Garros_2025,CZE,70.0,1,1,1.0,0.015748031496062992,0.015748031496062992,0.2618110236220472
"(('a', 'erler', 'AUT'), ('r', 'galloway', 'USA'))",US Open_2025,AUT,42.0,0,0,0.4625000059604645,0.007874015748031496,0.03937007874015748,0.3853937021414126
"(('j', 'cash', 'GBR'), ('l', 'glasspool', 'GBR'))",US Open_2025,GBR,2.0,1,1,1.0,0.05511811023622047,0.4015748031496063,0.4974803249033417
"(('j', 'schnaitter', 'DEU'), ('m', 'wallner', 'DEU'))",US Open_2025,DEU,62.0,1,1,1.0,0.03937007874015748,0.03937007874015748,0.3853937021414126
"(('a', 'walton', 'AUS'), ('b', 'bayldon', 'AUS'))",US Open_2025,AUS,95.0,1,1,1.0,0.05511811023622047,0.4015748031496063,0.4974803249033417
"(('m', 'melo', 'BRA'), ('r', 'matos', 'BRA'))",US Open_2025,BRA,48.0,1,1,1.0,0.031496062992125984,0.03937007874015748,0.37096457062978444
"(('i', 'dodig', 'HRV'), ('j', 'murray', 'GBR'))",US Open_2025,HRV,68.0,0,0,0.25,0.015748031496062992,0.03937007874015748,0.26539370077332175
"(('f', 'reboul', 'FRA'), ('s', 'doumbia', 'FRA'))",US Open_2025,FRA,30.0,1,1,1.0,0.07874015748031496,0.11811023622047244,0.36669291863525943
"(('a', 'göransson', 'SWE'), ('s', 'verbeek', 'NLD'))",US Open_2025,SWE,33.0,0,0,0.5,0.0,0.015748031496062992,0.3433464580469244
"(('a', 'molteni', 'ARG'), ('m', 'gonzález', 'ARG'))",US Open_2025,ARG,22.0,1,1,1.0,0.03937007874015748,0.11811023622047244,0.3986220496775597
"(('a', 'krajicek', 'USA'), ('s', 'gonzález', 'MEX'))",US Open_2025,MEX,37.0,0,0,0.3625000119209289,0.007874015748031496,0.11811023622047244,0.3986220496775597
"(('c', 'harper', 'CAN'), ('j', 'rojer', 'NLD'))",US Open_2025,CAN,87.0,0,0,0.4250000119209289,0.0,0.5196850393700787,0.46899213315229715
"(('b', 'bonzi', 'FRA'), ('t', 'arribagé', 'FRA'))",US Open_2025,FRA,49.0,1,1,1.0,0.07874015748031496,0.11811023622047244,0.36669291863525943
"(('j', 'tracy', 'USA'), ('r', 'cash', 'USA'))",US Open_2025,USA,60.0,1,1,1.0,0.2047244094488189,0.4015748031496063,0.5233110368955792
"(('r', 'arneodo', 'MCO'), ('r', 'bopanna', 'IND'))",US Open_2025,MCO,38.0,0,0,0.0,0.007874015748031496,0.007874015748031496,0.3847637845892606
"(('a', 'vavassori', 'ITA'), ('s', 'bolelli', 'ITA'))",US Open_2025,ITA,12.0,1,1,1.0,0.015748031496062992,0.015748031496062992,0.31968504433791467
"(('j', 'munar', 'ESP'), ('p', 'martínez', 'ESP'))",US Open_2025,ESP,91.0,1,1,1.0,0.015748031496062992,0.11811023622047244,0.3986220496775597
"(('c', 'frantzen', 'DEU'), ('r', 'haase', 'NLD'))",US Open_2025,DEU,69.0,0,0,0.75,0.03937007874015748,0.03937007874015748,0.3853937021414126
"(('h', 'heliövaara', 'FIN'), ('h', 'patten', 'GBR'))",US Open_2025,FIN,5.0,0,0,0.0,0.007874015748031496,0.015748031496062992,0.00984251968503937
"(('a', 'olivetti', 'FRA'), ('o', 'luz', 'BRA'))",US Open_2025,BRA,64.0,0,0,0.5,0.031496062992125984,0.03937007874015748,0.37096457062978444
"(('a', 'mannarino', 'FRA'), ('e', 'ruusuvuori', 'FIN'))",US Open_2025,FRA,867.0,0,0,0.0,0.07874015748031496,0.11811023622047244,0.36669291863525943
"(('c', 'carabelli', 'ARG'), ('t', 'etcheverry', 'ARG'))",US Open_2025,ARG,422.0,1,1,1.0,0.03937007874015748,0.11811023622047244,0.3986220496775597
"(('a', 'kovacevic', 'USA'), ('d', 'džumhur', 'BIH'))",US Open_2025,BIH,367.0,0,0,0.25,0.0,0.03937007874015748,0.2631496065479564
"(('l', 'johnson', 'GBR'), ('s', 'arends', 'NLD'))",US Open_2025,NLD,24.0,0,0,0.5,0.03937007874015748,0.07086614173228346,0.38610236355873545
"(('f', 'marozsán', 'HUN'), ('m', 'bellucci', 'ITA'))",US Open_2025,ITA,288.0,0,0,0.0,0.015748031496062992,0.015748031496062992,0.31968504433791467
"(('f', 'cabral', 'PRT'), ('l', 'miedler', 'AUT'))",US Open_2025,PRT,26.0,0,0,0.25,0.0,0.03937007874015748,0.37096457062978444
"(('n', 'barrientos', 'COL'), ('n', 'lammons', 'USA'))",US Open_2025,COL,71.0,0,0,0.3625000119209289,0.0,0.11811023622047244,0.3986220496775597
"(('a', 'pavlásek', 'CZE'), ('j', 'zieliński', 'POL'))",US Open_2025,CZE,36.0,0,0,0.5,0.031496062992125984,0.031496062992125984,0.2673622047103296
"(('a', 'behar', 'URY'), ('j', 'vliegen', 'BEL'))",US Open_2025,URY,45.0,0,0,0.3525,0.0,0.11811023622047244,0.3986220496775597
"(('e', 'quinn', 'USA'), ('m', 'mcdonald', 'USA'))",US Open_2025,USA,308.0,1,1,1.0,0.2047244094488189,0.4015748031496063,0.5233110368955792
"(('p', 'trhac', 'USA'), ('t', 'hilderbrand', 'USA'))",US Open_2025,USA,122.0,1,1,1.0,0.2047244094488189,0.4015748031496063,0.5233110368955792
"(('h', 'zeballos', 'ARG'), ('m', 'granollers', 'ESP'))",US Open_2025,ESP,14.0,0,1,1.0,0.015748031496062992,0.11811023622047244,0.3986220496775597
"(('h', 'medjedovic', 'SRB'), ('m', 'kecmanović', 'SRB'))",US Open_2025,SRB,265.0,1,1,1.0,0.007874015748031496,0.03937007874015748,0.26427165366063904
"(('c', 'harrison', 'USA'), ('e', 'king', 'USA'))",US Open_2025,USA,17.0,1,1,1.0,0.2047244094488189,0.4015748031496063,0.5233110368955792
"(('f', 'romboli', 'BRA'), ('j', 'smith', 'AUS'))",US Open_2025,BRA,47.0,0,0,0.25,0.031496062992125984,0.03937007874015748,0.37096457062978444
"(('a', 'bublik', 'KAZ'), ('m', 'demoliner', 'BRA'))",US Open_2025,KAZ,586.0,0,0,0.1024999991059303,0.0,0.0,0.10411417390417864
"(('h', 'jebens', 'DEU'), ('r', 'ho', 'TWN'))",US Open_2025,TWN,80.0,0,0,0.0,0.0,0.0,0.0
"(('e', 'nava', 'USA'), ('t', 'boyer', 'USA'))",US Open_2025,USA,266.0,1,1,1.0,0.2047244094488189,0.4015748031496063,0.5233110368955792
"(('n', 'mektić', 'HRV'), ('r', 'ram', 'USA'))",US Open_2025,HRV,9.0,0,0,0.25,0.015748031496062992,0.03937007874015748,0.26539370077332175
"(('g', 'andreozzi', 'ARG'), ('m', 'guinard', 'FRA'))",US Open_2025,ARG,41.0,0,0,0.5,0.03937007874015748,0.11811023622047244,0.3986220496775597
"(('m', 'venus', 'NZL'), ('y', 'bhambri', 'IND'))",US Open_2025,IND,32.0,0,1,0.0,0.047244094488188976,0.4015748031496063,0.047244094488188976
"(('l', 'tien', 'USA'), ('m', 'giron', 'USA'))",US Open_2025,USA,584.0,1,1,1.0,0.2047244094488189,0.4015748031496063,0.5233110368955792
"(('g', 'escobar', 'ECU'), ('m', 'reyes-varela', 'MEX'))",US Open_2025,ECU,98.0,0,1,1.0,0.007874015748031496,0.11811023622047244,0.3986220496775597
"(('b', 'holt', 'USA'), ('c', 'smith', 'USA'))",US Open_2025,USA,940.0,1,1,1.0,0.2047244094488189,0.4015748031496063,0.5233110368955792
"(('c', 'williams', 'USA'), ('t', 'winegar', 'USA'))",US Open_2025,USA,1088.0,1,1,1.0,0.2047244094488189,0.4015748031496063,0.5233110368955792
"(('p', 'nouza', 'CZE'), ('p', 'rikl', 'CZE'))",US Open_2025,CZE,58.0,1,1,1.0,0.031496062992125984,0.031496062992125984,0.2673622047103296
"(('k', 'krawietz', 'DEU'), ('t', 'pütz', 'DEU'))",US Open_2025,DEU,7.0,1,1,1.0,0.03937007874015748,0.03937007874015748,0.3853937021414126
"(('g', 'perricard', 'FRA'), ('n', 'mahut', 'FRA'))",US Open_2025,FRA,1061.0,1,1,1.0,0.07874015748031496,0.11811023622047244,0.36669291863525943
"(('j', 'salisbury', 'GBR'), ('n', 'skupski', 'GBR'))",US Open_2025,GBR,15.0,1,1,1.0,0.05511811023622047,0.4015748031496063,0.4974803249033417
"(('g', 'goldhoff', 'USA'), ('r', 'stalder', 'USA'))",US Open_2025,USA,101.0,1,1,1.0,0.2047244094488189,0.4015748031496063,0.5233110368955792
"(('a', 'müller', 'FRA'), ('d', 'goffin', 'BEL'))",US Open_2025,BEL,855.0,0,1,0.5575,0.023622047244094488,0.18110236220472442,0.396541341533811
"(('b', 'stevens', 'NLD'), ('v', 'kirkov', 'USA'))",US Open_2025,USA,76.0,0,0,0.4625000059604645,0.2047244094488189,0.4015748031496063,0.5233110368955792
"(('r', 'bollipalli', 'IND'), ('s', 'balaji', 'IND'))",US Open_2025,IND,72.0,1,1,1.0,0.047244094488188976,0.4015748031496063,0.047244094488188976
"(('h', 'nys', 'MCO'), ('é', 'roger-vasselin', 'FRA'))",US Open_2025,MCO,21.0,0,1,1.0,0.007874015748031496,0.007874015748031496,0.3847637845892606
"(('d', 'pel', 'NLD'), ('r', 'hijikata', 'AUS'))",US Open_2025,AUS,56.0,0,0,0.5,0.05511811023622047,0.4015748031496063,0.4974803249033417
"(('k', 'drzewiecki', 'POL'), ('m', 'willis', 'GBR'))",US Open_2025,POL,84.0,0,0,0.25,0.007874015748031496,0.007874015748031496,0.25555118108828234
"(('j', 'thompson', 'AUS'), ('m', 'ebden', 'AUS'))",US Open_2025,AUS,50.0,1,1,1.0,0.05511811023622047,0.4015748031496063,0.4974803249033417
"(('j', 'peers', 'AUS'), ('j', 'withrow', 'USA'))",US Open_2025,AUS,27.0,0,1,0.8875000476837158,0.05511811023622047,0.4015748031496063,0.4974803249033417
"(('r', 'collignon', 'BEL'), ('z', 'bergs', 'BEL'))",US Open_2025,BEL,891.0,1,1,1.0,0.023622047244094488,0.18110236220472442,0.396541341533811
"(('m', 'vocel', 'CZE'), ('t', 'macháč', 'CZE'))",US Open_2025,CZE,150.0,1,1,1.0,0.031496062992125984,0.031496062992125984,0.2673622047103296
"(('m', 'romios', 'AUS'), ('r', 'seggerman', 'USA'))",US Open_2025,AUS,75.0,0,1,0.8875000476837158,0.05511811023622047,0.4015748031496063,0.4974803249033417
"(('m', 'arévalo', 'SLV'), ('m', 'pavić', 'HRV'))",US Open_2025,SLV,3.0,0,0,0.25,0.0,0.11811023622047244,0.3986220496775597
"(('a', 'kadhe', 'IND'), ('d', 'hidalgo', 'ECU'))",US Open_2025,ECU,78.0,0,0,0.0,0.007874015748031496,0.11811023622047244,0.3986220496775597
"(('m', 'arévalo', 'SLV'), ('m', 'pavić', 'HRV'))",Wimbledon_2025,SLV,1.0,0,0,0.25,0.0,0.12598425196850394,0.40639763938395057
"(('l', 'djere', 'SRB'), ('r', 'baena', 'ESP'))",Wimbledon_2025,ESP,594.0,0,0,0.25,0.023622047244094488,0.12598425196850394,0.40639763938395057
"(('j', 'munar', 'ESP'), ('p', 'martínez', 'ESP'))",Wimbledon_2025,ESP,90.0,1,1,1.0,0.023622047244094488,0.12598425196850394,0.40639763938395057
"(('j', 'menšík', 'CZE'), ('t', 'macháč', 'CZE'))",Wimbledon_2025,CZE,124.0,1,1,1.0,0.03937007874015748,0.03937007874015748,0.2752362204583611
"(('f', 'cabral', 'PRT'), ('l', 'miedler', 'AUT'))",Wimbledon_2025,PRT,40.0,0,0,0.25,0.007874015748031496,0.047244094488188976,0.3813976402287408
"(('j', 'murray', 'GBR'), ('r', 'ram', 'USA'))",Wimbledon_2025,GBR,34.0,0,1,0.8875000476837158,0.11811023622047244,0.3700787401574803,0.49167323491000753
"(('p', 'nouza', 'CZE'), ('p', 'rikl', 'CZE'))",Wimbledon_2025,CZE,65.0,1,1,1.0,0.03937007874015748,0.03937007874015748,0.2752362204583611
"(('j', 'peers', 'AUS'), ('m', 'ebden', 'AUS'))",Wimbledon_2025,AUS,48.0,1,1,1.0,0.047244094488188976,0.3700787401574803,0.49167323491000753
"(('h', 'nys', 'MCO'), ('é', 'roger-vasselin', 'FRA'))",Wimbledon_2025,MCO,24.0,0,1,1.0,0.007874015748031496,0.007874015748031496,0.3958858301437746
"(('b', 'bonzi', 'FRA'), ('g', 'jacq', 'FRA'))",Wimbledon_2025,FRA,181.0,1,1,1.0,0.08661417322834646,0.13385826771653545,0.37781496418977345
"(('j', 'schnaitter', 'DEU'), ('m', 'wallner', 'DEU'))",Wimbledon_2025,DEU,60.0,1,1,1.0,0.03937007874015748,0.03937007874015748,0.3801771662859466
"(('f', 'comesaña', 'ARG'), ('s', 'báez', 'ARG'))",Wimbledon_2025,ARG,346.0,1,1,1.0,0.05511811023622047,0.12598425196850394,0.40639763938395057
"(('a', 'pavlásek', 'CZE'), ('j', 'zieliński', 'POL'))",Wimbledon_2025,CZE,46.0,0,0,0.5,0.03937007874015748,0.03937007874015748,0.2752362204583611
"(('a', 'krajicek', 'USA'), ('s', 'gonzález', 'MEX'))",Wimbledon_2025,MEX,36.0,0,0,0.3625000119209289,0.007874015748031496,0.12598425196850394,0.40639763938395057
"(('a', 'vavassori', 'ITA'), ('s', 'bolelli', 'ITA'))",Wimbledon_2025,ITA,14.0,1,1,1.0,0.023622047244094488,0.023622047244094488,0.3308070898924287
"(('a', 'behar', 'URY'), ('j', 'vliegen', 'BEL'))",Wimbledon_2025,URY,43.0,0,0,0.3525,0.0,0.12598425196850394,0.40639763938395057
"(('k', 'krawietz', 'DEU'), ('t', 'pütz', 'DEU'))",Wimbledon_2025,DEU,5.0,1,1,1.0,0.03937007874015748,0.03937007874015748,0.3801771662859466
"(('r', 'bopanna', 'IND'), ('s', 'gillé', 'BEL'))",Wimbledon_2025,IND,49.0,0,0,0.0,0.031496062992125984,0.3700787401574803,0.031496062992125984
"(('m', 'romios', 'AUS'), ('r', 'seggerman', 'USA'))",Wimbledon_2025,AUS,69.0,0,1,0.8875000476837158,0.047244094488188976,0.3700787401574803,0.49167323491000753
"(('a', 'kadhe', 'IND'), ('v', 'kopřiva', 'CZE'))",Wimbledon_2025,IND,114.0,0,0,0.0,0.031496062992125984,0.3700787401574803,0.031496062992125984
"(('j', 'tracy', 'USA'), ('r', 'cash', 'USA'))",Wimbledon_2025,USA,71.0,1,1,1.0,0.13385826771653545,0.3700787401574803,0.5059882053944069
"(('k', 'drzewiecki', 'POL'), ('p', 'matuszewski', 'POL'))",Wimbledon_2025,POL,85.0,1,1,1.0,0.015748031496062992,0.015748031496062992,0.2634251968363139
"(('d', 'pel', 'NLD'), ('r', 'hijikata', 'AUS'))",Wimbledon_2025,AUS,149.0,0,0,0.5,0.047244094488188976,0.3700787401574803,0.49167323491000753
"(('a', 'göransson', 'SWE'), ('s', 'verbeek', 'NLD'))",Wimbledon_2025,SWE,27.0,0,0,0.5,0.0,0.007874015748031496,0.3381299221914584
"(('f', 'reboul', 'FRA'), ('s', 'doumbia', 'FRA'))",Wimbledon_2025,FRA,26.0,1,1,1.0,0.08661417322834646,0.13385826771653545,0.37781496418977345
"(('g', 'diallo', 'CAN'), ('z', 'bergs', 'BEL'))",Wimbledon_2025,BEL,885.0,0,1,0.4455000168085098,0.023622047244094488,0.1889763779527559,0.3968622067336022
"(('a', 'erler', 'AUT'), ('c', 'frantzen', 'DEU'))",Wimbledon_2025,AUT,42.0,0,0,1.0,0.007874015748031496,0.03937007874015748,0.3801771662859466
"(('a', 'walton', 'AUS'), ('j', 'brooksby', 'USA'))",Wimbledon_2025,USA,1421.0,0,1,0.8875000476837158,0.13385826771653545,0.3700787401574803,0.5059882053944069
"(('m', 'melo', 'BRA'), ('r', 'matos', 'BRA'))",Wimbledon_2025,BRA,44.0,1,1,1.0,0.031496062992125984,0.047244094488188976,0.3813976402287408
"(('i', 'dodig', 'HRV'), ('o', 'luz', 'BRA'))",Wimbledon_2025,HRV,53.0,0,0,0.25,0.015748031496062992,0.031496062992125984,0.2673622047103296
"(('m', 'venus', 'NZL'), ('n', 'mektić', 'HRV'))",Wimbledon_2025,HRV,13.0,0,0,0.25,0.015748031496062992,0.031496062992125984,0.2673622047103296
"(('c', 'thomson', 'GBR'), ('l', 'maxted', 'GBR'))",Wimbledon_2025,GBR,905.0,1,1,1.0,0.11811023622047244,0.3700787401574803,0.49167323491000753
"(('j', 'salisbury', 'GBR'), ('n', 'skupski', 'GBR'))",Wimbledon_2025,GBR,17.0,1,1,1.0,0.11811023622047244,0.3700787401574803,0.49167323491000753
"(('c', 'broom', 'GBR'), ('j', 'paris', 'GBR'))",Wimbledon_2025,GBR,158.0,1,1,1.0,0.11811023622047244,0.3700787401574803,0.49167323491000753
"(('n', 'barrientos', 'COL'), ('r', 'bollipalli', 'IND'))",Wimbledon_2025,COL,70.0,0,0,0.0,0.0,0.12598425196850394,0.40639763938395057
"(('a', 'müller', 'FRA'), ('d', 'goffin', 'BEL'))",Wimbledon_2025,BEL,855.0,0,1,0.5575,0.023622047244094488,0.1889763779527559,0.3968622067336022
"(('p', 'trhac', 'USA'), ('t', 'arribagé', 'FRA'))",Wimbledon_2025,FRA,55.0,0,0,0.2875000238418579,0.08661417322834646,0.13385826771653545,0.37781496418977345
"(('n', 'mahut', 'FRA'), ('q', 'halys', 'FRA'))",Wimbledon_2025,FRA,365.0,1,1,1.0,0.08661417322834646,0.13385826771653545,0.37781496418977345
"(('a', 'molteni', 'ARG'), ('m', 'gonzález', 'ARG'))",Wimbledon_2025,ARG,30.0,1,1,1.0,0.05511811023622047,0.12598425196850394,0.40639763938395057
"(('d', 'džumhur', 'BIH'), ('s', 'mansouri', 'TUN'))",Wimbledon_2025,BIH,377.0,0,0,0.0,0.0,0.031496062992125984,0.26427165366063904
"(('r', 'galloway', 'USA'), ('y', 'bhambri', 'IND'))",Wimbledon_2025,IND,35.0,0,1,0.0,0.031496062992125984,0.3700787401574803,0.031496062992125984
"(('m', 'guinard', 'FRA'), ('r', 'arneodo', 'MCO'))",Wimbledon_2025,MCO,45.0,0,1,1.0,0.007874015748031496,0.007874015748031496,0.3958858301437746
"(('m', 'giron', 'USA'), ('n', 'borges', 'PRT'))",Wimbledon_2025,PRT,88.0,0,0,0.3250000178813934,0.007874015748031496,0.047244094488188976,0.3813976402287408
"(('j', 'rojer', 'NLD'), ('r', 'haase', 'NLD'))",Wimbledon_2025,NLD,75.0,1,1,1.0,0.031496062992125984,0.06299212598425197,0.3789173237662616
"(('m', 'reyes-varela', 'MEX'), ('s', 'balaji', 'IND'))",Wimbledon_2025,IND,74.0,0,0,0.0,0.031496062992125984,0.3700787401574803,0.031496062992125984
"(('a', 'kovacevic', 'USA'), ('l', 'tien', 'USA'))",Wimbledon_2025,USA,873.0,1,1,1.0,0.13385826771653545,0.3700787401574803,0.5059882053944069
"(('h', 'zeballos', 'ARG'), ('m', 'granollers', 'ESP'))",Wimbledon_2025,ESP,7.0,0,1,1.0,0.023622047244094488,0.12598425196850394,0.40639763938395057
"(('r', 'ho', 'TWN'), ('y', 'bu', 'CHN'))",Wimbledon_2025,CHN,885.0,0,1,1.0,0.0,0.007874015748031496,0.007874015748031496
"(('j', 'cash', 'GBR'), ('l', 'glasspool', 'GBR'))",Wimbledon_2025,GBR,12.0,1,1,1.0,0.11811023622047244,0.3700787401574803,0.49167323491000753
"(('b', 'stevens', 'NLD'), ('v', 'kirkov', 'USA'))",Wimbledon_2025,USA,83.0,0,0,0.4625000059604645,0.13385826771653545,0.3700787401574803,0.5059882053944069
"(('a', 'olivetti', 'FRA'), ('h', 'jebens', 'DEU'))",Wimbledon_2025,DEU,64.0,0,0,0.25,0.03937007874015748,0.03937007874015748,0.3801771662859466
"(('c', 'carabelli', 'ARG'), ('t', 'etcheverry', 'ARG'))",Wimbledon_2025,ARG,347.0,1,1,1.0,0.05511811023622047,0.12598425196850394,0.40639763938395057
"(('f', 'romboli', 'BRA'), ('j', 'smith', 'AUS'))",Wimbledon_2025,BRA,50.0,0,0,0.25,0.031496062992125984,0.047244094488188976,0.3813976402287408
"(('a', 'michelsen', 'USA'), ('m', 'mcdonald', 'USA'))",Wimbledon_2025,USA,89.0,1,1,1.0,0.13385826771653545,0.3700787401574803,0.5059882053944069
"(('g', 'andreozzi', 'ARG'), ('m', 'demoliner', 'BRA'))",Wimbledon_2025,ARG,51.0,0,0,0.75,0.05511811023622047,0.12598425196850394,0.40639763938395057
"(('c', 'harrison', 'USA'), ('e', 'king', 'USA'))",Wimbledon_2025,USA,19.0,1,1,1.0,0.13385826771653545,0.3700787401574803,0.5059882053944069
"(('j', 'thompson', 'AUS'), ('p', 'herbert', 'FRA'))",Wimbledon_2025,FRA,148.0,0,0,0.25,0.08661417322834646,0.13385826771653545,0.37781496418977345
"(('j', 'withrow', 'USA'), ('n', 'lammons', 'USA'))",Wimbledon_2025,USA,32.0,1,1,1.0,0.13385826771653545,0.3700787401574803,0.5059882053944069
"(('f', 'marozsán', 'HUN'), ('m', 'bellucci', 'ITA'))",Wimbledon_2025,ITA,432.0,0,0,0.0,0.023622047244094488,0.023622047244094488,0.3308070898924287
"(('d', 'stevenson', 'GBR'), ('j', 'monday', 'GBR'))",Wimbledon_2025,GBR,317.0,1,1,1.0,0.11811023622047244,0.3700787401574803,0.49167323491000753
"(('b', 'harris', 'GBR'), ('m', 'willis', 'GBR'))",Wimbledon_2025,GBR,890.0,1,1,1.0,0.11811023622047244,0.3700787401574803,0.49167323491000753
"(('a', 'bublik', 'KAZ'), ('f', 'cobolli', 'ITA'))",Wimbledon_2025,KAZ,344.0,0,0,0.1024999991059303,0.0,0.0,0.10572834659045136
"(('h', 'heliövaara', 'FIN'), ('h', 'patten', 'GBR'))",Wimbledon_2025,FIN,3.0,0,0,0.0,0.0,0.007874015748031496,0.001968503937007874
"(('d', 'evans', 'GBR'), ('h', 'searle', 'GBR'))",Wimbledon_2025,GBR,1172.0,1,1,1.0,0.11811023622047244,0.3700787401574803,0.49167323491000753
"(('m', 'melo', 'BRA'), ('ł', 'kubot', 'POL'))",Australian Open_2018,BRA,1.0,0,0,0.25,0.015748031496062992,0.023622047244094488,0.36423228469889934
"(('m', 'zverev', 'DEU'), ('p', 'lorenzi', 'ITA'))",Australian Open_2018,DEU,50.0,0,0,0.25,0.023622047244094488,0.023622047244094488,0.34307086690673677
"(('l', 'saville', 'AUS'), ('m', 'purcell', 'AUS'))",Australian Open_2018,AUS,130.0,1,1,1.0,0.11811023622047244,0.3464566929133858,0.44129921613246437
"(('a', 'rublev', 'RUS'), ('m', 'elgin', 'RUS'))",Australian Open_2018,RUS,318.0,1,1,1.0,0.007874015748031496,0.031496062992125984,0.26244094475047797
"(('f', 'fognini', 'ITA'), ('m', 'granollers', 'ESP'))",Australian Open_2018,ESP,14.0,0,0,0.5,0.06299212598425197,0.16535433070866143,0.40488189048185125
"(('a', 'bolt', 'AUS'), ('b', 'mousley', 'AUS'))",Australian Open_2018,AUS,94.0,1,1,1.0,0.11811023622047244,0.3464566929133858,0.44129921613246437
"(('d', 'sharan', 'IND'), ('r', 'ram', 'USA'))",Australian Open_2018,IND,48.0,0,1,0.0,0.023622047244094488,0.3464566929133858,0.023622047244094488
"(('m', 'copil', 'ROU'), ('v', 'troicki', 'SRB'))",Australian Open_2018,SRB,98.0,0,0,0.25,0.015748031496062992,0.05511811023622047,0.2659251969160996
"(('f', 'lópez', 'ESP'), ('m', 'lópez', 'ESP'))",Australian Open_2018,ESP,20.0,1,1,1.0,0.06299212598425197,0.16535433070866143,0.40488189048185125
"(('f', 'mergea', 'ROU'), ('n', 'zimonjić', 'SRB'))",Australian Open_2018,SRB,37.0,0,0,0.25,0.015748031496062992,0.05511811023622047,0.2659251969160996
"(('b', 'mclachlan', 'JPN'), ('j', 'struff', 'DEU'))",Australian Open_2018,DEU,157.0,0,0,0.0,0.023622047244094488,0.023622047244094488,0.34307086690673677
"(('j', 'thompson', 'AUS'), ('t', 'kokkinakis', 'AUS'))",Australian Open_2018,AUS,102.0,1,1,1.0,0.11811023622047244,0.3464566929133858,0.44129921613246437
"(('g', 'lópez', 'ESP'), ('p', 'busta', 'ESP'))",Australian Open_2018,ESP,78.0,1,1,1.0,0.06299212598425197,0.16535433070866143,0.40488189048185125
"(('m', 'middelkoop', 'NLD'), ('r', 'haase', 'NLD'))",Australian Open_2018,NLD,36.0,1,1,1.0,0.023622047244094488,0.023622047244094488,0.3351968511587053
"(('d', 'marrero', 'ESP'), ('s', 'lipsky', 'USA'))",Australian Open_2018,ESP,82.0,0,0,0.3625000119209289,0.06299212598425197,0.16535433070866143,0.40488189048185125
"(('m', 'venus', 'NZL'), ('r', 'klaasen', 'ZAF'))",Australian Open_2018,NZL,15.0,0,1,0.0,0.015748031496062992,0.3464566929133858,0.44129921613246437
"(('n', 'mahut', 'FRA'), ('p', 'herbert', 'FRA'))",Australian Open_2018,FRA,6.0,1,1,1.0,0.05511811023622047,0.07874015748031496,0.3389370104693991
"(('j', 'millman', 'AUS'), ('m', 'ebden', 'AUS'))",Australian Open_2018,AUS,194.0,1,1,1.0,0.11811023622047244,0.3464566929133858,0.44129921613246437
"(('a', 'vasilevski', 'BLR'), ('h', 'podlipnik-castillo', 'CHL'))",Australian Open_2018,BLR,59.0,0,0,0.25,0.007874015748031496,0.023622047244094488,0.26244094475047797
"(('d', 'schwartzman', 'ARG'), ('g', 'pella', 'ARG'))",Australian Open_2018,ARG,170.0,1,1,1.0,0.047244094488188976,0.1732283464566929,0.40488189048185125
"(('d', 'inglot', 'GBR'), ('m', 'daniell', 'NZL'))",Australian Open_2018,GBR,54.0,0,1,1.0,0.023622047244094488,0.3464566929133858,0.44129921613246437
"(('a', 'shamasdin', 'CAN'), ('n', 'skupski', 'GBR'))",Australian Open_2018,GBR,65.0,0,1,0.7749999761581421,0.023622047244094488,0.3464566929133858,0.44129921613246437
"(('b', 'paire', 'FRA'), ('h', 'nys', 'MCO'))",Australian Open_2018,FRA,169.0,0,1,1.0,0.05511811023622047,0.07874015748031496,0.3389370104693991
"(('j', 'peralta', 'CHL'), ('s', 'gonzález', 'MEX'))",Australian Open_2018,CHL,29.0,0,1,1.0,0.007874015748031496,0.16535433070866143,0.40488189048185125
"(('r', 'bopanna', 'IND'), ('é', 'roger-vasselin', 'FRA'))",Australian Open_2018,FRA,26.0,0,0,0.0,0.05511811023622047,0.07874015748031496,0.3389370104693991
"(('r', 'harrison', 'USA'), ('v', 'pospisil', 'CAN'))",Australian Open_2018,CAN,269.0,0,1,0.7075000405311584,0.015748031496062992,0.4094488188976378,0.42216535311514936
"(('j', 'sousa', 'PRT'), ('l', 'mayer', 'ARG'))",Australian Open_2018,PRT,231.0,0,0,0.75,0.0,0.023622047244094488,0.36423228469889934
"(('j', 'cerretani', 'USA'), ('k', 'skupski', 'GBR'))",Australian Open_2018,GBR,87.0,0,1,0.8875000476837158,0.023622047244094488,0.3464566929133858,0.44129921613246437
"(('a', 'sitak', 'NZL'), ('w', 'koolhof', 'NLD'))",Australian Open_2018,NZL,53.0,0,0,0.5,0.015748031496062992,0.3464566929133858,0.44129921613246437
"(('f', 'mayer', 'DEU'), ('p', 'gojowczyk', 'DEU'))",Australian Open_2018,DEU,230.0,1,1,1.0,0.023622047244094488,0.023622047244094488,0.34307086690673677
"(('m', 'pavić', 'HRV'), ('o', 'marach', 'AUT'))",Australian Open_2018,HRV,16.0,0,0,0.25,0.023622047244094488,0.05511811023622047,0.26704724402878227
"(('b', 'soares', 'BRA'), ('j', 'murray', 'GBR'))",Australian Open_2018,BRA,10.0,0,0,0.25,0.015748031496062992,0.023622047244094488,0.36423228469889934
"(('d', 'young', 'USA'), ('f', 'tiafoe', 'USA'))",Australian Open_2018,USA,46.0,1,1,1.0,0.07874015748031496,0.3464566929133858,0.45072836244082826
"(('l', 'paes', 'IND'), ('p', 'raja', 'IND'))",Australian Open_2018,IND,68.0,1,1,1.0,0.023622047244094488,0.3464566929133858,0.023622047244094488
"(('a', 'haider-maurer', 'AUT'), ('n', 'basilashvili', 'GEO'))",Australian Open_2018,AUT,815.0,0,0,0.0,0.023622047244094488,0.023622047244094488,0.34307086690673677
"(('a', 'peya', 'AUT'), ('n', 'mektić', 'HRV'))",Australian Open_2018,AUT,52.0,0,0,0.25,0.023622047244094488,0.023622047244094488,0.34307086690673677
"(('j', 'benneteau', 'FRA'), ('j', 'eysseric', 'FRA'))",Australian Open_2018,FRA,89.0,1,1,1.0,0.05511811023622047,0.07874015748031496,0.3389370104693991
"(('j', 'cabal', 'COL'), ('r', 'farah', 'COL'))",Australian Open_2018,COL,27.0,1,1,1.0,0.007874015748031496,0.16535433070866143,0.40488189048185125
"(('a', 'whittington', 'AUS'), ('m', 'polmans', 'AUS'))",Australian Open_2018,AUS,74.0,1,1,1.0,0.11811023622047244,0.3464566929133858,0.44129921613246437
"(('s', 'johnson', 'USA'), ('s', 'querrey', 'USA'))",Australian Open_2018,USA,62.0,1,1,1.0,0.07874015748031496,0.3464566929133858,0.45072836244082826
"(('f', 'verdasco', 'ESP'), ('i', 'dodig', 'HRV'))",Australian Open_2018,ESP,67.0,0,0,0.25,0.06299212598425197,0.16535433070866143,0.40488189048185125
"(('a', 'viñolas', 'ESP'), ('p', 'andújar', 'ESP'))",Australian Open_2018,ESP,149.0,1,1,1.0,0.06299212598425197,0.16535433070866143,0.40488189048185125
"(('sa', 'ratiwatana', 'THA'), ('so', 'ratiwatana', 'THA'))",Australian Open_2018,THA,95.0,1,1,1.0,0.007874015748031496,0.007874015748031496,0.007874015748031496
"(('l', 'hewitt', 'AUS'), ('s', 'groth', 'AUS'))",Australian Open_2018,AUS,172.0,1,1,1.0,0.11811023622047244,0.3464566929133858,0.44129921613246437
"(('d', 'istomin', 'UZB'), ('m', 'kukushkin', 'KAZ'))",Australian Open_2018,KAZ,821.0,0,0,0.3133999705314636,0.0,0.015748031496062992,0.11145669233611248
"(('h', 'tecău', 'ROU'), ('j', 'rojer', 'NLD'))",Australian Open_2018,ROU,8.0,0,0,0.25,0.015748031496062992,0.023622047244094488,0.31570866316791596
"(('a', 'molteni', 'ARG'), ('g', 'durán', 'ARG'))",Australian Open_2018,ARG,49.0,1,1,1.0,0.047244094488188976,0.1732283464566929,0.40488189048185125
"(('b', 'bryan', 'USA'), ('m', 'bryan', 'USA'))",Australian Open_2018,USA,12.0,1,1,1.0,0.07874015748031496,0.3464566929133858,0.45072836244082826
"(('m', 'fucsovics', 'HUN'), ('y', 'nishioka', 'JPN'))",Australian Open_2018,JPN,518.0,0,0,0.0,0.007874015748031496,0.007874015748031496,0.007874015748031496
"(('m', 'mirnyi', 'BLR'), ('p', 'oswald', 'AUT'))",Australian Open_2018,AUT,44.0,0,0,0.25,0.023622047244094488,0.023622047244094488,0.34307086690673677
"(('d', 'sela', 'ISR'), ('t', 'fabbiano', 'ITA'))",Australian Open_2018,ISR,174.0,0,0,0.0324999988079071,0.007874015748031496,0.3464566929133858,0.04274881760201116
"(('m', 'reid', 'AUS'), ('n', 'kyrgios', 'AUS'))",Australian Open_2018,AUS,92.0,1,1,1.0,0.11811023622047244,0.3464566929133858,0.44129921613246437
"(('j', 'smith', 'AUS'), ('n', 'monroe', 'USA'))",Australian Open_2018,AUS,69.0,0,1,0.8875000476837158,0.11811023622047244,0.3464566929133858,0.44129921613246437
"(('f', 'martin', 'FRA'), ('j', 'chardy', 'FRA'))",Australian Open_2018,FRA,34.0,1,1,1.0,0.05511811023622047,0.07874015748031496,0.3389370104693991
"(('h', 'zeballos', 'ARG'), ('p', 'cuevas', 'URY'))",Australian Open_2018,ARG,33.0,0,1,1.0,0.047244094488188976,0.1732283464566929,0.40488189048185125
"(('a', 'qureshi', 'PAK'), ('m', 'matkowski', 'POL'))",Australian Open_2018,PAK,32.0,0,0,0.25,0.0,0.0,0.2656102364692162
"(('m', 'demoliner', 'BRA'), ('t', 'huey', 'PHL'))",Australian Open_2018,PHL,63.0,0,0,0.0,0.0,0.3464566929133858,0.0
"(('f', 'škugor', 'HRV'), ('r', 'lindstedt', 'SWE'))",Australian Open_2018,HRV,41.0,0,0,0.25,0.023622047244094488,0.05511811023622047,0.26704724402878227
"(('j', 'veselý', 'CZE'), ('r', 'jebavý', 'CZE'))",Australian Open_2018,CZE,129.0,1,1,1.0,0.007874015748031496,0.007874015748031496,0.2512992125327193
"(('h', 'chung', 'KOR'), ('r', 'albot', 'MDA'))",Australian Open_2018,KOR,396.0,0,0,0.0,0.0,0.0,0.0
"(('d', 'nestor', 'CAN'), ('j', 'erlich', 'ISR'))",Australian Open_2018,CAN,55.0,0,1,0.0324999988079071,0.015748031496062992,0.4094488188976378,0.42216535311514936
"(('h', 'kontinen', 'FIN'), ('j', 'peers', 'AUS'))",Australian Open_2018,AUS,4.0,0,0,0.0,0.11811023622047244,0.3464566929133858,0.44129921613246437
"(('d', 'džumhur', 'BIH'), ('d', 'lajović', 'SRB'))",Australian Open_2018,SRB,320.0,0,1,0.8575000166893005,0.015748031496062992,0.05511811023622047,0.2659251969160996
"(('l', 'kubot', 'POL'), ('m', 'melo', 'BRA'))",Roland Garros_2018,BRA,3.0,0,0,0.25,0.015748031496062992,0.023622047244094488,0.4096456709809191
"(('m', 'cecchinato', 'ITA'), ('m', 'fucsovics', 'HUN'))",Roland Garros_2018,HUN,331.0,0,0,0.0,0.0,0.0,0.001968503937007874
"(('m', 'pavic', 'HRV'), ('o', 'marach', 'AUT'))",Roland Garros_2018,HRV,1.0,0,0,0.25,0.031496062992125984,0.05511811023622047,0.281496062992126
"(('a', 'shamasdin', 'CAN'), ('s', 'arends', 'NLD'))",Roland Garros_2018,CAN,78.0,0,0,0.4250000119209289,0.015748031496062992,0.4094488188976378,0.4177559102614095
"(('h', 'kontinen', 'FIN'), ('j', 'peers', 'AUS'))",Roland Garros_2018,AUS,7.0,0,0,0.0,0.023622047244094488,0.2440944881889764,0.3956692960318618
"(('i', 'ivashka', 'BLR'), ('k', 'khachanov', 'RUS'))",Roland Garros_2018,RUS,64.0,0,1,1.0,0.007874015748031496,0.031496062992125984,0.2755905511811024
"(('b', 'soares', 'BRA'), ('j', 'murray', 'GBR'))",Roland Garros_2018,BRA,12.0,0,0,0.25,0.015748031496062992,0.023622047244094488,0.4096456709809191
"(('d', 'lajovic', 'SRB'), ('f', 'mayer', 'DEU'))",Roland Garros_2018,DEU,300.0,0,0,0.25,0.03937007874015748,0.03937007874015748,0.34448818991503377
"(('j', 'cabal', 'COL'), ('r', 'farah', 'COL'))",Roland Garros_2018,COL,14.0,1,1,1.0,0.007874015748031496,0.1889763779527559,0.45511811126874185
"(('m', 'mirnyi', 'BLR'), ('p', 'oswald', 'AUT'))",Roland Garros_2018,AUT,42.0,0,0,0.25,0.015748031496062992,0.015748031496062992,0.34448818991503377
"(('n', 'mahut', 'FRA'), ('p', 'herbert', 'FRA'))",Roland Garros_2018,FRA,18.0,1,1,1.0,0.15748031496062992,0.18110236220472442,0.4307086646087526
"(('m', 'matkowski', 'POL'), ('r', 'lindstedt', 'SWE'))",Roland Garros_2018,POL,43.0,0,0,0.25,0.007874015748031496,0.007874015748031496,0.2637795275590551
"(('a', 'peya', 'AUT'), ('n', 'mektic', 'HRV'))",Roland Garros_2018,AUT,23.0,0,0,0.25,0.015748031496062992,0.015748031496062992,0.34448818991503377
"(('d', 'inglot', 'GBR'), ('f', 'skugor', 'HRV'))",Roland Garros_2018,HRV,41.0,0,0,0.25,0.031496062992125984,0.05511811023622047,0.281496062992126
"(('i', 'dodig', 'HRV'), ('r', 'ram', 'USA'))",Roland Garros_2018,USA,29.0,0,0,0.25,0.10236220472440945,0.2440944881889764,0.42399607657447574
"(('h', 'podlipnik-castillo', 'CHL'), ('j', 'withrow', 'USA'))",Roland Garros_2018,USA,75.0,0,0,0.3625000119209289,0.10236220472440945,0.2440944881889764,0.42399607657447574
"(('m', 'venus', 'NZL'), ('r', 'klaasen', 'ZAF'))",Roland Garros_2018,NZL,15.0,0,1,0.0,0.007874015748031496,0.2440944881889764,0.3956692960318618
"(('a', 'muller', 'FRA'), ('c', 'denolly', 'FRA'))",Roland Garros_2018,FRA,661.0,1,1,1.0,0.15748031496062992,0.18110236220472442,0.4307086646087526
"(('m', 'granollers', 'ESP'), ('p', 'cuevas', 'URY'))",Roland Garros_2018,ESP,20.0,0,1,1.0,0.05511811023622047,0.1889763779527559,0.45511811126874185
"(('d', 'nestor', 'CAN'), ('j', 'chardy', 'FRA'))",Roland Garros_2018,CAN,107.0,0,1,0.4750000238418579,0.015748031496062992,0.4094488188976378,0.4177559102614095
"(('f', 'lopez', 'ESP'), ('m', 'lopez', 'ESP'))",Roland Garros_2018,ESP,22.0,1,1,1.0,0.05511811023622047,0.1889763779527559,0.45511811126874185
"(('a', 'molteni', 'ARG'), ('g', 'duran', 'ARG'))",Roland Garros_2018,ARG,40.0,1,1,1.0,0.05511811023622047,0.1889763779527559,0.45511811126874185
"(('e', 'roger-vasselin', 'FRA'), ('r', 'bopanna', 'IND'))",Roland Garros_2018,FRA,28.0,0,0,0.0,0.15748031496062992,0.18110236220472442,0.4307086646087526
"(('f', 'tiafoe', 'USA'), ('t', 'fritz', 'USA'))",Roland Garros_2018,USA,463.0,1,1,1.0,0.10236220472440945,0.2440944881889764,0.42399607657447574
"(('h', 'zeballos', 'ARG'), ('j', 'peralta', 'CHL'))",Roland Garros_2018,ARG,34.0,0,1,1.0,0.05511811023622047,0.1889763779527559,0.45511811126874185
"(('c', 'tabur', 'FRA'), ('h', 'gaston', 'FRA'))",Roland Garros_2018,FRA,710.0,1,1,1.0,0.15748031496062992,0.18110236220472442,0.4307086646087526
"(('j', 'cerretani', 'USA'), ('m', 'arevalo', 'SLV'))",Roland Garros_2018,USA,68.0,0,0,0.3625000119209289,0.10236220472440945,0.2440944881889764,0.42399607657447574
"(('b', 'mclachlan', 'JPN'), ('j', 'struff', 'DEU'))",Roland Garros_2018,DEU,36.0,0,0,0.0,0.03937007874015748,0.03937007874015748,0.34448818991503377
"(('d', 'dzumhur', 'BIH'), ('m', 'basic', 'BIH'))",Roland Garros_2018,BIH,146.0,1,1,1.0,0.007874015748031496,0.05511811023622047,0.2764370080054276
"(('a', 'ramos-vinolas', 'ESP'), ('j', 'vesely', 'CZE'))",Roland Garros_2018,CZE,173.0,0,0,0.25,0.007874015748031496,0.007874015748031496,0.2637795275590551
"(('j', 'millman', 'AUS'), ('n', 'basilashvili', 'GEO'))",Roland Garros_2018,AUS,194.0,0,0,0.0,0.023622047244094488,0.2440944881889764,0.3956692960318618
"(('a', 'rinderknech', 'FRA'), ('f', 'lakat', 'FRA'))",Roland Garros_2018,FRA,908.0,1,1,1.0,0.15748031496062992,0.18110236220472442,0.4307086646087526
"(('d', 'sharan', 'IND'), ('y', 'bhambri', 'IND'))",Roland Garros_2018,IND,45.0,1,1,1.0,0.023622047244094488,0.2440944881889764,0.023622047244094488
"(('f', 'martin', 'FRA'), ('p', 'raja', 'IND'))",Roland Garros_2018,IND,72.0,0,0,0.0,0.023622047244094488,0.2440944881889764,0.023622047244094488
"(('b', 'bonzi', 'FRA'), ('g', 'jacq', 'FRA'))",Roland Garros_2018,FRA,418.0,1,1,1.0,0.15748031496062992,0.18110236220472442,0.4307086646087526
"(('s', 'lipsky', 'USA'), ('t', 'sandgren', 'USA'))",Roland Garros_2018,USA,693.0,1,1,1.0,0.10236220472440945,0.2440944881889764,0.42399607657447574
"(('a', 'seppi', 'ITA'), ('d', 'bracciali', 'ITA'))",Roland Garros_2018,ITA,266.0,1,1,1.0,0.03937007874015748,0.03937007874015748,0.36417323069309626
"(('m', 'marterer', 'DEU'), ('p', 'petzschner', 'DEU'))",Roland Garros_2018,DEU,114.0,1,1,1.0,0.03937007874015748,0.03937007874015748,0.34448818991503377
"(('g', 'garcia-lopez', 'ESP'), ('r', 'baena', 'ESP'))",Roland Garros_2018,ESP,191.0,1,1,1.0,0.05511811023622047,0.1889763779527559,0.45511811126874185
"(('f', 'fognini', 'ITA'), ('s', 'bolelli', 'ITA'))",Roland Garros_2018,ITA,77.0,1,1,1.0,0.03937007874015748,0.03937007874015748,0.36417323069309626
"(('b', 'paire', 'FRA'), ('f', 'delbonis', 'ARG'))",Roland Garros_2018,FRA,136.0,0,0,0.5,0.15748031496062992,0.18110236220472442,0.4307086646087526
"(('r', 'harrison', 'USA'), ('v', 'pospisil', 'CAN'))",Roland Garros_2018,CAN,493.0,0,1,0.7075000405311584,0.015748031496062992,0.4094488188976378,0.4177559102614095
"(('m', 'demoliner', 'BRA'), ('s', 'gonzalez', 'MEX'))",Roland Garros_2018,MEX,30.0,0,0,0.75,0.007874015748031496,0.1889763779527559,0.45511811126874185
"(('a', 'vasilevski', 'BLR'), ('r', 'jebavy', 'CZE'))",Roland Garros_2018,BLR,63.0,0,0,0.5,0.015748031496062992,0.031496062992125984,0.2755905511811024
"(('e', 'donskoy', 'RUS'), ('m', 'reyes-varela', 'MEX'))",Roland Garros_2018,MEX,76.0,0,0,0.25,0.007874015748031496,0.1889763779527559,0.45511811126874185
"(('a', 'qureshi', 'PAK'), ('j', 'rojer', 'NLD'))",Roland Garros_2018,NLD,9.0,0,0,0.25,0.031496062992125984,0.031496062992125984,0.3366141741670023
"(('h', 'nys', 'MCO'), ('j', 'eysseric', 'FRA'))",Roland Garros_2018,MCO,73.0,0,1,1.0,0.0,0.0,0.44311023884870876
"(('d', 'marrero', 'ESP'), ('f', 'verdasco', 'ESP'))",Roland Garros_2018,ESP,44.0,1,1,1.0,0.05511811023622047,0.1889763779527559,0.45511811126874185
"(('m', 'gonzalez', 'ARG'), ('n', 'jarry', 'CHL'))",Roland Garros_2018,CHL,110.0,0,1,1.0,0.015748031496062992,0.1889763779527559,0.45511811126874185
"(('m', 'zverev', 'DEU'), ('p', 'lorenzi', 'ITA'))",Roland Garros_2018,DEU,97.0,0,0,0.25,0.03937007874015748,0.03937007874015748,0.34448818991503377
"(('m', 'middelkoop', 'NLD'), ('r', 'haase', 'NLD'))",Roland Garros_2018,NLD,39.0,1,1,1.0,0.031496062992125984,0.031496062992125984,0.3366141741670023
"(('y', 'nishioka', 'JPN'), ('y', 'sugita', 'JPN'))",Roland Garros_2018,JPN,942.0,1,1,1.0,0.015748031496062992,0.015748031496062992,0.015748031496062992
"(('c', 'hemery', 'FRA'), ('s', 'robert', 'FRA'))",Roland Garros_2018,FRA,316.0,1,1,1.0,0.15748031496062992,0.18110236220472442,0.4307086646087526
"(('d', 'young', 'USA'), ('m', 'ebden', 'AUS'))",Roland Garros_2018,USA,53.0,0,1,0.8875000476837158,0.10236220472440945,0.2440944881889764,0.42399607657447574
"(('j', 'sock', 'USA'), ('s', 'johnson', 'USA'))",Roland Garros_2018,USA,32.0,1,1,1.0,0.10236220472440945,0.2440944881889764,0.42399607657447574
"(('j', 'smith', 'AUS'), ('n', 'monroe', 'USA'))",Roland Garros_2018,AUS,58.0,0,1,0.8875000476837158,0.023622047244094488,0.2440944881889764,0.3956692960318618
"(('a', 'sitak', 'NZL'), ('w', 'koolhof', 'NLD'))",Roland Garros_2018,NZL,49.0,0,0,0.5,0.007874015748031496,0.2440944881889764,0.3956692960318618
"(('a', 'begemann', 'DEU'), ('a', 'sancic', 'HRV'))",Roland Garros_2018,HRV,67.0,0,0,0.25,0.031496062992125984,0.05511811023622047,0.281496062992126
"(('j', 'sousa', 'PRT'), ('l', 'mayer', 'ARG'))",Roland Garros_2018,PRT,87.0,0,0,0.75,0.0,0.023622047244094488,0.4096456709809191
"(('c', 'lestienne', 'FRA'), ('g', 'blancaneaux', 'FRA'))",Roland Garros_2018,FRA,344.0,1,1,1.0,0.15748031496062992,0.18110236220472442,0.4307086646087526
"(('d', 'schwartzman', 'ARG'), ('g', 'pella', 'ARG'))",Roland Garros_2018,ARG,95.0,1,1,1.0,0.05511811023622047,0.1889763779527559,0.45511811126874185
"(('a', 'hoang', 'FRA'), ('u', 'humbert', 'FRA'))",Roland Garros_2018,FRA,688.0,1,1,1.0,0.15748031496062992,0.18110236220472442,0.4307086646087526
"(('k', 'skupski', 'GBR'), ('n', 'skupski', 'GBR'))",Roland Garros_2018,GBR,52.0,1,1,1.0,0.023622047244094488,0.2440944881889764,0.3956692960318618
"(('m', 'bryan', 'USA'), ('s', 'querrey', 'USA'))",Roland Garros_2018,USA,69.0,1,1,1.0,0.10236220472440945,0.2440944881889764,0.42399607657447574
"(('h', 'kontinen', 'FIN'), ('j', 'peers', 'AUS'))",US Open_2018,AUS,7.0,0,0,0.0,0.023622047244094488,0.3543307086614173,0.46334646554209113
"(('m', 'arevalo', 'SLV'), ('m', 'reyes-varela', 'MEX'))",US Open_2018,MEX,58.0,0,1,1.0,0.015748031496062992,0.14173228346456693,0.40192913604298913
"(('j', 'sock', 'USA'), ('m', 'bryan', 'USA'))",US Open_2018,USA,2.0,1,1,1.0,0.18110236220472442,0.3543307086614173,0.4886023742183456
"(('d', 'bracciali', 'ITA'), ('m', 'cecchinato', 'ITA'))",US Open_2018,ITA,1263.0,1,1,1.0,0.03937007874015748,0.03937007874015748,0.3287007918390702
"(('b', 'soares', 'BRA'), ('j', 'murray', 'GBR'))",US Open_2018,BRA,12.0,0,0,0.25,0.015748031496062992,0.023622047244094488,0.3653149639410297
"(('a', 'ramos-vinolas', 'ESP'), ('g', 'pella', 'ARG'))",US Open_2018,ESP,278.0,0,1,1.0,0.031496062992125984,0.14173228346456693,0.40192913604298913
"(('j', 'cabal', 'COL'), ('r', 'farah', 'COL'))",US Open_2018,COL,9.0,1,1,1.0,0.007874015748031496,0.14173228346456693,0.40192913604298913
"(('d', 'istomin', 'UZB'), ('j', 'nedunchezhiyan', 'IND'))",US Open_2018,IND,87.0,0,0,0.0,0.031496062992125984,0.3543307086614173,0.031496062992125984
"(('h', 'tecau', 'ROU'), ('j', 'rojer', 'NLD'))",US Open_2018,ROU,25.0,0,0,0.25,0.0,0.007874015748031496,0.31295276034300723
"(('a', 'sancic', 'HRV'), ('s', 'arends', 'NLD'))",US Open_2018,HRV,86.0,0,0,0.25,0.031496062992125984,0.07086614173228346,0.2782874015841897
"(('l', 'kubot', 'POL'), ('m', 'melo', 'BRA'))",US Open_2018,BRA,6.0,0,0,0.25,0.015748031496062992,0.023622047244094488,0.3653149639410297
"(('a', 'siljestrom', 'SWE'), ('h', 'verdugo', 'MEX'))",US Open_2018,SWE,200.0,0,0,0.25,0.007874015748031496,0.015748031496062992,0.33303149730905773
"(('m', 'venus', 'NZL'), ('r', 'klaasen', 'ZAF'))",US Open_2018,NZL,15.0,0,1,0.0,0.015748031496062992,0.3543307086614173,0.46334646554209113
"(('j', 'millman', 'AUS'), ('l', 'lacko', 'SVK'))",US Open_2018,AUS,304.0,0,0,0.25,0.023622047244094488,0.3543307086614173,0.46334646554209113
"(('n', 'mahut', 'FRA'), ('p', 'herbert', 'FRA'))",US Open_2018,FRA,16.0,1,1,1.0,0.047244094488188976,0.06299212598425197,0.3416929181049189
"(('j', 'smith', 'AUS'), ('n', 'monroe', 'USA'))",US Open_2018,AUS,84.0,0,1,0.8875000476837158,0.023622047244094488,0.3543307086614173,0.46334646554209113
"(('f', 'lopez', 'ESP'), ('m', 'lopez', 'ESP'))",US Open_2018,ESP,27.0,1,1,1.0,0.031496062992125984,0.14173228346456693,0.40192913604298913
"(('d', 'thomas', 'USA'), ('p', 'kypson', 'USA'))",US Open_2018,USA,449.0,1,1,1.0,0.18110236220472442,0.3543307086614173,0.4886023742183456
"(('i', 'dodig', 'HRV'), ('m', 'granollers', 'ESP'))",US Open_2018,ESP,22.0,0,0,0.25,0.031496062992125984,0.14173228346456693,0.40192913604298913
"(('l', 'bambridge', 'GBR'), ('r', 'arneodo', 'MCO'))",US Open_2018,GBR,76.0,0,0,0.25,0.047244094488188976,0.3543307086614173,0.46334646554209113
"(('h', 'zeballos', 'ARG'), ('j', 'peralta', 'CHL'))",US Open_2018,ARG,31.0,0,1,1.0,0.03937007874015748,0.14173228346456693,0.40192913604298913
"(('f', 'nielsen', 'DNK'), ('j', 'salisbury', 'GBR'))",US Open_2018,GBR,42.0,0,0,0.5,0.047244094488188976,0.3543307086614173,0.46334646554209113
"(('m', 'middelkoop', 'NLD'), ('r', 'haase', 'NLD'))",US Open_2018,NLD,35.0,1,1,1.0,0.031496062992125984,0.031496062992125984,0.36255905636417585
"(('c', 'eubanks', 'USA'), ('d', 'young', 'USA'))",US Open_2018,USA,212.0,1,1,1.0,0.18110236220472442,0.3543307086614173,0.4886023742183456
"(('e', 'roger-vasselin', 'FRA'), ('r', 'bopanna', 'IND'))",US Open_2018,FRA,26.0,0,0,0.0,0.047244094488188976,0.06299212598425197,0.3416929181049189
"(('m', 'baghdatis', 'CYP'), ('m', 'zverev', 'DEU'))",US Open_2018,DEU,108.0,0,0,0.197500005364418,0.047244094488188976,0.047244094488188976,0.3724015760492152
"(('d', 'inglot', 'GBR'), ('f', 'skugor', 'HRV'))",US Open_2018,HRV,38.0,0,0,0.25,0.031496062992125984,0.07086614173228346,0.2782874015841897
"(('r', 'lindstedt', 'SWE'), ('r', 'ram', 'USA'))",US Open_2018,USA,33.0,0,0,0.4625000059604645,0.18110236220472442,0.3543307086614173,0.4886023742183456
"(('m', 'jaziri', 'TUN'), ('r', 'albot', 'MDA'))",US Open_2018,TUN,100.0,0,0,0.0,0.0,0.06299212598425197,0.0
"(('k', 'skupski', 'GBR'), ('n', 'skupski', 'GBR'))",US Open_2018,GBR,43.0,1,1,1.0,0.047244094488188976,0.3543307086614173,0.46334646554209113
"(('a', 'seppi', 'ITA'), ('m', 'berrettini', 'ITA'))",US Open_2018,ITA,235.0,1,1,1.0,0.03937007874015748,0.03937007874015748,0.3287007918390702
"(('b', 'mclachlan', 'JPN'), ('j', 'struff', 'DEU'))",US Open_2018,DEU,29.0,0,0,0.0,0.047244094488188976,0.047244094488188976,0.3724015760492152
"(('f', 'fognini', 'ITA'), ('s', 'bolelli', 'ITA'))",US Open_2018,ITA,63.0,1,1,1.0,0.03937007874015748,0.03937007874015748,0.3287007918390702
"(('k', 'krawietz', 'DEU'), ('m', 'marterer', 'DEU'))",US Open_2018,DEU,313.0,1,1,1.0,0.047244094488188976,0.047244094488188976,0.3724015760492152
"(('f', 'martin', 'FRA'), ('j', 'chardy', 'FRA'))",US Open_2018,FRA,70.0,1,1,1.0,0.047244094488188976,0.06299212598425197,0.3416929181049189
"(('j', 'cerretani', 'USA'), ('l', 'paes', 'IND'))",US Open_2018,IND,75.0,0,1,0.0,0.031496062992125984,0.3543307086614173,0.031496062992125984
"(('m', 'daniell', 'NZL'), ('w', 'koolhof', 'NLD'))",US Open_2018,NLD,44.0,0,0,0.5,0.031496062992125984,0.031496062992125984,0.36255905636417585
"(('m', 'mirnyi', 'BLR'), ('p', 'oswald', 'AUT'))",US Open_2018,AUT,49.0,0,0,0.25,0.015748031496062992,0.015748031496062992,0.3724015760492152
"(('m', 'demoliner', 'BRA'), ('s', 'gonzalez', 'MEX'))",US Open_2018,MEX,45.0,0,0,0.75,0.015748031496062992,0.14173228346456693,0.40192913604298913
"(('b', 'paire', 'FRA'), ('h', 'nys', 'MCO'))",US Open_2018,FRA,144.0,0,1,1.0,0.047244094488188976,0.06299212598425197,0.3416929181049189
"(('j', 'withrow', 'USA'), ('m', 'ebden', 'AUS'))",US Open_2018,USA,82.0,0,1,0.8875000476837158,0.18110236220472442,0.3543307086614173,0.4886023742183456
"(('f', 'krajinovic', 'SRB'), ('v', 'troicki', 'SRB'))",US Open_2018,SRB,311.0,1,1,1.0,0.015748031496062992,0.07086614173228346,0.2760433073588244
"(('n', 'lammons', 'USA'), ('r', 'galloway', 'USA'))",US Open_2018,USA,123.0,1,1,1.0,0.18110236220472442,0.3543307086614173,0.4886023742183456
"(('k', 'king', 'USA'), ('r', 'opelka', 'USA'))",US Open_2018,USA,1026.0,1,1,1.0,0.18110236220472442,0.3543307086614173,0.4886023742183456
"(('m', 'gonzalez', 'ARG'), ('n', 'jarry', 'CHL'))",US Open_2018,CHL,51.0,0,1,1.0,0.007874015748031496,0.14173228346456693,0.40192913604298913
"(('d', 'marrero', 'ESP'), ('m', 'matkowski', 'POL'))",US Open_2018,ESP,69.0,0,0,0.25,0.031496062992125984,0.14173228346456693,0.40192913604298913
"(('c', 'harrison', 'USA'), ('r', 'harrison', 'USA'))",US Open_2018,USA,258.0,1,1,1.0,0.18110236220472442,0.3543307086614173,0.4886023742183456
"(('b', 'klahn', 'USA'), ('d', 'nestor', 'CAN'))",US Open_2018,CAN,147.0,0,1,0.7075000405311584,0.0,0.41732283464566927,0.4375984305589218
"(('a', 'molteni', 'ARG'), ('r', 'jebavy', 'CZE'))",US Open_2018,ARG,47.0,0,0,0.25,0.03937007874015748,0.14173228346456693,0.40192913604298913
"(('e', 'king', 'USA'), ('n', 'pasha', 'USA'))",US Open_2018,USA,143.0,1,1,1.0,0.18110236220472442,0.3543307086614173,0.4886023742183456
"(('a', 'krajicek', 'USA'), ('t', 'sandgren', 'USA'))",US Open_2018,USA,175.0,1,1,1.0,0.18110236220472442,0.3543307086614173,0.4886023742183456
"(('a', 'qureshi', 'PAK'), ('j', 'erlich', 'ISR'))",US Open_2018,PAK,41.0,0,0,0.0324999988079071,0.0,0.0,0.25350393712755265
"(('d', 'lajovic', 'SRB'), ('s', 'tsitsipas', 'GRC'))",US Open_2018,GRC,430.0,0,0,0.25,0.0,0.0,0.2292322836170985
"(('c', 'norrie', 'GBR'), ('d', 'schwartzman', 'ARG'))",US Open_2018,ARG,101.0,0,0,0.25,0.03937007874015748,0.14173228346456693,0.40192913604298913
"(('j', 'sousa', 'PRT'), ('l', 'mayer', 'ARG'))",US Open_2018,PRT,48.0,0,0,0.75,0.0,0.023622047244094488,0.3653149639410297
"(('m', 'pavic', 'HRV'), ('o', 'marach', 'AUT'))",US Open_2018,HRV,4.0,0,0,0.25,0.031496062992125984,0.07086614173228346,0.2782874015841897
"(('m', 'mcdonald', 'USA'), ('y', 'nishioka', 'JPN'))",US Open_2018,JPN,518.0,0,0,0.0,0.007874015748031496,0.007874015748031496,0.007874015748031496
"(('d', 'dzumhur', 'BIH'), ('m', 'basic', 'BIH'))",US Open_2018,BIH,121.0,1,1,1.0,0.007874015748031496,0.07086614173228346,0.27492126024614166
"(('j', 'melzer', 'AUT'), ('n', 'mektic', 'HRV'))",US Open_2018,HRV,17.0,0,0,0.25,0.031496062992125984,0.07086614173228346,0.2782874015841897
"(('p', 'gojowczyk', 'DEU'), ('p', 'raja', 'IND'))",US Open_2018,IND,93.0,0,0,0.0,0.031496062992125984,0.3543307086614173,0.031496062992125984
"(('p', 'petzschner', 'DEU'), ('t', 'puetz', 'DEU'))",US Open_2018,DEU,62.0,1,1,1.0,0.047244094488188976,0.047244094488188976,0.3724015760492152
"(('j', 'eysseric', 'FRA'), ('m', 'fucsovics', 'HUN'))",US Open_2018,HUN,249.0,0,0,0.0,0.0,0.0,0.001968503937007874
"(('a', 'sitak', 'NZL'), ('d', 'sharan', 'IND'))",US Open_2018,IND,37.0,0,1,0.0,0.031496062992125984,0.3543307086614173,0.031496062992125984
"(('e', 'zhu', 'USA'), ('m', 'redlicki', 'USA'))",US Open_2018,USA,603.0,1,1,1.0,0.18110236220472442,0.3543307086614173,0.4886023742183456
"(('l', 'kubot', 'POL'), ('m', 'melo', 'BRA'))",Wimbledon_2018,BRA,4.0,0,0,0.25,0.015748031496062992,0.023622047244094488,0.3695472453053542
"(('j', ""o'mara"", 'GBR'), ('l', 'bambridge', 'GBR'))",Wimbledon_2018,GBR,81.0,1,1,1.0,0.07874015748031496,0.31496062992125984,0.438641735653239
"(('n', 'mahut', 'FRA'), ('p', 'herbert', 'FRA'))",Wimbledon_2018,FRA,9.0,1,1,1.0,0.05511811023622047,0.07874015748031496,0.34730315184968663
"(('m', 'cecchinato', 'ITA'), ('r', 'baena', 'ESP'))",Wimbledon_2018,ESP,360.0,0,0,0.5,0.06299212598425197,0.1732283464566929,0.4099015755446877
"(('b', 'soares', 'BRA'), ('j', 'murray', 'GBR'))",Wimbledon_2018,BRA,14.0,0,0,0.25,0.015748031496062992,0.023622047244094488,0.3695472453053542
"(('a', 'ramos-vinolas', 'ESP'), ('p', 'lorenzi', 'ITA'))",Wimbledon_2018,ESP,214.0,0,0,0.5,0.06299212598425197,0.1732283464566929,0.4099015755446877
"(('j', 'cabal', 'COL'), ('r', 'farah', 'COL'))",Wimbledon_2018,COL,16.0,1,1,1.0,0.007874015748031496,0.1732283464566929,0.4099015755446877
"(('g', 'garcia-lopez', 'ESP'), ('p', 'busta', 'ESP'))",Wimbledon_2018,ESP,135.0,1,1,1.0,0.06299212598425197,0.1732283464566929,0.4099015755446877
"(('j', 'sock', 'USA'), ('m', 'bryan', 'USA'))",Wimbledon_2018,USA,25.0,1,1,1.0,0.07086614173228346,0.31496062992125984,0.4477165507988667
"(('a', 'seppi', 'ITA'), ('d', 'bracciali', 'ITA'))",Wimbledon_2018,ITA,234.0,1,1,1.0,0.031496062992125984,0.031496062992125984,0.3252559071920049
"(('a', 'peya', 'AUT'), ('n', 'mektic', 'HRV'))",Wimbledon_2018,AUT,19.0,0,0,0.25,0.023622047244094488,0.023622047244094488,0.3760433077342867
"(('d', 'nestor', 'CAN'), ('j', 'melzer', 'AUT'))",Wimbledon_2018,CAN,101.0,0,0,0.4250000119209289,0.007874015748031496,0.3858267716535433,0.4244685034582934
"(('a', 'qureshi', 'PAK'), ('j', 'rojer', 'NLD'))",Wimbledon_2018,NLD,11.0,0,0,0.25,0.031496062992125984,0.031496062992125984,0.3602952762382237
"(('d', 'ferrer', 'ESP'), ('m', 'lopez', 'ESP'))",Wimbledon_2018,ESP,20.0,1,1,1.0,0.06299212598425197,0.1732283464566929,0.4099015755446877
"(('m', 'granollers', 'ESP'), ('p', 'cuevas', 'URY'))",Wimbledon_2018,ESP,22.0,0,1,1.0,0.06299212598425197,0.1732283464566929,0.4099015755446877
"(('a', 'begemann', 'DEU'), ('y', 'uchiyama', 'JPN'))",Wimbledon_2018,JPN,111.0,0,0,0.0,0.023622047244094488,0.023622047244094488,0.023622047244094488
"(('e', 'roger-vasselin', 'FRA'), ('r', 'bopanna', 'IND'))",Wimbledon_2018,FRA,26.0,0,0,0.0,0.05511811023622047,0.07874015748031496,0.34730315184968663
"(('a', 'minaur', 'AUS'), ('j', 'millman', 'AUS'))",Wimbledon_2018,AUS,186.0,1,1,1.0,0.047244094488188976,0.31496062992125984,0.438641735653239
"(('m', 'venus', 'NZL'), ('r', 'klaasen', 'ZAF'))",Wimbledon_2018,NZL,23.0,0,1,0.0,0.015748031496062992,0.31496062992125984,0.438641735653239
"(('a', 'bolt', 'AUS'), ('l', 'hewitt', 'AUS'))",Wimbledon_2018,AUS,144.0,1,1,1.0,0.047244094488188976,0.31496062992125984,0.438641735653239
"(('b', 'mclachlan', 'JPN'), ('j', 'struff', 'DEU'))",Wimbledon_2018,DEU,32.0,0,0,0.0,0.06299212598425197,0.06299212598425197,0.3760433077342867
"(('j', 'smith', 'AUS'), ('n', 'monroe', 'USA'))",Wimbledon_2018,AUS,55.0,0,1,0.8875000476837158,0.047244094488188976,0.31496062992125984,0.438641735653239
"(('d', 'inglot', 'GBR'), ('f', 'skugor', 'HRV'))",Wimbledon_2018,HRV,34.0,0,0,0.25,0.031496062992125984,0.06299212598425197,0.2701968503749277
"(('m', 'fucsovics', 'HUN'), ('m', 'zverev', 'DEU'))",Wimbledon_2018,DEU,97.0,0,0,0.0,0.06299212598425197,0.06299212598425197,0.3760433077342867
"(('m', 'middelkoop', 'NLD'), ('s', 'arends', 'NLD'))",Wimbledon_2018,NLD,31.0,1,1,1.0,0.031496062992125984,0.031496062992125984,0.3602952762382237
"(('a', 'krajicek', 'USA'), ('j', 'nedunchezhiyan', 'IND'))",Wimbledon_2018,IND,96.0,0,1,0.0,0.03937007874015748,0.31496062992125984,0.03937007874015748
"(('h', 'podlipnik-castillo', 'CHL'), ('m', 'arevalo', 'SLV'))",Wimbledon_2018,CHL,50.0,0,1,1.0,0.015748031496062992,0.1732283464566929,0.4099015755446877
"(('c', 'norrie', 'GBR'), ('j', 'clarke', 'GBR'))",Wimbledon_2018,GBR,209.0,1,1,1.0,0.07874015748031496,0.31496062992125984,0.438641735653239
"(('n', 'balaji', 'IND'), ('v', 'vardhan', 'IND'))",Wimbledon_2018,IND,107.0,1,1,1.0,0.03937007874015748,0.31496062992125984,0.03937007874015748
"(('m', 'daniell', 'NZL'), ('w', 'koolhof', 'NLD'))",Wimbledon_2018,NLD,45.0,0,0,0.5,0.031496062992125984,0.031496062992125984,0.3602952762382237
"(('d', 'lajovic', 'SRB'), ('m', 'basic', 'BIH'))",Wimbledon_2018,SRB,415.0,0,1,0.8575000166893005,0.007874015748031496,0.06299212598425197,0.26598425221255445
"(('f', 'martin', 'FRA'), ('p', 'raja', 'IND'))",Wimbledon_2018,IND,76.0,0,0,0.0,0.03937007874015748,0.31496062992125984,0.03937007874015748
"(('l', 'broady', 'GBR'), ('s', 'clayton', 'GBR'))",Wimbledon_2018,GBR,108.0,1,1,1.0,0.07874015748031496,0.31496062992125984,0.438641735653239
"(('f', 'tiafoe', 'USA'), ('j', 'withrow', 'USA'))",Wimbledon_2018,USA,71.0,1,1,1.0,0.07086614173228346,0.31496062992125984,0.4477165507988667
"(('f', 'delbonis', 'ARG'), ('m', 'reyes-varela', 'MEX'))",Wimbledon_2018,MEX,64.0,0,1,1.0,0.007874015748031496,0.1732283464566929,0.4099015755446877
"(('m', 'pavic', 'HRV'), ('o', 'marach', 'AUT'))",Wimbledon_2018,HRV,1.0,0,0,0.25,0.031496062992125984,0.06299212598425197,0.2701968503749277
"(('m', 'demoliner', 'BRA'), ('s', 'gonzalez', 'MEX'))",Wimbledon_2018,MEX,57.0,0,0,0.75,0.007874015748031496,0.1732283464566929,0.4099015755446877
"(('m', 'copil', 'ROU'), ('s', 'tsitsipas', 'GRC'))",Wimbledon_2018,GRC,598.0,0,0,0.25,0.0,0.0,0.22072834644730635
"(('m', 'ebden', 'AUS'), ('t', 'fritz', 'USA'))",Wimbledon_2018,USA,424.0,0,1,0.8875000476837158,0.07086614173228346,0.31496062992125984,0.4477165507988667
"(('b', 'paire', 'FRA'), ('p', 'gojowczyk', 'DEU'))",Wimbledon_2018,FRA,121.0,0,0,0.25,0.05511811023622047,0.07874015748031496,0.34730315184968663
"(('j', 'erlich', 'ISR'), ('m', 'matkowski', 'POL'))",Wimbledon_2018,POL,51.0,0,0,0.0649999976158142,0.007874015748031496,0.007874015748031496,0.2505118110048489
"(('h', 'nys', 'MCO'), ('j', 'eysseric', 'FRA'))",Wimbledon_2018,MCO,61.0,0,1,1.0,0.007874015748031496,0.007874015748031496,0.35557086800965737
"(('m', 'gonzalez', 'ARG'), ('n', 'jarry', 'CHL'))",Wimbledon_2018,CHL,77.0,0,1,1.0,0.015748031496062992,0.1732283464566929,0.4099015755446877
"(('h', 'kontinen', 'FIN'), ('j', 'peers', 'AUS'))",Wimbledon_2018,AUS,5.0,0,0,0.0,0.047244094488188976,0.31496062992125984,0.438641735653239
"(('r', 'haase', 'NLD'), ('r', 'lindstedt', 'SWE'))",Wimbledon_2018,SWE,56.0,0,0,0.5,0.0,0.007874015748031496,0.3209251974980662
"(('i', 'dodig', 'HRV'), ('r', 'ram', 'USA'))",Wimbledon_2018,USA,29.0,0,0,0.25,0.07086614173228346,0.31496062992125984,0.4477165507988667
"(('a', 'molteni', 'ARG'), ('r', 'jebavy', 'CZE'))",Wimbledon_2018,ARG,62.0,0,0,0.25,0.031496062992125984,0.1732283464566929,0.4099015755446877
"(('m', 'berrettini', 'ITA'), ('m', 'marterer', 'DEU'))",Wimbledon_2018,DEU,405.0,0,0,0.25,0.06299212598425197,0.06299212598425197,0.3760433077342867
"(('a', 'mies', 'DEU'), ('k', 'krawietz', 'DEU'))",Wimbledon_2018,DEU,119.0,1,1,1.0,0.06299212598425197,0.06299212598425197,0.3760433077342867
"(('j', 'cerretani', 'USA'), ('r', 'arneodo', 'MCO'))",Wimbledon_2018,USA,59.0,0,0,0.2875000238418579,0.07086614173228346,0.31496062992125984,0.4477165507988667
"(('j', 'sousa', 'PRT'), ('l', 'mayer', 'ARG'))",Wimbledon_2018,PRT,79.0,0,0,0.75,0.0,0.023622047244094488,0.3695472453053542
"(('d', 'marrero', 'ESP'), ('f', 'verdasco', 'ESP'))",Wimbledon_2018,ESP,84.0,1,1,1.0,0.06299212598425197,0.1732283464566929,0.4099015755446877
"(('f', 'nielsen', 'DNK'), ('j', 'salisbury', 'GBR'))",Wimbledon_2018,GBR,80.0,0,0,0.5,0.07874015748031496,0.31496062992125984,0.438641735653239
"(('a', 'mannarino', 'FRA'), ('j', 'benneteau', 'FRA'))",Wimbledon_2018,FRA,335.0,1,1,1.0,0.05511811023622047,0.07874015748031496,0.34730315184968663
"(('h', 'zeballos', 'ARG'), ('j', 'peralta', 'CHL'))",Wimbledon_2018,ARG,37.0,0,1,1.0,0.031496062992125984,0.1732283464566929,0.4099015755446877
"(('m', 'mirnyi', 'BLR'), ('p', 'oswald', 'AUT'))",Wimbledon_2018,AUT,38.0,0,0,0.25,0.023622047244094488,0.023622047244094488,0.3760433077342867
"(('p', 'petzschner', 'DEU'), ('t', 'puetz', 'DEU'))",Wimbledon_2018,DEU,82.0,1,1,1.0,0.06299212598425197,0.06299212598425197,0.3760433077342867
"(('r', 'harrison', 'USA'), ('v', 'pospisil', 'CAN'))",Wimbledon_2018,CAN,491.0,0,1,0.7075000405311584,0.007874015748031496,0.3858267716535433,0.4244685034582934
"(('a', 'sancic', 'HRV'), ('a', 'vasilevski', 'BLR'))",Wimbledon_2018,BLR,63.0,0,0,0.5,0.007874015748031496,0.007874015748031496,0.25102362200969786
"(('t', 'daniel', 'JPN'), ('y', 'nishioka', 'JPN'))",Wimbledon_2018,JPN,518.0,1,1,1.0,0.023622047244094488,0.023622047244094488,0.023622047244094488
"(('a', 'sitak', 'NZL'), ('d', 'sharan', 'IND'))",Wimbledon_2018,IND,44.0,0,1,0.0,0.03937007874015748,0.31496062992125984,0.03937007874015748
"(('m', 'jaziri', 'TUN'), ('r', 'albot', 'MDA'))",Wimbledon_2018,TUN,334.0,0,0,0.0,0.0,0.07874015748031496,0.0
"(('k', 'skupski', 'GBR'), ('n', 'skupski', 'GBR'))",Wimbledon_2018,GBR,42.0,1,1,1.0,0.07874015748031496,0.31496062992125984,0.438641735653239
"(('d', 'dzumhur', 'BIH'), ('i', 'bozoljac', 'SRB'))",Wimbledon_2018,BIH,122.0,0,1,0.8575000166893005,0.007874015748031496,0.06299212598425197,0.26598425221255445
"(('m', 'pavic', 'HRV'), ('o', 'marach', 'AUT'))",Australian Open_2019,HRV,3.0,0,0,0.25,0.023622047244094488,0.03937007874015748,0.2673622047103296
"(('a', 'seppi', 'ITA'), ('s', 'bolelli', 'ITA'))",Australian Open_2019,ITA,224.0,1,1,1.0,0.023622047244094488,0.023622047244094488,0.3244291368549264
"(('b', 'soares', 'BRA'), ('j', 'murray', 'GBR'))",Australian Open_2019,BRA,7.0,0,0,0.25,0.007874015748031496,0.015748031496062992,0.37442913610400175
"(('a', 'molteni', 'ARG'), ('r', 'jebavy', 'CZE'))",Australian Open_2019,ARG,49.0,0,0,0.25,0.047244094488188976,0.1889763779527559,0.42246063141606927
"(('b', 'bryan', 'USA'), ('m', 'bryan', 'USA'))",Australian Open_2019,USA,1.0,1,1,1.0,0.11811023622047244,0.36220472440944884,0.49775592161445165
"(('a', 'bolt', 'AUS'), ('m', 'polmans', 'AUS'))",Australian Open_2019,AUS,228.0,1,1,1.0,0.11023622047244094,0.36220472440944884,0.484665360331066
"(('n', 'mahut', 'FRA'), ('p', 'herbert', 'FRA'))",Australian Open_2019,FRA,11.0,1,1,1.0,0.047244094488188976,0.05511811023622047,0.34017716835098943
"(('d', 'marrero', 'ESP'), ('m', 'zverev', 'DEU'))",Australian Open_2019,DEU,92.0,0,0,0.25,0.047244094488188976,0.047244094488188976,0.3700984259407351
"(('m', 'venus', 'NZL'), ('r', 'klaasen', 'ZAF'))",Australian Open_2019,NZL,15.0,0,1,0.0,0.015748031496062992,0.36220472440944884,0.484665360331066
"(('b', 'klahn', 'USA'), ('m', 'kukushkin', 'KAZ'))",Australian Open_2019,USA,230.0,0,0,0.1025000065565109,0.11811023622047244,0.36220472440944884,0.49775592161445165
"(('h', 'zeballos', 'ARG'), ('l', 'kubot', 'POL'))",Australian Open_2019,ARG,30.0,0,0,0.25,0.047244094488188976,0.1889763779527559,0.42246063141606927
"(('a', 'bedene', 'SVN'), ('m', 'marterer', 'DEU'))",Australian Open_2019,DEU,286.0,0,0,0.25,0.047244094488188976,0.047244094488188976,0.3700984259407351
"(('d', 'inglot', 'GBR'), ('f', 'skugor', 'HRV'))",Australian Open_2019,HRV,25.0,0,0,0.25,0.023622047244094488,0.03937007874015748,0.2673622047103296
"(('j', 'millman', 'AUS'), ('t', 'daniel', 'JPN'))",Australian Open_2019,AUS,250.0,0,0,0.0,0.11023622047244094,0.36220472440944884,0.484665360331066
"(('j', 'salisbury', 'GBR'), ('r', 'ram', 'USA'))",Australian Open_2019,GBR,27.0,0,1,0.8875000476837158,0.05511811023622047,0.36220472440944884,0.484665360331066
"(('g', 'pella', 'ARG'), ('h', 'podlipnik-castillo', 'CHL'))",Australian Open_2019,ARG,122.0,0,1,1.0,0.047244094488188976,0.1889763779527559,0.42246063141606927
"(('h', 'kontinen', 'FIN'), ('j', 'peers', 'AUS'))",Australian Open_2019,AUS,28.0,0,0,0.0,0.11023622047244094,0.36220472440944884,0.484665360331066
"(('a', 'qureshi', 'PAK'), ('s', 'gonzalez', 'MEX'))",Australian Open_2019,PAK,47.0,0,0,0.25,0.0,0.0,0.2763976377882357
"(('e', 'roger-vasselin', 'FRA'), ('i', 'dodig', 'HRV'))",Australian Open_2019,FRA,24.0,0,0,0.25,0.047244094488188976,0.05511811023622047,0.34017716835098943
"(('m', 'reid', 'AUS'), ('n', 'kyrgios', 'AUS'))",Australian Open_2019,AUS,115.0,1,1,1.0,0.11023622047244094,0.36220472440944884,0.484665360331066
"(('m', 'jaziri', 'TUN'), ('r', 'albot', 'MDA'))",Australian Open_2019,TUN,100.0,0,0,0.0,0.0,0.05511811023622047,0.0
"(('b', 'mclachlan', 'JPN'), ('j', 'struff', 'DEU'))",Australian Open_2019,DEU,21.0,0,0,0.0,0.047244094488188976,0.047244094488188976,0.3700984259407351
"(('j', 'cerretani', 'USA'), ('m', 'arevalo', 'SLV'))",Australian Open_2019,USA,63.0,0,0,0.3625000119209289,0.11811023622047244,0.36220472440944884,0.49775592161445165
"(('h', 'tecau', 'ROU'), ('j', 'rojer', 'NLD'))",Australian Open_2019,ROU,26.0,0,0,0.25,0.007874015748031496,0.015748031496062992,0.3204921289809107
"(('j', ""o'mara"", 'GBR'), ('l', 'bambridge', 'GBR'))",Australian Open_2019,GBR,55.0,1,1,1.0,0.05511811023622047,0.36220472440944884,0.484665360331066
"(('m', 'copil', 'ROU'), ('m', 'fucsovics', 'HUN'))",Australian Open_2019,HUN,223.0,0,0,0.0,0.0,0.0,0.001968503937007874
"(('a', 'rublev', 'RUS'), ('r', 'baena', 'ESP'))",Australian Open_2019,RUS,132.0,0,0,0.25,0.0,0.007874015748031496,0.2557874014527779
"(('b', 'paire', 'FRA'), ('h', 'nys', 'MCO'))",Australian Open_2019,FRA,139.0,0,1,1.0,0.047244094488188976,0.05511811023622047,0.34017716835098943
"(('g', 'garcia-lopez', 'ESP'), ('p', 'busta', 'ESP'))",Australian Open_2019,ESP,148.0,1,1,1.0,0.07086614173228346,0.1889763779527559,0.42246063141606927
"(('d', 'sharan', 'IND'), ('r', 'bopanna', 'IND'))",Australian Open_2019,IND,37.0,1,1,1.0,0.023622047244094488,0.36220472440944884,0.023622047244094488
"(('f', 'martin', 'FRA'), ('j', 'chardy', 'FRA'))",Australian Open_2019,FRA,90.0,1,1,1.0,0.047244094488188976,0.05511811023622047,0.34017716835098943
"(('m', 'mcdonald', 'USA'), ('t', 'sandgren', 'USA'))",Australian Open_2019,USA,152.0,1,1,1.0,0.11811023622047244,0.36220472440944884,0.49775592161445165
"(('f', 'verdasco', 'ESP'), ('p', 'cuevas', 'URY'))",Australian Open_2019,ESP,83.0,0,1,1.0,0.07086614173228346,0.1889763779527559,0.42246063141606927
"(('p', 'oswald', 'AUT'), ('t', 'puetz', 'DEU'))",Australian Open_2019,DEU,66.0,0,0,1.0,0.047244094488188976,0.047244094488188976,0.3700984259407351
"(('m', 'daniell', 'NZL'), ('w', 'koolhof', 'NLD'))",Australian Open_2019,NLD,40.0,0,0,0.5,0.023622047244094488,0.023622047244094488,0.36025590625569576
"(('j', 'smith', 'AUS'), ('l', 'hewitt', 'AUS'))",Australian Open_2019,AUS,74.0,1,1,1.0,0.11023622047244094,0.36220472440944884,0.484665360331066
"(('f', 'nielsen', 'DNK'), ('m', 'demoliner', 'BRA'))",Australian Open_2019,DNK,57.0,0,0,0.25,0.0,0.0,0.3326968511375855
"(('g', 'granollers', 'ESP'), ('m', 'granollers', 'ESP'))",Australian Open_2019,ESP,93.0,1,1,1.0,0.07086614173228346,0.1889763779527559,0.42246063141606927
"(('a', 'popyrin', 'AUS'), ('b', 'ellis', 'AUS'))",Australian Open_2019,AUS,254.0,1,1,1.0,0.11023622047244094,0.36220472440944884,0.484665360331066
"(('d', 'schwartzman', 'ARG'), ('g', 'duran', 'ARG'))",Australian Open_2019,ARG,103.0,1,1,1.0,0.047244094488188976,0.1889763779527559,0.42246063141606927
"(('c', 'norrie', 'GBR'), ('t', 'fritz', 'USA'))",Australian Open_2019,GBR,187.0,0,1,0.8875000476837158,0.05511811023622047,0.36220472440944884,0.484665360331066
"(('d', 'dzumhur', 'BIH'), ('m', 'basic', 'BIH'))",Australian Open_2019,BIH,149.0,1,1,1.0,0.007874015748031496,0.03937007874015748,0.2634251968363139
"(('m', 'gong', 'CHN'), ('z', 'zhang', 'CHN'))",Australian Open_2019,CHN,97.0,1,1,1.0,0.007874015748031496,0.007874015748031496,0.007874015748031496
"(('m', 'klizan', 'SVK'), ('m', 'matkowski', 'POL'))",Australian Open_2019,POL,77.0,0,0,0.5,0.007874015748031496,0.007874015748031496,0.25555118108828234
"(('m', 'gonzalez', 'ARG'), ('n', 'jarry', 'CHL'))",Australian Open_2019,CHL,50.0,0,1,1.0,0.007874015748031496,0.1889763779527559,0.42246063141606927
"(('l', 'saville', 'AUS'), ('m', 'purcell', 'AUS'))",Australian Open_2019,AUS,119.0,1,1,1.0,0.11023622047244094,0.36220472440944884,0.484665360331066
"(('r', 'harrison', 'USA'), ('s', 'querrey', 'USA'))",Australian Open_2019,USA,72.0,1,1,1.0,0.11811023622047244,0.36220472440944884,0.49775592161445165
"(('m', 'middelkoop', 'NLD'), ('r', 'haase', 'NLD'))",Australian Open_2019,NLD,38.0,1,1,1.0,0.023622047244094488,0.023622047244094488,0.36025590625569576
"(('d', 'kudla', 'USA'), ('s', 'johnson', 'USA'))",Australian Open_2019,USA,183.0,1,1,1.0,0.11811023622047244,0.36220472440944884,0.49775592161445165
"(('m', 'ebden', 'AUS'), ('r', 'lindstedt', 'SWE'))",Australian Open_2019,SWE,46.0,0,0,0.5,0.0,0.007874015748031496,0.3326968511375855
"(('a', 'krajicek', 'USA'), ('a', 'sitak', 'NZL'))",Australian Open_2019,NZL,35.0,0,1,0.8875000476837158,0.015748031496062992,0.36220472440944884,0.484665360331066
"(('l', 'paes', 'IND'), ('m', 'reyes-varela', 'MEX'))",Australian Open_2019,MEX,58.0,0,0,0.0,0.007874015748031496,0.1889763779527559,0.42246063141606927
"(('k', 'krawietz', 'DEU'), ('n', 'mektic', 'HRV'))",Australian Open_2019,HRV,14.0,0,0,0.25,0.023622047244094488,0.03937007874015748,0.2673622047103296
"(('j', 'nedunchezhiyan', 'IND'), ('n', 'monroe', 'USA'))",Australian Open_2019,IND,73.0,0,1,0.0,0.023622047244094488,0.36220472440944884,0.023622047244094488
"(('a', 'mannarino', 'FRA'), ('a', 'mies', 'DEU'))",Australian Open_2019,DEU,71.0,0,0,0.25,0.047244094488188976,0.047244094488188976,0.3700984259407351
"(('a', 'ramos-vinolas', 'ESP'), ('p', 'gojowczyk', 'DEU'))",Australian Open_2019,ESP,275.0,0,0,0.25,0.07086614173228346,0.1889763779527559,0.42246063141606927
"(('j', 'sousa', 'PRT'), ('l', 'mayer', 'ARG'))",Australian Open_2019,PRT,45.0,0,0,0.75,0.0,0.015748031496062992,0.37442913610400175
"(('f', 'lopez', 'ESP'), ('m', 'lopez', 'ESP'))",Australian Open_2019,ESP,31.0,1,1,1.0,0.07086614173228346,0.1889763779527559,0.42246063141606927
"(('d', 'molchanov', 'UKR'), ('i', 'zelenay', 'SVK'))",Australian Open_2019,SVK,67.0,0,0,0.5,0.007874015748031496,0.007874015748031496,0.25948818896229814
"(('m', 'berrettini', 'ITA'), ('m', 'cecchinato', 'ITA'))",Australian Open_2019,ITA,353.0,1,1,1.0,0.023622047244094488,0.023622047244094488,0.3244291368549264
"(('k', 'skupski', 'GBR'), ('n', 'skupski', 'GBR'))",Australian Open_2019,GBR,32.0,1,1,1.0,0.05511811023622047,0.36220472440944884,0.484665360331066
"(('j', 'duckworth', 'AUS'), ('j', 'thompson', 'AUS'))",Australian Open_2019,AUS,217.0,1,1,1.0,0.11023622047244094,0.36220472440944884,0.484665360331066
"(('j', 'sock', 'USA'), ('j', 'withrow', 'USA'))",Australian Open_2019,USA,89.0,1,1,1.0,0.11811023622047244,0.36220472440944884,0.49775592161445165
"(('j', 'cabal', 'COL'), ('r', 'farah', 'COL'))",Australian Open_2019,COL,5.0,1,1,1.0,0.007874015748031496,0.1889763779527559,0.42246063141606927
"(('l', 'kubot', 'POL'), ('m', 'melo', 'BRA'))",Roland Garros_2019,BRA,4.0,0,0,0.25,0.015748031496062992,0.023622047244094488,0.3941338593870636
"(('j', 'munar', 'ESP'), ('r', 'baena', 'ESP'))",Roland Garros_2019,ESP,185.0,1,1,1.0,0.05511811023622047,0.18110236220472442,0.4358661424761682
"(('j', 'cabal', 'COL'), ('r', 'farah', 'COL'))",Roland Garros_2019,COL,10.0,1,1,1.0,0.007874015748031496,0.18110236220472442,0.4358661424761682
"(('j', 'smith', 'AUS'), ('m', 'ebden', 'AUS'))",Roland Garros_2019,AUS,99.0,1,1,1.0,0.03937007874015748,0.23622047244094488,0.3944881919730367
"(('m', 'pavic', 'HRV'), ('o', 'marach', 'AUT'))",Roland Garros_2019,HRV,12.0,0,0,0.25,0.023622047244094488,0.06299212598425197,0.2752362204583611
"(('j', 'nedunchezhiyan', 'IND'), ('m', 'zverev', 'DEU'))",Roland Garros_2019,DEU,66.0,0,0,0.0,0.031496062992125984,0.031496062992125984,0.3314763783211783
"(('b', 'bryan', 'USA'), ('m', 'bryan', 'USA'))",Roland Garros_2019,USA,1.0,1,1,1.0,0.05511811023622047,0.23622047244094488,0.4110689130941714
"(('g', 'granollers', 'ESP'), ('p', 'busta', 'ESP'))",Roland Garros_2019,ESP,94.0,1,1,1.0,0.05511811023622047,0.18110236220472442,0.4358661424761682
"(('h', 'kontinen', 'FIN'), ('j', 'peers', 'AUS'))",Roland Garros_2019,AUS,19.0,0,0,0.0,0.03937007874015748,0.23622047244094488,0.3944881919730367
"(('j', 'sousa', 'PRT'), ('l', 'mayer', 'ARG'))",Roland Garros_2019,PRT,32.0,0,0,0.75,0.0,0.023622047244094488,0.3941338593870636
"(('h', 'tecau', 'ROU'), ('j', 'rojer', 'NLD'))",Roland Garros_2019,ROU,21.0,0,0,0.25,0.007874015748031496,0.015748031496062992,0.34059055267591176
"(('c', 'garin', 'CHL'), ('j', 'londero', 'ARG'))",Roland Garros_2019,ARG,290.0,0,1,1.0,0.06299212598425197,0.18110236220472442,0.4358661424761682
"(('j', 'salisbury', 'GBR'), ('r', 'ram', 'USA'))",Roland Garros_2019,GBR,23.0,0,1,0.8875000476837158,0.06299212598425197,0.23622047244094488,0.3944881919730367
"(('d', 'dzumhur', 'BIH'), ('f', 'krajinovic', 'SRB'))",Roland Garros_2019,SRB,220.0,0,1,0.8575000166893005,0.023622047244094488,0.06299212598425197,0.2760826772826863
"(('j', 'melzer', 'AUT'), ('n', 'mahut', 'FRA'))",Roland Garros_2019,FRA,5.0,0,0,0.25,0.14960629921259844,0.16535433070866143,0.4091338597625259
"(('a', 'seppi', 'ITA'), ('m', 'cecchinato', 'ITA'))",Roland Garros_2019,ITA,186.0,1,1,1.0,0.023622047244094488,0.023622047244094488,0.3445275605499275
"(('f', 'nielsen', 'DNK'), ('r', 'haase', 'NLD'))",Roland Garros_2019,DNK,35.0,0,0,0.5,0.0,0.0,0.30275590588023343
"(('m', 'arevalo', 'SLV'), ('m', 'reyes-varela', 'MEX'))",Roland Garros_2019,MEX,73.0,0,1,1.0,0.007874015748031496,0.18110236220472442,0.4358661424761682
"(('g', 'barrere', 'FRA'), ('q', 'halys', 'FRA'))",Roland Garros_2019,FRA,215.0,1,1,1.0,0.14960629921259844,0.16535433070866143,0.4091338597625259
"(('a', 'minaur', 'AUS'), ('d', 'hernandez', 'ESP'))",Roland Garros_2019,ESP,109.0,0,0,0.25,0.05511811023622047,0.18110236220472442,0.4358661424761682
"(('e', 'benchetrit', 'MAR'), ('g', 'blancaneaux', 'FRA'))",Roland Garros_2019,FRA,219.0,0,0,0.0,0.14960629921259844,0.16535433070866143,0.4091338597625259
"(('j', 'eysseric', 'FRA'), ('m', 'bourgue', 'FRA'))",Roland Garros_2019,FRA,140.0,1,1,1.0,0.14960629921259844,0.16535433070866143,0.4091338597625259
"(('r', 'berankis', 'LTU'), ('y', 'nishioka', 'JPN'))",Roland Garros_2019,JPN,255.0,0,0,0.0,0.007874015748031496,0.007874015748031496,0.007874015748031496
"(('m', 'mcdonald', 'USA'), ('r', 'opelka', 'USA'))",Roland Garros_2019,USA,346.0,1,1,1.0,0.05511811023622047,0.23622047244094488,0.4110689130941714
"(('l', 'sonego', 'ITA'), ('m', 'berrettini', 'ITA'))",Roland Garros_2019,ITA,624.0,1,1,1.0,0.023622047244094488,0.023622047244094488,0.3445275605499275
"(('b', 'soares', 'BRA'), ('j', 'murray', 'GBR'))",Roland Garros_2019,BRA,7.0,0,0,0.25,0.015748031496062992,0.023622047244094488,0.3941338593870636
"(('a', 'hoang', 'FRA'), ('b', 'bonzi', 'FRA'))",Roland Garros_2019,FRA,238.0,1,1,1.0,0.14960629921259844,0.16535433070866143,0.4091338597625259
"(('a', 'mannarino', 'FRA'), ('u', 'humbert', 'FRA'))",Roland Garros_2019,FRA,202.0,1,1,1.0,0.14960629921259844,0.16535433070866143,0.4091338597625259
"(('m', 'copil', 'ROU'), ('r', 'bopanna', 'IND'))",Roland Garros_2019,ROU,544.0,0,0,0.0,0.007874015748031496,0.015748031496062992,0.34059055267591176
"(('m', 'venus', 'NZL'), ('r', 'klaasen', 'ZAF'))",Roland Garros_2019,NZL,15.0,0,1,0.0,0.015748031496062992,0.23622047244094488,0.3944881919730367
"(('f', 'martin', 'FRA'), ('j', 'chardy', 'FRA'))",Roland Garros_2019,FRA,58.0,1,1,1.0,0.14960629921259844,0.16535433070866143,0.4091338597625259
"(('b', 'mclachlan', 'JPN'), ('j', 'struff', 'DEU'))",Roland Garros_2019,DEU,38.0,0,0,0.0,0.031496062992125984,0.031496062992125984,0.3314763783211783
"(('e', 'couacaud', 'FRA'), ('t', 'lamasine', 'FRA'))",Roland Garros_2019,FRA,268.0,1,1,1.0,0.14960629921259844,0.16535433070866143,0.4091338597625259
"(('j', 'millman', 'AUS'), ('j', 'thompson', 'AUS'))",Roland Garros_2019,AUS,225.0,1,1,1.0,0.03937007874015748,0.23622047244094488,0.3944881919730367
"(('f', 'lopez', 'ESP'), ('p', 'cuevas', 'URY'))",Roland Garros_2019,ESP,52.0,0,1,1.0,0.05511811023622047,0.18110236220472442,0.4358661424761682
"(('f', 'skugor', 'HRV'), ('n', 'mektic', 'HRV'))",Roland Garros_2019,HRV,18.0,1,1,1.0,0.023622047244094488,0.06299212598425197,0.2752362204583611
"(('m', 'daniell', 'NZL'), ('w', 'koolhof', 'NLD'))",Roland Garros_2019,NLD,25.0,0,0,0.5,0.023622047244094488,0.031496062992125984,0.32673228383298936
"(('a', 'bedene', 'SVN'), ('h', 'hurkacz', 'POL'))",Roland Garros_2019,POL,421.0,0,0,0.5,0.007874015748031496,0.007874015748031496,0.25751968502529027
"(('d', 'sharan', 'IND'), ('m', 'demoliner', 'BRA'))",Roland Garros_2019,IND,39.0,0,0,0.0,0.023622047244094488,0.23622047244094488,0.023622047244094488
"(('m', 'fucsovics', 'HUN'), ('r', 'lindstedt', 'SWE'))",Roland Garros_2019,SWE,61.0,0,0,0.0,0.0,0.007874015748031496,0.30275590588023343
"(('f', 'delbonis', 'ARG'), ('g', 'duran', 'ARG'))",Roland Garros_2019,ARG,135.0,1,1,1.0,0.06299212598425197,0.18110236220472442,0.4358661424761682
"(('m', 'granollers', 'ESP'), ('m', 'lopez', 'ESP'))",Roland Garros_2019,ESP,47.0,1,1,1.0,0.05511811023622047,0.18110236220472442,0.4358661424761682
"(('c', 'norrie', 'GBR'), ('d', 'evans', 'GBR'))",Roland Garros_2019,GBR,234.0,1,1,1.0,0.06299212598425197,0.23622047244094488,0.3944881919730367
"(('d', 'kudla', 'USA'), ('s', 'johnson', 'USA'))",Roland Garros_2019,USA,207.0,1,1,1.0,0.05511811023622047,0.23622047244094488,0.4110689130941714
"(('c', 'hsieh', 'TWN'), ('c', 'rungkat', 'IDN'))",Roland Garros_2019,IDN,78.0,0,0,0.0,0.0,0.0,0.0
"(('a', 'krajicek', 'USA'), ('a', 'sitak', 'NZL'))",Roland Garros_2019,NZL,37.0,0,1,0.8875000476837158,0.015748031496062992,0.23622047244094488,0.3944881919730367
"(('c', 'ruud', 'NOR'), ('m', 'kecmanovic', 'SRB'))",Roland Garros_2019,NOR,453.0,0,0,0.25,0.0,0.0,0.30275590588023343
"(('e', 'roger-vasselin', 'FRA'), ('i', 'dodig', 'HRV'))",Roland Garros_2019,FRA,26.0,0,0,0.25,0.14960629921259844,0.16535433070866143,0.4091338597625259
"(('a', 'mies', 'DEU'), ('k', 'krawietz', 'DEU'))",Roland Garros_2019,DEU,54.0,1,1,1.0,0.031496062992125984,0.031496062992125984,0.3314763783211783
"(('a', 'rinderknech', 'FRA'), ('m', 'guinard', 'FRA'))",Roland Garros_2019,FRA,429.0,1,1,1.0,0.14960629921259844,0.16535433070866143,0.4091338597625259
"(('j', 'vliegen', 'BEL'), ('m', 'kukushkin', 'KAZ'))",Roland Garros_2019,BEL,86.0,0,0,0.1024999991059303,0.0,0.2125984251968504,0.3633740165782725
"(('m', 'jaziri', 'TUN'), ('r', 'albot', 'MDA'))",Roland Garros_2019,TUN,77.0,0,0,0.0,0.0,0.16535433070866143,0.007874015748031496
"(('d', 'lajovic', 'SRB'), ('j', 'tipsarevic', 'SRB'))",Roland Garros_2019,SRB,179.0,1,1,1.0,0.023622047244094488,0.06299212598425197,0.2760826772826863
"(('a', 'qureshi', 'PAK'), ('s', 'gonzalez', 'MEX'))",Roland Garros_2019,PAK,64.0,0,0,0.25,0.0,0.0,0.2586811023551648
"(('m', 'middelkoop', 'NLD'), ('t', 'puetz', 'DEU'))",Roland Garros_2019,DEU,63.0,0,0,0.75,0.031496062992125984,0.031496062992125984,0.3314763783211783
"(('a', 'molteni', 'ARG'), ('r', 'jebavy', 'CZE'))",Roland Garros_2019,ARG,57.0,0,0,0.25,0.06299212598425197,0.18110236220472442,0.4358661424761682
"(('d', 'molchanov', 'UKR'), ('i', 'zelenay', 'SVK'))",Roland Garros_2019,SVK,69.0,0,0,0.5,0.007874015748031496,0.007874015748031496,0.261456692899306
"(('h', 'zeballos', 'ARG'), ('m', 'gonzalez', 'ARG'))",Roland Garros_2019,ARG,17.0,1,1,1.0,0.06299212598425197,0.18110236220472442,0.4358661424761682
"(('b', 'paire', 'FRA'), ('l', 'paes', 'IND'))",Roland Garros_2019,FRA,130.0,0,0,0.0,0.14960629921259844,0.16535433070866143,0.4091338597625259
"(('d', 'inglot', 'GBR'), ('m', 'klizan', 'SVK'))",Roland Garros_2019,SVK,245.0,0,0,0.25,0.007874015748031496,0.007874015748031496,0.261456692899306
"(('d', 'schwartzman', 'ARG'), ('g', 'pella', 'ARG'))",Roland Garros_2019,ARG,71.0,1,1,1.0,0.06299212598425197,0.18110236220472442,0.4358661424761682
"(('c', 'tabur', 'FRA'), ('h', 'gaston', 'FRA'))",Roland Garros_2019,FRA,590.0,1,1,1.0,0.14960629921259844,0.16535433070866143,0.4091338597625259
"(('k', 'skupski', 'GBR'), ('n', 'skupski', 'GBR'))",Roland Garros_2019,GBR,27.0,1,1,1.0,0.06299212598425197,0.23622047244094488,0.3944881919730367
"(('j', ""o'mara"", 'GBR'), ('l', 'bambridge', 'GBR'))",Roland Garros_2019,GBR,44.0,1,1,1.0,0.06299212598425197,0.23622047244094488,0.3944881919730367
"(('j', 'cabal', 'COL'), ('r', 'farah', 'COL'))",US Open_2019,COL,1.0,1,1,1.0,0.007874015748031496,0.16535433070866143,0.4204527578626092
"(('p', 'cuevas', 'URY'), ('s', 'johnson', 'USA'))",US Open_2019,USA,455.0,0,0,0.3625000119209289,0.1732283464566929,0.3700787401574803,0.5140866281714026
"(('c', 'norrie', 'GBR'), ('d', 'evans', 'GBR'))",US Open_2019,GBR,171.0,1,1,1.0,0.06299212598425197,0.3700787401574803,0.49183071690750874
"(('j', 'struff', 'DEU'), ('t', 'pütz', 'DEU'))",US Open_2019,DEU,56.0,1,1,1.0,0.031496062992125984,0.031496062992125984,0.3742716547964126
"(('f', 'lópez', 'ESP'), ('p', 'busta', 'ESP'))",US Open_2019,ESP,50.0,1,1,1.0,0.047244094488188976,0.16535433070866143,0.4204527578626092
"(('c', 'hsieh', 'TWN'), ('c', 'rungkat', 'IDN'))",US Open_2019,IDN,70.0,0,0,0.0,0.0,0.0,0.0
"(('r', 'haase', 'NLD'), ('w', 'koolhof', 'NLD'))",US Open_2019,NLD,15.0,1,1,1.0,0.023622047244094488,0.03937007874015748,0.36872047369405037
"(('m', 'middelkoop', 'NLD'), ('r', 'jebavý', 'CZE'))",US Open_2019,NLD,57.0,0,0,0.25,0.023622047244094488,0.03937007874015748,0.36872047369405037
"(('f', 'škugor', 'HRV'), ('n', 'mektić', 'HRV'))",US Open_2019,HRV,31.0,1,1,1.0,0.023622047244094488,0.047244094488188976,0.2768503936726277
"(('j', 'smith', 'AUS'), ('j', 'thompson', 'AUS'))",US Open_2019,AUS,158.0,1,1,1.0,0.047244094488188976,0.3700787401574803,0.49183071690750874
"(('b', 'mclachlan', 'JPN'), ('l', 'bambridge', 'GBR'))",US Open_2019,JPN,42.0,0,0,0.0,0.0,0.0,0.0
"(('n', 'rubin', 'USA'), ('t', 'kwiatkowski', 'USA'))",US Open_2019,USA,264.0,1,1,1.0,0.1732283464566929,0.3700787401574803,0.5140866281714026
"(('m', 'jaziri', 'TUN'), ('r', 'albot', 'MDA'))",US Open_2019,TUN,73.0,0,0,0.0,0.0,0.09448818897637795,0.0
"(('n', 'monroe', 'USA'), ('t', 'sandgren', 'USA'))",US Open_2019,USA,125.0,1,1,1.0,0.1732283464566929,0.3700787401574803,0.5140866281714026
"(('f', 'martin', 'FRA'), ('j', 'chardy', 'FRA'))",US Open_2019,FRA,33.0,1,1,1.0,0.05511811023622047,0.09448818897637795,0.3534055164902229
"(('h', 'tecău', 'ROU'), ('j', 'rojer', 'NLD'))",US Open_2019,ROU,20.0,0,0,0.25,0.007874015748031496,0.015748031496062992,0.32419291750183254
"(('d', 'shapovalov', 'CAN'), ('r', 'bopanna', 'IND'))",US Open_2019,CAN,86.0,0,1,0.0,0.007874015748031496,0.4566929133858268,0.4593976418192931
"(('n', 'mahut', 'FRA'), ('p', 'herbert', 'FRA'))",US Open_2019,FRA,6.0,1,1,1.0,0.05511811023622047,0.09448818897637795,0.3534055164902229
"(('a', 'seppi', 'ITA'), ('m', 'cecchinato', 'ITA'))",US Open_2019,ITA,283.0,1,1,1.0,0.007874015748031496,0.007874015748031496,0.3202559096278168
"(('f', 'verdasco', 'ESP'), ('p', 'andújar', 'ESP'))",US Open_2019,ESP,183.0,1,1,1.0,0.047244094488188976,0.16535433070866143,0.4204527578626092
"(('j', 'londero', 'ARG'), ('r', 'berankis', 'LTU'))",US Open_2019,ARG,373.0,0,0,0.25,0.05511811023622047,0.16535433070866143,0.4204527578626092
"(('k', 'smith', 'USA'), ('m', 'cressy', 'USA'))",US Open_2019,USA,1081.0,1,1,1.0,0.1732283464566929,0.3700787401574803,0.5140866281714026
"(('j', 'murray', 'GBR'), ('n', 'skupski', 'GBR'))",US Open_2019,GBR,36.0,1,1,1.0,0.06299212598425197,0.3700787401574803,0.49183071690750874
"(('n', 'lammons', 'USA'), ('r', 'galloway', 'USA'))",US Open_2019,USA,99.0,1,1,1.0,0.1732283464566929,0.3700787401574803,0.5140866281714026
"(('j', 'sock', 'USA'), ('j', 'withrow', 'USA'))",US Open_2019,USA,106.0,1,1,1.0,0.1732283464566929,0.3700787401574803,0.5140866281714026
"(('f', 'polášek', 'SVK'), ('i', 'dodig', 'HRV'))",US Open_2019,SVK,30.0,0,0,0.5,0.015748031496062992,0.015748031496062992,0.2689763779245962
"(('a', 'krajicek', 'USA'), ('é', 'roger-vasselin', 'FRA'))",US Open_2019,FRA,22.0,0,0,0.2875000238418579,0.05511811023622047,0.09448818897637795,0.3534055164902229
"(('j', 'tipsarević', 'SRB'), ('l', 'đere', 'SRB'))",US Open_2019,SRB,182.0,1,1,1.0,0.015748031496062992,0.047244094488188976,0.27488188973561983
"(('f', 'delbonis', 'ARG'), ('r', 'baena', 'ESP'))",US Open_2019,ARG,136.0,0,1,1.0,0.05511811023622047,0.16535433070866143,0.4204527578626092
"(('d', 'sharan', 'IND'), ('h', 'nys', 'MCO'))",US Open_2019,IND,47.0,0,0,0.0,0.015748031496062992,0.3700787401574803,0.015748031496062992
"(('b', 'bryan', 'USA'), ('m', 'bryan', 'USA'))",US Open_2019,USA,3.0,1,1,1.0,0.1732283464566929,0.3700787401574803,0.5140866281714026
"(('h', 'hurkacz', 'POL'), ('v', 'pospisil', 'CAN'))",US Open_2019,CAN,438.0,0,0,0.25,0.007874015748031496,0.4566929133858268,0.4593976418192931
"(('h', 'zeballos', 'ARG'), ('m', 'granollers', 'ESP'))",US Open_2019,ARG,7.0,0,1,1.0,0.05511811023622047,0.16535433070866143,0.4204527578626092
"(('j', 'vliegen', 'BEL'), ('s', 'gillé', 'BEL'))",US Open_2019,BEL,43.0,1,1,1.0,0.007874015748031496,0.14960629921259844,0.3716397664373315
"(('e', 'king', 'USA'), ('h', 'reese', 'USA'))",US Open_2019,USA,123.0,1,1,1.0,0.1732283464566929,0.3700787401574803,0.5140866281714026
"(('a', 'bublik', 'KAZ'), ('j', 'millman', 'AUS'))",US Open_2019,AUS,337.0,0,0,0.1024999991059303,0.047244094488188976,0.3700787401574803,0.49183071690750874
"(('a', 'minaur', 'AUS'), ('m', 'reid', 'AUS'))",US Open_2019,AUS,92.0,1,1,1.0,0.047244094488188976,0.3700787401574803,0.49183071690750874
"(('d', 'schwartzman', 'ARG'), ('g', 'pella', 'ARG'))",US Open_2019,ARG,40.0,1,1,1.0,0.05511811023622047,0.16535433070866143,0.4204527578626092
"(('j', 'salisbury', 'GBR'), ('r', 'ram', 'USA'))",US Open_2019,GBR,25.0,0,1,0.8875000476837158,0.06299212598425197,0.3700787401574803,0.49183071690750874
"(('r', 'harrison', 'USA'), ('s', 'querrey', 'USA'))",US Open_2019,USA,93.0,1,1,1.0,0.1732283464566929,0.3700787401574803,0.5140866281714026
"(('j', 'melzer', 'AUT'), ('o', 'marach', 'AUT'))",US Open_2019,AUT,38.0,1,1,1.0,0.015748031496062992,0.031496062992125984,0.3742716547964126
"(('a', 'rublev', 'RUS'), ('m', 'kukushkin', 'KAZ'))",US Open_2019,RUS,225.0,0,1,0.4099999964237213,0.0,0.015748031496062992,0.26492125969233477
"(('m', 'copil', 'ROU'), ('n', 'kyrgios', 'AUS'))",US Open_2019,AUS,181.0,0,0,0.25,0.047244094488188976,0.3700787401574803,0.49183071690750874
"(('k', 'skupski', 'GBR'), ('m', 'daniell', 'NZL'))",US Open_2019,GBR,52.0,0,1,1.0,0.06299212598425197,0.3700787401574803,0.49183071690750874
"(('c', 'ruud', 'NOR'), ('m', 'kecmanović', 'SRB'))",US Open_2019,NOR,445.0,0,0,0.25,0.0,0.0,0.33848425322160947
"(('g', 'durán', 'ARG'), ('l', 'paes', 'IND'))",US Open_2019,IND,75.0,0,0,0.0,0.015748031496062992,0.3700787401574803,0.015748031496062992
"(('m', 'venus', 'NZL'), ('r', 'klaasen', 'ZAF'))",US Open_2019,NZL,9.0,0,1,0.0,0.015748031496062992,0.3700787401574803,0.49183071690750874
"(('a', 'mannarino', 'FRA'), ('g', 'simon', 'FRA'))",US Open_2019,FRA,226.0,1,1,1.0,0.05511811023622047,0.09448818897637795,0.3534055164902229
"(('b', 'soares', 'BRA'), ('m', 'pavić', 'HRV'))",US Open_2019,BRA,12.0,0,0,0.25,0.015748031496062992,0.023622047244094488,0.37822834949324446
"(('c', 'garín', 'CHL'), ('n', 'jarry', 'CHL'))",US Open_2019,CHL,62.0,1,1,1.0,0.007874015748031496,0.16535433070866143,0.4204527578626092
"(('j', ""o'mara"", 'GBR'), ('m', 'arévalo', 'SLV'))",US Open_2019,GBR,53.0,0,0,0.25,0.06299212598425197,0.3700787401574803,0.49183071690750874
"(('b', 'paire', 'FRA'), ('m', 'zverev', 'DEU'))",US Open_2019,DEU,82.0,0,0,0.25,0.031496062992125984,0.031496062992125984,0.3742716547964126
"(('m', 'damm', 'USA'), ('t', 'kodat', 'USA'))",US Open_2019,USA,369.0,1,1,1.0,0.1732283464566929,0.3700787401574803,0.5140866281714026
"(('m', 'krueger', 'USA'), ('t', 'smyczek', 'USA'))",US Open_2019,USA,539.0,1,1,1.0,0.1732283464566929,0.3700787401574803,0.5140866281714026
"(('a', 'mies', 'DEU'), ('k', 'krawietz', 'DEU'))",US Open_2019,DEU,24.0,1,1,1.0,0.031496062992125984,0.031496062992125984,0.3742716547964126
"(('d', 'inglot', 'GBR'), ('m', 'demoliner', 'BRA'))",US Open_2019,GBR,41.0,0,0,0.25,0.06299212598425197,0.3700787401574803,0.49183071690750874
"(('h', 'kontinen', 'FIN'), ('j', 'peers', 'AUS'))",US Open_2019,AUS,28.0,0,0,0.0,0.047244094488188976,0.3700787401574803,0.49183071690750874
"(('a', 'qureshi', 'PAK'), ('s', 'gonzález', 'MEX'))",US Open_2019,PAK,59.0,0,0,0.25,0.0,0.0,0.2701181104098718
"(('j', 'sousa', 'PRT'), ('l', 'mayer', 'ARG'))",US Open_2019,PRT,46.0,0,0,0.75,0.0,0.023622047244094488,0.37822834949324446
"(('a', 'molteni', 'ARG'), ('i', 'zelenay', 'SVK'))",US Open_2019,SVK,69.0,0,0,0.25,0.015748031496062992,0.015748031496062992,0.2689763779245962
"(('a', 'viñolas', 'ESP'), ('j', 'kovalík', 'SVK'))",US Open_2019,ESP,447.0,0,0,0.25,0.047244094488188976,0.16535433070866143,0.4204527578626092
"(('p', 'oswald', 'AUT'), ('r', 'lindstedt', 'SWE'))",US Open_2019,AUT,45.0,0,0,0.5,0.015748031496062992,0.031496062992125984,0.3742716547964126
"(('m', 'melo', 'BRA'), ('ł', 'kubot', 'POL'))",US Open_2019,BRA,5.0,0,0,0.25,0.015748031496062992,0.023622047244094488,0.37822834949324446
"(('a', 'sitak', 'NZL'), ('d', 'molchanov', 'UKR'))",US Open_2019,NZL,54.0,0,0,0.25,0.015748031496062992,0.3700787401574803,0.49183071690750874
"(('l', 'kubot', 'POL'), ('m', 'melo', 'BRA'))",Wimbledon_2019,BRA,4.0,0,0,0.25,0.015748031496062992,0.023622047244094488,0.35864173311417497
"(('b', 'mclachlan', 'JPN'), ('j', 'struff', 'DEU'))",Wimbledon_2019,DEU,40.0,0,0,0.0,0.031496062992125984,0.031496062992125984,0.36181102396934994
"(('j', 'cabal', 'COL'), ('r', 'farah', 'COL'))",Wimbledon_2019,COL,5.0,1,1,1.0,0.007874015748031496,0.16535433070866143,0.3966141737493004
"(('j', 'draper', 'GBR'), ('p', 'jubb', 'GBR'))",Wimbledon_2019,GBR,1501.0,1,1,1.0,0.14173228346456693,0.3464566929133858,0.4616535450154402
"(('m', 'venus', 'NZL'), ('r', 'klaasen', 'ZAF'))",Wimbledon_2019,NZL,10.0,0,1,0.0,0.015748031496062992,0.3464566929133858,0.4616535450154402
"(('j', ""o'mara"", 'GBR'), ('l', 'bambridge', 'GBR'))",Wimbledon_2019,GBR,56.0,1,1,1.0,0.14173228346456693,0.3464566929133858,0.4616535450154402
"(('b', 'soares', 'BRA'), ('m', 'pavic', 'HRV'))",Wimbledon_2019,BRA,7.0,0,0,0.25,0.015748031496062992,0.023622047244094488,0.35864173311417497
"(('m', 'middelkoop', 'NLD'), ('s', 'arends', 'NLD'))",Wimbledon_2019,NLD,45.0,1,1,1.0,0.031496062992125984,0.047244094488188976,0.35822834680399557
"(('h', 'tecau', 'ROU'), ('j', 'rojer', 'NLD'))",Wimbledon_2019,ROU,17.0,0,0,0.25,0.007874015748031496,0.015748031496062992,0.3088582686223383
"(('a', 'seppi', 'ITA'), ('m', 'cecchinato', 'ITA'))",Wimbledon_2019,ITA,261.0,1,1,1.0,0.015748031496062992,0.015748031496062992,0.3088582686223383
"(('f', 'skugor', 'HRV'), ('n', 'mektic', 'HRV'))",Wimbledon_2019,HRV,20.0,1,1,1.0,0.023622047244094488,0.06299212598425197,0.26858267716066103
"(('m', 'fucsovics', 'HUN'), ('r', 'berankis', 'LTU'))",Wimbledon_2019,HUN,260.0,0,0,0.0,0.0,0.0,0.001968503937007874
"(('b', 'bryan', 'USA'), ('m', 'bryan', 'USA'))",Wimbledon_2019,USA,1.0,1,1,1.0,0.031496062992125984,0.3464566929133858,0.4577539553792458
"(('d', 'molchanov', 'UKR'), ('i', 'zelenay', 'SVK'))",Wimbledon_2019,SVK,66.0,0,0,0.5,0.007874015748031496,0.007874015748031496,0.25283464566459807
"(('h', 'kontinen', 'FIN'), ('j', 'peers', 'AUS'))",Wimbledon_2019,AUS,22.0,0,0,0.0,0.06299212598425197,0.3464566929133858,0.4616535450154402
"(('g', 'granollers', 'ESP'), ('m', 'granollers', 'ESP'))",Wimbledon_2019,ESP,92.0,1,1,1.0,0.03937007874015748,0.1732283464566929,0.3966141737493004
"(('h', 'zeballos', 'ARG'), ('m', 'gonzalez', 'ARG'))",Wimbledon_2019,ARG,12.0,1,1,1.0,0.05511811023622047,0.1732283464566929,0.3966141737493004
"(('a', 'sitak', 'NZL'), ('j', 'erlich', 'ISR'))",Wimbledon_2019,NZL,42.0,0,1,0.0324999988079071,0.015748031496062992,0.3464566929133858,0.4616535450154402
"(('e', 'roger-vasselin', 'FRA'), ('n', 'mahut', 'FRA'))",Wimbledon_2019,FRA,30.0,1,1,1.0,0.03937007874015748,0.07086614173228346,0.33295275709291144
"(('l', 'broady', 'GBR'), ('s', 'clayton', 'GBR'))",Wimbledon_2019,GBR,173.0,1,1,1.0,0.14173228346456693,0.3464566929133858,0.4616535450154402
"(('j', 'salisbury', 'GBR'), ('r', 'ram', 'USA'))",Wimbledon_2019,GBR,19.0,0,1,0.8875000476837158,0.14173228346456693,0.3464566929133858,0.4616535450154402
"(('m', 'jaziri', 'TUN'), ('r', 'albot', 'MDA'))",Wimbledon_2019,TUN,80.0,0,0,0.0,0.0,0.07086614173228346,0.0
"(('j', 'melzer', 'AUT'), ('o', 'marach', 'AUT'))",Wimbledon_2019,AUT,46.0,1,1,1.0,0.015748031496062992,0.031496062992125984,0.36181102396934994
"(('c', 'hsieh', 'TWN'), ('c', 'rungkat', 'IDN'))",Wimbledon_2019,IDN,69.0,0,0,0.0,0.0,0.0,0.0
"(('f', 'nielsen', 'DNK'), ('r', 'haase', 'NLD'))",Wimbledon_2019,DNK,41.0,0,0,0.5,0.0,0.0,0.32602362239454674
"(('d', 'dzumhur', 'BIH'), ('r', 'arneodo', 'MCO'))",Wimbledon_2019,BIH,467.0,0,0,0.25,0.0,0.06299212598425197,0.2660629926469382
"(('m', 'arevalo', 'SLV'), ('m', 'reyes-varela', 'MEX'))",Wimbledon_2019,MEX,75.0,0,1,1.0,0.007874015748031496,0.16535433070866143,0.3966141737493004
"(('c', 'ruud', 'NOR'), ('l', 'harris', 'ZAF'))",Wimbledon_2019,NOR,287.0,0,0,0.0,0.0,0.0,0.32602362239454674
"(('a', 'bublik', 'KAZ'), ('m', 'kukushkin', 'KAZ'))",Wimbledon_2019,KAZ,180.0,1,1,1.0,0.007874015748031496,0.007874015748031496,0.1106645664361518
"(('b', 'paire', 'FRA'), ('l', 'paes', 'IND'))",Wimbledon_2019,FRA,113.0,0,0,0.0,0.03937007874015748,0.07086614173228346,0.33295275709291144
"(('f', 'lopez', 'ESP'), ('p', 'busta', 'ESP'))",Wimbledon_2019,ESP,54.0,1,1,1.0,0.03937007874015748,0.1732283464566929,0.3966141737493004
"(('c', 'garin', 'CHL'), ('n', 'jarry', 'CHL'))",Wimbledon_2019,CHL,58.0,1,1,1.0,0.007874015748031496,0.16535433070866143,0.3966141737493004
"(('m', 'daniell', 'NZL'), ('w', 'koolhof', 'NLD'))",Wimbledon_2019,NLD,27.0,0,0,0.5,0.031496062992125984,0.047244094488188976,0.35822834680399557
"(('p', 'cuevas', 'URY'), ('r', 'bopanna', 'IND'))",Wimbledon_2019,URY,137.0,0,0,0.0,0.0,0.16535433070866143,0.3966141737493004
"(('a', 'minaur', 'AUS'), ('m', 'reid', 'AUS'))",Wimbledon_2019,AUS,91.0,1,1,1.0,0.06299212598425197,0.3464566929133858,0.4616535450154402
"(('a', 'molteni', 'ARG'), ('f', 'delbonis', 'ARG'))",Wimbledon_2019,ARG,60.0,1,1,1.0,0.05511811023622047,0.1732283464566929,0.3966141737493004
"(('d', 'sharan', 'IND'), ('m', 'demoliner', 'BRA'))",Wimbledon_2019,IND,43.0,0,0,0.0,0.031496062992125984,0.3464566929133858,0.031496062992125984
"(('a', 'mies', 'DEU'), ('k', 'krawietz', 'DEU'))",Wimbledon_2019,DEU,24.0,1,1,1.0,0.031496062992125984,0.031496062992125984,0.36181102396934994
"(('f', 'polasek', 'SVK'), ('i', 'dodig', 'HRV'))",Wimbledon_2019,SVK,76.0,0,0,0.5,0.007874015748031496,0.007874015748031496,0.25283464566459807
"(('j', 'murray', 'GBR'), ('n', 'skupski', 'GBR'))",Wimbledon_2019,GBR,32.0,1,1,1.0,0.14173228346456693,0.3464566929133858,0.4616535450154402
"(('m', 'ebden', 'AUS'), ('v', 'pospisil', 'CAN'))",Wimbledon_2019,CAN,438.0,0,1,0.7749999761581421,0.0,0.41732283464566927,0.43379133436154194
"(('d', 'lajovic', 'SRB'), ('f', 'krajinovic', 'SRB'))",Wimbledon_2019,SRB,119.0,1,1,1.0,0.023622047244094488,0.06299212598425197,0.26942913398498625
"(('j', 'vliegen', 'BEL'), ('s', 'gille', 'BEL'))",Wimbledon_2019,BEL,61.0,1,1,1.0,0.007874015748031496,0.13385826771653545,0.36054803218780535
"(('g', 'duran', 'ARG'), ('j', 'londero', 'ARG'))",Wimbledon_2019,ARG,306.0,1,1,1.0,0.05511811023622047,0.1732283464566929,0.3966141737493004
"(('a', 'qureshi', 'PAK'), ('s', 'gonzalez', 'MEX'))",Wimbledon_2019,PAK,59.0,0,0,0.25,0.0,0.0,0.2818700788527962
"(('j', 'tipsarevic', 'SRB'), ('l', 'djere', 'SRB'))",Wimbledon_2019,SRB,179.0,1,1,1.0,0.023622047244094488,0.06299212598425197,0.26942913398498625
"(('a', 'murray', 'GBR'), ('p', 'herbert', 'FRA'))",Wimbledon_2019,GBR,148.0,0,0,0.25,0.14173228346456693,0.3464566929133858,0.4616535450154402
"(('m', 'copil', 'ROU'), ('u', 'humbert', 'FRA'))",Wimbledon_2019,FRA,377.0,0,0,0.5,0.03937007874015748,0.07086614173228346,0.33295275709291144
"(('j', 'thompson', 'AUS'), ('l', 'hewitt', 'AUS'))",Wimbledon_2019,AUS,209.0,1,1,1.0,0.06299212598425197,0.3464566929133858,0.4616535450154402
"(('j', 'nedunchezhiyan', 'IND'), ('p', 'raja', 'IND'))",Wimbledon_2019,IND,85.0,1,1,1.0,0.031496062992125984,0.3464566929133858,0.031496062992125984
"(('p', 'oswald', 'AUT'), ('r', 'jebavy', 'CZE'))",Wimbledon_2019,AUT,68.0,0,0,0.25,0.015748031496062992,0.031496062992125984,0.36181102396934994
"(('g', 'pella', 'ARG'), ('h', 'dellien', 'BOL'))",Wimbledon_2019,ARG,55.0,0,1,0.5400000214576721,0.05511811023622047,0.1732283464566929,0.3966141737493004
"(('r', 'lindstedt', 'SWE'), ('t', 'puetz', 'DEU'))",Wimbledon_2019,DEU,67.0,0,0,0.5,0.031496062992125984,0.031496062992125984,0.36181102396934994
"(('l', 'saville', 'AUS'), ('m', 'purcell', 'AUS'))",Wimbledon_2019,AUS,84.0,1,1,1.0,0.06299212598425197,0.3464566929133858,0.4616535450154402
"(('f', 'martin', 'FRA'), ('h', 'nys', 'MCO'))",Wimbledon_2019,MCO,109.0,0,1,1.0,0.007874015748031496,0.007874015748031496,0.34405511910990466
"(('l', 'sonego', 'ITA'), ('r', 'baena', 'ESP'))",Wimbledon_2019,ITA,319.0,0,0,0.5,0.015748031496062992,0.015748031496062992,0.3088582686223383
"(('j', 'sousa', 'PRT'), ('l', 'mayer', 'ARG'))",Wimbledon_2019,PRT,39.0,0,0,0.75,0.0,0.023622047244094488,0.35864173311417497
"(('d', 'evans', 'GBR'), ('l', 'glasspool', 'GBR'))",Wimbledon_2019,GBR,339.0,1,1,1.0,0.14173228346456693,0.3464566929133858,0.4616535450154402
"(('m', 'zverev', 'DEU'), ('n', 'monroe', 'USA'))",Wimbledon_2019,DEU,93.0,0,0,0.4625000059604645,0.031496062992125984,0.031496062992125984,0.36181102396934994
"(('e', 'hoyt', 'GBR'), ('l', 'johnson', 'GBR'))",Wimbledon_2019,GBR,545.0,1,1,1.0,0.14173228346456693,0.3464566929133858,0.4616535450154402
"(('c', 'norrie', 'GBR'), ('j', 'munar', 'ESP'))",Wimbledon_2019,GBR,195.0,0,0,0.25,0.14173228346456693,0.3464566929133858,0.4616535450154402
"(('a', 'krajicek', 'USA'), ('d', 'inglot', 'GBR'))",Wimbledon_2019,USA,38.0,0,1,0.8875000476837158,0.031496062992125984,0.3464566929133858,0.4577539553792458
"(('j', 'smith', 'AUS'), ('k', 'skupski', 'GBR'))",Wimbledon_2019,AUS,95.0,0,1,1.0,0.06299212598425197,0.3464566929133858,0.4616535450154402
"(('j', 'clarke', 'GBR'), ('j', 'ward', 'GBR'))",Wimbledon_2019,GBR,553.0,1,1,1.0,0.14173228346456693,0.3464566929133858,0.4616535450154402
"(('l', 'kubot', 'POL'), ('m', 'melo', 'BRA'))",Australian Open_2020,BRA,7.0,0,0,0.25,0.015748031496062992,0.023622047244094488,0.36586614341717066
"(('d', 'schwartzman', 'ARG'), ('g', 'duran', 'ARG'))",Australian Open_2020,ARG,41.0,1,1,1.0,0.06299212598425197,0.16535433070866143,0.4036417333769986
"(('f', 'polasek', 'SVK'), ('i', 'dodig', 'HRV'))",Australian Open_2020,SVK,12.0,0,0,0.5,0.007874015748031496,0.007874015748031496,0.26413385828179636
"(('a', 'popyrin', 'AUS'), ('b', 'ellis', 'AUS'))",Australian Open_2020,AUS,273.0,1,1,1.0,0.12598425196850394,0.33070866141732286,0.47576772050594723
"(('n', 'mektic', 'HRV'), ('w', 'koolhof', 'NLD'))",Australian Open_2020,HRV,15.0,0,0,0.25,0.023622047244094488,0.05511811023622047,0.27594488190384364
"(('l', 'djere', 'SRB'), ('m', 'cecchinato', 'ITA'))",Australian Open_2020,SRB,349.0,0,0,0.25,0.023622047244094488,0.05511811023622047,0.27594488190384364
"(('h', 'zeballos', 'ARG'), ('m', 'granollers', 'ESP'))",Australian Open_2020,ARG,4.0,0,1,1.0,0.06299212598425197,0.16535433070866143,0.4036417333769986
"(('m', 'daniell', 'NZL'), ('p', 'oswald', 'AUT'))",Australian Open_2020,AUT,40.0,0,0,0.5,0.015748031496062992,0.031496062992125984,0.361751969142223
"(('j', 'peers', 'AUS'), ('m', 'venus', 'NZL'))",Australian Open_2020,NZL,11.0,0,1,1.0,0.015748031496062992,0.33070866141732286,0.47576772050594723
"(('f', 'nielsen', 'DNK'), ('t', 'puetz', 'DEU'))",Australian Open_2020,DEU,58.0,0,0,0.5,0.023622047244094488,0.023622047244094488,0.361751969142223
"(('h', 'tecau', 'ROU'), ('j', 'rojer', 'NLD'))",Australian Open_2020,ROU,19.0,0,0,0.25,0.0,0.0,0.3084055138526
"(('a', 'qureshi', 'PAK'), ('d', 'inglot', 'GBR'))",Australian Open_2020,PAK,52.0,0,0,0.5,0.0,0.0,0.2816141733503717
"(('o', 'marach', 'AUT'), ('r', 'klaasen', 'ZAF'))",Australian Open_2020,AUT,32.0,0,0,0.0,0.015748031496062992,0.031496062992125984,0.361751969142223
"(('c', 'ruud', 'NOR'), ('m', 'kecmanovic', 'SRB'))",Australian Open_2020,NOR,211.0,0,0,0.25,0.0,0.0,0.3318700793784434
"(('b', 'soares', 'BRA'), ('m', 'pavic', 'HRV'))",Australian Open_2020,BRA,24.0,0,0,0.25,0.015748031496062992,0.023622047244094488,0.36586614341717066
"(('b', 'mclachlan', 'JPN'), ('l', 'bambridge', 'GBR'))",Australian Open_2020,JPN,46.0,0,0,0.0,0.007874015748031496,0.007874015748031496,0.007874015748031496
"(('j', 'salisbury', 'GBR'), ('r', 'ram', 'USA'))",Australian Open_2020,GBR,21.0,0,1,0.8875000476837158,0.05511811023622047,0.33070866141732286,0.47576772050594723
"(('d', 'evans', 'GBR'), ('j', 'smith', 'AUS'))",Australian Open_2020,AUS,102.0,0,1,1.0,0.12598425196850394,0.33070866141732286,0.47576772050594723
"(('e', 'roger-vasselin', 'FRA'), ('j', 'melzer', 'AUT'))",Australian Open_2020,FRA,16.0,0,0,0.25,0.06299212598425197,0.08661417322834646,0.3482480338192362
"(('r', 'berankis', 'LTU'), ('s', 'arends', 'NLD'))",Australian Open_2020,LTU,295.0,0,0,0.25,0.0,0.0,0.22511811026438014
"(('b', 'bryan', 'USA'), ('m', 'bryan', 'USA'))",Australian Open_2020,USA,28.0,1,1,1.0,0.07874015748031496,0.33070866141732286,0.4798405684354737
"(('r', 'bopanna', 'IND'), ('y', 'uchiyama', 'JPN'))",Australian Open_2020,JPN,429.0,0,0,0.0,0.007874015748031496,0.007874015748031496,0.007874015748031496
"(('j', 'murray', 'GBR'), ('n', 'skupski', 'GBR'))",Australian Open_2020,GBR,31.0,1,1,1.0,0.05511811023622047,0.33070866141732286,0.47576772050594723
"(('h', 'hurkacz', 'POL'), ('v', 'pospisil', 'CAN'))",Australian Open_2020,CAN,448.0,0,0,0.25,0.0,0.41732283464566927,0.44412598308146467
"(('f', 'martin', 'FRA'), ('m', 'gonzalez', 'ARG'))",Australian Open_2020,FRA,26.0,0,0,0.5,0.06299212598425197,0.08661417322834646,0.3482480338192362
"(('d', 'lajovic', 'SRB'), ('n', 'cacic', 'SRB'))",Australian Open_2020,SRB,113.0,1,1,1.0,0.023622047244094488,0.05511811023622047,0.27594488190384364
"(('a', 'krajicek', 'USA'), ('f', 'skugor', 'HRV'))",Australian Open_2020,HRV,35.0,0,0,0.25,0.023622047244094488,0.05511811023622047,0.27594488190384364
"(('i', 'zelenay', 'SVK'), ('r', 'jebavy', 'CZE'))",Australian Open_2020,SVK,64.0,0,0,0.75,0.007874015748031496,0.007874015748031496,0.26413385828179636
"(('j', ""o'mara"", 'GBR'), ('m', 'arevalo', 'SLV'))",Australian Open_2020,GBR,59.0,0,0,0.25,0.05511811023622047,0.33070866141732286,0.47576772050594723
"(('h', 'dellien', 'BOL'), ('j', 'londero', 'ARG'))",Australian Open_2020,ARG,296.0,0,1,0.5400000214576721,0.06299212598425197,0.16535433070866143,0.4036417333769986
"(('a', 'mannarino', 'FRA'), ('g', 'barrere', 'FRA'))",Australian Open_2020,FRA,226.0,1,1,1.0,0.06299212598425197,0.08661417322834646,0.3482480338192362
"(('f', 'tiafoe', 'USA'), ('u', 'humbert', 'FRA'))",Australian Open_2020,USA,341.0,0,0,0.2875000238418579,0.07874015748031496,0.33070866141732286,0.4798405684354737
"(('b', 'paire', 'FRA'), ('s', 'bolelli', 'ITA'))",Australian Open_2020,FRA,100.0,0,0,0.5,0.06299212598425197,0.08661417322834646,0.3482480338192362
"(('n', 'mahut', 'FRA'), ('p', 'herbert', 'FRA'))",Australian Open_2020,FRA,3.0,1,1,1.0,0.06299212598425197,0.08661417322834646,0.3482480338192362
"(('a', 'bublik', 'KAZ'), ('m', 'kukushkin', 'KAZ'))",Australian Open_2020,KAZ,142.0,1,1,1.0,0.007874015748031496,0.015748031496062992,0.11645944853584596
"(('a', 'mies', 'DEU'), ('k', 'krawietz', 'DEU'))",Australian Open_2020,DEU,10.0,1,1,1.0,0.023622047244094488,0.023622047244094488,0.361751969142223
"(('j', 'cabal', 'COL'), ('j', 'munar', 'ESP'))",Australian Open_2020,ESP,172.0,0,1,1.0,0.047244094488188976,0.16535433070866143,0.4036417333769986
"(('t', 'fritz', 'USA'), ('t', 'paul', 'USA'))",Australian Open_2020,USA,580.0,1,1,1.0,0.07874015748031496,0.33070866141732286,0.4798405684354737
"(('g', 'pella', 'ARG'), ('p', 'cuevas', 'URY'))",Australian Open_2020,ARG,60.0,0,1,1.0,0.06299212598425197,0.16535433070866143,0.4036417333769986
"(('j', 'chardy', 'FRA'), ('r', 'lindstedt', 'SWE'))",Australian Open_2020,SWE,73.0,0,0,0.25,0.0,0.007874015748031496,0.3318700793784434
"(('f', 'delbonis', 'ARG'), ('l', 'mayer', 'ARG'))",Australian Open_2020,ARG,61.0,1,1,1.0,0.06299212598425197,0.16535433070866143,0.4036417333769986
"(('a', 'bedene', 'SVN'), ('a', 'behar', 'URY'))",Australian Open_2020,SVN,453.0,0,0,0.25,0.0,0.0,0.2621653543447885
"(('j', 'duckworth', 'AUS'), ('m', 'polmans', 'AUS'))",Australian Open_2020,AUS,185.0,1,1,1.0,0.12598425196850394,0.33070866141732286,0.47576772050594723
"(('a', 'harris', 'AUS'), ('c', ""o'connell"", 'AUS'))",Australian Open_2020,AUS,639.0,1,1,1.0,0.12598425196850394,0.33070866141732286,0.47576772050594723
"(('j', 'vliegen', 'BEL'), ('s', 'gille', 'BEL'))",Australian Open_2020,BEL,37.0,1,1,1.0,0.007874015748031496,0.14173228346456693,0.36330000132908963
"(('f', 'lopez', 'ESP'), ('p', 'andujar', 'ESP'))",Australian Open_2020,ESP,51.0,1,1,1.0,0.047244094488188976,0.16535433070866143,0.4036417333769986
"(('k', 'skupski', 'GBR'), ('s', 'gonzalez', 'MEX'))",Australian Open_2020,GBR,54.0,0,0,0.25,0.05511811023622047,0.33070866141732286,0.47576772050594723
"(('j', 'millman', 'AUS'), ('s', 'kwon', 'KOR'))",Australian Open_2020,AUS,717.0,0,0,0.0,0.12598425196850394,0.33070866141732286,0.47576772050594723
"(('c', 'guccione', 'AUS'), ('m', 'reid', 'AUS'))",Australian Open_2020,AUS,95.0,1,1,1.0,0.12598425196850394,0.33070866141732286,0.47576772050594723
"(('a', 'ramos-vinolas', 'ESP'), ('m', 'lopez', 'ESP'))",Australian Open_2020,ESP,292.0,1,1,1.0,0.047244094488188976,0.16535433070866143,0.4036417333769986
"(('s', 'johnson', 'USA'), ('s', 'querrey', 'USA'))",Australian Open_2020,USA,79.0,1,1,1.0,0.07874015748031496,0.33070866141732286,0.4798405684354737
"(('c', 'hsieh', 'TWN'), ('y', 'lu', 'TWN'))",Australian Open_2020,TWN,229.0,1,1,1.0,0.007874015748031496,0.007874015748031496,0.007874015748031496
"(('h', 'kontinen', 'FIN'), ('j', 'struff', 'DEU'))",Australian Open_2020,DEU,65.0,0,0,0.0,0.023622047244094488,0.023622047244094488,0.361751969142223
"(('a', 'seppi', 'ITA'), ('l', 'sonego', 'ITA'))",Australian Open_2020,ITA,454.0,1,1,1.0,0.023622047244094488,0.023622047244094488,0.3202165374746473
"(('a', 'molteni', 'ARG'), ('h', 'nys', 'MCO'))",Australian Open_2020,MCO,68.0,0,0,0.5,0.0,0.0,0.3593503958362294
"(('a', 'bolt', 'AUS'), ('m', 'ebden', 'AUS'))",Australian Open_2020,AUS,122.0,1,1,1.0,0.12598425196850394,0.33070866141732286,0.47576772050594723
"(('j', 'nam', 'KOR'), ('m', 'song', 'KOR'))",Australian Open_2020,KOR,128.0,1,1,1.0,0.015748031496062992,0.015748031496062992,0.015748031496062992
"(('j', 'thompson', 'AUS'), ('l', 'hewitt', 'AUS'))",Australian Open_2020,AUS,227.0,1,1,1.0,0.12598425196850394,0.33070866141732286,0.47576772050594723
"(('l', 'saville', 'AUS'), ('m', 'purcell', 'AUS'))",Australian Open_2020,AUS,82.0,1,1,1.0,0.12598425196850394,0.33070866141732286,0.47576772050594723
"(('a', 'rublev', 'RUS'), ('a', 'vasilevski', 'BLR'))",Australian Open_2020,BLR,76.0,0,1,1.0,0.0,0.007874015748031496,0.2634251968363139
"(('j', 'withrow', 'USA'), ('t', 'sandgren', 'USA'))",Australian Open_2020,USA,66.0,1,1,1.0,0.07874015748031496,0.33070866141732286,0.4798405684354737
"(('m', 'demoliner', 'BRA'), ('m', 'middelkoop', 'NLD'))",Australian Open_2020,NLD,55.0,0,0,0.25,0.023622047244094488,0.03937007874015748,0.35816929197686864
"(('a', 'sitak', 'NZL'), ('d', 'sharan', 'IND'))",Australian Open_2020,IND,53.0,0,1,0.0,0.007874015748031496,0.33070866141732286,0.007874015748031496
"(('j', 'sousa', 'PRT'), ('p', 'busta', 'ESP'))",Australian Open_2020,PRT,39.0,0,0,0.75,0.0,0.023622047244094488,0.36586614341717066
"(('j', 'cabal', 'COL'), ('r', 'farah', 'COL'))",Roland Garros_2020,COL,1.0,1,1,1.0,0.007874015748031496,0.14960629921259844,0.4255708669724427
"(('c', 'denolly', 'FRA'), ('k', 'jacquet', 'FRA'))",Roland Garros_2020,FRA,1638.0,1,1,1.0,0.15748031496062992,0.1889763779527559,0.42466535675713396
"(('h', 'zeballos', 'ARG'), ('m', 'granollers', 'ESP'))",Roland Garros_2020,ARG,3.0,0,1,1.0,0.05511811023622047,0.14960629921259844,0.4255708669724427
"(('s', 'johnson', 'USA'), ('s', 'querrey', 'USA'))",Roland Garros_2020,USA,161.0,1,1,1.0,0.07874015748031496,0.2755905511811024,0.45227560741225564
"(('j', 'salisbury', 'GBR'), ('r', 'ram', 'USA'))",Roland Garros_2020,GBR,5.0,0,1,0.8875000476837158,0.06299212598425197,0.2755905511811024,0.43946850767755136
"(('g', 'barrere', 'FRA'), ('q', 'halys', 'FRA'))",Roland Garros_2020,FRA,156.0,1,1,1.0,0.15748031496062992,0.1889763779527559,0.42466535675713396
"(('l', 'kubot', 'POL'), ('m', 'melo', 'BRA'))",Roland Garros_2020,BRA,8.0,0,0,0.25,0.015748031496062992,0.023622047244094488,0.3908267730005144
"(('a', 'cazaux', 'FRA'), ('h', 'mayot', 'FRA'))",Roland Garros_2020,FRA,612.0,1,1,1.0,0.15748031496062992,0.1889763779527559,0.42466535675713396
"(('f', 'polasek', 'SVK'), ('i', 'dodig', 'HRV'))",Roland Garros_2020,SVK,10.0,0,0,0.5,0.007874015748031496,0.007874015748031496,0.2630708661135726
"(('h', 'kontinen', 'FIN'), ('j', 'struff', 'DEU'))",Roland Garros_2020,DEU,47.0,0,0,0.0,0.023622047244094488,0.023622047244094488,0.35812992194975457
"(('n', 'mahut', 'FRA'), ('p', 'herbert', 'FRA'))",Roland Garros_2020,FRA,4.0,1,1,1.0,0.15748031496062992,0.1889763779527559,0.42466535675713396
"(('l', 'saville', 'AUS'), ('m', 'purcell', 'AUS'))",Roland Garros_2020,AUS,38.0,1,1,1.0,0.05511811023622047,0.2755905511811024,0.43946850767755136
"(('b', 'soares', 'BRA'), ('m', 'pavic', 'HRV'))",Roland Garros_2020,BRA,18.0,0,0,0.25,0.015748031496062992,0.023622047244094488,0.3908267730005144
"(('m', 'daniell', 'NZL'), ('p', 'oswald', 'AUT'))",Roland Garros_2020,AUT,42.0,0,0,0.5,0.023622047244094488,0.03937007874015748,0.35812992194975457
"(('a', 'mies', 'DEU'), ('k', 'krawietz', 'DEU'))",Roland Garros_2020,DEU,17.0,1,1,1.0,0.023622047244094488,0.023622047244094488,0.35812992194975457
"(('a', 'bublik', 'KAZ'), ('m', 'kukushkin', 'KAZ'))",Roland Garros_2020,KAZ,74.0,1,1,1.0,0.007874015748031496,0.007874015748031496,0.11279527532068762
"(('n', 'mektic', 'HRV'), ('w', 'koolhof', 'NLD'))",Roland Garros_2020,HRV,19.0,0,0,0.25,0.023622047244094488,0.047244094488188976,0.27291338579861196
"(('b', 'mclachlan', 'JPN'), ('l', 'bambridge', 'GBR'))",Roland Garros_2020,JPN,60.0,0,0,0.0,0.007874015748031496,0.007874015748031496,0.007874015748031496
"(('j', 'peers', 'AUS'), ('m', 'venus', 'NZL'))",Roland Garros_2020,NZL,13.0,0,1,1.0,0.015748031496062992,0.2755905511811024,0.43946850767755136
"(('c', 'ruud', 'NOR'), ('m', 'kecmanovic', 'SRB'))",Roland Garros_2020,NOR,200.0,0,0,0.25,0.0,0.0,0.3243110243119593
"(('h', 'tecau', 'ROU'), ('j', 'rojer', 'NLD'))",Roland Garros_2020,ROU,21.0,0,0,0.25,0.0,0.007874015748031496,0.3403346475325231
"(('c', 'garin', 'CHL'), ('p', 'martinez', 'ESP'))",Roland Garros_2020,ESP,183.0,0,1,1.0,0.023622047244094488,0.14960629921259844,0.4255708669724427
"(('j', 'murray', 'GBR'), ('n', 'skupski', 'GBR'))",Roland Garros_2020,GBR,27.0,1,1,1.0,0.06299212598425197,0.2755905511811024,0.43946850767755136
"(('j', 'londero', 'ARG'), ('j', 'vesely', 'CZE'))",Roland Garros_2020,CZE,609.0,0,0,0.25,0.0,0.0,0.26110236217656474
"(('f', 'martin', 'FRA'), ('j', 'chardy', 'FRA'))",Roland Garros_2020,FRA,23.0,1,1,1.0,0.15748031496062992,0.1889763779527559,0.42466535675713396
"(('j', 'duckworth', 'AUS'), ('j', 'millman', 'AUS'))",Roland Garros_2020,AUS,717.0,1,1,1.0,0.05511811023622047,0.2755905511811024,0.43946850767755136
"(('e', 'roger-vasselin', 'FRA'), ('j', 'melzer', 'AUT'))",Roland Garros_2020,FRA,20.0,0,0,0.25,0.15748031496062992,0.1889763779527559,0.42466535675713396
"(('a', 'olivetti', 'FRA'), ('e', 'couacaud', 'FRA'))",Roland Garros_2020,FRA,221.0,1,1,1.0,0.15748031496062992,0.1889763779527559,0.42466535675713396
"(('a', 'krajicek', 'USA'), ('f', 'skugor', 'HRV'))",Roland Garros_2020,HRV,31.0,0,0,0.25,0.023622047244094488,0.047244094488188976,0.27291338579861196
"(('d', 'sharan', 'IND'), ('s', 'kwon', 'KOR'))",Roland Garros_2020,IND,57.0,0,0,0.0,0.007874015748031496,0.2755905511811024,0.007874015748031496
"(('j', ""o'mara"", 'GBR'), ('m', 'arevalo', 'SLV'))",Roland Garros_2020,GBR,58.0,0,0,0.25,0.06299212598425197,0.2755905511811024,0.43946850767755136
"(('a', 'ramos-vinolas', 'ESP'), ('g', 'mager', 'ITA'))",Roland Garros_2020,ESP,471.0,0,0,0.5,0.023622047244094488,0.14960629921259844,0.4255708669724427
"(('a', 'bedene', 'SVN'), ('d', 'novak', 'AUT'))",Roland Garros_2020,AUT,1244.0,0,0,0.25,0.023622047244094488,0.03937007874015748,0.35812992194975457
"(('r', 'berankis', 'LTU'), ('y', 'nishioka', 'JPN'))",Roland Garros_2020,JPN,465.0,0,0,0.0,0.007874015748031496,0.007874015748031496,0.007874015748031496
"(('m', 'gonzalez', 'ARG'), ('s', 'bolelli', 'ITA'))",Roland Garros_2020,ARG,43.0,0,0,0.5,0.05511811023622047,0.14960629921259844,0.4255708669724427
"(('k', 'skupski', 'GBR'), ('s', 'gonzalez', 'MEX'))",Roland Garros_2020,GBR,52.0,0,0,0.25,0.06299212598425197,0.2755905511811024,0.43946850767755136
"(('a', 'hoang', 'FRA'), ('b', 'bonzi', 'FRA'))",Roland Garros_2020,FRA,222.0,1,1,1.0,0.15748031496062992,0.1889763779527559,0.42466535675713396
"(('o', 'marach', 'AUT'), ('r', 'klaasen', 'ZAF'))",Roland Garros_2020,AUT,25.0,0,0,0.0,0.023622047244094488,0.03937007874015748,0.35812992194975457
"(('d', 'schwartzman', 'ARG'), ('f', 'coria', 'ARG'))",Roland Garros_2020,ARG,46.0,1,1,1.0,0.05511811023622047,0.14960629921259844,0.4255708669724427
"(('a', 'sitak', 'NZL'), ('i', 'zelenay', 'SVK'))",Roland Garros_2020,SVK,70.0,0,0,0.25,0.007874015748031496,0.007874015748031496,0.2630708661135726
"(('f', 'lopez', 'ESP'), ('p', 'cuevas', 'URY'))",Roland Garros_2020,ESP,63.0,0,1,1.0,0.023622047244094488,0.14960629921259844,0.4255708669724427
"(('h', 'gaston', 'FRA'), ('u', 'humbert', 'FRA'))",Roland Garros_2020,FRA,472.0,1,1,1.0,0.15748031496062992,0.1889763779527559,0.42466535675713396
"(('a', 'minaur', 'AUS'), ('m', 'reid', 'AUS'))",Roland Garros_2020,AUS,104.0,1,1,1.0,0.05511811023622047,0.2755905511811024,0.43946850767755136
"(('d', 'lajovic', 'SRB'), ('n', 'cacic', 'SRB'))",Roland Garros_2020,SRB,82.0,1,1,1.0,0.015748031496062992,0.047244094488188976,0.2709448818616041
"(('d', 'evans', 'GBR'), ('h', 'hurkacz', 'POL'))",Roland Garros_2020,POL,199.0,0,0,0.25,0.007874015748031496,0.007874015748031496,0.25913385823955687
"(('m', 'demoliner', 'BRA'), ('m', 'middelkoop', 'NLD'))",Roland Garros_2020,NLD,56.0,0,0,0.25,0.023622047244094488,0.03937007874015748,0.3525787408473923
"(('c', 'norrie', 'GBR'), ('m', 'fucsovics', 'HUN'))",Roland Garros_2020,GBR,213.0,0,0,0.0,0.06299212598425197,0.2755905511811024,0.43946850767755136
"(('m', 'mcdonald', 'USA'), ('t', 'sandgren', 'USA'))",Roland Garros_2020,USA,216.0,1,1,1.0,0.07874015748031496,0.2755905511811024,0.45227560741225564
"(('a', 'rinderknech', 'FRA'), ('m', 'guinard', 'FRA'))",Roland Garros_2020,FRA,191.0,1,1,1.0,0.15748031496062992,0.1889763779527559,0.42466535675713396
"(('a', 'qureshi', 'PAK'), ('d', 'inglot', 'GBR'))",Roland Garros_2020,PAK,51.0,0,0,0.5,0.0,0.0,0.2720866143468797
"(('j', 'thompson', 'AUS'), ('r', 'lindstedt', 'SWE'))",Roland Garros_2020,AUS,262.0,0,0,0.5,0.05511811023622047,0.2755905511811024,0.43946850767755136
"(('j', 'sousa', 'PRT'), ('r', 'haase', 'NLD'))",Roland Garros_2020,PRT,71.0,0,0,0.25,0.0,0.023622047244094488,0.3908267730005144
"(('a', 'mannarino', 'FRA'), ('b', 'paire', 'FRA'))",Roland Garros_2020,FRA,81.0,1,1,1.0,0.15748031496062992,0.1889763779527559,0.42466535675713396
"(('f', 'tiafoe', 'USA'), ('j', 'withrow', 'USA'))",Roland Garros_2020,USA,76.0,1,1,1.0,0.07874015748031496,0.2755905511811024,0.45227560741225564
"(('g', 'pella', 'ARG'), ('l', 'mayer', 'ARG'))",Roland Garros_2020,ARG,68.0,1,1,1.0,0.05511811023622047,0.14960629921259844,0.4255708669724427
"(('n', 'basilashvili', 'GEO'), ('r', 'albot', 'MDA'))",Roland Garros_2020,GEO,236.0,0,0,0.0,0.0,0.0,0.0
"(('a', 'molteni', 'ARG'), ('h', 'nys', 'MCO'))",Roland Garros_2020,MCO,67.0,0,0,0.5,0.0,0.0,0.4399015768541126
"(('j', 'vliegen', 'BEL'), ('s', 'gille', 'BEL'))",Roland Garros_2020,BEL,36.0,1,1,1.0,0.007874015748031496,0.25196850393700787,0.39133267856723675
"(('n', 'monroe', 'USA'), ('t', 'paul', 'USA'))",Roland Garros_2020,USA,417.0,1,1,1.0,0.07874015748031496,0.2755905511811024,0.45227560741225564
"(('a', 'behar', 'URY'), ('g', 'escobar', 'ECU'))",Roland Garros_2020,ECU,72.0,0,1,1.0,0.0,0.14960629921259844,0.4255708669724427
"(('f', 'nielsen', 'DNK'), ('t', 'puetz', 'DEU'))",Roland Garros_2020,DEU,65.0,0,0,0.5,0.023622047244094488,0.023622047244094488,0.35812992194975457
"(('l', 'sonego', 'ITA'), ('s', 'travaglia', 'ITA'))",Roland Garros_2020,ITA,375.0,1,1,1.0,0.023622047244094488,0.023622047244094488,0.3482086632805546
"(('j', 'sock', 'USA'), ('v', 'pospisil', 'CAN'))",Roland Garros_2020,USA,131.0,0,1,0.7075000405311584,0.07874015748031496,0.2755905511811024,0.45227560741225564
"(('d', 'shapovalov', 'CAN'), ('r', 'bopanna', 'IND'))",Roland Garros_2020,CAN,44.0,0,1,0.0,0.007874015748031496,0.4566929133858268,0.44412204987890136
"(('j', 'cabal', 'COL'), ('r', 'farah', 'COL'))",US Open_2020,COL,1.0,1,1,1.0,0.015873015873015872,0.1111111111111111,0.3891666685588776
"(('e', 'roger-vasselin', 'FRA'), ('j', 'melzer', 'AUT'))",US Open_2020,FRA,18.0,0,0,0.25,0.047619047619047616,0.09523809523809523,0.34130952835083006
"(('j', 'salisbury', 'GBR'), ('r', 'ram', 'USA'))",US Open_2020,GBR,5.0,0,1,0.8875000476837158,0.09523809523809523,0.4126984126984127,0.5290873095345876
"(('a', 'krajicek', 'USA'), ('f', 'skugor', 'HRV'))",US Open_2020,HRV,33.0,0,0,0.25,0.047619047619047616,0.06349206349206349,0.2857142857142857
"(('a', 'mies', 'DEU'), ('k', 'krawietz', 'DEU'))",US Open_2020,DEU,14.0,1,1,1.0,0.031746031746031744,0.031746031746031744,0.4143253980553339
"(('l', 'saville', 'AUS'), ('m', 'purcell', 'AUS'))",US Open_2020,AUS,38.0,1,1,1.0,0.031746031746031744,0.4126984126984127,0.5290873095345876
"(('n', 'mektic', 'HRV'), ('w', 'koolhof', 'NLD'))",US Open_2020,HRV,22.0,0,0,0.25,0.047619047619047616,0.06349206349206349,0.2857142857142857
"(('d', 'sharan', 'IND'), ('n', 'cacic', 'SRB'))",US Open_2020,IND,58.0,0,0,0.0,0.015873015873015872,0.4126984126984127,0.015873015873015872
"(('m', 'gonzalez', 'ARG'), ('s', 'bolelli', 'ITA'))",US Open_2020,ARG,43.0,0,0,0.5,0.015873015873015872,0.1111111111111111,0.3891666685588776
"(('k', 'skupski', 'GBR'), ('s', 'gonzalez', 'MEX'))",US Open_2020,GBR,52.0,0,0,0.25,0.09523809523809523,0.4126984126984127,0.5290873095345876
"(('d', 'shapovalov', 'CAN'), ('r', 'bopanna', 'IND'))",US Open_2020,CAN,45.0,0,1,0.0,0.0,0.5079365079365079,0.4777539722692399
"(('e', 'escobedo', 'MEX'), ('n', 'rubin', 'USA'))",US Open_2020,USA,703.0,0,0,0.3625000119209289,0.15873015873015872,0.4126984126984127,0.5381190632543866
"(('m', 'daniell', 'NZL'), ('p', 'oswald', 'AUT'))",US Open_2020,AUT,41.0,0,0,0.5,0.031746031746031744,0.06349206349206349,0.4143253980553339
"(('o', 'marach', 'AUT'), ('r', 'klaasen', 'ZAF'))",US Open_2020,AUT,23.0,0,0,0.0,0.031746031746031744,0.06349206349206349,0.4143253980553339
"(('m', 'demoliner', 'BRA'), ('m', 'middelkoop', 'NLD'))",US Open_2020,NLD,62.0,0,0,0.25,0.031746031746031744,0.06349206349206349,0.40710317583311173
"(('j', 'struff', 'DEU'), ('n', 'mahut', 'FRA'))",US Open_2020,DEU,48.0,0,0,0.25,0.031746031746031744,0.031746031746031744,0.4143253980553339
"(('c', 'eubanks', 'USA'), ('m', 'mcdonald', 'USA'))",US Open_2020,USA,347.0,1,1,1.0,0.15873015873015872,0.4126984126984127,0.5381190632543866
"(('b', 'mclachlan', 'JPN'), ('l', 'bambridge', 'GBR'))",US Open_2020,JPN,61.0,0,0,0.0,0.0,0.0,0.0
"(('j', 'vliegen', 'BEL'), ('s', 'gille', 'BEL'))",US Open_2020,BEL,36.0,1,1,1.0,0.015873015873015872,0.19047619047619047,0.3916468279844237
"(('l', 'kubot', 'POL'), ('m', 'melo', 'BRA'))",US Open_2020,BRA,7.0,0,0,0.25,0.031746031746031744,0.031746031746031744,0.3627777807107047
"(('c', 'harrison', 'USA'), ('r', 'harrison', 'USA'))",US Open_2020,USA,440.0,1,1,1.0,0.15873015873015872,0.4126984126984127,0.5381190632543866
"(('f', 'martin', 'FRA'), ('j', 'chardy', 'FRA'))",US Open_2020,FRA,25.0,1,1,1.0,0.047619047619047616,0.09523809523809523,0.34130952835083006
"(('j', 'murray', 'GBR'), ('n', 'skupski', 'GBR'))",US Open_2020,GBR,26.0,1,1,1.0,0.09523809523809523,0.4126984126984127,0.5290873095345876
"(('f', 'polasek', 'SVK'), ('i', 'dodig', 'HRV'))",US Open_2020,SVK,9.0,0,0,0.5,0.0,0.0,0.25793650793650796
"(('b', 'soares', 'BRA'), ('m', 'pavic', 'HRV'))",US Open_2020,BRA,27.0,0,0,0.25,0.031746031746031744,0.031746031746031744,0.3627777807107047
"(('h', 'zeballos', 'ARG'), ('m', 'granollers', 'ESP'))",US Open_2020,ARG,4.0,0,1,1.0,0.015873015873015872,0.1111111111111111,0.3891666685588776
"(('j', 'peers', 'AUS'), ('m', 'venus', 'NZL'))",US Open_2020,NZL,11.0,0,1,1.0,0.015873015873015872,0.4126984126984127,0.5290873095345876
"(('n', 'lammons', 'USA'), ('n', 'monroe', 'USA'))",US Open_2020,USA,83.0,1,1,1.0,0.15873015873015872,0.4126984126984127,0.5381190632543866
"(('h', 'tecau', 'ROU'), ('j', 'rojer', 'NLD'))",US Open_2020,ROU,20.0,0,0,0.25,0.0,0.0,0.3086111150847541
"(('j', ""o'mara"", 'GBR'), ('m', 'arevalo', 'SLV'))",US Open_2020,GBR,56.0,0,0,0.25,0.09523809523809523,0.4126984126984127,0.5290873095345876
"(('j', 'sock', 'USA'), ('j', 'withrow', 'USA'))",US Open_2020,USA,76.0,1,1,1.0,0.15873015873015872,0.4126984126984127,0.5381190632543866
"(('a', 'qureshi', 'PAK'), ('d', 'inglot', 'GBR'))",US Open_2020,PAK,51.0,0,0,0.5,0.0,0.0,0.2845238097130306
"(('j', 'cabal', 'COL'), ('r', 'farah', 'COL'))",Australian Open_2021,COL,1.0,1,1,1.0,0.007874015748031496,0.15748031496062992,0.40462598470017663
"(('a', 'begemann', 'DEU'), ('n', 'basilashvili', 'GEO'))",Australian Open_2021,GEO,233.0,0,0,0.0,0.0,0.0,0.0
"(('m', 'pavic', 'HRV'), ('n', 'mektic', 'HRV'))",Australian Open_2021,HRV,3.0,1,1,1.0,0.015748031496062992,0.06299212598425197,0.2745275590128786
"(('s', 'querrey', 'USA'), ('y', 'lu', 'TWN'))",Australian Open_2021,USA,167.0,0,0,0.0,0.05511811023622047,0.30708661417322836,0.457767734142739
"(('l', 'kubot', 'POL'), ('w', 'koolhof', 'NLD'))",Australian Open_2021,NLD,7.0,0,0,0.25,0.015748031496062992,0.031496062992125984,0.3477755911871204
"(('a', 'behar', 'URY'), ('g', 'escobar', 'ECU'))",Australian Open_2021,ECU,63.0,0,1,1.0,0.0,0.15748031496062992,0.40462598470017663
"(('j', 'salisbury', 'GBR'), ('r', 'ram', 'USA'))",Australian Open_2021,GBR,12.0,0,1,0.8875000476837158,0.06299212598425197,0.30708661417322836,0.45494094730127516
"(('a', 'sitak', 'NZL'), ('j', ""o'mara"", 'GBR'))",Australian Open_2021,NZL,78.0,0,1,1.0,0.015748031496062992,0.30708661417322836,0.45494094730127516
"(('b', 'soares', 'BRA'), ('j', 'murray', 'GBR'))",Australian Open_2021,BRA,5.0,0,0,0.25,0.023622047244094488,0.023622047244094488,0.36879921342209565
"(('c', 'norrie', 'GBR'), ('m', 'giron', 'USA'))",Australian Open_2021,GBR,168.0,0,1,0.8875000476837158,0.06299212598425197,0.30708661417322836,0.45494094730127516
"(('h', 'tecau', 'ROU'), ('m', 'melo', 'BRA'))",Australian Open_2021,ROU,23.0,0,0,0.5,0.0,0.007874015748031496,0.3172244106479517
"(('d', 'lajovic', 'SRB'), ('f', 'krajinovic', 'SRB'))",Australian Open_2021,SRB,97.0,1,1,1.0,0.031496062992125984,0.06299212598425197,0.2793110237112196
"(('n', 'mahut', 'FRA'), ('p', 'herbert', 'FRA'))",Australian Open_2021,FRA,8.0,1,1,1.0,0.05511811023622047,0.09448818897637795,0.35549212802817504
"(('g', 'mager', 'ITA'), ('y', 'nishioka', 'JPN'))",Australian Open_2021,JPN,376.0,0,0,0.0,0.007874015748031496,0.007874015748031496,0.007874015748031496
"(('f', 'polasek', 'SVK'), ('i', 'dodig', 'HRV'))",Australian Open_2021,SVK,17.0,0,0,0.5,0.007874015748031496,0.007874015748031496,0.26271653539083134
"(('m', 'lopez', 'ESP'), ('p', 'busta', 'ESP'))",Australian Open_2021,ESP,321.0,1,1,1.0,0.047244094488188976,0.15748031496062992,0.40462598470017663
"(('j', 'peers', 'AUS'), ('m', 'venus', 'NZL'))",Australian Open_2021,NZL,13.0,0,1,1.0,0.015748031496062992,0.30708661417322836,0.45494094730127516
"(('a', 'minaur', 'AUS'), ('m', 'reid', 'AUS'))",Australian Open_2021,AUS,100.0,1,1,1.0,0.10236220472440945,0.30708661417322836,0.45494094730127516
"(('l', 'saville', 'AUS'), ('m', 'purcell', 'AUS'))",Australian Open_2021,AUS,37.0,1,1,1.0,0.10236220472440945,0.30708661417322836,0.45494094730127516
"(('a', 'ramos-vinolas', 'ESP'), ('g', 'duran', 'ARG'))",Australian Open_2021,ESP,513.0,0,1,1.0,0.047244094488188976,0.15748031496062992,0.40462598470017663
"(('k', 'skupski', 'GBR'), ('n', 'skupski', 'GBR'))",Australian Open_2021,GBR,27.0,1,1,1.0,0.06299212598425197,0.30708661417322836,0.45494094730127516
"(('f', 'auger-aliassime', 'CAN'), ('h', 'hurkacz', 'POL'))",Australian Open_2021,POL,72.0,0,0,0.25,0.007874015748031496,0.007874015748031496,0.2587795275168156
"(('d', 'evans', 'GBR'), ('r', 'albot', 'MDA'))",Australian Open_2021,GBR,154.0,0,0,0.25,0.06299212598425197,0.30708661417322836,0.45494094730127516
"(('a', 'molteni', 'ARG'), ('h', 'nys', 'MCO'))",Australian Open_2021,MCO,67.0,0,0,0.5,0.007874015748031496,0.007874015748031496,0.374862206205139
"(('m', 'arevalo', 'SLV'), ('m', 'middelkoop', 'NLD'))",Australian Open_2021,NLD,47.0,0,0,0.25,0.015748031496062992,0.031496062992125984,0.3477755911871204
"(('m', 'demoliner', 'BRA'), ('s', 'gonzalez', 'MEX'))",Australian Open_2021,MEX,46.0,0,0,0.75,0.0,0.15748031496062992,0.40462598470017663
"(('d', 'inglot', 'GBR'), ('l', 'bambridge', 'GBR'))",Australian Open_2021,GBR,60.0,1,1,1.0,0.06299212598425197,0.30708661417322836,0.45494094730127516
"(('a', 'bedene', 'SVN'), ('j', 'vesely', 'CZE'))",Australian Open_2021,CZE,657.0,0,0,0.75,0.0,0.0,0.26074803145382347
"(('m', 'kukushkin', 'KAZ'), ('r', 'berankis', 'LTU'))",Australian Open_2021,KAZ,76.0,0,0,0.1024999991059303,0.015748031496062992,0.015748031496062992,0.11986220428558783
"(('e', 'roger-vasselin', 'FRA'), ('h', 'kontinen', 'FIN'))",Australian Open_2021,FRA,14.0,0,0,0.0,0.05511811023622047,0.09448818897637795,0.35549212802817504
"(('m', 'gonzalez', 'ARG'), ('s', 'bolelli', 'ITA'))",Australian Open_2021,ARG,43.0,0,0,0.5,0.047244094488188976,0.15748031496062992,0.40462598470017663
"(('f', 'martin', 'FRA'), ('j', 'chardy', 'FRA'))",Australian Open_2021,FRA,26.0,1,1,1.0,0.05511811023622047,0.09448818897637795,0.35549212802817504
"(('a', 'qureshi', 'PAK'), ('t', 'brkic', 'BIH'))",Australian Open_2021,PAK,51.0,0,0,0.25,0.0,0.0,0.2801771656148077
"(('p', 'andujar', 'ESP'), ('p', 'martinez', 'ESP'))",Australian Open_2021,ESP,172.0,1,1,1.0,0.047244094488188976,0.15748031496062992,0.40462598470017663
"(('a', 'bublik', 'KAZ'), ('a', 'golubev', 'KAZ'))",Australian Open_2021,KAZ,84.0,1,1,1.0,0.015748031496062992,0.015748031496062992,0.11986220428558783
"(('e', 'ruusuvuori', 'FIN'), ('s', 'caruso', 'ITA'))",Australian Open_2021,FIN,219.0,0,0,0.0,0.007874015748031496,0.007874015748031496,0.007874015748031496
"(('m', 'daniell', 'NZL'), ('p', 'oswald', 'AUT'))",Australian Open_2021,AUT,42.0,0,0,0.5,0.023622047244094488,0.03937007874015748,0.35529527622649054
"(('a', 'mannarino', 'FRA'), ('g', 'simon', 'FRA'))",Australian Open_2021,FRA,389.0,1,1,1.0,0.05511811023622047,0.09448818897637795,0.35549212802817504
"(('l', 'djere', 'SRB'), ('s', 'travaglia', 'ITA'))",Australian Open_2021,ITA,411.0,0,0,0.25,0.03937007874015748,0.03937007874015748,0.33297244214401467
"(('a', 'harris', 'AUS'), ('a', 'popyrin', 'AUS'))",Australian Open_2021,AUS,1207.0,1,1,1.0,0.10236220472440945,0.30708661417322836,0.45494094730127516
"(('j', 'duckworth', 'AUS'), ('m', 'polmans', 'AUS'))",Australian Open_2021,AUS,133.0,1,1,1.0,0.10236220472440945,0.30708661417322836,0.45494094730127516
"(('f', 'nielsen', 'DNK'), ('n', 'cacic', 'SRB'))",Australian Open_2021,DNK,55.0,0,0,0.25,0.0,0.0,0.32147637858869527
"(('j', 'smith', 'AUS'), ('m', 'ebden', 'AUS'))",Australian Open_2021,AUS,96.0,1,1,1.0,0.10236220472440945,0.30708661417322836,0.45494094730127516
"(('g', 'pella', 'ARG'), ('p', 'cuevas', 'URY'))",Australian Open_2021,ARG,71.0,0,1,1.0,0.047244094488188976,0.15748031496062992,0.40462598470017663
"(('k', 'krawietz', 'DEU'), ('y', 'hanfmann', 'DEU'))",Australian Open_2021,DEU,19.0,1,1,1.0,0.023622047244094488,0.023622047244094488,0.35529527622649054
"(('d', 'sharan', 'IND'), ('i', 'zelenay', 'SVK'))",Australian Open_2021,SVK,73.0,0,0,0.0,0.007874015748031496,0.007874015748031496,0.26271653539083134
"(('c', 'ruud', 'NOR'), ('m', 'kecmanovic', 'SRB'))",Australian Open_2021,NOR,191.0,0,0,0.25,0.0,0.0,0.32147637858869527
"(('o', 'marach', 'AUT'), ('r', 'haase', 'NLD'))",Australian Open_2021,AUT,29.0,0,0,0.75,0.023622047244094488,0.03937007874015748,0.35529527622649054
"(('d', 'koepfer', 'DEU'), ('t', 'sandgren', 'USA'))",Australian Open_2021,USA,235.0,0,0,0.4625000059604645,0.05511811023622047,0.30708661417322836,0.457767734142739
"(('j', 'vliegen', 'BEL'), ('s', 'gille', 'BEL'))",Australian Open_2021,BEL,36.0,1,1,1.0,0.007874015748031496,0.14960629921259844,0.3636220484573071
"(('n', 'kyrgios', 'AUS'), ('t', 'kokkinakis', 'AUS'))",Australian Open_2021,AUS,257.0,1,1,1.0,0.10236220472440945,0.30708661417322836,0.45494094730127516
"(('j', 'knowle', 'AUT'), ('l', 'harris', 'ZAF'))",Australian Open_2021,AUT,106.0,0,0,0.0,0.023622047244094488,0.03937007874015748,0.35529527622649054
"(('m', 'mcdonald', 'USA'), ('t', 'paul', 'USA'))",Australian Open_2021,USA,174.0,1,1,1.0,0.05511811023622047,0.30708661417322836,0.457767734142739
"(('p', 'tsitsipas', 'GRC'), ('s', 'tsitsipas', 'GRC'))",Australian Open_2021,GRC,784.0,1,1,1.0,0.007874015748031496,0.007874015748031496,0.23076771651431333
"(('j', 'millman', 'AUS'), ('t', 'monteiro', 'BRA'))",Australian Open_2021,BRA,234.0,0,0,0.25,0.023622047244094488,0.023622047244094488,0.36879921342209565
"(('d', 'schwartzman', 'ARG'), ('f', 'coria', 'ARG'))",Australian Open_2021,ARG,53.0,1,1,1.0,0.047244094488188976,0.15748031496062992,0.40462598470017663
"(('f', 'tiafoe', 'USA'), ('n', 'monroe', 'USA'))",Australian Open_2021,USA,391.0,1,1,1.0,0.05511811023622047,0.30708661417322836,0.457767734142739
"(('h', 'zeballos', 'ARG'), ('m', 'granollers', 'ESP'))",Australian Open_2021,ARG,4.0,0,1,1.0,0.047244094488188976,0.15748031496062992,0.40462598470017663
"(('j', 'nam', 'KOR'), ('m', 'song', 'KOR'))",Australian Open_2021,KOR,131.0,1,1,1.0,0.007874015748031496,0.007874015748031496,0.007874015748031496
"(('b', 'mclachlan', 'JPN'), ('r', 'bopanna', 'IND'))",Australian Open_2021,JPN,48.0,0,0,0.0,0.007874015748031496,0.007874015748031496,0.007874015748031496
"(('d', 'shapovalov', 'CAN'), ('v', 'pospisil', 'CAN'))",Australian Open_2021,CAN,50.0,1,1,1.0,0.015748031496062992,0.3858267716535433,0.44081495826403927
"(('a', 'martin', 'ESP'), ('s', 'weissborn', 'AUT'))",Australian Open_2021,AUT,111.0,0,0,0.25,0.023622047244094488,0.03937007874015748,0.35529527622649054
"(('a', 'vavassori', 'ITA'), ('l', 'sonego', 'ITA'))",Australian Open_2021,ITA,89.0,1,1,1.0,0.03937007874015748,0.03937007874015748,0.33297244214401467
"(('b', 'paire', 'FRA'), ('r', 'arneodo', 'MCO'))",Australian Open_2021,FRA,95.0,0,1,1.0,0.05511811023622047,0.09448818897637795,0.35549212802817504
"(('p', 'andújar', 'ESP'), ('p', 'martínez', 'ESP'))",Roland Garros_2021,ESP,189.0,1,1,1.0,0.03937007874015748,0.14960629921259844,0.4167716545523621
"(('g', 'pella', 'ARG'), ('p', 'cuevas', 'URY'))",Roland Garros_2021,ARG,87.0,0,1,1.0,0.047244094488188976,0.14960629921259844,0.4167716545523621
"(('a', 'cazaux', 'FRA'), ('h', 'gaston', 'FRA'))",Roland Garros_2021,FRA,325.0,1,1,1.0,0.14960629921259844,0.16535433070866143,0.4154724429864583
"(('s', 'johnson', 'USA'), ('s', 'querrey', 'USA'))",Roland Garros_2021,USA,200.0,1,1,1.0,0.07874015748031496,0.2677165354330709,0.4357795434908604
"(('a', 'krajicek', 'USA'), ('t', 'sandgren', 'USA'))",Roland Garros_2021,USA,261.0,1,1,1.0,0.07874015748031496,0.2677165354330709,0.4357795434908604
"(('c', 'ruud', 'NOR'), ('m', 'kecmanović', 'SRB'))",Roland Garros_2021,NOR,181.0,0,0,0.25,0.0,0.0,0.31393700836681004
"(('j', 'vliegen', 'BEL'), ('s', 'gillé', 'BEL'))",Roland Garros_2021,BEL,29.0,1,1,1.0,0.007874015748031496,0.23622047244094488,0.3895728357734642
"(('a', 'vavassori', 'ITA'), ('l', 'sonego', 'ITA'))",Roland Garros_2021,ITA,74.0,1,1,1.0,0.03937007874015748,0.03937007874015748,0.34925197054551343
"(('m', 'arévalo', 'SLV'), ('m', 'middelkoop', 'NLD'))",Roland Garros_2021,NLD,36.0,0,0,0.25,0.031496062992125984,0.047244094488188976,0.35007874065027467
"(('h', 'kontinen', 'FIN'), ('é', 'roger-vasselin', 'FRA'))",Roland Garros_2021,FRA,14.0,0,0,0.0,0.14960629921259844,0.16535433070866143,0.4154724429864583
"(('a', 'minaur', 'AUS'), ('m', 'reid', 'AUS'))",Roland Garros_2021,AUS,99.0,1,1,1.0,0.06299212598425197,0.2677165354330709,0.4216141773349657
"(('d', 'sharan', 'IND'), ('f', 'delbonis', 'ARG'))",Roland Garros_2021,IND,73.0,0,0,0.0,0.007874015748031496,0.2677165354330709,0.007874015748031496
"(('f', 'škugor', 'HRV'), ('r', 'bopanna', 'IND'))",Roland Garros_2021,HRV,37.0,0,0,0.0,0.007874015748031496,0.047244094488188976,0.26161417318141367
"(('a', 'begemann', 'DEU'), ('n', 'basilashvili', 'GEO'))",Roland Garros_2021,DEU,106.0,0,0,0.0,0.031496062992125984,0.031496062992125984,0.35562992175263686
"(('f', 'tiafoe', 'USA'), ('n', 'monroe', 'USA'))",Roland Garros_2021,USA,230.0,1,1,1.0,0.07874015748031496,0.2677165354330709,0.4357795434908604
"(('m', 'melo', 'BRA'), ('ł', 'kubot', 'POL'))",Roland Garros_2021,BRA,18.0,0,0,0.25,0.015748031496062992,0.015748031496062992,0.38005905664342593
"(('j', 'salisbury', 'GBR'), ('r', 'ram', 'USA'))",Roland Garros_2021,GBR,7.0,0,1,0.8875000476837158,0.05511811023622047,0.2677165354330709,0.4216141773349657
"(('a', 'fokina', 'ESP'), ('s', 'caruso', 'ITA'))",Roland Garros_2021,ESP,213.0,0,0,0.5,0.03937007874015748,0.14960629921259844,0.4167716545523621
"(('h', 'nys', 'MCO'), ('t', 'pütz', 'DEU'))",Roland Garros_2021,DEU,38.0,0,0,0.25,0.031496062992125984,0.031496062992125984,0.35562992175263686
"(('a', 'mannarino', 'FRA'), ('q', 'halys', 'FRA'))",Roland Garros_2021,FRA,155.0,1,1,1.0,0.14960629921259844,0.16535433070866143,0.4154724429864583
"(('b', 'paire', 'FRA'), ('r', 'arneodo', 'MCO'))",Roland Garros_2021,FRA,85.0,0,1,1.0,0.14960629921259844,0.16535433070866143,0.4154724429864583
"(('j', 'melzer', 'AUT'), ('m', 'lópez', 'ESP'))",Roland Garros_2021,AUT,26.0,0,0,0.25,0.023622047244094488,0.03937007874015748,0.35562992175263686
"(('m', 'daniell', 'NZL'), ('p', 'oswald', 'AUT'))",Roland Garros_2021,AUT,34.0,0,0,0.5,0.023622047244094488,0.03937007874015748,0.35562992175263686
"(('m', 'fucsovics', 'HUN'), ('s', 'travaglia', 'ITA'))",Roland Garros_2021,ITA,288.0,0,0,0.0,0.03937007874015748,0.03937007874015748,0.34925197054551343
"(('j', 'rojer', 'NLD'), ('w', 'koolhof', 'NLD'))",Roland Garros_2021,NLD,27.0,1,1,1.0,0.031496062992125984,0.047244094488188976,0.35007874065027467
"(('d', 'lajović', 'SRB'), ('f', 'krajinović', 'SRB'))",Roland Garros_2021,SRB,116.0,1,1,1.0,0.023622047244094488,0.047244094488188976,0.2663976378797546
"(('d', 'koepfer', 'DEU'), ('e', 'ruusuvuori', 'FIN'))",Roland Garros_2021,FIN,262.0,0,0,0.0,0.007874015748031496,0.007874015748031496,0.00984251968503937
"(('a', 'bedene', 'SVN'), ('j', 'withrow', 'USA'))",Roland Garros_2021,USA,77.0,0,0,0.25,0.07874015748031496,0.2677165354330709,0.4357795434908604
"(('a', 'bublik', 'KAZ'), ('a', 'golubev', 'KAZ'))",Roland Garros_2021,KAZ,80.0,1,1,1.0,0.007874015748031496,0.007874015748031496,0.10998661390791727
"(('f', 'reboul', 'FRA'), ('s', 'doumbia', 'FRA'))",Roland Garros_2021,FRA,128.0,1,1,1.0,0.14960629921259844,0.16535433070866143,0.4154724429864583
"(('f', 'polášek', 'SVK'), ('i', 'dodig', 'HRV'))",Roland Garros_2021,SVK,10.0,0,0,0.5,0.0,0.0,0.24980314955936642
"(('a', 'molteni', 'ARG'), ('f', 'nielsen', 'DNK'))",Roland Garros_2021,DNK,72.0,0,0,0.25,0.0,0.0,0.31393700836681004
"(('n', 'mahut', 'FRA'), ('p', 'herbert', 'FRA'))",Roland Garros_2021,FRA,6.0,1,1,1.0,0.14960629921259844,0.16535433070866143,0.4154724429864583
"(('c', 'norrie', 'GBR'), ('j', ""o'mara"", 'GBR'))",Roland Garros_2021,GBR,69.0,1,1,1.0,0.05511811023622047,0.2677165354330709,0.4216141773349657
"(('j', 'erlich', 'ISR'), ('l', 'harris', 'ZAF'))",Roland Garros_2021,ZAF,1210.0,0,1,0.0,0.007874015748031496,0.2677165354330709,0.007874015748031496
"(('d', 'schwartzman', 'ARG'), ('f', 'coria', 'ARG'))",Roland Garros_2021,ARG,75.0,1,1,1.0,0.047244094488188976,0.14960629921259844,0.4167716545523621
"(('j', 'struff', 'DEU'), ('r', 'haase', 'NLD'))",Roland Garros_2021,DEU,59.0,0,0,0.75,0.031496062992125984,0.031496062992125984,0.35562992175263686
"(('j', 'smith', 'AUS'), ('m', 'ebden', 'AUS'))",Roland Garros_2021,AUS,70.0,1,1,1.0,0.06299212598425197,0.2677165354330709,0.4216141773349657
"(('j', 'peers', 'AUS'), ('m', 'venus', 'NZL'))",Roland Garros_2021,NZL,15.0,0,1,1.0,0.007874015748031496,0.2677165354330709,0.4216141773349657
"(('a', 'hoang', 'FRA'), ('b', 'bonzi', 'FRA'))",Roland Garros_2021,FRA,154.0,1,1,1.0,0.14960629921259844,0.16535433070866143,0.4154724429864583
"(('f', 'martin', 'FRA'), ('j', 'chardy', 'FRA'))",Roland Garros_2021,FRA,28.0,1,1,1.0,0.14960629921259844,0.16535433070866143,0.4154724429864583
"(('l', 'musetti', 'ITA'), ('t', 'paul', 'USA'))",Roland Garros_2021,USA,150.0,0,0,0.2875000238418579,0.07874015748031496,0.2677165354330709,0.4357795434908604
"(('m', 'gonzález', 'ARG'), ('s', 'bolelli', 'ITA'))",Roland Garros_2021,ARG,47.0,0,0,0.5,0.047244094488188976,0.14960629921259844,0.4167716545523621
"(('m', 'mcdonald', 'USA'), ('t', 'fritz', 'USA'))",Roland Garros_2021,USA,197.0,1,1,1.0,0.07874015748031496,0.2677165354330709,0.4357795434908604
"(('n', 'ćaćić', 'SRB'), ('t', 'brkić', 'BIH'))",Roland Garros_2021,SRB,52.0,0,1,0.8575000166893005,0.023622047244094488,0.047244094488188976,0.2663976378797546
"(('a', 'popyrin', 'AUS'), ('j', 'thompson', 'AUS'))",Roland Garros_2021,AUS,231.0,1,1,1.0,0.06299212598425197,0.2677165354330709,0.4216141773349657
"(('h', 'zeballos', 'ARG'), ('m', 'granollers', 'ESP'))",Roland Garros_2021,ARG,5.0,0,1,1.0,0.047244094488188976,0.14960629921259844,0.4167716545523621
"(('h', 'hurkacz', 'POL'), ('s', 'walków', 'POL'))",Roland Garros_2021,POL,127.0,1,1,1.0,0.015748031496062992,0.015748031496062992,0.25570866137039006
"(('b', 'soares', 'BRA'), ('j', 'murray', 'GBR'))",Roland Garros_2021,BRA,12.0,0,0,0.25,0.015748031496062992,0.015748031496062992,0.38005905664342593
"(('d', 'inglot', 'GBR'), ('l', 'bambridge', 'GBR'))",Roland Garros_2021,GBR,56.0,1,1,1.0,0.05511811023622047,0.2677165354330709,0.4216141773349657
"(('a', 'qureshi', 'PAK'), ('o', 'marach', 'AUT'))",Roland Garros_2021,PAK,57.0,0,0,0.25,0.0,0.0,0.26171259840173045
"(('m', 'demoliner', 'BRA'), ('s', 'gonzález', 'MEX'))",Roland Garros_2021,MEX,54.0,0,0,0.75,0.0,0.14960629921259844,0.4167716545523621
"(('y', 'lu', 'TWN'), ('y', 'nishioka', 'JPN'))",Roland Garros_2021,JPN,405.0,0,0,0.0,0.007874015748031496,0.007874015748031496,0.007874015748031496
"(('d', 'pel', 'NLD'), ('j', 'knowle', 'AUT'))",Roland Garros_2021,NLD,83.0,0,0,0.75,0.031496062992125984,0.047244094488188976,0.35007874065027467
"(('h', 'tecău', 'ROU'), ('k', 'krawietz', 'DEU'))",Roland Garros_2021,ROU,23.0,0,0,0.25,0.0,0.0,0.3295669311754347
"(('a', 'behar', 'URY'), ('g', 'escobar', 'ECU'))",Roland Garros_2021,ECU,49.0,0,1,1.0,0.0,0.14960629921259844,0.4167716545523621
"(('b', 'mclachlan', 'JPN'), ('r', 'klaasen', 'ZAF'))",Roland Garros_2021,JPN,42.0,0,0,0.0,0.007874015748031496,0.007874015748031496,0.007874015748031496
"(('l', 'pouille', 'FRA'), ('m', 'bourgue', 'FRA'))",Roland Garros_2021,FRA,255.0,1,1,1.0,0.14960629921259844,0.16535433070866143,0.4154724429864583
"(('l', 'saville', 'AUS'), ('m', 'purcell', 'AUS'))",Roland Garros_2021,AUS,35.0,1,1,1.0,0.06299212598425197,0.2677165354330709,0.4216141773349657
"(('a', 'olivetti', 'FRA'), ('g', 'barrère', 'FRA'))",Roland Garros_2021,FRA,133.0,1,1,1.0,0.14960629921259844,0.16535433070866143,0.4154724429864583
"(('d', 'added', 'FRA'), ('j', 'tsonga', 'FRA'))",Roland Garros_2021,FRA,534.0,1,1,1.0,0.14960629921259844,0.16535433070866143,0.4154724429864583
"(('a', 'viñolas', 'ESP'), ('r', 'berankis', 'LTU'))",Roland Garros_2021,ESP,540.0,0,0,0.25,0.03937007874015748,0.14960629921259844,0.4167716545523621
"(('j', 'cabal', 'COL'), ('r', 'farah', 'COL'))",Roland Garros_2021,COL,3.0,1,1,1.0,0.007874015748031496,0.14960629921259844,0.4167716545523621
"(('k', 'skupski', 'GBR'), ('n', 'skupski', 'GBR'))",Roland Garros_2021,GBR,19.0,1,1,1.0,0.05511811023622047,0.2677165354330709,0.4216141773349657
"(('j', 'withrow', 'USA'), ('n', 'lammons', 'USA'))",US Open_2021,USA,82.0,1,1,1.0,0.1732283464566929,0.4094488188976378,0.5285551328593352
"(('m', 'pavić', 'HRV'), ('n', 'mektić', 'HRV'))",US Open_2021,HRV,1.0,1,1,1.0,0.015748031496062992,0.06299212598425197,0.27539370074046876
"(('b', 'paire', 'FRA'), ('r', 'berankis', 'LTU'))",US Open_2021,FRA,75.0,0,0,0.25,0.047244094488188976,0.07086614173228346,0.33023622495452254
"(('j', 'smith', 'AUS'), ('l', 'saville', 'AUS'))",US Open_2021,AUS,71.0,1,1,1.0,0.08661417322834646,0.4094488188976378,0.5155118194480581
"(('s', 'johnson', 'USA'), ('s', 'querrey', 'USA'))",US Open_2021,USA,166.0,1,1,1.0,0.1732283464566929,0.4094488188976378,0.5285551328593352
"(('m', 'arévalo', 'SLV'), ('m', 'middelkoop', 'NLD'))",US Open_2021,NLD,28.0,0,0,0.25,0.023622047244094488,0.03937007874015748,0.37547244209473524
"(('m', 'gonzález', 'ARG'), ('s', 'bolelli', 'ITA'))",US Open_2021,ARG,27.0,0,0,0.5,0.03937007874015748,0.12598425196850394,0.3827165374746473
"(('c', 'norrie', 'GBR'), ('j', 'struff', 'DEU'))",US Open_2021,DEU,58.0,0,0,0.5,0.031496062992125984,0.031496062992125984,0.3810236231970975
"(('b', 'mclachlan', 'JPN'), ('r', 'klaasen', 'ZAF'))",US Open_2021,JPN,30.0,0,0,0.0,0.0,0.0,0.0
"(('m', 'krueger', 'USA'), ('m', 'mmoh', 'USA'))",US Open_2021,USA,282.0,1,1,1.0,0.1732283464566929,0.4094488188976378,0.5285551328593352
"(('a', 'molteni', 'ARG'), ('s', 'gonzález', 'MEX'))",US Open_2021,ARG,62.0,0,1,1.0,0.03937007874015748,0.12598425196850394,0.3827165374746473
"(('m', 'mcdonald', 'USA'), ('r', 'haase', 'NLD'))",US Open_2021,USA,180.0,0,0,0.4625000059604645,0.1732283464566929,0.4094488188976378,0.5285551328593352
"(('f', 'nielsen', 'DNK'), ('v', 'pospisil', 'CAN'))",US Open_2021,CAN,174.0,0,0,0.4250000119209289,0.0,0.48031496062992124,0.46654331063191723
"(('a', 'göransson', 'SWE'), ('m', 'giron', 'USA'))",US Open_2021,SWE,66.0,0,0,0.4625000059604645,0.0,0.023622047244094488,0.3472047255593022
"(('h', 'tecău', 'ROU'), ('k', 'krawietz', 'DEU'))",US Open_2021,ROU,18.0,0,0,0.25,0.0,0.0,0.29826772073591784
"(('m', 'fucsovics', 'HUN'), ('s', 'travaglia', 'ITA'))",US Open_2021,ITA,234.0,0,0,0.0,0.015748031496062992,0.015748031496062992,0.3061417364839494
"(('j', 'salisbury', 'GBR'), ('r', 'ram', 'USA'))",US Open_2021,GBR,6.0,0,1,0.8875000476837158,0.07086614173228346,0.4094488188976378,0.5155118194480581
"(('d', 'sharan', 'IND'), ('s', 'kwon', 'KOR'))",US Open_2021,IND,81.0,0,0,0.0,0.007874015748031496,0.4094488188976378,0.007874015748031496
"(('j', 'millman', 'AUS'), ('t', 'monteiro', 'BRA'))",US Open_2021,BRA,176.0,0,0,0.25,0.023622047244094488,0.023622047244094488,0.35033464879032195
"(('a', 'minaur', 'AUS'), ('m', 'reid', 'AUS'))",US Open_2021,AUS,86.0,1,1,1.0,0.08661417322834646,0.4094488188976378,0.5155118194480581
"(('a', 'rinderknech', 'FRA'), ('h', 'nys', 'MCO'))",US Open_2021,FRA,213.0,0,1,1.0,0.047244094488188976,0.07086614173228346,0.33023622495452254
"(('c', 'ruud', 'NOR'), ('m', 'kecmanović', 'SRB'))",US Open_2021,NOR,138.0,0,0,0.25,0.0,0.0,0.3472047255593022
"(('i', 'dodig', 'HRV'), ('r', 'bopanna', 'IND'))",US Open_2021,HRV,12.0,0,0,0.0,0.015748031496062992,0.06299212598425197,0.27539370074046876
"(('j', 'duckworth', 'AUS'), ('j', 'thompson', 'AUS'))",US Open_2021,AUS,206.0,1,1,1.0,0.08661417322834646,0.4094488188976378,0.5155118194480581
"(('e', 'king', 'USA'), ('h', 'reese', 'USA'))",US Open_2021,USA,113.0,1,1,1.0,0.1732283464566929,0.4094488188976378,0.5285551328593352
"(('m', 'melo', 'BRA'), ('ł', 'kubot', 'POL'))",US Open_2021,BRA,20.0,0,0,0.25,0.023622047244094488,0.023622047244094488,0.35033464879032195
"(('a', 'krajicek', 'USA'), ('d', 'inglot', 'GBR'))",US Open_2021,USA,44.0,0,1,0.8875000476837158,0.1732283464566929,0.4094488188976378,0.5285551328593352
"(('h', 'heliövaara', 'FIN'), ('h', 'kontinen', 'FIN'))",US Open_2021,FIN,45.0,1,1,1.0,0.015748031496062992,0.023622047244094488,0.017716535433070866
"(('m', 'ebden', 'AUS'), ('m', 'purcell', 'AUS'))",US Open_2021,AUS,42.0,1,1,1.0,0.08661417322834646,0.4094488188976378,0.5155118194480581
"(('b', 'nakashima', 'USA'), ('d', 'lajović', 'SRB'))",US Open_2021,USA,526.0,0,0,0.25,0.1732283464566929,0.4094488188976378,0.5285551328593352
"(('h', 'hurkacz', 'POL'), ('s', 'walków', 'POL'))",US Open_2021,POL,109.0,1,1,1.0,0.015748031496062992,0.015748031496062992,0.26358267711842154
"(('j', 'cabal', 'COL'), ('r', 'farah', 'COL'))",US Open_2021,COL,8.0,1,1,1.0,0.007874015748031496,0.12598425196850394,0.3827165374746473
"(('f', 'polášek', 'SVK'), ('j', 'peers', 'AUS'))",US Open_2021,SVK,14.0,0,0,0.25,0.0,0.0,0.25570866137039006
"(('k', 'skupski', 'GBR'), ('l', 'bambridge', 'GBR'))",US Open_2021,GBR,60.0,1,1,1.0,0.07086614173228346,0.4094488188976378,0.5155118194480581
"(('j', 'erlich', 'ISR'), ('l', 'harris', 'ZAF'))",US Open_2021,ZAF,274.0,0,1,0.0,0.007874015748031496,0.4094488188976378,0.007874015748031496
"(('o', 'marach', 'AUT'), ('p', 'oswald', 'AUT'))",US Open_2021,AUT,46.0,1,1,1.0,0.015748031496062992,0.031496062992125984,0.3810236231970975
"(('a', 'lawson', 'USA'), ('r', 'galloway', 'USA'))",US Open_2021,USA,121.0,1,1,1.0,0.1732283464566929,0.4094488188976378,0.5285551328593352
"(('f', 'coria', 'ARG'), ('g', 'mager', 'ITA'))",US Open_2021,ITA,1557.0,0,0,0.5,0.015748031496062992,0.015748031496062992,0.3061417364839494
"(('j', 'rojer', 'NLD'), ('w', 'koolhof', 'NLD'))",US Open_2021,NLD,35.0,1,1,1.0,0.023622047244094488,0.03937007874015748,0.37547244209473524
"(('a', 'karatsev', 'RUS'), ('a', 'nedovyesov', 'KAZ'))",US Open_2021,KAZ,80.0,0,1,0.4099999964237213,0.007874015748031496,0.015748031496062992,0.1164433074689756
"(('a', 'golubev', 'KAZ'), ('a', 'mies', 'DEU'))",US Open_2021,DEU,24.0,0,0,0.1024999991059303,0.031496062992125984,0.031496062992125984,0.3810236231970975
"(('a', 'viñolas', 'ESP'), ('p', 'martínez', 'ESP'))",US Open_2021,ESP,563.0,1,1,1.0,0.023622047244094488,0.12598425196850394,0.3827165374746473
"(('n', 'ćaćić', 'SRB'), ('t', 'brkić', 'BIH'))",US Open_2021,SRB,40.0,0,1,0.8575000166893005,0.031496062992125984,0.06299212598425197,0.2801771654388097
"(('a', 'mannarino', 'FRA'), ('p', 'cuevas', 'URY'))",US Open_2021,FRA,145.0,0,0,0.5,0.047244094488188976,0.07086614173228346,0.33023622495452254
"(('m', 'daniell', 'NZL'), ('m', 'demoliner', 'BRA'))",US Open_2021,BRA,51.0,0,0,0.25,0.023622047244094488,0.023622047244094488,0.35033464879032195
"(('d', 'evans', 'GBR'), ('l', 'glasspool', 'GBR'))",US Open_2021,GBR,88.0,1,1,1.0,0.07086614173228346,0.4094488188976378,0.5155118194480581
"(('n', 'mahut', 'FRA'), ('p', 'herbert', 'FRA'))",US Open_2021,FRA,3.0,1,1,1.0,0.047244094488188976,0.07086614173228346,0.33023622495452254
"(('e', 'spizzirri', 'USA'), ('t', 'zink', 'USA'))",US Open_2021,USA,1078.0,1,1,1.0,0.1732283464566929,0.4094488188976378,0.5285551328593352
"(('b', 'soares', 'BRA'), ('j', 'murray', 'GBR'))",US Open_2021,BRA,11.0,0,0,0.25,0.023622047244094488,0.023622047244094488,0.35033464879032195
"(('a', 'popyrin', 'AUS'), ('t', 'paul', 'USA'))",US Open_2021,AUS,358.0,0,1,0.8875000476837158,0.08661417322834646,0.4094488188976378,0.5155118194480581
"(('b', 'fratangelo', 'USA'), ('c', 'eubanks', 'USA'))",US Open_2021,USA,772.0,1,1,1.0,0.1732283464566929,0.4094488188976378,0.5285551328593352
"(('f', 'tiafoe', 'USA'), ('n', 'monroe', 'USA'))",US Open_2021,USA,165.0,1,1,1.0,0.1732283464566929,0.4094488188976378,0.5285551328593352
"(('j', 'sock', 'USA'), ('n', 'skupski', 'GBR'))",US Open_2021,USA,128.0,0,1,0.8875000476837158,0.1732283464566929,0.4094488188976378,0.5285551328593352
"(('f', 'krajinović', 'SRB'), ('l', 'djere', 'SRB'))",US Open_2021,SRB,313.0,1,1,1.0,0.031496062992125984,0.06299212598425197,0.2801771654388097
"(('d', 'koepfer', 'DEU'), ('e', 'ruusuvuori', 'FIN'))",US Open_2021,FIN,252.0,0,0,0.0,0.015748031496062992,0.023622047244094488,0.017716535433070866
"(('m', 'venus', 'NZL'), ('t', 'pütz', 'DEU'))",US Open_2021,NZL,21.0,0,0,0.5,0.007874015748031496,0.4094488188976378,0.5155118194480581
"(('j', 'vliegen', 'BEL'), ('s', 'gillé', 'BEL'))",US Open_2021,BEL,31.0,1,1,1.0,0.007874015748031496,0.12598425196850394,0.3661240182640983
"(('i', 'ivashka', 'BLR'), ('j', 'munar', 'ESP'))",US Open_2021,ESP,184.0,0,0,0.25,0.023622047244094488,0.12598425196850394,0.3827165374746473
"(('a', 'qureshi', 'PAK'), ('j', ""o'mara"", 'GBR'))",US Open_2021,PAK,57.0,0,0,0.5,0.0,0.0,0.27490157487354877
"(('a', 'behar', 'URY'), ('g', 'escobar', 'ECU'))",US Open_2021,ECU,47.0,0,1,1.0,0.0,0.12598425196850394,0.3827165374746473
"(('f', 'martin', 'FRA'), ('j', 'chardy', 'FRA'))",US Open_2021,FRA,37.0,1,1,1.0,0.047244094488188976,0.07086614173228346,0.33023622495452254
"(('j', 'melzer', 'AUT'), ('m', 'polmans', 'AUS'))",US Open_2021,AUS,97.0,0,0,0.5,0.08661417322834646,0.4094488188976378,0.5155118194480581
"(('h', 'zeballos', 'ARG'), ('m', 'granollers', 'ESP'))",US Open_2021,ARG,4.0,0,1,1.0,0.03937007874015748,0.12598425196850394,0.3827165374746473
"(('f', 'bagnis', 'ARG'), ('f', 'delbonis', 'ARG'))",US Open_2021,ARG,178.0,1,1,1.0,0.03937007874015748,0.12598425196850394,0.3827165374746473
"(('m', 'pavić', 'HRV'), ('n', 'mektić', 'HRV'))",Wimbledon_2021,HRV,1.0,1,1,1.0,0.023622047244094488,0.07086614173228346,0.28291338576575903
"(('a', 'vasilevski', 'BLR'), ('j', 'erlich', 'ISR'))",Wimbledon_2021,BLR,81.0,0,0,0.1299999952316284,0.007874015748031496,0.007874015748031496,0.26858267704332905
"(('a', 'minaur', 'AUS'), ('m', 'reid', 'AUS'))",Wimbledon_2021,AUS,90.0,1,1,1.0,0.06299212598425197,0.3228346456692913,0.46248031699516645
"(('a', 'matusevich', 'GBR'), ('l', 'johnson', 'GBR'))",Wimbledon_2021,GBR,994.0,1,1,1.0,0.13385826771653545,0.3228346456692913,0.46248031699516645
"(('n', 'ćaćić', 'SRB'), ('t', 'brkić', 'BIH'))",Wimbledon_2021,SRB,45.0,0,1,0.8575000166893005,0.031496062992125984,0.07086614173228346,0.2857283465270921
"(('e', 'gerasimov', 'BLR'), ('y', 'nishioka', 'JPN'))",Wimbledon_2021,JPN,406.0,0,0,0.0,0.007874015748031496,0.007874015748031496,0.007874015748031496
"(('m', 'daniell', 'NZL'), ('p', 'oswald', 'AUT'))",Wimbledon_2021,AUT,31.0,0,0,0.5,0.015748031496062992,0.031496062992125984,0.3612598428646411
"(('j', 'clarke', 'GBR'), ('m', 'copil', 'ROU'))",Wimbledon_2021,ROU,400.0,0,0,0.25,0.007874015748031496,0.015748031496062992,0.3058661427342985
"(('h', 'heliövaara', 'FIN'), ('l', 'glasspool', 'GBR'))",Wimbledon_2021,FIN,83.0,0,0,0.0,0.007874015748031496,0.015748031496062992,0.00984251968503937
"(('j', 'rojer', 'NLD'), ('w', 'koolhof', 'NLD'))",Wimbledon_2021,NLD,27.0,1,1,1.0,0.03937007874015748,0.05511811023622047,0.36161417357330244
"(('a', 'gray', 'GBR'), ('a', 'mchugh', 'GBR'))",Wimbledon_2021,GBR,669.0,1,1,1.0,0.13385826771653545,0.3228346456692913,0.46248031699516645
"(('j', 'veselý', 'CZE'), ('r', 'jebavý', 'CZE'))",Wimbledon_2021,CZE,398.0,1,1,1.0,0.007874015748031496,0.007874015748031496,0.2691338582067039
"(('m', 'middelkoop', 'NLD'), ('s', 'arends', 'NLD'))",Wimbledon_2021,NLD,35.0,1,1,1.0,0.03937007874015748,0.05511811023622047,0.36161417357330244
"(('a', 'begemann', 'DEU'), ('j', 'melzer', 'AUT'))",Wimbledon_2021,AUT,25.0,0,0,1.0,0.015748031496062992,0.031496062992125984,0.3612598428646411
"(('m', 'melo', 'BRA'), ('ł', 'kubot', 'POL'))",Wimbledon_2021,BRA,19.0,0,0,0.25,0.031496062992125984,0.031496062992125984,0.3489763786731742
"(('j', 'withrow', 'USA'), ('n', 'lammons', 'USA'))",Wimbledon_2021,USA,79.0,1,1,1.0,0.03937007874015748,0.3228346456692913,0.45662600200945935
"(('j', 'cabal', 'COL'), ('r', 'farah', 'COL'))",Wimbledon_2021,COL,4.0,1,1,1.0,0.007874015748031496,0.12598425196850394,0.3743700791789791
"(('d', 'pel', 'NLD'), ('y', 'lu', 'TWN'))",Wimbledon_2021,NLD,84.0,0,0,0.0,0.03937007874015748,0.05511811023622047,0.36161417357330244
"(('r', 'matos', 'BRA'), ('t', 'monteiro', 'BRA'))",Wimbledon_2021,BRA,188.0,1,1,1.0,0.031496062992125984,0.031496062992125984,0.3489763786731742
"(('a', 'bublik', 'KAZ'), ('a', 'nedovyesov', 'KAZ'))",Wimbledon_2021,KAZ,85.0,1,1,1.0,0.015748031496062992,0.015748031496062992,0.1251244088268186
"(('d', 'inglot', 'GBR'), ('l', 'bambridge', 'GBR'))",Wimbledon_2021,GBR,61.0,1,1,1.0,0.13385826771653545,0.3228346456692913,0.46248031699516645
"(('j', 'ward', 'GBR'), ('s', 'parker', 'GBR'))",Wimbledon_2021,GBR,537.0,1,1,1.0,0.13385826771653545,0.3228346456692913,0.46248031699516645
"(('l', 'saville', 'AUS'), ('m', 'purcell', 'AUS'))",Wimbledon_2021,AUS,32.0,1,1,1.0,0.06299212598425197,0.3228346456692913,0.46248031699516645
"(('j', 'peers', 'AUS'), ('j', 'thompson', 'AUS'))",Wimbledon_2021,AUS,247.0,1,1,1.0,0.06299212598425197,0.3228346456692913,0.46248031699516645
"(('j', 'smith', 'AUS'), ('m', 'ebden', 'AUS'))",Wimbledon_2021,AUS,73.0,1,1,1.0,0.06299212598425197,0.3228346456692913,0.46248031699516645
"(('m', 'venus', 'NZL'), ('t', 'pütz', 'DEU'))",Wimbledon_2021,NZL,16.0,0,0,0.5,0.015748031496062992,0.3228346456692913,0.46248031699516645
"(('a', 'behar', 'URY'), ('g', 'escobar', 'ECU'))",Wimbledon_2021,ECU,52.0,0,1,1.0,0.0,0.12598425196850394,0.3743700791789791
"(('h', 'nys', 'MCO'), ('j', ""o'mara"", 'GBR'))",Wimbledon_2021,GBR,75.0,0,0,0.25,0.13385826771653545,0.3228346456692913,0.46248031699516645
"(('m', 'fucsovics', 'HUN'), ('s', 'travaglia', 'ITA'))",Wimbledon_2021,ITA,285.0,0,0,0.0,0.031496062992125984,0.031496062992125984,0.31374015848233006
"(('n', 'basilashvili', 'GEO'), ('r', 'albot', 'MDA'))",Wimbledon_2021,GEO,356.0,0,0,0.0,0.0,0.0,0.0
"(('j', 'salisbury', 'GBR'), ('r', 'ram', 'USA'))",Wimbledon_2021,GBR,11.0,0,1,0.8875000476837158,0.13385826771653545,0.3228346456692913,0.46248031699516645
"(('g', 'mager', 'ITA'), ('l', 'đere', 'SRB'))",Wimbledon_2021,ITA,1528.0,0,0,0.25,0.031496062992125984,0.031496062992125984,0.31374015848233006
"(('f', 'polášek', 'SVK'), ('i', 'dodig', 'HRV'))",Wimbledon_2021,SVK,9.0,0,0,0.5,0.015748031496062992,0.015748031496062992,0.2711023621437118
"(('n', 'gombos', 'SVK'), ('p', 'martínez', 'ESP'))",Wimbledon_2021,ESP,94.0,0,0,0.25,0.047244094488188976,0.12598425196850394,0.3743700791789791
"(('c', 'norrie', 'GBR'), ('j', 'munar', 'ESP'))",Wimbledon_2021,GBR,154.0,0,0,0.25,0.13385826771653545,0.3228346456692913,0.46248031699516645
"(('p', 'tsitsipas', 'GRC'), ('s', 'tsitsipas', 'GRC'))",Wimbledon_2021,GRC,148.0,1,1,1.0,0.007874015748031496,0.007874015748031496,0.22905511807972992
"(('a', 'göransson', 'SWE'), ('c', 'ruud', 'NOR'))",Wimbledon_2021,NOR,205.0,0,0,0.75,0.0,0.0,0.32547244128983793
"(('f', 'lópez', 'ESP'), ('m', 'lópez', 'ESP'))",Wimbledon_2021,ESP,385.0,1,1,1.0,0.047244094488188976,0.12598425196850394,0.3743700791789791
"(('h', 'tecău', 'ROU'), ('k', 'krawietz', 'DEU'))",Wimbledon_2021,ROU,21.0,0,0,0.25,0.007874015748031496,0.015748031496062992,0.3058661427342985
"(('a', 'davidovich fokina', 'ESP'), ('s', 'caruso', 'ITA'))",Wimbledon_2021,ESP,221.0,0,0,0.5,0.047244094488188976,0.12598425196850394,0.3743700791789791
"(('a', 'qureshi', 'PAK'), ('o', 'marach', 'AUT'))",Wimbledon_2021,PAK,55.0,0,0,0.25,0.0,0.0,0.2835826772287136
"(('j', 'vliegen', 'BEL'), ('s', 'gillé', 'BEL'))",Wimbledon_2021,BEL,28.0,1,1,1.0,0.007874015748031496,0.12598425196850394,0.3597047251392537
"(('a', 'popyrin', 'AUS'), ('l', 'harris', 'ZAF'))",Wimbledon_2021,AUS,1515.0,0,1,0.0,0.06299212598425197,0.3228346456692913,0.46248031699516645
"(('a', 'krajicek', 'USA'), ('t', 'sandgren', 'USA'))",Wimbledon_2021,USA,209.0,1,1,1.0,0.03937007874015748,0.3228346456692913,0.45662600200945935
"(('k', 'skupski', 'GBR'), ('n', 'skupski', 'GBR'))",Wimbledon_2021,GBR,18.0,1,1,1.0,0.13385826771653545,0.3228346456692913,0.46248031699516645
"(('l', 'broady', 'GBR'), ('r', 'peniston', 'GBR'))",Wimbledon_2021,GBR,480.0,1,1,1.0,0.13385826771653545,0.3228346456692913,0.46248031699516645
"(('h', 'zeballos', 'ARG'), ('m', 'granollers', 'ESP'))",Wimbledon_2021,ARG,7.0,0,1,1.0,0.031496062992125984,0.12598425196850394,0.3743700791789791
"(('d', 'lajović', 'SRB'), ('i', 'sabanov', 'SRB'))",Wimbledon_2021,SRB,115.0,1,1,1.0,0.031496062992125984,0.07086614173228346,0.2857283465270921
"(('b', 'soares', 'BRA'), ('j', 'murray', 'GBR'))",Wimbledon_2021,BRA,13.0,0,0,0.25,0.031496062992125984,0.031496062992125984,0.3489763786731742
"(('n', 'monroe', 'USA'), ('v', 'pospisil', 'CAN'))",Wimbledon_2021,CAN,192.0,0,1,0.7075000405311584,0.0,0.3779527559055118,0.4322913347243324
"(('a', 'golubev', 'KAZ'), ('r', 'haase', 'NLD'))",Wimbledon_2021,NLD,44.0,0,0,0.1024999991059303,0.03937007874015748,0.05511811023622047,0.36161417357330244
"(('m', 'demoliner', 'BRA'), ('s', 'gonzález', 'MEX'))",Wimbledon_2021,MEX,54.0,0,0,0.75,0.0,0.12598425196850394,0.3743700791789791
"(('m', 'gonzález', 'ARG'), ('s', 'bolelli', 'ITA'))",Wimbledon_2021,ARG,36.0,0,0,0.5,0.031496062992125984,0.12598425196850394,0.3743700791789791
"(('f', 'krajinović', 'SRB'), ('m', 'sabanov', 'HRV'))",Wimbledon_2021,HRV,115.0,0,1,0.75,0.023622047244094488,0.07086614173228346,0.28291338576575903
"(('h', 'kontinen', 'FIN'), ('é', 'roger-vasselin', 'FRA'))",Wimbledon_2021,FRA,15.0,0,0,0.0,0.031496062992125984,0.05511811023622047,0.32602362333085594
"(('d', 'sharan', 'IND'), ('r', 'bopanna', 'IND'))",Wimbledon_2021,IND,76.0,1,1,1.0,0.007874015748031496,0.3228346456692913,0.007874015748031496
"(('b', 'mclachlan', 'JPN'), ('r', 'klaasen', 'ZAF'))",Wimbledon_2021,JPN,47.0,0,0,0.0,0.007874015748031496,0.007874015748031496,0.007874015748031496
"(('a', 'molteni', 'ARG'), ('a', 'vavassori', 'ITA'))",Wimbledon_2021,ITA,78.0,0,0,0.5,0.031496062992125984,0.031496062992125984,0.31374015848233006
"(('d', 'koepfer', 'DEU'), ('r', 'berankis', 'LTU'))",Wimbledon_2021,DEU,161.0,0,0,0.25,0.023622047244094488,0.023622047244094488,0.3612598428646411
"(('i', 'zelenay', 'SVK'), ('r', 'arneodo', 'MCO'))",Wimbledon_2021,SVK,98.0,0,0,0.25,0.015748031496062992,0.015748031496062992,0.2711023621437118
"(('f', 'martin', 'FRA'), ('j', 'chardy', 'FRA'))",Wimbledon_2021,FRA,37.0,1,1,1.0,0.031496062992125984,0.05511811023622047,0.32602362333085594
"(('a', 'sitak', 'NZL'), ('f', 'delbonis', 'ARG'))",Wimbledon_2021,NZL,95.0,0,0,0.25,0.015748031496062992,0.3228346456692913,0.46248031699516645
"(('n', 'mahut', 'FRA'), ('p', 'herbert', 'FRA'))",Wimbledon_2021,FRA,2.0,1,1,1.0,0.031496062992125984,0.05511811023622047,0.32602362333085594
"(('a', 'viñolas', 'ESP'), ('f', 'bagnis', 'ARG'))",Wimbledon_2021,ESP,546.0,0,1,1.0,0.047244094488188976,0.12598425196850394,0.3743700791789791
"(('m', 'pavić', 'HRV'), ('n', 'mektić', 'HRV'))",Australian Open_2022,HRV,1.0,1,1,1.0,0.031496062992125984,0.08661417322834646,0.28881889757678264
"(('f', 'bagnis', 'ARG'), ('f', 'delbonis', 'ARG'))",Australian Open_2022,ARG,171.0,1,1,1.0,0.031496062992125984,0.13385826771653545,0.38234252049932327
"(('n', 'kyrgios', 'AUS'), ('t', 'kokkinakis', 'AUS'))",Australian Open_2022,AUS,259.0,1,1,1.0,0.1732283464566929,0.36220472440944884,0.49309055452975703
"(('a', 'bolt', 'AUS'), ('j', 'mccabe', 'AUS'))",Australian Open_2022,AUS,1204.0,1,1,1.0,0.1732283464566929,0.36220472440944884,0.49309055452975703
"(('d', 'koepfer', 'DEU'), ('j', 'struff', 'DEU'))",Australian Open_2022,DEU,69.0,1,1,1.0,0.03937007874015748,0.03937007874015748,0.37277559094306995
"(('f', 'krajinović', 'SRB'), ('m', 'sabanov', 'HRV'))",Australian Open_2022,HRV,90.0,0,1,0.75,0.031496062992125984,0.08661417322834646,0.28881889757678264
"(('a', 'behar', 'URY'), ('g', 'escobar', 'ECU'))",Australian Open_2022,ECU,39.0,0,1,1.0,0.0,0.13385826771653545,0.38234252049932327
"(('n', 'ćaćić', 'SRB'), ('t', 'brkić', 'BIH'))",Australian Open_2022,SRB,36.0,0,1,0.8575000166893005,0.03937007874015748,0.08661417322834646,0.2916338583381157
"(('j', 'withrow', 'USA'), ('n', 'lammons', 'USA'))",Australian Open_2022,USA,89.0,1,1,1.0,0.06299212598425197,0.36220472440944884,0.48835828618740473
"(('j', 'vliegen', 'BEL'), ('s', 'gillé', 'BEL'))",Australian Open_2022,BEL,33.0,1,1,1.0,0.007874015748031496,0.11023622047244094,0.368557087525608
"(('c', ""o'connell"", 'AUS'), ('j', 'kubler', 'AUS'))",Australian Open_2022,AUS,1170.0,1,1,1.0,0.1732283464566929,0.36220472440944884,0.49309055452975703
"(('a', 'fokina', 'ESP'), ('j', 'munar', 'ESP'))",Australian Open_2022,ESP,172.0,1,1,1.0,0.047244094488188976,0.13385826771653545,0.38234252049932327
"(('h', 'gaston', 'FRA'), ('r', 'baena', 'ESP'))",Australian Open_2022,FRA,367.0,0,0,0.5,0.03937007874015748,0.05511811023622047,0.3310433087456883
"(('l', 'đere', 'SRB'), ('s', 'travaglia', 'ITA'))",Australian Open_2022,ITA,226.0,0,0,0.25,0.03937007874015748,0.03937007874015748,0.31994094654096394
"(('m', 'venus', 'NZL'), ('t', 'pütz', 'DEU'))",Australian Open_2022,NZL,15.0,0,0,0.5,0.015748031496062992,0.36220472440944884,0.49309055452975703
"(('f', 'tiafoe', 'USA'), ('n', 'monroe', 'USA'))",Australian Open_2022,USA,170.0,1,1,1.0,0.06299212598425197,0.36220472440944884,0.48835828618740473
"(('h', 'zeballos', 'ARG'), ('m', 'granollers', 'ESP'))",Australian Open_2022,ARG,6.0,0,1,1.0,0.031496062992125984,0.13385826771653545,0.38234252049932327
"(('j', 'veselý', 'CZE'), ('y', 'nishioka', 'JPN'))",Australian Open_2022,CZE,323.0,0,0,0.0,0.0,0.0,0.2612598424586724
"(('a', 'vasilevski', 'BLR'), ('j', ""o'mara"", 'GBR'))",Australian Open_2022,BLR,79.0,0,0,0.25,0.0,0.007874015748031496,0.26858267704332905
"(('j', 'millman', 'AUS'), ('m', 'mcdonald', 'USA'))",Australian Open_2022,AUS,199.0,0,1,0.8875000476837158,0.1732283464566929,0.36220472440944884,0.49309055452975703
"(('p', 'andújar', 'ESP'), ('p', 'martínez', 'ESP'))",Australian Open_2022,ESP,80.0,1,1,1.0,0.047244094488188976,0.13385826771653545,0.38234252049932327
"(('d', 'lajović', 'SRB'), ('i', 'sabanov', 'SRB'))",Australian Open_2022,SRB,94.0,1,1,1.0,0.03937007874015748,0.08661417322834646,0.2916338583381157
"(('b', 'zandschulp', 'NLD'), ('r', 'haase', 'NLD'))",Australian Open_2022,NLD,348.0,1,1,1.0,0.03937007874015748,0.05511811023622047,0.37312992165173137
"(('j', 'rojer', 'NLD'), ('m', 'arévalo', 'SLV'))",Australian Open_2022,NLD,37.0,0,0,0.25,0.03937007874015748,0.05511811023622047,0.37312992165173137
"(('a', 'mies', 'DEU'), ('k', 'krawietz', 'DEU'))",Australian Open_2022,DEU,41.0,1,1,1.0,0.03937007874015748,0.03937007874015748,0.37277559094306995
"(('a', 'molteni', 'ARG'), ('s', 'gonzález', 'MEX'))",Australian Open_2022,ARG,48.0,0,1,1.0,0.031496062992125984,0.13385826771653545,0.38234252049932327
"(('a', 'krajicek', 'USA'), ('s', 'querrey', 'USA'))",Australian Open_2022,USA,81.0,1,1,1.0,0.06299212598425197,0.36220472440944884,0.48835828618740473
"(('a', 'harris', 'AUS'), ('a', 'vukic', 'AUS'))",Australian Open_2022,AUS,401.0,1,1,1.0,0.1732283464566929,0.36220472440944884,0.49309055452975703
"(('r', 'hijikata', 'AUS'), ('t', 'schoolkate', 'AUS'))",Australian Open_2022,AUS,492.0,1,1,1.0,0.1732283464566929,0.36220472440944884,0.49309055452975703
"(('j', 'thompson', 'AUS'), ('m', 'reid', 'AUS'))",Australian Open_2022,AUS,190.0,1,1,1.0,0.1732283464566929,0.36220472440944884,0.49309055452975703
"(('f', 'polášek', 'SVK'), ('j', 'peers', 'AUS'))",Australian Open_2022,SVK,9.0,0,0,0.25,0.0,0.0,0.2612598424586724
"(('j', 'smith', 'AUS'), ('l', 'saville', 'AUS'))",Australian Open_2022,AUS,68.0,1,1,1.0,0.1732283464566929,0.36220472440944884,0.49309055452975703
"(('a', 'nedovyesov', 'KAZ'), ('a', 'qureshi', 'PAK'))",Australian Open_2022,PAK,42.0,0,0,0.1024999991059303,0.0,0.0,0.290078740126974
"(('f', 'martin', 'FRA'), ('n', 'mahut', 'FRA'))",Australian Open_2022,FRA,31.0,1,1,1.0,0.03937007874015748,0.05511811023622047,0.3310433087456883
"(('m', 'giron', 'USA'), ('s', 'kwon', 'KOR'))",Australian Open_2022,KOR,699.0,0,0,0.0,0.0,0.0,0.0
"(('a', 'bublik', 'KAZ'), ('j', 'zieliński', 'POL'))",Australian Open_2022,POL,83.0,0,0,0.2049999982118606,0.0,0.0,0.2592913385216645
"(('d', 'altmaier', 'DEU'), ('t', 'monteiro', 'BRA'))",Australian Open_2022,BRA,161.0,0,0,0.25,0.031496062992125984,0.031496062992125984,0.3540944894256554
"(('g', 'mager', 'ITA'), ('l', 'musetti', 'ITA'))",Australian Open_2022,ITA,369.0,1,1,1.0,0.03937007874015748,0.03937007874015748,0.31994094654096394
"(('n', 'skupski', 'GBR'), ('w', 'koolhof', 'NLD'))",Australian Open_2022,GBR,20.0,0,0,0.5,0.047244094488188976,0.36220472440944884,0.49309055452975703
"(('b', 'paire', 'FRA'), ('r', 'arneodo', 'MCO'))",Australian Open_2022,FRA,66.0,0,1,1.0,0.03937007874015748,0.05511811023622047,0.3310433087456883
"(('b', 'mclachlan', 'JPN'), ('r', 'klaasen', 'ZAF'))",Australian Open_2022,JPN,49.0,0,0,0.0,0.007874015748031496,0.007874015748031496,0.007874015748031496
"(('m', 'middelkoop', 'NLD'), ('p', 'oswald', 'AUT'))",Australian Open_2022,AUT,53.0,0,0,0.75,0.0,0.015748031496062992,0.37277559094306995
"(('d', 'inglot', 'GBR'), ('k', 'skupski', 'GBR'))",Australian Open_2022,GBR,54.0,1,1,1.0,0.047244094488188976,0.36220472440944884,0.49309055452975703
"(('a', 'vavassori', 'ITA'), ('t', 'griekspoor', 'NLD'))",Australian Open_2022,ITA,72.0,0,0,0.25,0.03937007874015748,0.03937007874015748,0.31994094654096394
"(('m', 'ebden', 'AUS'), ('m', 'purcell', 'AUS'))",Australian Open_2022,AUS,34.0,1,1,1.0,0.1732283464566929,0.36220472440944884,0.49309055452975703
"(('a', 'göransson', 'SWE'), ('j', 'erlich', 'ISR'))",Australian Open_2022,SWE,62.0,0,0,0.0324999988079071,0.0,0.007874015748031496,0.3369881893682668
"(('j', 'cabal', 'COL'), ('r', 'farah', 'COL'))",Australian Open_2022,COL,10.0,1,1,1.0,0.007874015748031496,0.13385826771653545,0.38234252049932327
"(('a', 'popyrin', 'AUS'), ('l', 'harris', 'ZAF'))",Australian Open_2022,AUS,264.0,0,1,0.0,0.1732283464566929,0.36220472440944884,0.49309055452975703
"(('b', 'soares', 'BRA'), ('j', 'murray', 'GBR'))",Australian Open_2022,BRA,16.0,0,0,0.25,0.031496062992125984,0.031496062992125984,0.3540944894256554
"(('j', 'duckworth', 'AUS'), ('m', 'polmans', 'AUS'))",Australian Open_2022,AUS,107.0,1,1,1.0,0.1732283464566929,0.36220472440944884,0.49309055452975703
"(('h', 'heliövaara', 'FIN'), ('l', 'glasspool', 'GBR'))",Australian Open_2022,FIN,63.0,0,0,0.0,0.0,0.007874015748031496,0.0
"(('a', 'viñolas', 'ESP'), ('f', 'coria', 'ARG'))",Australian Open_2022,ESP,532.0,0,1,1.0,0.047244094488188976,0.13385826771653545,0.38234252049932327
"(('f', 'fognini', 'ITA'), ('s', 'bolelli', 'ITA'))",Australian Open_2022,ITA,93.0,1,1,1.0,0.03937007874015748,0.03937007874015748,0.31994094654096394
"(('f', 'alves', 'BRA'), ('r', 'matos', 'BRA'))",Australian Open_2022,BRA,82.0,1,1,1.0,0.031496062992125984,0.031496062992125984,0.3540944894256554
"(('i', 'dodig', 'HRV'), ('m', 'melo', 'BRA'))",Australian Open_2022,BRA,24.0,0,0,0.25,0.031496062992125984,0.031496062992125984,0.3540944894256554
"(('a', 'mannarino', 'FRA'), ('h', 'nys', 'MCO'))",Australian Open_2022,MCO,46.0,0,1,1.0,0.007874015748031496,0.007874015748031496,0.3380118126826962
"(('d', 'sweeny', 'AUS'), ('l', 'tu', 'AUS'))",Australian Open_2022,AUS,979.0,1,1,1.0,0.1732283464566929,0.36220472440944884,0.49309055452975703
"(('a', 'golubev', 'KAZ'), ('f', 'škugor', 'HRV'))",Australian Open_2022,HRV,56.0,0,0,0.2049999982118606,0.031496062992125984,0.08661417322834646,0.28881889757678264
"(('c', 'rungkat', 'IDN'), ('t', 'huey', 'PHL'))",Australian Open_2022,IDN,152.0,0,0,0.25,0.0,0.0,0.001968503937007874
"(('r', 'bopanna', 'IND'), ('é', 'roger-vasselin', 'FRA'))",Australian Open_2022,FRA,44.0,0,0,0.0,0.03937007874015748,0.05511811023622047,0.3310433087456883
"(('f', 'nielsen', 'DNK'), ('m', 'daniell', 'NZL'))",Australian Open_2022,DNK,102.0,0,0,0.5,0.0,0.0,0.3369881893682668
"(('a', 'karatsev', 'RUS'), ('a', 'sitak', 'NZL'))",Australian Open_2022,NZL,115.0,0,0,0.25,0.015748031496062992,0.36220472440944884,0.49309055452975703
"(('j', 'salisbury', 'GBR'), ('r', 'ram', 'USA'))",Australian Open_2022,GBR,3.0,0,1,0.8875000476837158,0.047244094488188976,0.36220472440944884,0.49309055452975703
"(('m', 'kecmanović', 'SRB'), ('n', 'basilashvili', 'GEO'))",Australian Open_2022,SRB,273.0,0,0,0.0,0.03937007874015748,0.08661417322834646,0.2916338583381157
"(('j', 'salisbury', 'GBR'), ('r', 'ram', 'USA'))",Roland Garros_2022,GBR,1.0,0,1,0.8875000476837158,0.031496062992125984,0.2283464566929134,0.3871653588479898
"(('m', 'giron', 'USA'), ('s', 'kwon', 'KOR'))",Roland Garros_2022,KOR,272.0,0,0,0.0,0.0,0.0,0.0
"(('m', 'kecmanović', 'SRB'), ('n', 'monroe', 'USA'))",Roland Garros_2022,USA,124.0,0,0,0.25,0.08661417322834646,0.2283464566929134,0.41007678492332067
"(('j', 'sousa', 'PRT'), ('n', 'basilashvili', 'GEO'))",Roland Garros_2022,PRT,256.0,0,0,0.0,0.0,0.031496062992125984,0.3925196869424947
"(('f', 'lópez', 'ESP'), ('m', 'cressy', 'USA'))",Roland Garros_2022,ESP,67.0,0,0,0.3625000119209289,0.03937007874015748,0.1732283464566929,0.4305905524459411
"(('m', 'sabanov', 'HRV'), ('r', 'jebavý', 'CZE'))",Roland Garros_2022,HRV,86.0,0,0,0.5,0.031496062992125984,0.07086614173228346,0.2898818897450064
"(('m', 'gonzález', 'ARG'), ('m', 'melo', 'BRA'))",Roland Garros_2022,BRA,41.0,0,0,0.75,0.023622047244094488,0.031496062992125984,0.3925196869424947
"(('a', 'bedene', 'SVN'), ('f', 'krajinović', 'SRB'))",Roland Garros_2022,SRB,282.0,0,0,0.5,0.023622047244094488,0.07086614173228346,0.28875984263232374
"(('f', 'tiafoe', 'USA'), ('m', 'fucsovics', 'HUN'))",Roland Garros_2022,USA,203.0,0,0,0.0,0.08661417322834646,0.2283464566929134,0.41007678492332067
"(('a', 'tabilo', 'CHL'), ('t', 'etcheverry', 'ARG'))",Roland Garros_2022,CHL,360.0,0,1,1.0,0.0,0.16535433070866143,0.4305905524459411
"(('a', 'bublik', 'KAZ'), ('t', 'kokkinakis', 'AUS'))",Roland Garros_2022,AUS,34.0,0,0,0.1024999991059303,0.047244094488188976,0.2283464566929134,0.3871653588479898
"(('k', 'majchrzak', 'POL'), ('n', 'lammons', 'USA'))",Roland Garros_2022,POL,657.0,0,0,0.25,0.023622047244094488,0.023622047244094488,0.2761023621859513
"(('f', 'reboul', 'FRA'), ('s', 'doumbia', 'FRA'))",Roland Garros_2022,FRA,92.0,1,1,1.0,0.15748031496062992,0.1732283464566929,0.41476378183430573
"(('p', 'andújar', 'ESP'), ('p', 'martínez', 'ESP'))",Roland Garros_2022,ESP,51.0,1,1,1.0,0.03937007874015748,0.1732283464566929,0.4305905524459411
"(('a', 'krajicek', 'USA'), ('i', 'dodig', 'HRV'))",Roland Garros_2022,USA,37.0,0,0,0.25,0.08661417322834646,0.2283464566929134,0.41007678492332067
"(('f', 'polášek', 'SVK'), ('j', 'peers', 'AUS'))",Roland Garros_2022,SVK,17.0,0,0,0.25,0.0,0.0,0.2701968503749277
"(('h', 'zeballos', 'ARG'), ('m', 'granollers', 'ESP'))",Roland Garros_2022,ARG,6.0,0,1,1.0,0.05511811023622047,0.1732283464566929,0.4305905524459411
"(('c', 'lestienne', 'FRA'), ('u', 'humbert', 'FRA'))",Roland Garros_2022,FRA,1013.0,1,1,1.0,0.15748031496062992,0.1732283464566929,0.41476378183430573
"(('a', 'mannarino', 'FRA'), ('a', 'olivetti', 'FRA'))",Roland Garros_2022,FRA,94.0,1,1,1.0,0.15748031496062992,0.1732283464566929,0.41476378183430573
"(('j', 'eysseric', 'FRA'), ('q', 'halys', 'FRA'))",Roland Garros_2022,FRA,206.0,1,1,1.0,0.15748031496062992,0.1732283464566929,0.41476378183430573
"(('j', ""o'mara"", 'GBR'), ('j', 'withrow', 'USA'))",Roland Garros_2022,USA,95.0,0,1,0.8875000476837158,0.08661417322834646,0.2283464566929134,0.41007678492332067
"(('s', 'arends', 'NLD'), ('s', 'walków', 'POL'))",Roland Garros_2022,POL,88.0,0,0,0.25,0.023622047244094488,0.023622047244094488,0.2761023621859513
"(('a', 'vavassori', 'ITA'), ('l', 'sonego', 'ITA'))",Roland Garros_2022,ITA,82.0,1,1,1.0,0.007874015748031496,0.007874015748031496,0.33279527789729785
"(('m', 'ebden', 'AUS'), ('m', 'purcell', 'AUS'))",Roland Garros_2022,AUS,31.0,1,1,1.0,0.047244094488188976,0.2283464566929134,0.3871653588479898
"(('b', 'soares', 'BRA'), ('j', 'murray', 'GBR'))",Roland Garros_2022,BRA,22.0,0,0,0.25,0.023622047244094488,0.031496062992125984,0.3925196869424947
"(('j', 'erlich', 'ISR'), ('l', 'harris', 'ZAF'))",Roland Garros_2022,ZAF,112.0,0,1,0.0,0.007874015748031496,0.2283464566929134,0.007874015748031496
"(('m', 'mcdonald', 'USA'), ('t', 'paul', 'USA'))",Roland Garros_2022,USA,141.0,1,1,1.0,0.08661417322834646,0.2283464566929134,0.41007678492332067
"(('a', 'nedovyesov', 'KAZ'), ('a', 'qureshi', 'PAK'))",Roland Garros_2022,PAK,50.0,0,0,0.1024999991059303,0.0,0.0,0.2498031496180324
"(('h', 'reese', 'USA'), ('r', 'ramanathan', 'IND'))",Roland Garros_2022,USA,87.0,0,1,0.0,0.08661417322834646,0.2283464566929134,0.41007678492332067
"(('d', 'altmaier', 'DEU'), ('o', 'otte', 'DEU'))",Roland Garros_2022,DEU,399.0,1,1,1.0,0.031496062992125984,0.031496062992125984,0.33358267774028105
"(('n', 'skupski', 'GBR'), ('w', 'koolhof', 'NLD'))",Roland Garros_2022,GBR,13.0,0,0,0.5,0.031496062992125984,0.2283464566929134,0.3871653588479898
"(('b', 'zandschulp', 'NLD'), ('t', 'griekspoor', 'NLD'))",Roland Garros_2022,NLD,253.0,1,1,1.0,0.047244094488188976,0.06299212598425197,0.33787401632295816
"(('m', 'venus', 'NZL'), ('t', 'pütz', 'DEU'))",Roland Garros_2022,NZL,12.0,0,0,0.5,0.0,0.2283464566929134,0.3871653588479898
"(('i', 'ivashka', 'BLR'), ('j', 'duckworth', 'AUS'))",Roland Garros_2022,BLR,527.0,0,0,0.25,0.0,0.0,0.2722047242357975
"(('a', 'rinderknech', 'FRA'), ('b', 'bonzi', 'FRA'))",Roland Garros_2022,FRA,154.0,1,1,1.0,0.15748031496062992,0.1732283464566929,0.41476378183430573
"(('d', 'molchanov', 'UKR'), ('f', 'škugor', 'HRV'))",Roland Garros_2022,HRV,118.0,0,0,0.5,0.031496062992125984,0.07086614173228346,0.2898818897450064
"(('e', 'couacaud', 'FRA'), ('m', 'guinard', 'FRA'))",Roland Garros_2022,FRA,167.0,1,1,1.0,0.15748031496062992,0.1732283464566929,0.41476378183430573
"(('f', 'delbonis', 'ARG'), ('h', 'dellien', 'BOL'))",Roland Garros_2022,BOL,647.0,0,1,0.5400000214576721,0.0,0.11023622047244094,0.2344748135409721
"(('j', 'rojer', 'NLD'), ('m', 'arévalo', 'SLV'))",Roland Garros_2022,NLD,28.0,0,0,0.25,0.047244094488188976,0.06299212598425197,0.33787401632295816
"(('h', 'verdugo', 'MEX'), ('p', 'oswald', 'AUT'))",Roland Garros_2022,AUT,61.0,0,0,0.25,0.0,0.015748031496062992,0.33358267774028105
"(('d', 'hernández', 'ESP'), ('r', 'matos', 'BRA'))",Roland Garros_2022,ESP,58.0,0,0,0.75,0.03937007874015748,0.1732283464566929,0.4305905524459411
"(('a', 'molteni', 'ARG'), ('s', 'gonzález', 'MEX'))",Roland Garros_2022,ARG,38.0,0,1,1.0,0.05511811023622047,0.1732283464566929,0.4305905524459411
"(('é', 'roger-vasselin', 'FRA'), ('ł', 'kubot', 'POL'))",Roland Garros_2022,FRA,49.0,0,0,0.25,0.15748031496062992,0.1732283464566929,0.41476378183430573
"(('d', 'kudla', 'USA'), ('e', 'ruusuvuori', 'FIN'))",Roland Garros_2022,FIN,189.0,0,0,0.0,0.007874015748031496,0.015748031496062992,0.00984251968503937
"(('j', 'thompson', 'AUS'), ('l', 'saville', 'AUS'))",Roland Garros_2022,AUS,171.0,1,1,1.0,0.047244094488188976,0.2283464566929134,0.3871653588479898
"(('d', 'lajović', 'SRB'), ('j', 'veselý', 'CZE'))",Roland Garros_2022,CZE,364.0,0,0,0.5,0.007874015748031496,0.007874015748031496,0.27216535431193556
"(('j', 'vliegen', 'BEL'), ('s', 'gillé', 'BEL'))",Roland Garros_2022,BEL,53.0,1,1,1.0,0.007874015748031496,0.23622047244094488,0.37859724537946104
"(('n', 'mahut', 'FRA'), ('p', 'herbert', 'FRA'))",Roland Garros_2022,FRA,4.0,1,1,1.0,0.15748031496062992,0.1732283464566929,0.41476378183430573
"(('a', 'viñolas', 'ESP'), ('b', 'paire', 'FRA'))",Roland Garros_2022,ESP,532.0,0,0,0.5,0.03937007874015748,0.1732283464566929,0.4305905524459411
"(('j', 'cabal', 'COL'), ('r', 'farah', 'COL'))",Roland Garros_2022,COL,9.0,1,1,1.0,0.007874015748031496,0.16535433070866143,0.4305905524459411
"(('h', 'nys', 'MCO'), ('j', 'zieliński', 'POL'))",Roland Garros_2022,POL,63.0,0,0,0.25,0.023622047244094488,0.023622047244094488,0.2761023621859513
"(('n', 'ćaćić', 'SRB'), ('t', 'brkić', 'BIH'))",Roland Garros_2022,SRB,47.0,0,1,0.8575000166893005,0.023622047244094488,0.07086614173228346,0.28875984263232374
"(('a', 'behar', 'URY'), ('g', 'escobar', 'ECU'))",Roland Garros_2022,ECU,42.0,0,1,1.0,0.0,0.16535433070866143,0.4305905524459411
"(('f', 'cerúndolo', 'ARG'), ('f', 'coria', 'ARG'))",Roland Garros_2022,ARG,429.0,1,1,1.0,0.05511811023622047,0.1732283464566929,0.4305905524459411
"(('h', 'heliövaara', 'FIN'), ('l', 'glasspool', 'GBR'))",Roland Garros_2022,FIN,44.0,0,0,0.0,0.007874015748031496,0.015748031496062992,0.00984251968503937
"(('a', 'mies', 'DEU'), ('k', 'krawietz', 'DEU'))",Roland Garros_2022,DEU,23.0,1,1,1.0,0.031496062992125984,0.031496062992125984,0.33358267774028105
"(('m', 'middelkoop', 'NLD'), ('r', 'bopanna', 'IND'))",Roland Garros_2022,NLD,39.0,0,0,0.0,0.047244094488188976,0.06299212598425197,0.33787401632295816
"(('l', 'assche', 'FRA'), ('s', 'wayenburg', 'FRA'))",Roland Garros_2022,FRA,486.0,1,1,1.0,0.15748031496062992,0.1732283464566929,0.41476378183430573
"(('a', 'golubev', 'KAZ'), ('f', 'martin', 'FRA'))",Roland Garros_2022,FRA,56.0,0,0,0.1024999991059303,0.15748031496062992,0.1732283464566929,0.41476378183430573
"(('f', 'alves', 'BRA'), ('s', 'báez', 'ARG'))",Roland Garros_2022,BRA,77.0,0,0,0.75,0.023622047244094488,0.031496062992125984,0.3925196869424947
"(('r', 'haase', 'NLD'), ('r', 'klaasen', 'ZAF'))",Roland Garros_2022,ZAF,45.0,0,0,0.0,0.007874015748031496,0.2283464566929134,0.007874015748031496
"(('g', 'simon', 'FRA'), ('h', 'gaston', 'FRA'))",Roland Garros_2022,FRA,894.0,1,1,1.0,0.15748031496062992,0.1732283464566929,0.41476378183430573
"(('m', 'pavić', 'HRV'), ('n', 'mektić', 'HRV'))",Roland Garros_2022,HRV,3.0,1,1,1.0,0.031496062992125984,0.07086614173228346,0.2898818897450064
"(('a', 'göransson', 'SWE'), ('b', 'mclachlan', 'JPN'))",Roland Garros_2022,JPN,40.0,0,0,0.0,0.0,0.0,0.0
"(('j', 'salisbury', 'GBR'), ('r', 'ram', 'USA'))",US Open_2022,GBR,1.0,0,1,0.8875000476837158,0.031496062992125984,0.31496062992125984,0.44797245031032035
"(('c', 'rodriguez', 'COL'), ('f', 'coria', 'ARG'))",US Open_2022,COL,73.0,0,1,1.0,0.023622047244094488,0.18110236220472442,0.44663386059323634
"(('n', 'skupski', 'GBR'), ('w', 'koolhof', 'NLD'))",US Open_2022,GBR,3.0,0,0,0.5,0.031496062992125984,0.31496062992125984,0.44797245031032035
"(('s', 'johnson', 'USA'), ('s', 'querrey', 'USA'))",US Open_2022,USA,86.0,1,1,1.0,0.1889763779527559,0.31496062992125984,0.48374607484406373
"(('j', 'rojer', 'NLD'), ('m', 'arevalo', 'SLV'))",US Open_2022,NLD,5.0,0,0,0.25,0.023622047244094488,0.031496062992125984,0.33907480430180637
"(('a', 'popyrin', 'AUS'), ('j', 'peers', 'AUS'))",US Open_2022,AUS,10.0,1,1,1.0,0.047244094488188976,0.31496062992125984,0.44797245031032035
"(('m', 'venus', 'NZL'), ('t', 'puetz', 'DEU'))",US Open_2022,NZL,7.0,0,0,0.5,0.0,0.31496062992125984,0.44797245031032035
"(('a', 'golubev', 'KAZ'), ('p', 'martinez', 'ESP'))",US Open_2022,ESP,75.0,0,0,0.1024999991059303,0.047244094488188976,0.18110236220472442,0.44663386059323634
"(('m', 'pavic', 'HRV'), ('n', 'mektic', 'HRV'))",US Open_2022,HRV,12.0,1,1,1.0,0.023622047244094488,0.047244094488188976,0.2745275590128786
"(('b', 'holt', 'USA'), ('g', 'nanda', 'USA'))",US Open_2022,USA,528.0,1,1,1.0,0.1889763779527559,0.31496062992125984,0.48374607484406373
"(('a', 'krajicek', 'USA'), ('i', 'dodig', 'HRV'))",US Open_2022,USA,26.0,0,0,0.25,0.1889763779527559,0.31496062992125984,0.48374607484406373
"(('d', 'altmaier', 'DEU'), ('t', 'monteiro', 'BRA'))",US Open_2022,BRA,265.0,0,0,0.25,0.031496062992125984,0.05511811023622047,0.4077559090106506
"(('n', 'kyrgios', 'AUS'), ('t', 'kokkinakis', 'AUS'))",US Open_2022,AUS,18.0,1,1,1.0,0.047244094488188976,0.31496062992125984,0.44797245031032035
"(('h', 'gaston', 'FRA'), ('l', 'musetti', 'ITA'))",US Open_2022,ITA,543.0,0,0,0.5,0.031496062992125984,0.031496062992125984,0.34131890230995465
"(('b', 'soares', 'BRA'), ('j', 'murray', 'GBR'))",US Open_2022,BRA,33.0,0,0,0.25,0.031496062992125984,0.05511811023622047,0.4077559090106506
"(('h', 'reese', 'USA'), ('m', 'schnur', 'USA'))",US Open_2022,USA,88.0,1,1,1.0,0.1889763779527559,0.31496062992125984,0.48374607484406373
"(('h', 'heliovaara', 'FIN'), ('l', 'glasspool', 'GBR'))",US Open_2022,FIN,21.0,0,0,0.0,0.007874015748031496,0.015748031496062992,0.00984251968503937
"(('m', 'kecmanovic', 'SRB'), ('w', 'blumberg', 'USA'))",US Open_2022,SRB,173.0,0,0,0.25,0.007874015748031496,0.047244094488188976,0.27143700796318804
"(('a', 'mies', 'DEU'), ('k', 'krawietz', 'DEU'))",US Open_2022,DEU,27.0,1,1,1.0,0.023622047244094488,0.023622047244094488,0.3398818909159796
"(('m', 'giron', 'USA'), ('m', 'mcdonald', 'USA'))",US Open_2022,USA,169.0,1,1,1.0,0.1889763779527559,0.31496062992125984,0.48374607484406373
"(('j', 'cabal', 'COL'), ('r', 'farah', 'COL'))",US Open_2022,COL,30.0,1,1,1.0,0.023622047244094488,0.18110236220472442,0.44663386059323634
"(('a', 'michelsen', 'USA'), ('s', 'gorzny', 'USA'))",US Open_2022,USA,1773.0,1,1,1.0,0.1889763779527559,0.31496062992125984,0.48374607484406373
"(('f', 'fognini', 'ITA'), ('s', 'bolelli', 'ITA'))",US Open_2022,ITA,34.0,1,1,1.0,0.031496062992125984,0.031496062992125984,0.34131890230995465
"(('n', 'cacic', 'SRB'), ('r', 'ramanathan', 'IND'))",US Open_2022,IND,59.0,0,0,0.0,0.007874015748031496,0.31496062992125984,0.007874015748031496
"(('a', 'behar', 'URY'), ('g', 'escobar', 'ECU'))",US Open_2022,ECU,42.0,0,1,1.0,0.007874015748031496,0.18110236220472442,0.44663386059323634
"(('a', 'ramos-vinolas', 'ESP'), ('b', 'miralles', 'ESP'))",US Open_2022,ESP,918.0,1,1,1.0,0.047244094488188976,0.18110236220472442,0.44663386059323634
"(('f', 'cabral', 'PRT'), ('n', 'borges', 'PRT'))",US Open_2022,PRT,48.0,1,1,1.0,0.015748031496062992,0.05511811023622047,0.4077559090106506
"(('m', 'reyes-varela', 'MEX'), ('n', 'barrientos', 'COL'))",US Open_2022,MEX,67.0,0,1,1.0,0.015748031496062992,0.18110236220472442,0.44663386059323634
"(('a', 'bublik', 'KAZ'), ('h', 'rune', 'DNK'))",US Open_2022,DNK,220.0,0,0,0.1024999991059303,0.0,0.0,0.3170669302860583
"(('d', 'kudla', 'USA'), ('f', 'tiafoe', 'USA'))",US Open_2022,USA,222.0,1,1,1.0,0.1889763779527559,0.31496062992125984,0.48374607484406373
"(('j', 'sousa', 'PRT'), ('m', 'demoliner', 'BRA'))",US Open_2022,PRT,298.0,0,1,1.0,0.015748031496062992,0.05511811023622047,0.4077559090106506
"(('h', 'zeballos', 'ARG'), ('m', 'granollers', 'ESP'))",US Open_2022,ARG,9.0,0,1,1.0,0.03937007874015748,0.18110236220472442,0.44663386059323634
"(('m', 'ebden', 'AUS'), ('m', 'purcell', 'AUS'))",US Open_2022,AUS,37.0,1,1,1.0,0.047244094488188976,0.31496062992125984,0.44797245031032035
"(('a', 'molteni', 'ARG'), ('s', 'gonzalez', 'MEX'))",US Open_2022,ARG,39.0,0,1,1.0,0.03937007874015748,0.18110236220472442,0.44663386059323634
"(('b', 'shelton', 'USA'), ('c', 'eubanks', 'USA'))",US Open_2022,USA,516.0,1,1,1.0,0.1889763779527559,0.31496062992125984,0.48374607484406373
"(('p', 'tsitsipas', 'GRC'), ('s', 'tsitsipas', 'GRC'))",US Open_2022,GRC,168.0,1,1,1.0,0.007874015748031496,0.007874015748031496,0.2327362204513212
"(('a', 'lawson', 'USA'), ('r', 'galloway', 'USA'))",US Open_2022,USA,109.0,1,1,1.0,0.1889763779527559,0.31496062992125984,0.48374607484406373
"(('a', 'bedene', 'SVN'), ('e', 'ruusuvuori', 'FIN'))",US Open_2022,FIN,212.0,0,0,0.0,0.007874015748031496,0.015748031496062992,0.00984251968503937
"(('e', 'quinn', 'USA'), ('n', 'godsick', 'USA'))",US Open_2022,USA,742.0,1,1,1.0,0.1889763779527559,0.31496062992125984,0.48374607484406373
"(('h', 'verdugo', 'MEX'), ('n', 'basilashvili', 'GEO'))",US Open_2022,MEX,83.0,0,0,0.0,0.015748031496062992,0.18110236220472442,0.44663386059323634
"(('a', 'goransson', 'SWE'), ('y', 'nishioka', 'JPN'))",US Open_2022,JPN,598.0,0,0,0.0,0.007874015748031496,0.007874015748031496,0.007874015748031496
"(('b', 'mclachlan', 'JPN'), ('f', 'skugor', 'HRV'))",US Open_2022,HRV,179.0,0,0,0.0,0.023622047244094488,0.047244094488188976,0.2745275590128786
"(('p', 'oswald', 'AUT'), ('r', 'haase', 'NLD'))",US Open_2022,AUT,62.0,0,0,0.75,0.0,0.007874015748031496,0.3398818909159796
"(('i', 'ivashka', 'BLR'), ('s', 'kwon', 'KOR'))",US Open_2022,KOR,293.0,0,0,0.0,0.0,0.0,0.0
"(('a', 'mannarino', 'FRA'), ('q', 'halys', 'FRA'))",US Open_2022,FRA,542.0,1,1,1.0,0.06299212598425197,0.07086614173228346,0.3626181149083798
"(('e', 'roger-vasselin', 'FRA'), ('n', 'mahut', 'FRA'))",US Open_2022,FRA,47.0,1,1,1.0,0.06299212598425197,0.07086614173228346,0.3626181149083798
"(('d', 'hidalgo', 'ECU'), ('f', 'reboul', 'FRA'))",US Open_2022,FRA,71.0,0,0,0.5,0.06299212598425197,0.07086614173228346,0.3626181149083798
"(('d', 'hernandez', 'ESP'), ('r', 'matos', 'BRA'))",US Open_2022,ESP,40.0,0,0,0.75,0.047244094488188976,0.18110236220472442,0.44663386059323634
"(('a', 'karatsev', 'RUS'), ('l', 'saville', 'AUS'))",US Open_2022,AUS,92.0,0,0,0.25,0.047244094488188976,0.31496062992125984,0.44797245031032035
"(('l', 'kubot', 'POL'), ('s', 'gille', 'BEL'))",US Open_2022,POL,257.0,0,0,0.25,0.007874015748031496,0.007874015748031496,0.26074803145382347
"(('m', 'melo', 'BRA'), ('r', 'klaasen', 'ZAF'))",US Open_2022,BRA,44.0,0,0,0.0,0.031496062992125984,0.05511811023622047,0.4077559090106506
"(('m', 'gonzalez', 'ARG'), ('t', 'brkic', 'BIH'))",US Open_2022,ARG,49.0,0,0,0.25,0.03937007874015748,0.18110236220472442,0.44663386059323634
"(('j', 'withrow', 'USA'), ('n', 'lammons', 'USA'))",US Open_2022,USA,63.0,1,1,1.0,0.1889763779527559,0.31496062992125984,0.48374607484406373
"(('j', 'lehecka', 'CZE'), ('j', 'vesely', 'CZE'))",US Open_2022,CZE,646.0,1,1,1.0,0.007874015748031496,0.007874015748031496,0.2646850393278392
"(('f', 'lopez', 'ESP'), ('j', 'munar', 'ESP'))",US Open_2022,ESP,197.0,1,1,1.0,0.047244094488188976,0.18110236220472442,0.44663386059323634
"(('a', 'rinderknech', 'FRA'), ('b', 'bonzi', 'FRA'))",US Open_2022,FRA,136.0,1,1,1.0,0.06299212598425197,0.07086614173228346,0.3626181149083798
"(('k', 'smith', 'USA'), ('n', 'monroe', 'USA'))",US Open_2022,USA,379.0,1,1,1.0,0.1889763779527559,0.31496062992125984,0.48374607484406373
"(('a', 'molcan', 'SVK'), ('m', 'fucsovics', 'HUN'))",US Open_2022,SVK,786.0,0,0,0.0,0.0,0.0,0.26271653539083134
"(('a', 'nedovyesov', 'KAZ'), ('a', 'qureshi', 'PAK'))",US Open_2022,PAK,52.0,0,0,0.1024999991059303,0.0,0.0,0.2524212598213999
"(('s', 'baez', 'ARG'), ('t', 'etcheverry', 'ARG'))",US Open_2022,ARG,208.0,1,1,1.0,0.03937007874015748,0.18110236220472442,0.44663386059323634
"(('h', 'nys', 'MCO'), ('j', 'zielinski', 'POL'))",US Open_2022,POL,45.0,0,0,0.25,0.007874015748031496,0.007874015748031496,0.26074803145382347
"(('f', 'martin', 'FRA'), ('j', ""o'mara"", 'GBR'))",US Open_2022,GBR,60.0,0,0,0.25,0.031496062992125984,0.31496062992125984,0.44797245031032035
"(('a', 'vavassori', 'ITA'), ('l', 'sonego', 'ITA'))",US Open_2022,ITA,64.0,1,1,1.0,0.031496062992125984,0.031496062992125984,0.34131890230995465
"(('m', 'middelkoop', 'NLD'), ('r', 'bopanna', 'IND'))",US Open_2022,NLD,22.0,0,0,0.0,0.023622047244094488,0.031496062992125984,0.33907480430180637
"(('j', 'salisbury', 'GBR'), ('r', 'ram', 'USA'))",Wimbledon_2022,GBR,1.0,0,1,0.8875000476837158,0.10236220472440945,0.3228346456692913,0.4739370142427955
"(('c', 'taberner', 'ESP'), ('d', 'altmaier', 'DEU'))",Wimbledon_2022,ESP,779.0,0,0,0.25,0.031496062992125984,0.1968503937007874,0.4525196866210051
"(('f', 'martin', 'FRA'), ('h', 'nys', 'MCO'))",Wimbledon_2022,MCO,65.0,0,1,1.0,0.0,0.0,0.3845866173505783
"(('m', 'gonzález', 'ARG'), ('n', 'lammons', 'USA'))",Wimbledon_2022,USA,84.0,0,0,0.3625000119209289,0.12598425196850394,0.3228346456692913,0.4946515902172862
"(('a', 'nedovyesov', 'KAZ'), ('a', 'qureshi', 'PAK'))",Wimbledon_2022,PAK,54.0,0,0,0.1024999991059303,0.0,0.0,0.277204724395369
"(('j', 'duckworth', 'AUS'), ('m', 'giron', 'USA'))",Wimbledon_2022,USA,210.0,0,1,0.8875000476837158,0.12598425196850394,0.3228346456692913,0.4946515902172862
"(('d', 'hernández', 'ESP'), ('r', 'matos', 'BRA'))",Wimbledon_2022,ESP,42.0,0,0,0.75,0.031496062992125984,0.1968503937007874,0.4525196866210051
"(('j', 'clarke', 'GBR'), ('l', 'broady', 'GBR'))",Wimbledon_2022,GBR,498.0,1,1,1.0,0.10236220472440945,0.3228346456692913,0.4739370142427955
"(('n', 'mahut', 'FRA'), ('é', 'roger-vasselin', 'FRA'))",Wimbledon_2022,FRA,48.0,1,1,1.0,0.08661417322834646,0.09448818897637795,0.38110236538207437
"(('f', 'cerúndolo', 'ARG'), ('t', 'etcheverry', 'ARG'))",Wimbledon_2022,ARG,319.0,1,1,1.0,0.05511811023622047,0.1968503937007874,0.4525196866210051
"(('h', 'verdugo', 'MEX'), ('p', 'oswald', 'AUT'))",Wimbledon_2022,AUT,74.0,0,0,0.25,0.0,0.007874015748031496,0.36505905590188786
"(('h', 'reese', 'USA'), ('r', 'jebavý', 'CZE'))",Wimbledon_2022,USA,73.0,0,0,0.25,0.12598425196850394,0.3228346456692913,0.4946515902172862
"(('s', 'walków', 'POL'), ('ł', 'kubot', 'POL'))",Wimbledon_2022,POL,87.0,1,1,1.0,0.023622047244094488,0.023622047244094488,0.2768503936726277
"(('f', 'lópez', 'ESP'), ('m', 'cressy', 'USA'))",Wimbledon_2022,ESP,69.0,0,0,0.3625000119209289,0.031496062992125984,0.1968503937007874,0.4525196866210051
"(('a', 'krajicek', 'USA'), ('i', 'dodig', 'HRV'))",Wimbledon_2022,USA,19.0,0,0,0.25,0.12598425196850394,0.3228346456692913,0.4946515902172862
"(('s', 'johnson', 'USA'), ('s', 'querrey', 'USA'))",Wimbledon_2022,USA,85.0,1,1,1.0,0.12598425196850394,0.3228346456692913,0.4946515902172862
"(('n', 'skupski', 'GBR'), ('w', 'koolhof', 'NLD'))",Wimbledon_2022,GBR,8.0,0,0,0.5,0.10236220472440945,0.3228346456692913,0.4739370142427955
"(('d', 'schwartzman', 'ARG'), ('f', 'bagnis', 'ARG'))",Wimbledon_2022,ARG,121.0,1,1,1.0,0.05511811023622047,0.1968503937007874,0.4525196866210051
"(('j', 'smith', 'AUS'), ('p', 'martínez', 'ESP'))",Wimbledon_2022,AUS,99.0,0,0,0.25,0.047244094488188976,0.3228346456692913,0.4739370142427955
"(('a', 'golubev', 'KAZ'), ('d', 'molchanov', 'UKR'))",Wimbledon_2022,UKR,97.0,0,0,0.3382500112056732,0.0,0.0,0.26713779545205785
"(('j', 'vliegen', 'BEL'), ('j', 'withrow', 'USA'))",Wimbledon_2022,USA,79.0,0,0,0.3907500132918358,0.12598425196850394,0.3228346456692913,0.4946515902172862
"(('a', 'gray', 'GBR'), ('r', 'peniston', 'GBR'))",Wimbledon_2022,GBR,481.0,1,1,1.0,0.10236220472440945,0.3228346456692913,0.4739370142427955
"(('m', 'ebden', 'AUS'), ('m', 'purcell', 'AUS'))",Wimbledon_2022,AUS,34.0,1,1,1.0,0.047244094488188976,0.3228346456692913,0.4739370142427955
"(('a', 'göransson', 'SWE'), ('b', 'mclachlan', 'JPN'))",Wimbledon_2022,JPN,46.0,0,0,0.0,0.0,0.0,0.0
"(('b', 'soares', 'BRA'), ('j', 'murray', 'GBR'))",Wimbledon_2022,BRA,30.0,0,0,0.25,0.015748031496062992,0.03937007874015748,0.40812992363933503
"(('a', 'rinderknech', 'FRA'), ('b', 'bonzi', 'FRA'))",Wimbledon_2022,FRA,132.0,1,1,1.0,0.08661417322834646,0.09448818897637795,0.38110236538207437
"(('a', 'vavassori', 'ITA'), ('n', 'ćaćić', 'SRB'))",Wimbledon_2022,ITA,81.0,0,0,0.25,0.007874015748031496,0.007874015748031496,0.33618110553955466
"(('f', 'delbonis', 'ARG'), ('s', 'báez', 'ARG'))",Wimbledon_2022,ARG,142.0,1,1,1.0,0.05511811023622047,0.1968503937007874,0.4525196866210051
"(('j', 'sousa', 'PRT'), ('j', 'thompson', 'AUS'))",Wimbledon_2022,AUS,167.0,0,0,0.25,0.047244094488188976,0.3228346456692913,0.4739370142427955
"(('l', 'saville', 'AUS'), ('m', 'middelkoop', 'NLD'))",Wimbledon_2022,AUS,63.0,0,0,0.5,0.047244094488188976,0.3228346456692913,0.4739370142427955
"(('f', 'polášek', 'SVK'), ('j', 'peers', 'AUS'))",Wimbledon_2022,SVK,15.0,0,0,0.25,0.0,0.0,0.2689763779245962
"(('b', 'zandschulp', 'NLD'), ('m', 'mcdonald', 'USA'))",Wimbledon_2022,NLD,223.0,0,0,0.4625000059604645,0.03937007874015748,0.047244094488188976,0.3662204732247225
"(('j', 'cabal', 'COL'), ('r', 'farah', 'COL'))",Wimbledon_2022,COL,12.0,1,1,1.0,0.023622047244094488,0.1968503937007874,0.4525196866210051
"(('a', 'mannarino', 'FRA'), ('u', 'humbert', 'FRA'))",Wimbledon_2022,FRA,535.0,1,1,1.0,0.08661417322834646,0.09448818897637795,0.38110236538207437
"(('f', 'cabral', 'PRT'), ('n', 'borges', 'PRT'))",Wimbledon_2022,PRT,67.0,1,1,1.0,0.015748031496062992,0.03937007874015748,0.40812992363933503
"(('f', 'škugor', 'HRV'), ('t', 'huey', 'PHL'))",Wimbledon_2022,HRV,185.0,0,0,0.0,0.023622047244094488,0.05511811023622047,0.28472440942065924
"(('n', 'basilashvili', 'GEO'), ('r', 'albot', 'MDA'))",Wimbledon_2022,GEO,781.0,0,0,0.0,0.0,0.0,0.0
"(('q', 'halys', 'FRA'), ('s', 'arends', 'NLD'))",Wimbledon_2022,FRA,194.0,0,0,0.25,0.08661417322834646,0.09448818897637795,0.38110236538207437
"(('c', 'rodríguez', 'COL'), ('d', 'hidalgo', 'ECU'))",Wimbledon_2022,COL,93.0,0,1,1.0,0.023622047244094488,0.1968503937007874,0.4525196866210051
"(('a', 'bedene', 'SVN'), ('s', 'kwon', 'KOR'))",Wimbledon_2022,KOR,311.0,0,0,0.0,0.0,0.0,0.0
"(('a', 'molteni', 'ARG'), ('s', 'gonzález', 'MEX'))",Wimbledon_2022,ARG,38.0,0,1,1.0,0.05511811023622047,0.1968503937007874,0.4525196866210051
"(('h', 'patten', 'GBR'), ('j', 'cash', 'GBR'))",Wimbledon_2022,GBR,157.0,1,1,1.0,0.10236220472440945,0.3228346456692913,0.4739370142427955
"(('m', 'schnur', 'USA'), ('r', 'galloway', 'USA'))",Wimbledon_2022,USA,98.0,1,1,1.0,0.12598425196850394,0.3228346456692913,0.4946515902172862
"(('o', 'otte', 'DEU'), ('t', 'griekspoor', 'NLD'))",Wimbledon_2022,DEU,396.0,0,0,0.75,0.031496062992125984,0.031496062992125984,0.36505905590188786
"(('j', 'zieliński', 'POL'), ('k', 'majchrzak', 'POL'))",Wimbledon_2022,POL,55.0,1,1,1.0,0.023622047244094488,0.023622047244094488,0.2768503936726277
"(('d', 'lajović', 'SRB'), ('l', 'djere', 'SRB'))",Wimbledon_2022,SRB,308.0,1,1,1.0,0.015748031496062992,0.05511811023622047,0.28360236230797653
"(('d', 'kudla', 'USA'), ('j', 'sock', 'USA'))",Wimbledon_2022,USA,53.0,1,1,1.0,0.12598425196850394,0.3228346456692913,0.4946515902172862
"(('j', 'rojer', 'NLD'), ('m', 'arévalo', 'SLV'))",Wimbledon_2022,NLD,11.0,0,0,0.25,0.03937007874015748,0.047244094488188976,0.3662204732247225
"(('m', 'melo', 'BRA'), ('r', 'klaasen', 'ZAF'))",Wimbledon_2022,BRA,41.0,0,0,0.0,0.015748031496062992,0.03937007874015748,0.40812992363933503
"(('m', 'venus', 'NZL'), ('t', 'pütz', 'DEU'))",Wimbledon_2022,NZL,9.0,0,0,0.5,0.0,0.3228346456692913,0.4739370142427955
"(('j', ""o'mara"", 'GBR'), ('k', 'skupski', 'GBR'))",Wimbledon_2022,GBR,107.0,1,1,1.0,0.10236220472440945,0.3228346456692913,0.4739370142427955
"(('a', 'tabilo', 'CHL'), ('j', 'peralta', 'CHL'))",Wimbledon_2022,CHL,375.0,1,1,1.0,0.007874015748031496,0.1968503937007874,0.4525196866210051
"(('a', 'fery', 'GBR'), ('f', 'gill', 'GBR'))",Wimbledon_2022,GBR,532.0,1,1,1.0,0.10236220472440945,0.3228346456692913,0.4739370142427955
"(('a', 'behar', 'URY'), ('g', 'escobar', 'ECU'))",Wimbledon_2022,ECU,44.0,0,1,1.0,0.007874015748031496,0.1968503937007874,0.4525196866210051
"(('a', 'mies', 'DEU'), ('k', 'krawietz', 'DEU'))",Wimbledon_2022,DEU,36.0,1,1,1.0,0.031496062992125984,0.031496062992125984,0.36505905590188786
"(('f', 'reboul', 'FRA'), ('s', 'doumbia', 'FRA'))",Wimbledon_2022,FRA,76.0,1,1,1.0,0.08661417322834646,0.09448818897637795,0.38110236538207437
"(('h', 'heliövaara', 'FIN'), ('l', 'glasspool', 'GBR'))",Wimbledon_2022,FIN,32.0,0,0,0.0,0.0,0.007874015748031496,0.0
"(('h', 'gaston', 'FRA'), ('l', 'musetti', 'ITA'))",Wimbledon_2022,ITA,539.0,0,0,0.5,0.007874015748031496,0.007874015748031496,0.33618110553955466
"(('c', 'ruud', 'NOR'), ('w', 'blumberg', 'USA'))",Wimbledon_2022,NOR,199.0,0,0,0.4625000059604645,0.0,0.0,0.3343700795239351
"(('m', 'reyes-varela', 'MEX'), ('n', 'barrientos', 'COL'))",Wimbledon_2022,MEX,68.0,0,1,1.0,0.015748031496062992,0.1968503937007874,0.4525196866210051
"(('n', 'monroe', 'USA'), ('t', 'paul', 'USA'))",Wimbledon_2022,USA,106.0,1,1,1.0,0.12598425196850394,0.3228346456692913,0.4946515902172862
"(('r', 'ramanathan', 'IND'), ('t', 'brkić', 'BIH'))",Wimbledon_2022,IND,70.0,0,0,0.0,0.0,0.3228346456692913,0.0
"(('m', 'pavić', 'HRV'), ('n', 'mektić', 'HRV'))",Wimbledon_2022,HRV,3.0,1,1,1.0,0.023622047244094488,0.05511811023622047,0.28472440942065924
"(('a', 'viñolas', 'ESP'), ('b', 'paire', 'FRA'))",Wimbledon_2022,ESP,333.0,0,0,0.5,0.031496062992125984,0.1968503937007874,0.4525196866210051
"(('n', 'skupski', 'GBR'), ('w', 'koolhof', 'NLD'))",Australian Open_2023,GBR,3.0,0,0,0.5,0.03937007874015748,0.2992125984251969,0.4200393735165671
"(('a', 'bublik', 'KAZ'), ('j', 'smith', 'AUS'))",Australian Open_2023,AUS,78.0,0,0,0.1024999991059303,0.11023622047244094,0.2992125984251969,0.4200393735165671
"(('j', 'salisbury', 'GBR'), ('r', 'ram', 'USA'))",Australian Open_2023,GBR,2.0,0,1,0.8875000476837158,0.03937007874015748,0.2992125984251969,0.4200393735165671
"(('c', 'lestienne', 'FRA'), ('m', 'giron', 'USA'))",Australian Open_2023,FRA,638.0,0,0,0.2875000238418579,0.08661417322834646,0.10236220472440945,0.3792913402229782
"(('j', 'rojer', 'NLD'), ('m', 'arevalo', 'SLV'))",Australian Open_2023,NLD,6.0,0,0,0.25,0.023622047244094488,0.03937007874015748,0.33645669343199314
"(('d', 'hidalgo', 'ECU'), ('e', 'ruusuvuori', 'FIN'))",Australian Open_2023,FIN,827.0,0,0,0.0,0.007874015748031496,0.015748031496062992,0.007874015748031496
"(('m', 'pavic', 'HRV'), ('n', 'mektic', 'HRV'))",Australian Open_2023,HRV,5.0,1,1,1.0,0.023622047244094488,0.05511811023622047,0.265748031496063
"(('a', 'molteni', 'ARG'), ('m', 'gonzalez', 'ARG'))",Australian Open_2023,ARG,37.0,1,1,1.0,0.08661417322834646,0.23622047244094488,0.4582283474117752
"(('h', 'heliovaara', 'FIN'), ('l', 'glasspool', 'GBR'))",Australian Open_2023,FIN,11.0,0,0,0.0,0.007874015748031496,0.015748031496062992,0.007874015748031496
"(('j', 'withrow', 'USA'), ('n', 'lammons', 'USA'))",Australian Open_2023,USA,46.0,1,1,1.0,0.06299212598425197,0.2992125984251969,0.43764765349429424
"(('h', 'zeballos', 'ARG'), ('m', 'granollers', 'ESP'))",Australian Open_2023,ARG,14.0,0,1,1.0,0.08661417322834646,0.23622047244094488,0.4582283474117752
"(('l', 'martinez', 'CHE'), ('s', 'baez', 'ARG'))",Australian Open_2023,CHE,97.0,0,0,0.3149999976158142,0.007874015748031496,0.007874015748031496,0.35985905434906956
"(('j', 'murray', 'GBR'), ('m', 'venus', 'NZL'))",Australian Open_2023,NZL,15.0,0,1,1.0,0.0,0.2992125984251969,0.4200393735165671
"(('c', 'rodriguez', 'COL'), ('h', 'reese', 'USA'))",Australian Open_2023,USA,83.0,0,0,0.3625000119209289,0.06299212598425197,0.2992125984251969,0.43764765349429424
"(('j', 'cabal', 'COL'), ('r', 'farah', 'COL'))",Australian Open_2023,COL,27.0,1,1,1.0,0.023622047244094488,0.2204724409448819,0.4582283474117752
"(('d', 'altmaier', 'DEU'), ('j', 'varillas', 'PER'))",Australian Open_2023,PER,808.0,0,0,0.25,0.0,0.10236220472440945,0.4582283474117752
"(('a', 'mies', 'DEU'), ('j', 'peers', 'AUS'))",Australian Open_2023,AUS,38.0,0,0,0.5,0.11023622047244094,0.2992125984251969,0.4200393735165671
"(('s', 'myneni', 'IND'), ('y', 'bhambri', 'IND'))",Australian Open_2023,IND,74.0,1,1,1.0,0.03937007874015748,0.2992125984251969,0.03937007874015748
"(('e', 'roger-vasselin', 'FRA'), ('s', 'gonzalez', 'MEX'))",Australian Open_2023,FRA,32.0,0,0,0.5,0.08661417322834646,0.10236220472440945,0.3792913402229782
"(('a', 'karatsev', 'RUS'), ('d', 'lajovic', 'SRB'))",Australian Open_2023,SRB,554.0,0,0,0.5,0.015748031496062992,0.05511811023622047,0.2646259843833803
"(('m', 'middelkoop', 'NLD'), ('r', 'haase', 'NLD'))",Australian Open_2023,NLD,21.0,1,1,1.0,0.023622047244094488,0.03937007874015748,0.33645669343199314
"(('h', 'dellien', 'BOL'), ('r', 'baena', 'ESP'))",Australian Open_2023,BOL,228.0,0,1,0.5400000214576721,0.0,0.14960629921259844,0.24939922340624912
"(('a', 'behar', 'URY'), ('n', 'barrientos', 'COL'))",Australian Open_2023,URY,48.0,0,1,1.0,0.0,0.2204724409448819,0.4582283474117752
"(('n', 'mahut', 'FRA'), ('t', 'puetz', 'DEU'))",Australian Open_2023,DEU,18.0,0,0,0.25,0.015748031496062992,0.015748031496062992,0.3409842525246575
"(('a', 'bolt', 'AUS'), ('l', 'saville', 'AUS'))",Australian Open_2023,AUS,81.0,1,1,1.0,0.11023622047244094,0.2992125984251969,0.4200393735165671
"(('d', 'schwartzman', 'ARG'), ('f', 'coria', 'ARG'))",Australian Open_2023,ARG,109.0,1,1,1.0,0.08661417322834646,0.23622047244094488,0.4582283474117752
"(('a', 'rinderknech', 'FRA'), ('b', 'bonzi', 'FRA'))",Australian Open_2023,FRA,355.0,1,1,1.0,0.08661417322834646,0.10236220472440945,0.3792913402229782
"(('a', 'vukic', 'AUS'), ('j', 'millman', 'AUS'))",Australian Open_2023,AUS,887.0,1,1,1.0,0.11023622047244094,0.2992125984251969,0.4200393735165671
"(('g', 'escobar', 'ECU'), ('t', 'brkic', 'BIH'))",Australian Open_2023,ECU,44.0,0,0,0.25,0.007874015748031496,0.2204724409448819,0.4582283474117752
"(('i', 'sabanov', 'SRB'), ('m', 'sabanov', 'HRV'))",Australian Open_2023,HRV,95.0,0,1,0.75,0.023622047244094488,0.05511811023622047,0.265748031496063
"(('a', 'qureshi', 'PAK'), ('n', 'cacic', 'SRB'))",Australian Open_2023,PAK,76.0,0,0,0.25,0.0,0.0,0.26529527561167093
"(('f', 'cabral', 'PRT'), ('j', 'sousa', 'PRT'))",Australian Open_2023,PRT,141.0,1,1,1.0,0.007874015748031496,0.031496062992125984,0.40529527704312107
"(('h', 'patten', 'GBR'), ('j', 'cash', 'GBR'))",Australian Open_2023,GBR,63.0,1,1,1.0,0.03937007874015748,0.2992125984251969,0.4200393735165671
"(('g', 'pella', 'ARG'), ('p', 'cachin', 'ARG'))",Australian Open_2023,ARG,977.0,1,1,1.0,0.08661417322834646,0.23622047244094488,0.4582283474117752
"(('f', 'martin', 'FRA'), ('j', 'chardy', 'FRA'))",Australian Open_2023,FRA,58.0,1,1,1.0,0.08661417322834646,0.10236220472440945,0.3792913402229782
"(('a', 'olivetti', 'FRA'), ('m', 'cressy', 'USA'))",Australian Open_2023,FRA,67.0,0,0,0.2875000238418579,0.08661417322834646,0.10236220472440945,0.3792913402229782
"(('a', 'vavassori', 'ITA'), ('m', 'demoliner', 'BRA'))",Australian Open_2023,ITA,53.0,0,0,0.5,0.015748031496062992,0.015748031496062992,0.3346456710067321
"(('j', 'vliegen', 'BEL'), ('s', 'gille', 'BEL'))",Australian Open_2023,BEL,51.0,1,1,1.0,0.007874015748031496,0.15748031496062992,0.36321732381314725
"(('f', 'reboul', 'FRA'), ('s', 'doumbia', 'FRA'))",Australian Open_2023,FRA,57.0,1,1,1.0,0.08661417322834646,0.10236220472440945,0.3792913402229782
"(('f', 'fognini', 'ITA'), ('s', 'bolelli', 'ITA'))",Australian Open_2023,ITA,26.0,1,1,1.0,0.015748031496062992,0.015748031496062992,0.3346456710067321
"(('a', 'erler', 'AUT'), ('l', 'miedler', 'AUT'))",Australian Open_2023,AUT,54.0,1,1,1.0,0.015748031496062992,0.031496062992125984,0.3409842525246575
"(('m', 'ebden', 'AUS'), ('r', 'bopanna', 'IND'))",Australian Open_2023,AUS,24.0,0,1,0.0,0.11023622047244094,0.2992125984251969,0.4200393735165671
"(('a', 'golubev', 'KAZ'), ('a', 'nedovyesov', 'KAZ'))",Australian Open_2023,KAZ,59.0,1,1,1.0,0.015748031496062992,0.023622047244094488,0.117876771309479
"(('d', 'sweeny', 'AUS'), ('l', 'tu', 'AUS'))",Australian Open_2023,AUS,197.0,1,1,1.0,0.11023622047244094,0.2992125984251969,0.4200393735165671
"(('a', 'goransson', 'SWE'), ('m', 'huesler', 'CHE'))",Australian Open_2023,CHE,344.0,0,0,0.4350000023841858,0.007874015748031496,0.007874015748031496,0.35985905434906956
"(('a', 'mannarino', 'FRA'), ('q', 'halys', 'FRA'))",Australian Open_2023,FRA,127.0,1,1,1.0,0.08661417322834646,0.10236220472440945,0.3792913402229782
"(('l', 'harris', 'ZAF'), ('r', 'klaasen', 'ZAF'))",Australian Open_2023,ZAF,56.0,1,1,1.0,0.007874015748031496,0.2992125984251969,0.007874015748031496
"(('p', 'martinez', 'ESP'), ('t', 'monteiro', 'BRA'))",Australian Open_2023,ESP,85.0,0,0,0.75,0.03937007874015748,0.2283464566929134,0.4582283474117752
"(('j', 'kubler', 'AUS'), ('r', 'hijikata', 'AUS'))",Australian Open_2023,AUS,163.0,1,1,1.0,0.11023622047244094,0.2992125984251969,0.4200393735165671
"(('h', 'verdugo', 'MEX'), ('j', 'isner', 'USA'))",Australian Open_2023,USA,20.0,0,0,0.3625000119209289,0.06299212598425197,0.2992125984251969,0.43764765349429424
"(('a', 'molcan', 'SVK'), ('j', 'lehecka', 'CZE'))",Australian Open_2023,SVK,820.0,0,0,0.75,0.0,0.0,0.24803149606299213
"(('f', 'cerundolo', 'ARG'), ('t', 'etcheverry', 'ARG'))",Australian Open_2023,ARG,236.0,1,1,1.0,0.08661417322834646,0.23622047244094488,0.4582283474117752
"(('b', 'mclachlan', 'JPN'), ('y', 'nishioka', 'JPN'))",Australian Open_2023,JPN,439.0,1,1,1.0,0.007874015748031496,0.007874015748031496,0.007874015748031496
"(('a', 'ramos-vinolas', 'ESP'), ('b', 'miralles', 'ESP'))",Australian Open_2023,ESP,556.0,1,1,1.0,0.03937007874015748,0.2283464566929134,0.4582283474117752
"(('j', 'nedunchezhiyan', 'IND'), ('n', 'balaji', 'IND'))",Australian Open_2023,IND,101.0,1,1,1.0,0.03937007874015748,0.2992125984251969,0.03937007874015748
"(('a', 'krajicek', 'USA'), ('i', 'dodig', 'HRV'))",Australian Open_2023,USA,9.0,0,0,0.25,0.06299212598425197,0.2992125984251969,0.43764765349429424
"(('h', 'nys', 'MCO'), ('j', 'zielinski', 'POL'))",Australian Open_2023,POL,36.0,0,0,0.25,0.0,0.0,0.24606299212598426
"(('d', 'hernandez', 'ESP'), ('r', 'matos', 'BRA'))",Australian Open_2023,ESP,31.0,0,0,0.75,0.03937007874015748,0.2283464566929134,0.4582283474117752
"(('a', 'popyrin', 'AUS'), ('m', 'polmans', 'AUS'))",Australian Open_2023,AUS,268.0,1,1,1.0,0.11023622047244094,0.2992125984251969,0.4200393735165671
"(('f', 'bagnis', 'ARG'), ('r', 'galloway', 'USA'))",Australian Open_2023,USA,87.0,0,0,0.3625000119209289,0.06299212598425197,0.2992125984251969,0.43764765349429424
"(('j', 'thompson', 'AUS'), ('m', 'purcell', 'AUS'))",Australian Open_2023,AUS,453.0,1,1,1.0,0.11023622047244094,0.2992125984251969,0.4200393735165671
"(('g', 'duran', 'ARG'), ('p', 'oswald', 'AUT'))",Australian Open_2023,AUT,69.0,0,0,0.25,0.015748031496062992,0.031496062992125984,0.3409842525246575
"(('p', 'tsitsipas', 'GRC'), ('s', 'tsitsipas', 'GRC'))",Australian Open_2023,GRC,143.0,1,1,1.0,0.007874015748031496,0.007874015748031496,0.22789370080852134
"(('m', 'reyes-varela', 'MEX'), ('r', 'ramanathan', 'IND'))",Australian Open_2023,IND,89.0,0,0,0.0,0.03937007874015748,0.2992125984251969,0.03937007874015748
"(('n', 'skupski', 'GBR'), ('w', 'koolhof', 'NLD'))",Roland Garros_2023,GBR,1.0,0,0,0.5,0.03937007874015748,0.2440944881889764,0.3896259880652578
"(('a', 'golubev', 'KAZ'), ('g', 'escobar', 'ECU'))",Roland Garros_2023,KAZ,81.0,0,0,0.1024999991059303,0.015748031496062992,0.015748031496062992,0.11464842493961175
"(('j', 'salisbury', 'GBR'), ('r', 'ram', 'USA'))",Roland Garros_2023,GBR,4.0,0,1,0.8875000476837158,0.03937007874015748,0.2440944881889764,0.3896259880652578
"(('g', 'pella', 'ARG'), ('h', 'dellien', 'BOL'))",Roland Garros_2023,ARG,1004.0,0,1,0.5400000214576721,0.06299212598425197,0.2047244094488189,0.45714567034028647
"(('j', 'rojer', 'NLD'), ('m', 'arevalo', 'SLV'))",Roland Garros_2023,NLD,6.0,0,0,0.25,0.03937007874015748,0.05511811023622047,0.34403543363640626
"(('p', 'tsitsipas', 'GRC'), ('s', 'tsitsipas', 'GRC'))",Roland Garros_2023,GRC,115.0,1,1,1.0,0.007874015748031496,0.007874015748031496,0.22789370080852134
"(('a', 'krajicek', 'USA'), ('i', 'dodig', 'HRV'))",Roland Garros_2023,USA,5.0,0,0,0.25,0.07086614173228346,0.2440944881889764,0.41481300707407825
"(('g', 'duran', 'ARG'), ('s', 'baez', 'ARG'))",Roland Garros_2023,ARG,78.0,1,1,1.0,0.06299212598425197,0.2047244094488189,0.45714567034028647
"(('h', 'heliovaara', 'FIN'), ('l', 'glasspool', 'GBR'))",Roland Garros_2023,FIN,10.0,0,0,0.0,0.0,0.007874015748031496,0.001968503937007874
"(('a', 'erler', 'AUT'), ('l', 'miedler', 'AUT'))",Roland Garros_2023,AUT,35.0,1,1,1.0,0.023622047244094488,0.03937007874015748,0.34856299272907065
"(('h', 'nys', 'MCO'), ('j', 'zielinski', 'POL'))",Roland Garros_2023,POL,12.0,0,0,0.25,0.0,0.0,0.23818897637795275
"(('e', 'roger-vasselin', 'FRA'), ('s', 'gonzalez', 'MEX'))",Roland Garros_2023,FRA,16.0,0,0,0.5,0.15748031496062992,0.1732283464566929,0.43273622230047315
"(('a', 'goransson', 'SWE'), ('b', 'mclachlan', 'JPN'))",Roland Garros_2023,JPN,73.0,0,0,0.0,0.0,0.0,0.0
"(('h', 'zeballos', 'ARG'), ('m', 'granollers', 'ESP'))",Roland Garros_2023,ARG,20.0,0,1,1.0,0.06299212598425197,0.2047244094488189,0.45714567034028647
"(('b', 'stevens', 'NLD'), ('t', 'griekspoor', 'NLD'))",Roland Garros_2023,NLD,117.0,1,1,1.0,0.03937007874015748,0.05511811023622047,0.34403543363640626
"(('k', 'krawietz', 'DEU'), ('t', 'puetz', 'DEU'))",Roland Garros_2023,DEU,23.0,1,1,1.0,0.023622047244094488,0.023622047244094488,0.34856299272907065
"(('v', 'cornea', 'ROU'), ('z', 'zhang', 'CHN'))",Roland Garros_2023,CHN,626.0,0,0,0.0,0.007874015748031496,0.007874015748031496,0.007874015748031496
"(('a', 'mies', 'DEU'), ('m', 'middelkoop', 'NLD'))",Roland Garros_2023,DEU,28.0,0,0,0.75,0.023622047244094488,0.023622047244094488,0.34856299272907065
"(('a', 'bublik', 'KAZ'), ('m', 'fucsovics', 'HUN'))",Roland Garros_2023,HUN,543.0,0,0,0.0,0.0,0.0,0.001968503937007874
"(('j', 'murray', 'GBR'), ('m', 'venus', 'NZL'))",Roland Garros_2023,NZL,19.0,0,1,1.0,0.0,0.2440944881889764,0.3896259880652578
"(('d', 'hernandez', 'ESP'), ('d', 'hidalgo', 'ECU'))",Roland Garros_2023,ESP,40.0,0,1,1.0,0.03937007874015748,0.1968503937007874,0.45714567034028647
"(('a', 'molteni', 'ARG'), ('m', 'gonzalez', 'ARG'))",Roland Garros_2023,ARG,25.0,1,1,1.0,0.06299212598425197,0.2047244094488189,0.45714567034028647
"(('f', 'martin', 'FRA'), ('j', 'chardy', 'FRA'))",Roland Garros_2023,FRA,21.0,1,1,1.0,0.15748031496062992,0.1732283464566929,0.43273622230047315
"(('r', 'arneodo', 'MCO'), ('s', 'weissborn', 'AUT'))",Roland Garros_2023,AUT,56.0,0,0,0.25,0.023622047244094488,0.03937007874015748,0.34856299272907065
"(('p', 'oswald', 'AUT'), ('r', 'haase', 'NLD'))",Roland Garros_2023,AUT,72.0,0,0,0.75,0.023622047244094488,0.03937007874015748,0.34856299272907065
"(('l', 'sanchez', 'FRA'), ('t', 'arribage', 'FRA'))",Roland Garros_2023,FRA,167.0,1,1,1.0,0.15748031496062992,0.1732283464566929,0.43273622230047315
"(('a', 'fils', 'FRA'), ('g', 'perricard', 'FRA'))",Roland Garros_2023,FRA,749.0,1,1,1.0,0.15748031496062992,0.1732283464566929,0.43273622230047315
"(('n', 'barrientos', 'COL'), ('r', 'galloway', 'USA'))",Roland Garros_2023,USA,79.0,0,0,0.3625000119209289,0.07086614173228346,0.2440944881889764,0.41481300707407825
"(('a', 'olivetti', 'FRA'), ('d', 'added', 'FRA'))",Roland Garros_2023,FRA,63.0,1,1,1.0,0.15748031496062992,0.1732283464566929,0.43273622230047315
"(('a', 'behar', 'URY'), ('a', 'pavlasek', 'CZE'))",Roland Garros_2023,CZE,87.0,0,0,0.25,0.007874015748031496,0.007874015748031496,0.2421259842519685
"(('a', 'ramos-vinolas', 'ESP'), ('b', 'miralles', 'ESP'))",Roland Garros_2023,ESP,561.0,1,1,1.0,0.03937007874015748,0.1968503937007874,0.45714567034028647
"(('s', 'myneni', 'IND'), ('y', 'bhambri', 'IND'))",Roland Garros_2023,IND,76.0,1,1,1.0,0.031496062992125984,0.2440944881889764,0.031496062992125984
"(('a', 'rinderknech', 'FRA'), ('e', 'couacaud', 'FRA'))",Roland Garros_2023,FRA,153.0,1,1,1.0,0.15748031496062992,0.1732283464566929,0.43273622230047315
"(('f', 'fognini', 'ITA'), ('s', 'bolelli', 'ITA'))",Roland Garros_2023,ITA,52.0,1,1,1.0,0.015748031496062992,0.015748031496062992,0.34872047434406955
"(('j', 'struff', 'DEU'), ('t', 'kokkinakis', 'AUS'))",Roland Garros_2023,DEU,178.0,0,0,0.5,0.023622047244094488,0.023622047244094488,0.34856299272907065
"(('j', 'cabal', 'COL'), ('r', 'farah', 'COL'))",Roland Garros_2023,COL,61.0,1,1,1.0,0.015748031496062992,0.1889763779527559,0.45714567034028647
"(('g', 'andreozzi', 'ARG'), ('t', 'etcheverry', 'ARG'))",Roland Garros_2023,ARG,210.0,1,1,1.0,0.06299212598425197,0.2047244094488189,0.45714567034028647
"(('f', 'cabral', 'PRT'), ('r', 'matos', 'BRA'))",Roland Garros_2023,BRA,38.0,0,1,1.0,0.023622047244094488,0.031496062992125984,0.4117913401760454
"(('j', 'kubler', 'AUS'), ('r', 'hijikata', 'AUS'))",Roland Garros_2023,AUS,27.0,1,1,1.0,0.05511811023622047,0.2440944881889764,0.3896259880652578
"(('p', 'cachin', 'ARG'), ('y', 'wu', 'CHN'))",Roland Garros_2023,CHN,1170.0,0,0,0.0,0.007874015748031496,0.007874015748031496,0.007874015748031496
"(('l', 'assche', 'FRA'), ('s', 'wayenburg', 'FRA'))",Roland Garros_2023,FRA,596.0,1,1,1.0,0.15748031496062992,0.1732283464566929,0.43273622230047315
"(('j', 'munar', 'ESP'), ('r', 'baena', 'ESP'))",Roland Garros_2023,ESP,195.0,1,1,1.0,0.03937007874015748,0.1968503937007874,0.45714567034028647
"(('l', 'harris', 'ZAF'), ('r', 'klaasen', 'ZAF'))",Roland Garros_2023,ZAF,90.0,1,1,1.0,0.007874015748031496,0.2440944881889764,0.007874015748031496
"(('f', 'reboul', 'FRA'), ('s', 'doumbia', 'FRA'))",Roland Garros_2023,FRA,45.0,1,1,1.0,0.15748031496062992,0.1732283464566929,0.43273622230047315
"(('m', 'ebden', 'AUS'), ('r', 'bopanna', 'IND'))",Roland Garros_2023,AUS,17.0,0,1,0.0,0.05511811023622047,0.2440944881889764,0.3896259880652578
"(('h', 'mayot', 'FRA'), ('j', 'eysseric', 'FRA'))",Roland Garros_2023,FRA,826.0,1,1,1.0,0.15748031496062992,0.1732283464566929,0.43273622230047315
"(('c', 'eubanks', 'USA'), ('j', 'smith', 'AUS'))",Roland Garros_2023,AUS,97.0,0,1,0.8875000476837158,0.05511811023622047,0.2440944881889764,0.3896259880652578
"(('j', 'vliegen', 'BEL'), ('s', 'gille', 'BEL'))",Roland Garros_2023,BEL,42.0,1,1,1.0,0.007874015748031496,0.25196850393700787,0.3930854341540279
"(('m', 'pavic', 'HRV'), ('n', 'mektic', 'HRV'))",Roland Garros_2023,HRV,13.0,1,1,1.0,0.015748031496062992,0.023622047244094488,0.24803149606299213
"(('m', 'giron', 'USA'), ('m', 'mcdonald', 'USA'))",Roland Garros_2023,USA,59.0,1,1,1.0,0.07086614173228346,0.2440944881889764,0.41481300707407825
"(('n', 'mahut', 'FRA'), ('p', 'herbert', 'FRA'))",Roland Garros_2023,FRA,39.0,1,1,1.0,0.15748031496062992,0.1732283464566929,0.43273622230047315
"(('m', 'huesler', 'CHE'), ('n', 'jarry', 'CHL'))",Roland Garros_2023,CHL,321.0,0,0,0.3149999976158142,0.0,0.1889763779527559,0.45714567034028647
"(('a', 'vavassori', 'ITA'), ('m', 'demoliner', 'BRA'))",Roland Garros_2023,ITA,44.0,0,0,0.5,0.015748031496062992,0.015748031496062992,0.34872047434406955
"(('a', 'popyrin', 'AUS'), ('i', 'ivashka', 'BLR'))",Roland Garros_2023,AUS,457.0,0,0,0.25,0.05511811023622047,0.2440944881889764,0.3896259880652578
"(('j', 'nedunchezhiyan', 'IND'), ('n', 'balaji', 'IND'))",Roland Garros_2023,IND,86.0,1,1,1.0,0.031496062992125984,0.2440944881889764,0.031496062992125984
"(('l', 'martinez', 'CHE'), ('r', 'jebavy', 'CZE'))",Roland Garros_2023,CHE,95.0,0,0,0.25,0.007874015748031496,0.007874015748031496,0.383733069669074
"(('j', 'varillas', 'PER'), ('t', 'monteiro', 'BRA'))",Roland Garros_2023,PER,290.0,0,0,0.75,0.0,0.07874015748031496,0.45714567034028647
"(('j', 'peers', 'AUS'), ('m', 'melo', 'BRA'))",Roland Garros_2023,AUS,37.0,0,0,0.25,0.05511811023622047,0.2440944881889764,0.3896259880652578
"(('m', 'kecmanovic', 'SRB'), ('w', 'blumberg', 'USA'))",Roland Garros_2023,SRB,127.0,0,0,0.25,0.0,0.023622047244094488,0.2440944881889764
"(('a', 'nedovyesov', 'KAZ'), ('m', 'reyes-varela', 'MEX'))",Roland Garros_2023,MEX,74.0,0,0,0.1024999991059303,0.007874015748031496,0.1889763779527559,0.45714567034028647
"(('j', 'withrow', 'USA'), ('n', 'lammons', 'USA'))",Roland Garros_2023,USA,32.0,1,1,1.0,0.07086614173228346,0.2440944881889764,0.41481300707407825
"(('b', 'shelton', 'USA'), ('m', 'purcell', 'AUS'))",Roland Garros_2023,USA,141.0,0,1,0.8875000476837158,0.07086614173228346,0.2440944881889764,0.41481300707407825
"(('h', 'patten', 'GBR'), ('j', 'cash', 'GBR'))",Roland Garros_2023,GBR,50.0,1,1,1.0,0.03937007874015748,0.2440944881889764,0.3896259880652578
"(('n', 'skupski', 'GBR'), ('w', 'koolhof', 'NLD'))",US Open_2023,GBR,1.0,0,0,0.5,0.03937007874015748,0.3228346456692913,0.4667913472417771
"(('b', 'shelton', 'USA'), ('c', 'eubanks', 'USA'))",US Open_2023,USA,80.0,1,1,1.0,0.1732283464566929,0.3228346456692913,0.4953385956409409
"(('j', 'cabal', 'COL'), ('r', 'farah', 'COL'))",US Open_2023,COL,68.0,1,1,1.0,0.023622047244094488,0.14960629921259844,0.4262007895088571
"(('e', 'quinn', 'USA'), ('n', 'godsick', 'USA'))",US Open_2023,USA,398.0,1,1,1.0,0.1732283464566929,0.3228346456692913,0.4953385956409409
"(('a', 'behar', 'URY'), ('a', 'pavlásek', 'CZE'))",US Open_2023,CZE,59.0,0,0,0.25,0.0,0.0,0.2512598424915254
"(('b', 'zandschulp', 'NLD'), ('p', 'oswald', 'AUT'))",US Open_2023,NLD,66.0,0,0,0.75,0.05511811023622047,0.07086614173228346,0.3855708672821991
"(('j', 'withrow', 'USA'), ('n', 'lammons', 'USA'))",US Open_2023,USA,31.0,1,1,1.0,0.1732283464566929,0.3228346456692913,0.4953385956409409
"(('g', 'durán', 'ARG'), ('t', 'etcheverry', 'ARG'))",US Open_2023,ARG,589.0,1,1,1.0,0.047244094488188976,0.15748031496062992,0.4262007895088571
"(('g', 'barrère', 'FRA'), ('q', 'halys', 'FRA'))",US Open_2023,FRA,210.0,1,1,1.0,0.10236220472440945,0.11811023622047244,0.3903346498603896
"(('k', 'krawietz', 'DEU'), ('t', 'pütz', 'DEU'))",US Open_2023,DEU,24.0,1,1,1.0,0.015748031496062992,0.015748031496062992,0.38616141850084773
"(('h', 'patten', 'GBR'), ('j', 'cash', 'GBR'))",US Open_2023,GBR,62.0,1,1,1.0,0.03937007874015748,0.3228346456692913,0.4667913472417771
"(('s', 'johnson', 'USA'), ('w', 'blumberg', 'USA'))",US Open_2023,USA,133.0,1,1,1.0,0.1732283464566929,0.3228346456692913,0.4953385956409409
"(('a', 'golubev', 'KAZ'), ('r', 'safiullin', 'RUS'))",US Open_2023,RUS,802.0,0,1,0.4099999964237213,0.007874015748031496,0.023622047244094488,0.260984251818319
"(('a', 'kovacevic', 'USA'), ('n', 'alboran', 'USA'))",US Open_2023,USA,530.0,1,1,1.0,0.1732283464566929,0.3228346456692913,0.4953385956409409
"(('m', 'ebden', 'AUS'), ('r', 'bopanna', 'IND'))",US Open_2023,AUS,11.0,0,1,0.0,0.05511811023622047,0.3228346456692913,0.4667913472417771
"(('a', 'vukic', 'AUS'), ('c', ""o'connell"", 'AUS'))",US Open_2023,AUS,458.0,1,1,1.0,0.05511811023622047,0.3228346456692913,0.4667913472417771
"(('j', 'rojer', 'NLD'), ('m', 'arévalo', 'SLV'))",US Open_2023,NLD,8.0,0,0,0.25,0.05511811023622047,0.07086614173228346,0.3855708672821991
"(('d', 'molchanov', 'UKR'), ('d', 'pel', 'NLD'))",US Open_2023,NLD,76.0,0,0,0.25,0.05511811023622047,0.07086614173228346,0.3855708672821991
"(('b', 'stevens', 'NLD'), ('m', 'arnaldi', 'ITA'))",US Open_2023,NLD,83.0,0,0,0.25,0.05511811023622047,0.07086614173228346,0.3855708672821991
"(('l', 'martínez', 'CHE'), ('s', 'báez', 'ARG'))",US Open_2023,CHE,93.0,0,0,0.3149999976158142,0.007874015748031496,0.007874015748031496,0.4005314949882312
"(('a', 'olivetti', 'FRA'), ('r', 'galloway', 'USA'))",US Open_2023,FRA,65.0,0,0,0.2875000238418579,0.10236220472440945,0.11811023622047244,0.3903346498603896
"(('j', 'isner', 'USA'), ('j', 'sock', 'USA'))",US Open_2023,USA,199.0,1,1,1.0,0.1732283464566929,0.3228346456692913,0.4953385956409409
"(('h', 'heliövaara', 'FIN'), ('l', 'glasspool', 'GBR'))",US Open_2023,FIN,25.0,0,0,0.0,0.0,0.007874015748031496,0.001968503937007874
"(('j', 'peers', 'AUS'), ('m', 'melo', 'BRA'))",US Open_2023,AUS,39.0,0,0,0.25,0.05511811023622047,0.3228346456692913,0.4667913472417771
"(('j', 'murray', 'GBR'), ('m', 'venus', 'NZL'))",US Open_2023,NZL,26.0,0,1,1.0,0.0,0.3228346456692913,0.4667913472417771
"(('a', 'nedovyesov', 'KAZ'), ('g', 'escobar', 'ECU'))",US Open_2023,KAZ,45.0,0,0,0.1024999991059303,0.007874015748031496,0.023622047244094488,0.11545866193968479
"(('n', 'mahut', 'FRA'), ('p', 'herbert', 'FRA'))",US Open_2023,FRA,40.0,1,1,1.0,0.10236220472440945,0.11811023622047244,0.3903346498603896
"(('a', 'popyrin', 'AUS'), ('m', 'fucsovics', 'HUN'))",US Open_2023,AUS,244.0,0,0,0.0,0.05511811023622047,0.3228346456692913,0.4667913472417771
"(('l', 'harris', 'ZAF'), ('m', 'kecmanović', 'SRB'))",US Open_2023,SRB,218.0,0,0,0.0,0.015748031496062992,0.03937007874015748,0.2650393700505805
"(('j', 'thompson', 'AUS'), ('m', 'purcell', 'AUS'))",US Open_2023,AUS,109.0,1,1,1.0,0.05511811023622047,0.3228346456692913,0.4667913472417771
"(('h', 'zeballos', 'ARG'), ('m', 'granollers', 'ESP'))",US Open_2023,ARG,16.0,0,1,1.0,0.047244094488188976,0.15748031496062992,0.4262007895088571
"(('d', 'galán', 'COL'), ('z', 'zhang', 'CHN'))",US Open_2023,CHN,621.0,0,0,0.0,0.0,0.0,0.0
"(('a', 'molteni', 'ARG'), ('m', 'gonzález', 'ARG'))",US Open_2023,ARG,7.0,1,1,1.0,0.047244094488188976,0.15748031496062992,0.4262007895088571
"(('j', 'varillas', 'PER'), ('p', 'cachin', 'ARG'))",US Open_2023,PER,290.0,0,1,1.0,0.0,0.05511811023622047,0.4262007895088571
"(('a', 'mannarino', 'FRA'), ('a', 'rinderknech', 'FRA'))",US Open_2023,FRA,204.0,1,1,1.0,0.10236220472440945,0.11811023622047244,0.3903346498603896
"(('e', 'spizzirri', 'USA'), ('t', 'zink', 'USA'))",US Open_2023,USA,353.0,1,1,1.0,0.1732283464566929,0.3228346456692913,0.4953385956409409
"(('t', 'griekspoor', 'NLD'), ('t', 'kokkinakis', 'AUS'))",US Open_2023,AUS,143.0,0,0,0.5,0.05511811023622047,0.3228346456692913,0.4667913472417771
"(('a', 'frusina', 'USA'), ('a', 'ganesan', 'USA'))",US Open_2023,USA,845.0,1,1,1.0,0.1732283464566929,0.3228346456692913,0.4953385956409409
"(('f', 'cabral', 'PRT'), ('r', 'matos', 'BRA'))",US Open_2023,BRA,48.0,0,1,1.0,0.015748031496062992,0.023622047244094488,0.38594488507650027
"(('j', 'vliegen', 'BEL'), ('s', 'gillé', 'BEL'))",US Open_2023,BEL,20.0,1,1,1.0,0.007874015748031496,0.2204724409448819,0.40020669530461145
"(('n', 'mektić', 'HRV'), ('r', 'haase', 'NLD'))",US Open_2023,HRV,23.0,0,0,0.25,0.015748031496062992,0.03937007874015748,0.2650393700505805
"(('n', 'ćaćić', 'SRB'), ('v', 'cornea', 'ROU'))",US Open_2023,ROU,70.0,0,0,0.25,0.0,0.0,0.32600394127406473
"(('a', 'mies', 'DEU'), ('m', 'mcdonald', 'USA'))",US Open_2023,DEU,32.0,0,0,0.4625000059604645,0.015748031496062992,0.015748031496062992,0.38616141850084773
"(('a', 'fils', 'FRA'), ('l', 'assche', 'FRA'))",US Open_2023,FRA,488.0,1,1,1.0,0.10236220472440945,0.11811023622047244,0.3903346498603896
"(('b', 'mclachlan', 'JPN'), ('y', 'nishioka', 'JPN'))",US Open_2023,JPN,329.0,1,1,1.0,0.007874015748031496,0.007874015748031496,0.007874015748031496
"(('a', 'erler', 'AUT'), ('l', 'miedler', 'AUT'))",US Open_2023,AUT,35.0,1,1,1.0,0.031496062992125984,0.047244094488188976,0.38616141850084773
"(('j', 'salisbury', 'GBR'), ('r', 'ram', 'USA'))",US Open_2023,GBR,6.0,0,1,0.8875000476837158,0.03937007874015748,0.3228346456692913,0.4667913472417771
"(('a', 'vavassori', 'ITA'), ('s', 'bolelli', 'ITA'))",US Open_2023,ITA,41.0,1,1,1.0,0.015748031496062992,0.015748031496062992,0.3338779570220962
"(('s', 'gonzález', 'MEX'), ('é', 'roger-vasselin', 'FRA'))",US Open_2023,FRA,10.0,0,0,0.5,0.10236220472440945,0.11811023622047244,0.3903346498603896
"(('f', 'martin', 'FRA'), ('m', 'cressy', 'USA'))",US Open_2023,FRA,29.0,0,0,0.2875000238418579,0.10236220472440945,0.11811023622047244,0.3903346498603896
"(('a', 'göransson', 'SWE'), ('n', 'barrientos', 'COL'))",US Open_2023,SWE,72.0,0,0,0.25,0.0,0.007874015748031496,0.3347047255123694
"(('r', 'arneodo', 'MCO'), ('s', 'weissborn', 'AUT'))",US Open_2023,AUT,52.0,0,0,0.25,0.031496062992125984,0.047244094488188976,0.38616141850084773
"(('a', 'karatsev', 'RUS'), ('s', 'myneni', 'IND'))",US Open_2023,IND,77.0,0,0,0.0,0.015748031496062992,0.3228346456692913,0.015748031496062992
"(('h', 'nys', 'MCO'), ('j', 'zieliński', 'POL'))",US Open_2023,POL,18.0,0,0,0.25,0.0,0.0,0.2512598424915254
"(('m', 'demoliner', 'BRA'), ('y', 'bhambri', 'IND'))",US Open_2023,BRA,54.0,0,0,0.0,0.015748031496062992,0.023622047244094488,0.38594488507650027
"(('m', 'middelkoop', 'NLD'), ('m', 'pavić', 'HRV'))",US Open_2023,HRV,21.0,0,0,0.25,0.015748031496062992,0.03937007874015748,0.2650393700505805
"(('f', 'reboul', 'FRA'), ('s', 'doumbia', 'FRA'))",US Open_2023,FRA,46.0,1,1,1.0,0.10236220472440945,0.11811023622047244,0.3903346498603896
"(('d', 'kudla', 'USA'), ('v', 'kirkov', 'USA'))",US Open_2023,USA,1019.0,1,1,1.0,0.1732283464566929,0.3228346456692913,0.4953385956409409
"(('a', 'müller', 'FRA'), ('s', 'ofner', 'AUT'))",US Open_2023,AUT,507.0,0,0,0.25,0.031496062992125984,0.047244094488188976,0.38616141850084773
"(('p', 'tsitsipas', 'GRC'), ('s', 'tsitsipas', 'GRC'))",US Open_2023,GRC,257.0,1,1,1.0,0.007874015748031496,0.007874015748031496,0.23586614171820364
"(('d', 'hernández', 'ESP'), ('m', 'reyes-varela', 'MEX'))",US Open_2023,ESP,60.0,0,1,1.0,0.023622047244094488,0.14960629921259844,0.4262007895088571
"(('a', 'krajicek', 'USA'), ('i', 'dodig', 'HRV'))",US Open_2023,USA,3.0,0,0,0.25,0.1732283464566929,0.3228346456692913,0.4953385956409409
"(('b', 'miralles', 'ESP'), ('r', 'baena', 'ESP'))",US Open_2023,ESP,410.0,1,1,1.0,0.023622047244094488,0.14960629921259844,0.4262007895088571
"(('n', 'skupski', 'GBR'), ('w', 'koolhof', 'NLD'))",Wimbledon_2023,GBR,2.0,0,0,0.5,0.08661417322834646,0.3228346456692913,0.46669291944015684
"(('a', 'karatsev', 'RUS'), ('d', 'altmaier', 'DEU'))",Wimbledon_2023,RUS,570.0,0,0,0.25,0.0,0.015748031496062992,0.2516141732142666
"(('j', 'kubler', 'AUS'), ('r', 'hijikata', 'AUS'))",Wimbledon_2023,AUS,31.0,1,1,1.0,0.047244094488188976,0.3228346456692913,0.46669291944015684
"(('m', 'cecchinato', 'ITA'), ('t', 'monteiro', 'BRA'))",Wimbledon_2023,BRA,404.0,0,0,0.5,0.023622047244094488,0.031496062992125984,0.4041732308104282
"(('j', 'thompson', 'AUS'), ('m', 'purcell', 'AUS'))",Wimbledon_2023,AUS,169.0,1,1,1.0,0.047244094488188976,0.3228346456692913,0.46669291944015684
"(('j', 'isner', 'USA'), ('j', 'sock', 'USA'))",Wimbledon_2023,USA,92.0,1,1,1.0,0.11811023622047244,0.3228346456692913,0.4875925354600891
"(('a', 'molteni', 'ARG'), ('m', 'gonzález', 'ARG'))",Wimbledon_2023,ARG,24.0,1,1,1.0,0.07086614173228346,0.18110236220472442,0.445393702425356
"(('j', 'cash', 'GBR'), ('l', 'johnson', 'GBR'))",Wimbledon_2023,GBR,141.0,1,1,1.0,0.08661417322834646,0.3228346456692913,0.46669291944015684
"(('m', 'pavić', 'HRV'), ('n', 'mektić', 'HRV'))",Wimbledon_2023,HRV,17.0,1,1,1.0,0.015748031496062992,0.031496062992125984,0.2601968504077806
"(('m', 'demoliner', 'BRA'), ('m', 'middelkoop', 'NLD'))",Wimbledon_2023,NLD,27.0,0,0,0.25,0.05511811023622047,0.07086614173228346,0.38972441026544946
"(('f', 'cabral', 'PRT'), ('r', 'matos', 'BRA'))",Wimbledon_2023,BRA,44.0,0,1,1.0,0.023622047244094488,0.031496062992125984,0.4041732308104282
"(('j', ""o'mara"", 'GBR'), ('l', 'broady', 'GBR'))",Wimbledon_2023,GBR,128.0,1,1,1.0,0.08661417322834646,0.3228346456692913,0.46669291944015684
"(('a', 'behar', 'URY'), ('a', 'pavlásek', 'CZE'))",Wimbledon_2023,CZE,74.0,0,0,0.25,0.0,0.0,0.24838582678573337
"(('f', 'cerúndolo', 'ARG'), ('g', 'andreozzi', 'ARG'))",Wimbledon_2023,ARG,241.0,1,1,1.0,0.07086614173228346,0.18110236220472442,0.445393702425356
"(('a', 'mies', 'DEU'), ('f', 'martin', 'FRA'))",Wimbledon_2023,DEU,21.0,0,0,0.25,0.031496062992125984,0.031496062992125984,0.39082677248894704
"(('j', 'chardy', 'FRA'), ('u', 'humbert', 'FRA'))",Wimbledon_2023,FRA,844.0,1,1,1.0,0.12598425196850394,0.14173228346456693,0.4124803179784084
"(('b', 'stevens', 'NLD'), ('t', 'griekspoor', 'NLD'))",Wimbledon_2023,NLD,116.0,1,1,1.0,0.05511811023622047,0.07086614173228346,0.38972441026544946
"(('j', 'salisbury', 'GBR'), ('r', 'ram', 'USA'))",Wimbledon_2023,GBR,6.0,0,1,0.8875000476837158,0.08661417322834646,0.3228346456692913,0.46669291944015684
"(('a', 'vavassori', 'ITA'), ('s', 'bolelli', 'ITA'))",Wimbledon_2023,ITA,43.0,1,1,1.0,0.015748031496062992,0.015748031496062992,0.3452362235277656
"(('a', 'nedovyesov', 'KAZ'), ('g', 'escobar', 'ECU'))",Wimbledon_2023,KAZ,48.0,0,0,0.1024999991059303,0.007874015748031496,0.015748031496062992,0.11161692918637604
"(('f', 'reboul', 'FRA'), ('s', 'doumbia', 'FRA'))",Wimbledon_2023,FRA,45.0,1,1,1.0,0.12598425196850394,0.14173228346456693,0.4124803179784084
"(('c', 'eubanks', 'USA'), ('j', 'wolf', 'USA'))",Wimbledon_2023,USA,561.0,1,1,1.0,0.11811023622047244,0.3228346456692913,0.4875925354600891
"(('j', 'peers', 'AUS'), ('m', 'melo', 'BRA'))",Wimbledon_2023,AUS,29.0,0,0,0.25,0.047244094488188976,0.3228346456692913,0.46669291944015684
"(('p', 'oswald', 'AUT'), ('r', 'haase', 'NLD'))",Wimbledon_2023,AUT,64.0,0,0,0.75,0.023622047244094488,0.03937007874015748,0.39082677248894704
"(('l', 'glasspool', 'GBR'), ('n', 'mahut', 'FRA'))",Wimbledon_2023,FRA,41.0,0,0,0.25,0.12598425196850394,0.14173228346456693,0.4124803179784084
"(('a', 'golubev', 'KAZ'), ('m', 'cressy', 'USA'))",Wimbledon_2023,KAZ,88.0,0,0,0.1025000065565109,0.007874015748031496,0.015748031496062992,0.11161692918637604
"(('d', 'pel', 'NLD'), ('r', 'stalder', 'USA'))",Wimbledon_2023,USA,80.0,0,0,0.4625000059604645,0.11811023622047244,0.3228346456692913,0.4875925354600891
"(('c', 'lestienne', 'FRA'), ('c', 'moutet', 'FRA'))",Wimbledon_2023,FRA,851.0,1,1,1.0,0.12598425196850394,0.14173228346456693,0.4124803179784084
"(('j', 'fearnley', 'GBR'), ('j', 'monday', 'GBR'))",Wimbledon_2023,GBR,274.0,1,1,1.0,0.08661417322834646,0.3228346456692913,0.46669291944015684
"(('a', 'göransson', 'SWE'), ('b', 'mclachlan', 'JPN'))",Wimbledon_2023,JPN,75.0,0,0,0.0,0.0,0.0,0.0
"(('m', 'ebden', 'AUS'), ('r', 'bopanna', 'IND'))",Wimbledon_2023,AUS,16.0,0,1,0.0,0.047244094488188976,0.3228346456692913,0.46669291944015684
"(('g', 'durán', 'ARG'), ('t', 'etcheverry', 'ARG'))",Wimbledon_2023,ARG,224.0,1,1,1.0,0.07086614173228346,0.18110236220472442,0.445393702425356
"(('s', 'gonzález', 'MEX'), ('é', 'roger-vasselin', 'FRA'))",Wimbledon_2023,FRA,10.0,0,0,0.5,0.12598425196850394,0.14173228346456693,0.4124803179784084
"(('g', 'barrère', 'FRA'), ('q', 'halys', 'FRA'))",Wimbledon_2023,FRA,202.0,1,1,1.0,0.12598425196850394,0.14173228346456693,0.4124803179784084
"(('c', 'thomson', 'GBR'), ('t', 'samuel', 'GBR'))",Wimbledon_2023,GBR,659.0,1,1,1.0,0.08661417322834646,0.3228346456692913,0.46669291944015684
"(('p', 'cachin', 'ARG'), ('y', 'hanfmann', 'DEU'))",Wimbledon_2023,DEU,851.0,0,0,0.25,0.031496062992125984,0.031496062992125984,0.39082677248894704
"(('c', 'ruud', 'NOR'), ('w', 'blumberg', 'USA'))",Wimbledon_2023,NOR,565.0,0,0,0.4625000059604645,0.0,0.0,0.34031496142777873
"(('d', 'galán', 'COL'), ('r', 'baena', 'ESP'))",Wimbledon_2023,COL,1507.0,0,1,1.0,0.015748031496062992,0.16535433070866143,0.445393702425356
"(('k', 'krawietz', 'DEU'), ('t', 'pütz', 'DEU'))",Wimbledon_2023,DEU,30.0,1,1,1.0,0.031496062992125984,0.031496062992125984,0.39082677248894704
"(('m', 'reyes-varela', 'MEX'), ('n', 'ćaćić', 'SRB'))",Wimbledon_2023,MEX,67.0,0,0,0.25,0.007874015748031496,0.16535433070866143,0.445393702425356
"(('j', 'murray', 'GBR'), ('m', 'venus', 'NZL'))",Wimbledon_2023,NZL,20.0,0,1,1.0,0.0,0.3228346456692913,0.46669291944015684
"(('a', 'olivetti', 'FRA'), ('d', 'hernández', 'ESP'))",Wimbledon_2023,ESP,50.0,0,0,0.5,0.023622047244094488,0.1732283464566929,0.445393702425356
"(('a', 'erler', 'AUT'), ('l', 'miedler', 'AUT'))",Wimbledon_2023,AUT,40.0,1,1,1.0,0.023622047244094488,0.03937007874015748,0.39082677248894704
"(('a', 'rinderknech', 'FRA'), ('p', 'herbert', 'FRA'))",Wimbledon_2023,FRA,193.0,1,1,1.0,0.12598425196850394,0.14173228346456693,0.4124803179784084
"(('a', 'fokina', 'ESP'), ('a', 'mannarino', 'FRA'))",Wimbledon_2023,FRA,150.0,0,0,0.5,0.12598425196850394,0.14173228346456693,0.4124803179784084
"(('s', 'myneni', 'IND'), ('y', 'bhambri', 'IND'))",Wimbledon_2023,IND,76.0,1,1,1.0,0.031496062992125984,0.3228346456692913,0.031496062992125984
"(('h', 'nys', 'MCO'), ('j', 'zieliński', 'POL'))",Wimbledon_2023,POL,7.0,0,0,0.25,0.0,0.0,0.24838582678573337
"(('b', 'shelton', 'USA'), ('m', 'mcdonald', 'USA'))",Wimbledon_2023,USA,134.0,1,1,1.0,0.11811023622047244,0.3228346456692913,0.4875925354600891
"(('j', 'rojer', 'NLD'), ('m', 'arévalo', 'SLV'))",Wimbledon_2023,NLD,14.0,0,0,0.25,0.05511811023622047,0.07086614173228346,0.38972441026544946
"(('j', 'withrow', 'USA'), ('n', 'lammons', 'USA'))",Wimbledon_2023,USA,39.0,1,1,1.0,0.11811023622047244,0.3228346456692913,0.4875925354600891
"(('g', 'pella', 'ARG'), ('s', 'báez', 'ARG'))",Wimbledon_2023,ARG,634.0,1,1,1.0,0.07086614173228346,0.18110236220472442,0.445393702425356
"(('r', 'arneodo', 'MCO'), ('s', 'weissborn', 'AUT'))",Wimbledon_2023,AUT,52.0,0,0,0.25,0.023622047244094488,0.03937007874015748,0.39082677248894704
"(('h', 'dellien', 'BOL'), ('j', 'varillas', 'PER'))",Wimbledon_2023,PER,684.0,0,1,0.5400000214576721,0.0,0.08661417322834646,0.445393702425356
"(('j', 'vliegen', 'BEL'), ('s', 'gillé', 'BEL'))",Wimbledon_2023,BEL,25.0,1,1,1.0,0.007874015748031496,0.23622047244094488,0.4117370095931168
"(('c', ""o'connell"", 'AUS'), ('l', 'djere', 'SRB'))",Wimbledon_2023,AUS,846.0,0,0,0.25,0.047244094488188976,0.3228346456692913,0.46669291944015684
"(('h', 'zeballos', 'ARG'), ('m', 'granollers', 'ESP'))",Wimbledon_2023,ARG,26.0,0,1,1.0,0.07086614173228346,0.18110236220472442,0.445393702425356
"(('j', 'cabal', 'COL'), ('r', 'farah', 'COL'))",Wimbledon_2023,COL,65.0,1,1,1.0,0.015748031496062992,0.16535433070866143,0.445393702425356
"(('a', 'fils', 'FRA'), ('l', 'assche', 'FRA'))",Wimbledon_2023,FRA,793.0,1,1,1.0,0.12598425196850394,0.14173228346456693,0.4124803179784084
"(('p', 'tsitsipas', 'GRC'), ('s', 'tsitsipas', 'GRC'))",Wimbledon_2023,GRC,171.0,1,1,1.0,0.007874015748031496,0.007874015748031496,0.23889763782343526
"(('l', 'harris', 'ZAF'), ('r', 'galloway', 'USA'))",Wimbledon_2023,ZAF,167.0,0,1,0.0,0.0,0.3228346456692913,0.0
"(('b', 'zandschulp', 'NLD'), ('m', 'giron', 'USA'))",Wimbledon_2023,NLD,69.0,0,0,0.4625000059604645,0.05511811023622047,0.07086614173228346,0.38972441026544946
"(('a', 'krajicek', 'USA'), ('i', 'dodig', 'HRV'))",Wimbledon_2023,USA,1.0,0,0,0.25,0.11811023622047244,0.3228346456692913,0.4875925354600891
"(('j', 'nedunchezhiyan', 'IND'), ('s', 'balaji', 'IND'))",Wimbledon_2023,IND,93.0,1,1,1.0,0.031496062992125984,0.3228346456692913,0.031496062992125984
"(('a', 'krajicek', 'USA'), ('i', 'dodig', 'HRV'))",Australian Open_2024,USA,1.0,0,0,0.25,0.07874015748031496,0.36220472440944884,0.4968228525533451
"(('m', 'kecmanović', 'SRB'), ('r', 'safiullin', 'RUS'))",Australian Open_2024,RUS,375.0,0,0,0.5,0.0,0.007874015748031496,0.25381889751577
"(('d', 'molchanov', 'UKR'), ('n', 'ćaćić', 'SRB'))",Australian Open_2024,UKR,64.0,0,0,0.5,0.0,0.0,0.2532539370022421
"(('b', 'mclachlan', 'JPN'), ('y', 'nishioka', 'JPN'))",Australian Open_2024,JPN,248.0,1,1,1.0,0.007874015748031496,0.007874015748031496,0.007874015748031496
"(('a', 'vavassori', 'ITA'), ('s', 'bolelli', 'ITA'))",Australian Open_2024,ITA,45.0,1,1,1.0,0.023622047244094488,0.023622047244094488,0.31078740363280605
"(('r', 'arneodo', 'MCO'), ('s', 'weissborn', 'AUT'))",Australian Open_2024,AUT,54.0,0,0,0.25,0.023622047244094488,0.03937007874015748,0.40377952806827594
"(('n', 'mahut', 'FRA'), ('é', 'roger-vasselin', 'FRA'))",Australian Open_2024,FRA,11.0,1,1,1.0,0.05511811023622047,0.07086614173228346,0.33763779733359345
"(('f', 'cerúndolo', 'ARG'), ('t', 'etcheverry', 'ARG'))",Australian Open_2024,ARG,587.0,1,1,1.0,0.047244094488188976,0.11023622047244094,0.3724015758286311
"(('m', 'arévalo', 'SLV'), ('m', 'pavić', 'HRV'))",Australian Open_2024,HRV,32.0,0,0,0.25,0.015748031496062992,0.03937007874015748,0.2634251968363139
"(('c', 'frantzen', 'DEU'), ('h', 'jebens', 'DEU'))",Australian Open_2024,DEU,63.0,1,1,1.0,0.05511811023622047,0.05511811023622047,0.40377952806827594
"(('s', 'balaji', 'IND'), ('v', 'cornea', 'ROU'))",Australian Open_2024,ROU,69.0,0,0,0.0,0.0,0.0,0.29897638001075877
"(('a', 'pellegrino', 'ITA'), ('m', 'arnaldi', 'ITA'))",Australian Open_2024,ITA,81.0,1,1,1.0,0.023622047244094488,0.023622047244094488,0.31078740363280605
"(('a', 'müller', 'FRA'), ('s', 'ofner', 'AUT'))",Australian Open_2024,AUT,321.0,0,0,0.25,0.023622047244094488,0.03937007874015748,0.40377952806827594
"(('s', 'báez', 'ARG'), ('t', 'wild', 'BRA'))",Australian Open_2024,BRA,273.0,0,0,0.75,0.023622047244094488,0.03937007874015748,0.35143700941575795
"(('k', 'krawietz', 'DEU'), ('t', 'pütz', 'DEU'))",Australian Open_2024,DEU,22.0,1,1,1.0,0.05511811023622047,0.05511811023622047,0.40377952806827594
"(('m', 'giron', 'USA'), ('s', 'kwon', 'KOR'))",Australian Open_2024,KOR,1342.0,0,0,0.0,0.0,0.0,0.0
"(('h', 'zeballos', 'ARG'), ('m', 'granollers', 'ESP'))",Australian Open_2024,ARG,7.0,0,1,1.0,0.047244094488188976,0.11023622047244094,0.3724015758286311
"(('e', 'king', 'USA'), ('r', 'stalder', 'USA'))",Australian Open_2024,USA,60.0,1,1,1.0,0.07874015748031496,0.36220472440944884,0.4968228525533451
"(('a', 'mies', 'DEU'), ('j', 'smith', 'AUS'))",Australian Open_2024,AUS,1353.0,0,0,0.5,0.1732283464566929,0.36220472440944884,0.4992913427057229
"(('a', 'popyrin', 'AUS'), ('t', 'kokkinakis', 'AUS'))",Australian Open_2024,AUS,260.0,1,1,1.0,0.1732283464566929,0.36220472440944884,0.4992913427057229
"(('d', 'koepfer', 'DEU'), ('y', 'hanfmann', 'DEU'))",Australian Open_2024,DEU,383.0,1,1,1.0,0.05511811023622047,0.05511811023622047,0.40377952806827594
"(('b', 'shelton', 'USA'), ('c', 'eubanks', 'USA'))",Australian Open_2024,USA,88.0,1,1,1.0,0.07874015748031496,0.36220472440944884,0.4968228525533451
"(('j', 'kubler', 'AUS'), ('r', 'hijikata', 'AUS'))",Australian Open_2024,AUS,30.0,1,1,1.0,0.1732283464566929,0.36220472440944884,0.4992913427057229
"(('c', ""o'connell"", 'AUS'), ('l', 'djere', 'SRB'))",Australian Open_2024,AUS,711.0,0,0,0.25,0.1732283464566929,0.36220472440944884,0.4992913427057229
"(('j', 'rojer', 'NLD'), ('l', 'glasspool', 'GBR'))",Australian Open_2024,NLD,18.0,0,0,0.5,0.047244094488188976,0.06299212598425197,0.3962598430289058
"(('b', 'stevens', 'NLD'), ('t', 'griekspoor', 'NLD'))",Australian Open_2024,NLD,72.0,1,1,1.0,0.047244094488188976,0.06299212598425197,0.3962598430289058
"(('a', 'göransson', 'SWE'), ('a', 'olivetti', 'FRA'))",Australian Open_2024,FRA,55.0,0,0,0.25,0.05511811023622047,0.07086614173228346,0.33763779733359345
"(('a', 'harris', 'AUS'), ('b', 'ellis', 'AUS'))",Australian Open_2024,AUS,99.0,1,1,1.0,0.1732283464566929,0.36220472440944884,0.4992913427057229
"(('j', 'thompson', 'AUS'), ('m', 'purcell', 'AUS'))",Australian Open_2024,AUS,90.0,1,1,1.0,0.1732283464566929,0.36220472440944884,0.4992913427057229
"(('a', 'erler', 'AUT'), ('l', 'miedler', 'AUT'))",Australian Open_2024,AUT,41.0,1,1,1.0,0.023622047244094488,0.03937007874015748,0.40377952806827594
"(('h', 'nys', 'MCO'), ('j', 'zieliński', 'POL'))",Australian Open_2024,POL,17.0,0,0,0.25,0.0,0.0,0.24964566927725876
"(('d', 'sweeny', 'AUS'), ('j', 'mccabe', 'AUS'))",Australian Open_2024,AUS,444.0,1,1,1.0,0.1732283464566929,0.36220472440944884,0.4992913427057229
"(('n', 'skupski', 'GBR'), ('s', 'gonzález', 'MEX'))",Australian Open_2024,GBR,10.0,0,0,0.25,0.03937007874015748,0.36220472440944884,0.4992913427057229
"(('b', 'zandschulp', 'NLD'), ('m', 'mcdonald', 'USA'))",Australian Open_2024,NLD,84.0,0,0,0.4625000059604645,0.047244094488188976,0.06299212598425197,0.3962598430289058
"(('f', 'cabral', 'PRT'), ('h', 'patten', 'GBR'))",Australian Open_2024,GBR,73.0,0,0,0.25,0.03937007874015748,0.36220472440944884,0.4992913427057229
"(('a', 'walton', 'AUS'), ('t', 'schoolkate', 'AUS'))",Australian Open_2024,AUS,167.0,1,1,1.0,0.1732283464566929,0.36220472440944884,0.4992913427057229
"(('n', 'barrientos', 'COL'), ('r', 'matos', 'BRA'))",Australian Open_2024,BRA,59.0,0,0,0.75,0.023622047244094488,0.03937007874015748,0.35143700941575795
"(('r', 'haase', 'NLD'), ('y', 'bhambri', 'IND'))",Australian Open_2024,NLD,39.0,0,0,0.0,0.047244094488188976,0.06299212598425197,0.3962598430289058
"(('a', 'behar', 'URY'), ('a', 'pavlásek', 'CZE'))",Australian Open_2024,CZE,57.0,0,0,0.25,0.023622047244094488,0.023622047244094488,0.261456692899306
"(('j', 'murray', 'GBR'), ('m', 'venus', 'NZL'))",Australian Open_2024,NZL,21.0,0,1,1.0,0.007874015748031496,0.36220472440944884,0.4992913427057229
"(('t', 'macháč', 'CZE'), ('z', 'zhang', 'CHN'))",Australian Open_2024,CHN,625.0,0,0,0.0,0.0,0.0,0.0
"(('j', 'vliegen', 'BEL'), ('s', 'gillé', 'BEL'))",Australian Open_2024,BEL,26.0,1,1,1.0,0.007874015748031496,0.15748031496062992,0.38490748145918197
"(('f', 'marozsán', 'HUN'), ('m', 'fucsovics', 'HUN'))",Australian Open_2024,HUN,1373.0,1,1,1.0,0.007874015748031496,0.007874015748031496,0.00984251968503937
"(('d', 'altmaier', 'DEU'), ('m', 'reyes-varela', 'MEX'))",Australian Open_2024,MEX,80.0,0,0,0.25,0.007874015748031496,0.11023622047244094,0.3724015758286311
"(('p', 'tsitsipas', 'GRC'), ('s', 'tsitsipas', 'GRC'))",Australian Open_2024,GRC,112.0,1,1,1.0,0.007874015748031496,0.007874015748031496,0.23112204723705457
"(('j', 'salisbury', 'GBR'), ('r', 'ram', 'USA'))",Australian Open_2024,GBR,6.0,0,1,0.8875000476837158,0.03937007874015748,0.36220472440944884,0.4992913427057229
"(('m', 'melo', 'BRA'), ('m', 'middelkoop', 'NLD'))",Australian Open_2024,NLD,42.0,0,0,0.25,0.047244094488188976,0.06299212598425197,0.3962598430289058
"(('a', 'molteni', 'ARG'), ('m', 'gonzález', 'ARG'))",Australian Open_2024,ARG,13.0,1,1,1.0,0.047244094488188976,0.11023622047244094,0.3724015758286311
"(('p', 'cachín', 'ARG'), ('r', 'baena', 'ESP'))",Australian Open_2024,ESP,240.0,0,1,1.0,0.007874015748031496,0.11023622047244094,0.3724015758286311
"(('a', 'vukic', 'AUS'), ('n', 'borges', 'PRT'))",Australian Open_2024,AUS,477.0,0,0,0.25,0.1732283464566929,0.36220472440944884,0.4992913427057229
"(('a', 'nedovyesov', 'KAZ'), ('g', 'escobar', 'ECU'))",Australian Open_2024,KAZ,44.0,0,0,0.1024999991059303,0.0,0.007874015748031496,0.1059704722733948
"(('a', 'mannarino', 'FRA'), ('q', 'halys', 'FRA'))",Australian Open_2024,FRA,280.0,1,1,1.0,0.05511811023622047,0.07086614173228346,0.33763779733359345
"(('j', 'cash', 'GBR'), ('r', 'galloway', 'USA'))",Australian Open_2024,USA,47.0,0,1,0.8875000476837158,0.07874015748031496,0.36220472440944884,0.4968228525533451
"(('j', 'withrow', 'USA'), ('n', 'lammons', 'USA'))",Australian Open_2024,USA,23.0,1,1,1.0,0.07874015748031496,0.36220472440944884,0.4968228525533451
"(('j', 'lehečka', 'CZE'), ('p', 'nouza', 'CZE'))",Australian Open_2024,CZE,104.0,1,1,1.0,0.023622047244094488,0.023622047244094488,0.261456692899306
"(('n', 'mektić', 'HRV'), ('w', 'koolhof', 'NLD'))",Australian Open_2024,HRV,43.0,0,0,0.25,0.015748031496062992,0.03937007874015748,0.2634251968363139
"(('f', 'reboul', 'FRA'), ('s', 'doumbia', 'FRA'))",Australian Open_2024,FRA,36.0,1,1,1.0,0.05511811023622047,0.07086614173228346,0.33763779733359345
"(('h', 'heliövaara', 'FIN'), ('j', 'peers', 'AUS'))",Australian Open_2024,AUS,38.0,0,0,0.0,0.1732283464566929,0.36220472440944884,0.4992913427057229
"(('a', 'bolt', 'AUS'), ('l', 'saville', 'AUS'))",Australian Open_2024,AUS,139.0,1,1,1.0,0.1732283464566929,0.36220472440944884,0.4992913427057229
"(('e', 'winter', 'AUS'), ('j', 'millman', 'AUS'))",Australian Open_2024,AUS,420.0,1,1,1.0,0.1732283464566929,0.36220472440944884,0.4992913427057229
"(('m', 'daniell', 'NZL'), ('m', 'demoliner', 'BRA'))",Australian Open_2024,BRA,71.0,0,0,0.25,0.023622047244094488,0.03937007874015748,0.35143700941575795
"(('m', 'ebden', 'AUS'), ('r', 'bopanna', 'IND'))",Australian Open_2024,AUS,4.0,0,1,0.0,0.1732283464566929,0.36220472440944884,0.4992913427057229
"(('j', 'duckworth', 'AUS'), ('m', 'polmans', 'AUS'))",Australian Open_2024,AUS,237.0,1,1,1.0,0.1732283464566929,0.36220472440944884,0.4992913427057229
"(('h', 'zeballos', 'ARG'), ('m', 'granollers', 'ESP'))",Roland Garros_2024,ARG,1.0,0,1,1.0,0.03937007874015748,0.15748031496062992,0.44145669390601433
"(('a', 'mannarino', 'FRA'), ('f', 'martin', 'FRA'))",Roland Garros_2024,FRA,152.0,1,1,1.0,0.14173228346456693,0.16535433070866143,0.42543307285374543
"(('a', 'erler', 'AUT'), ('l', 'miedler', 'AUT'))",Roland Garros_2024,AUT,45.0,1,1,1.0,0.015748031496062992,0.031496062992125984,0.3822047249609091
"(('n', 'mahut', 'FRA'), ('q', 'halys', 'FRA'))",Roland Garros_2024,FRA,54.0,1,1,1.0,0.14173228346456693,0.16535433070866143,0.42543307285374543
"(('c', 'eubanks', 'USA'), ('e', 'king', 'USA'))",Roland Garros_2024,USA,86.0,1,1,1.0,0.07874015748031496,0.2440944881889764,0.44788190558200747
"(('c', 'lestienne', 'FRA'), ('m', 'giron', 'USA'))",Roland Garros_2024,FRA,683.0,0,0,0.2875000238418579,0.14173228346456693,0.16535433070866143,0.42543307285374543
"(('h', 'nys', 'MCO'), ('j', 'zieliński', 'POL'))",Roland Garros_2024,POL,29.0,0,0,0.25,0.0,0.0,0.25484251964279986
"(('l', 'darderi', 'ITA'), ('v', 'cornea', 'ROU'))",Roland Garros_2024,ITA,212.0,0,0,0.5,0.023622047244094488,0.023622047244094488,0.3542519705290869
"(('t', 'macháč', 'CZE'), ('z', 'zhang', 'CHN'))",Roland Garros_2024,CHN,59.0,0,0,0.0,0.0,0.0,0.0
"(('a', 'mies', 'DEU'), ('n', 'skupski', 'GBR'))",Roland Garros_2024,GBR,10.0,0,0,0.5,0.06299212598425197,0.23622047244094488,0.4295275631828571
"(('b', 'zandschulp', 'NLD'), ('r', 'haase', 'NLD'))",Roland Garros_2024,NLD,179.0,1,1,1.0,0.05511811023622047,0.07086614173228346,0.3791338588004037
"(('a', 'müller', 'FRA'), ('l', 'sanchez', 'FRA'))",Roland Garros_2024,FRA,97.0,1,1,1.0,0.14173228346456693,0.16535433070866143,0.42543307285374543
"(('a', 'bublik', 'KAZ'), ('a', 'shevchenko', 'KAZ'))",Roland Garros_2024,KAZ,714.0,1,1,1.0,0.015748031496062992,0.023622047244094488,0.12252559037659111
"(('d', 'lajović', 'SRB'), ('m', 'kecmanović', 'SRB'))",Roland Garros_2024,SRB,426.0,1,1,1.0,0.007874015748031496,0.031496062992125984,0.2646850393278392
"(('a', 'molteni', 'ARG'), ('m', 'gonzález', 'ARG'))",Roland Garros_2024,ARG,16.0,1,1,1.0,0.03937007874015748,0.15748031496062992,0.44145669390601433
"(('j', 'rojer', 'NLD'), ('l', 'glasspool', 'GBR'))",Roland Garros_2024,NLD,24.0,0,0,0.5,0.05511811023622047,0.07086614173228346,0.3791338588004037
"(('a', 'krajicek', 'USA'), ('i', 'dodig', 'HRV'))",Roland Garros_2024,USA,8.0,0,0,0.25,0.07874015748031496,0.2440944881889764,0.44788190558200747
"(('j', 'cash', 'GBR'), ('r', 'galloway', 'USA'))",Roland Garros_2024,USA,41.0,0,1,0.8875000476837158,0.07874015748031496,0.2440944881889764,0.44788190558200747
"(('p', 'tsitsipas', 'GRC'), ('s', 'tsitsipas', 'GRC'))",Roland Garros_2024,GRC,142.0,1,1,1.0,0.007874015748031496,0.007874015748031496,0.2386417322623448
"(('d', 'molchanov', 'UKR'), ('j', 'smith', 'AUS'))",Roland Garros_2024,AUS,62.0,0,0,0.25,0.03937007874015748,0.23622047244094488,0.4295275631828571
"(('g', 'andreozzi', 'ARG'), ('r', 'hijikata', 'AUS'))",Roland Garros_2024,AUS,55.0,0,0,0.25,0.03937007874015748,0.23622047244094488,0.4295275631828571
"(('f', 'cabral', 'PRT'), ('n', 'barrientos', 'COL'))",Roland Garros_2024,PRT,58.0,0,0,0.75,0.0,0.047244094488188976,0.41064960780810184
"(('g', 'jacq', 'FRA'), ('m', 'guinard', 'FRA'))",Roland Garros_2024,FRA,100.0,1,1,1.0,0.14173228346456693,0.16535433070866143,0.42543307285374543
"(('j', 'withrow', 'USA'), ('n', 'lammons', 'USA'))",Roland Garros_2024,USA,25.0,1,1,1.0,0.07874015748031496,0.2440944881889764,0.44788190558200747
"(('m', 'arévalo', 'SLV'), ('m', 'pavić', 'HRV'))",Roland Garros_2024,HRV,21.0,0,0,0.25,0.015748031496062992,0.031496062992125984,0.2666535432648471
"(('m', 'navone', 'ARG'), ('r', 'baena', 'ESP'))",Roland Garros_2024,ARG,991.0,0,1,1.0,0.03937007874015748,0.15748031496062992,0.44145669390601433
"(('m', 'daniell', 'NZL'), ('m', 'mcdonald', 'USA'))",Roland Garros_2024,USA,133.0,0,1,0.8875000476837158,0.07874015748031496,0.2440944881889764,0.44788190558200747
"(('d', 'brown', 'JAM'), ('f', 'tiafoe', 'USA'))",Roland Garros_2024,USA,585.0,0,1,0.8875000476837158,0.07874015748031496,0.2440944881889764,0.44788190558200747
"(('d', 'koepfer', 'DEU'), ('y', 'hanfmann', 'DEU'))",Roland Garros_2024,DEU,91.0,1,1,1.0,0.047244094488188976,0.047244094488188976,0.3822047249609091
"(('c', 'rodríguez', 'COL'), ('f', 'cobolli', 'ITA'))",Roland Garros_2024,COL,72.0,0,0,0.5,0.007874015748031496,0.15748031496062992,0.44145669390601433
"(('k', 'krawietz', 'DEU'), ('t', 'pütz', 'DEU'))",Roland Garros_2024,DEU,14.0,1,1,1.0,0.047244094488188976,0.047244094488188976,0.3822047249609091
"(('a', 'tabilo', 'CHL'), ('d', 'hidalgo', 'ECU'))",Roland Garros_2024,CHL,256.0,0,1,1.0,0.0,0.15748031496062992,0.44145669390601433
"(('n', 'mektić', 'HRV'), ('w', 'koolhof', 'NLD'))",Roland Garros_2024,HRV,22.0,0,0,0.25,0.015748031496062992,0.031496062992125984,0.2666535432648471
"(('m', 'middelkoop', 'NLD'), ('s', 'arends', 'NLD'))",Roland Garros_2024,NLD,51.0,1,1,1.0,0.05511811023622047,0.07086614173228346,0.3791338588004037
"(('j', 'thompson', 'AUS'), ('m', 'purcell', 'AUS'))",Roland Garros_2024,AUS,36.0,1,1,1.0,0.03937007874015748,0.23622047244094488,0.4295275631828571
"(('a', 'göransson', 'SWE'), ('d', 'pel', 'NLD'))",Roland Garros_2024,NLD,158.0,0,0,0.5,0.05511811023622047,0.07086614173228346,0.3791338588004037
"(('m', 'melo', 'BRA'), ('r', 'matos', 'BRA'))",Roland Garros_2024,BRA,37.0,1,1,1.0,0.03937007874015748,0.047244094488188976,0.41064960780810184
"(('c', 'frantzen', 'DEU'), ('h', 'jebens', 'DEU'))",Roland Garros_2024,DEU,61.0,1,1,1.0,0.047244094488188976,0.047244094488188976,0.3822047249609091
"(('a', 'vavassori', 'ITA'), ('s', 'bolelli', 'ITA'))",Roland Garros_2024,ITA,20.0,1,1,1.0,0.023622047244094488,0.023622047244094488,0.3542519705290869
"(('f', 'marozsán', 'HUN'), ('f', 'romboli', 'BRA'))",Roland Garros_2024,BRA,88.0,0,0,0.0,0.03937007874015748,0.047244094488188976,0.41064960780810184
"(('j', 'murray', 'GBR'), ('m', 'venus', 'NZL'))",Roland Garros_2024,NZL,28.0,0,1,1.0,0.007874015748031496,0.23622047244094488,0.4295275631828571
"(('j', 'munar', 'ESP'), ('p', 'martínez', 'ESP'))",Roland Garros_2024,ESP,431.0,1,1,1.0,0.03937007874015748,0.15748031496062992,0.44145669390601433
"(('g', 'barrère', 'FRA'), ('l', 'pouille', 'FRA'))",Roland Garros_2024,FRA,888.0,1,1,1.0,0.14173228346456693,0.16535433070866143,0.42543307285374543
"(('g', 'perricard', 'FRA'), ('t', 'droguet', 'FRA'))",Roland Garros_2024,FRA,647.0,1,1,1.0,0.14173228346456693,0.16535433070866143,0.42543307285374543
"(('a', 'nedovyesov', 'KAZ'), ('g', 'escobar', 'ECU'))",Roland Garros_2024,KAZ,40.0,0,0,0.1024999991059303,0.015748031496062992,0.023622047244094488,0.12252559037659111
"(('p', 'busta', 'ESP'), ('s', 'gornés', 'ESP'))",Roland Garros_2024,ESP,107.0,1,1,1.0,0.03937007874015748,0.15748031496062992,0.44145669390601433
"(('j', 'salisbury', 'GBR'), ('r', 'ram', 'USA'))",Roland Garros_2024,GBR,5.0,0,1,0.8875000476837158,0.06299212598425197,0.23622047244094488,0.4295275631828571
"(('a', 'behar', 'URY'), ('a', 'pavlásek', 'CZE'))",Roland Garros_2024,CZE,34.0,0,0,0.25,0.015748031496062992,0.015748031496062992,0.26271653539083134
"(('h', 'heliövaara', 'FIN'), ('h', 'patten', 'GBR'))",Roland Garros_2024,GBR,49.0,0,0,0.0,0.06299212598425197,0.23622047244094488,0.4295275631828571
"(('s', 'gonzález', 'MEX'), ('é', 'roger-vasselin', 'FRA'))",Roland Garros_2024,FRA,11.0,0,0,0.5,0.14173228346456693,0.16535433070866143,0.42543307285374543
"(('l', 'johnson', 'GBR'), ('s', 'mansouri', 'TUN'))",Roland Garros_2024,TUN,66.0,0,0,0.0,0.0,0.16535433070866143,0.0
"(('r', 'arneodo', 'MCO'), ('s', 'weissborn', 'AUT'))",Roland Garros_2024,AUT,63.0,0,0,0.25,0.015748031496062992,0.031496062992125984,0.3822047249609091
"(('j', 'peers', 'AUS'), ('r', 'safiullin', 'RUS'))",Roland Garros_2024,RUS,335.0,0,0,0.25,0.0,0.023622047244094488,0.26224409430984436
"(('a', 'olivetti', 'FRA'), ('y', 'bhambri', 'IND'))",Roland Garros_2024,FRA,48.0,0,0,0.0,0.14173228346456693,0.16535433070866143,0.42543307285374543
"(('j', 'vliegen', 'BEL'), ('s', 'gillé', 'BEL'))",Roland Garros_2024,BEL,18.0,1,1,1.0,0.007874015748031496,0.25196850393700787,0.41079921372762807
"(('l', 'martínez', 'CHE'), ('p', 'nouza', 'CZE'))",Roland Garros_2024,CZE,89.0,0,0,0.25,0.015748031496062992,0.015748031496062992,0.26271653539083134
"(('d', 'added', 'FRA'), ('t', 'arribagé', 'FRA'))",Roland Garros_2024,FRA,70.0,1,1,1.0,0.14173228346456693,0.16535433070866143,0.42543307285374543
"(('f', 'reboul', 'FRA'), ('s', 'doumbia', 'FRA'))",Roland Garros_2024,FRA,31.0,1,1,1.0,0.14173228346456693,0.16535433070866143,0.42543307285374543
"(('m', 'reyes-varela', 'MEX'), ('s', 'balaji', 'IND'))",Roland Garros_2024,MEX,79.0,0,0,0.0,0.007874015748031496,0.15748031496062992,0.44145669390601433
"(('r', 'stalder', 'USA'), ('s', 'verbeek', 'NLD'))",Roland Garros_2024,NLD,76.0,0,0,0.4625000059604645,0.05511811023622047,0.07086614173228346,0.3791338588004037
"(('s', 'báez', 'ARG'), ('t', 'wild', 'BRA'))",Roland Garros_2024,BRA,434.0,0,0,0.75,0.03937007874015748,0.047244094488188976,0.41064960780810184
"(('a', 'murray', 'GBR'), ('d', 'evans', 'GBR'))",Roland Garros_2024,GBR,347.0,1,1,1.0,0.06299212598425197,0.23622047244094488,0.4295275631828571
"(('m', 'ebden', 'AUS'), ('r', 'bopanna', 'IND'))",Roland Garros_2024,AUS,3.0,0,1,0.0,0.03937007874015748,0.23622047244094488,0.4295275631828571
"(('m', 'zormann', 'BRA'), ('o', 'luz', 'BRA'))",Roland Garros_2024,BRA,92.0,1,1,1.0,0.03937007874015748,0.047244094488188976,0.41064960780810184
"(('h', 'zeballos', 'ARG'), ('m', 'granollers', 'ESP'))",US Open_2024,ARG,1.0,0,1,1.0,0.05511811023622047,0.18110236220472442,0.45661417526053627
"(('c', 'carabelli', 'ARG'), ('f', 'cerúndolo', 'ARG'))",US Open_2024,ARG,508.0,1,1,1.0,0.05511811023622047,0.18110236220472442,0.45661417526053627
"(('a', 'erler', 'AUT'), ('m', 'middelkoop', 'NLD'))",US Open_2024,NLD,81.0,0,0,0.75,0.05511811023622047,0.07874015748031496,0.3953937019841878
"(('a', 'behar', 'URY'), ('l', 'johnson', 'GBR'))",US Open_2024,GBR,68.0,0,0,0.25,0.047244094488188976,0.33070866141732286,0.48244095333448545
"(('a', 'olivetti', 'FRA'), ('y', 'bhambri', 'IND'))",US Open_2024,FRA,41.0,0,0,0.0,0.09448818897637795,0.13385826771653545,0.3969291382934165
"(('p', 'trhac', 'USA'), ('r', 'seggerman', 'USA'))",US Open_2024,USA,91.0,1,1,1.0,0.1732283464566929,0.33070866141732286,0.5132027700778068
"(('a', 'krajicek', 'USA'), ('j', 'rojer', 'NLD'))",US Open_2024,NLD,40.0,0,0,0.4625000059604645,0.05511811023622047,0.07874015748031496,0.3953937019841878
"(('c', 'frantzen', 'DEU'), ('h', 'jebens', 'DEU'))",US Open_2024,DEU,45.0,1,1,1.0,0.031496062992125984,0.031496062992125984,0.3933661429478427
"(('h', 'nys', 'MCO'), ('j', 'zieliński', 'POL'))",US Open_2024,POL,25.0,0,0,0.25,0.0,0.0,0.2492913385545175
"(('j', 'munar', 'ESP'), ('p', 'martínez', 'ESP'))",US Open_2024,ESP,312.0,1,1,1.0,0.03937007874015748,0.18110236220472442,0.45661417526053627
"(('f', 'cabral', 'PRT'), ('n', 'borges', 'PRT'))",US Open_2024,PRT,84.0,1,1,1.0,0.007874015748031496,0.047244094488188976,0.41635827082817944
"(('f', 'marozsán', 'HUN'), ('z', 'bergs', 'BEL'))",US Open_2024,HUN,545.0,0,0,0.0,0.0,0.0,0.001968503937007874
"(('a', 'mies', 'DEU'), ('j', 'smith', 'AUS'))",US Open_2024,AUS,64.0,0,0,0.5,0.047244094488188976,0.33070866141732286,0.48244095333448545
"(('a', 'müller', 'FRA'), ('s', 'ofner', 'AUT'))",US Open_2024,AUT,247.0,0,0,0.25,0.015748031496062992,0.03937007874015748,0.3933661429478427
"(('j', 'thompson', 'AUS'), ('m', 'purcell', 'AUS'))",US Open_2024,AUS,13.0,1,1,1.0,0.047244094488188976,0.33070866141732286,0.48244095333448545
"(('b', 'zandschulp', 'NLD'), ('m', 'giron', 'USA'))",US Open_2024,NLD,154.0,0,0,0.4625000059604645,0.05511811023622047,0.07874015748031496,0.3953937019841878
"(('j', 'salisbury', 'GBR'), ('r', 'ram', 'USA'))",US Open_2024,GBR,6.0,0,1,0.8875000476837158,0.047244094488188976,0.33070866141732286,0.48244095333448545
"(('f', 'romboli', 'BRA'), ('l', 'darderi', 'ITA'))",US Open_2024,BRA,101.0,0,0,0.5,0.031496062992125984,0.047244094488188976,0.41635827082817944
"(('l', 'glasspool', 'GBR'), ('r', 'hijikata', 'AUS'))",US Open_2024,AUS,51.0,0,1,1.0,0.047244094488188976,0.33070866141732286,0.48244095333448545
"(('a', 'tabilo', 'CHL'), ('d', 'hidalgo', 'ECU'))",US Open_2024,CHL,152.0,0,1,1.0,0.007874015748031496,0.18110236220472442,0.45661417526053627
"(('f', 'martin', 'FRA'), ('j', 'eysseric', 'FRA'))",US Open_2024,FRA,157.0,1,1,1.0,0.09448818897637795,0.13385826771653545,0.3969291382934165
"(('b', 'nakashima', 'USA'), ('e', 'king', 'USA'))",US Open_2024,USA,919.0,1,1,1.0,0.1732283464566929,0.33070866141732286,0.5132027700778068
"(('j', 'withrow', 'USA'), ('n', 'lammons', 'USA'))",US Open_2024,USA,26.0,1,1,1.0,0.1732283464566929,0.33070866141732286,0.5132027700778068
"(('m', 'krueger', 'USA'), ('r', 'stalder', 'USA'))",US Open_2024,USA,94.0,1,1,1.0,0.1732283464566929,0.33070866141732286,0.5132027700778068
"(('n', 'mektić', 'HRV'), ('w', 'koolhof', 'NLD'))",US Open_2024,HRV,28.0,0,0,0.25,0.015748031496062992,0.023622047244094488,0.25913385823955687
"(('t', 'griekspoor', 'NLD'), ('t', 'kokkinakis', 'AUS'))",US Open_2024,AUS,224.0,0,0,0.5,0.047244094488188976,0.33070866141732286,0.48244095333448545
"(('m', 'melo', 'BRA'), ('r', 'matos', 'BRA'))",US Open_2024,BRA,38.0,1,1,1.0,0.031496062992125984,0.047244094488188976,0.41635827082817944
"(('p', 'busta', 'ESP'), ('s', 'gornés', 'ESP'))",US Open_2024,ESP,110.0,1,1,1.0,0.03937007874015748,0.18110236220472442,0.45661417526053627
"(('d', 'stricker', 'CHE'), ('f', 'cobolli', 'ITA'))",US Open_2024,CHE,1152.0,0,0,0.3149999976158142,0.0,0.0,0.40093503845958256
"(('d', 'shapovalov', 'CAN'), ('s', 'kwon', 'KOR'))",US Open_2024,CAN,192.0,0,0,0.0,0.0,0.4645669291338583,0.46340158055147784
"(('h', 'heliövaara', 'FIN'), ('h', 'patten', 'GBR'))",US Open_2024,GBR,12.0,0,0,0.0,0.047244094488188976,0.33070866141732286,0.48244095333448545
"(('m', 'guinard', 'FRA'), ('s', 'doumbia', 'FRA'))",US Open_2024,FRA,75.0,1,1,1.0,0.09448818897637795,0.13385826771653545,0.3969291382934165
"(('m', 'venus', 'NZL'), ('n', 'skupski', 'GBR'))",US Open_2024,NZL,17.0,0,1,1.0,0.007874015748031496,0.33070866141732286,0.48244095333448545
"(('g', 'jacq', 'FRA'), ('h', 'gaston', 'FRA'))",US Open_2024,FRA,71.0,1,1,1.0,0.09448818897637795,0.13385826771653545,0.3969291382934165
"(('g', 'andreozzi', 'ARG'), ('s', 'balaji', 'IND'))",US Open_2024,IND,66.0,0,0,0.0,0.015748031496062992,0.33070866141732286,0.015748031496062992
"(('m', 'daniell', 'NZL'), ('m', 'reyes-varela', 'MEX'))",US Open_2024,MEX,63.0,0,0,0.25,0.007874015748031496,0.18110236220472442,0.45661417526053627
"(('j', 'cash', 'GBR'), ('r', 'galloway', 'USA'))",US Open_2024,USA,37.0,0,1,0.8875000476837158,0.1732283464566929,0.33070866141732286,0.5132027700778068
"(('a', 'michelsen', 'USA'), ('m', 'mcdonald', 'USA'))",US Open_2024,USA,118.0,1,1,1.0,0.1732283464566929,0.33070866141732286,0.5132027700778068
"(('e', 'nava', 'USA'), ('t', 'boyer', 'USA'))",US Open_2024,USA,377.0,1,1,1.0,0.1732283464566929,0.33070866141732286,0.5132027700778068
"(('s', 'gonzález', 'MEX'), ('é', 'roger-vasselin', 'FRA'))",US Open_2024,FRA,15.0,0,0,0.5,0.09448818897637795,0.13385826771653545,0.3969291382934165
"(('a', 'pavlásek', 'CZE'), ('i', 'dodig', 'HRV'))",US Open_2024,CZE,43.0,0,0,0.5,0.0,0.0,0.2492913385545175
"(('c', 'harrison', 'USA'), ('v', 'kirkov', 'USA'))",US Open_2024,USA,130.0,1,1,1.0,0.1732283464566929,0.33070866141732286,0.5132027700778068
"(('n', 'barrientos', 'COL'), ('s', 'mansouri', 'TUN'))",US Open_2024,TUN,65.0,0,0,0.0,0.0,0.13385826771653545,0.0
"(('a', 'razeghi', 'USA'), ('n', 'filin', 'USA'))",US Open_2024,USA,1289.0,1,1,1.0,0.1732283464566929,0.33070866141732286,0.5132027700778068
"(('j', 'vliegen', 'BEL'), ('s', 'gillé', 'BEL'))",US Open_2024,BEL,35.0,1,1,1.0,0.015748031496062992,0.2204724409448819,0.408078742681995
"(('m', 'kecmanović', 'SRB'), ('r', 'safiullin', 'RUS'))",US Open_2024,RUS,151.0,0,0,0.5,0.007874015748031496,0.023622047244094488,0.25645669285706646
"(('m', 'arévalo', 'SLV'), ('m', 'pavić', 'HRV'))",US Open_2024,HRV,7.0,0,0,0.25,0.015748031496062992,0.023622047244094488,0.25913385823955687
"(('a', 'fils', 'FRA'), ('g', 'perricard', 'FRA'))",US Open_2024,FRA,353.0,1,1,1.0,0.09448818897637795,0.13385826771653545,0.3969291382934165
"(('a', 'vavassori', 'ITA'), ('s', 'bolelli', 'ITA'))",US Open_2024,ITA,9.0,1,1,1.0,0.023622047244094488,0.023622047244094488,0.35051181521472036
"(('c', 'ruud', 'NOR'), ('w', 'blumberg', 'USA'))",US Open_2024,NOR,406.0,0,0,0.4625000059604645,0.0,0.0,0.34562992243785556
"(('a', 'göransson', 'SWE'), ('s', 'verbeek', 'NLD'))",US Open_2024,NLD,55.0,0,0,0.5,0.05511811023622047,0.07874015748031496,0.3953937019841878
"(('j', 'murray', 'GBR'), ('j', 'peers', 'AUS'))",US Open_2024,AUS,54.0,0,1,1.0,0.047244094488188976,0.33070866141732286,0.48244095333448545
"(('m', 'navone', 'ARG'), ('t', 'monteiro', 'BRA'))",US Open_2024,ARG,873.0,0,0,0.75,0.05511811023622047,0.18110236220472442,0.45661417526053627
"(('a', 'mannarino', 'FRA'), ('a', 'rinderknech', 'FRA'))",US Open_2024,FRA,257.0,1,1,1.0,0.09448818897637795,0.13385826771653545,0.3969291382934165
"(('k', 'krawietz', 'DEU'), ('t', 'pütz', 'DEU'))",US Open_2024,DEU,20.0,1,1,1.0,0.031496062992125984,0.031496062992125984,0.3933661429478427
"(('a', 'nedovyesov', 'KAZ'), ('g', 'escobar', 'ECU'))",US Open_2024,KAZ,57.0,0,0,0.1024999991059303,0.007874015748031496,0.023622047244094488,0.1136023626318128
"(('a', 'molteni', 'ARG'), ('m', 'gonzález', 'ARG'))",US Open_2024,ARG,30.0,1,1,1.0,0.05511811023622047,0.18110236220472442,0.45661417526053627
"(('c', 'rodríguez', 'COL'), ('n', 'jarry', 'CHL'))",US Open_2024,COL,112.0,0,1,1.0,0.007874015748031496,0.18110236220472442,0.45661417526053627
"(('j', 'tracy', 'USA'), ('r', 'cash', 'USA'))",US Open_2024,USA,250.0,1,1,1.0,0.1732283464566929,0.33070866141732286,0.5132027700778068
"(('a', 'shevchenko', 'KAZ'), ('s', 'weissborn', 'AUT'))",US Open_2024,AUT,77.0,0,0,0.1024999991059303,0.015748031496062992,0.03937007874015748,0.3933661429478427
"(('f', 'coria', 'ARG'), ('r', 'baena', 'ESP'))",US Open_2024,ARG,869.0,0,1,1.0,0.05511811023622047,0.18110236220472442,0.45661417526053627
"(('p', 'kotov', 'RUS'), ('t', 'wild', 'BRA'))",US Open_2024,BRA,410.0,0,0,0.25,0.031496062992125984,0.047244094488188976,0.41635827082817944
"(('m', 'ebden', 'AUS'), ('r', 'bopanna', 'IND'))",US Open_2024,AUS,3.0,0,1,0.0,0.047244094488188976,0.33070866141732286,0.48244095333448545
"(('r', 'haase', 'NLD'), ('s', 'arends', 'NLD'))",US Open_2024,NLD,58.0,1,1,1.0,0.05511811023622047,0.07874015748031496,0.3953937019841878
"(('h', 'zeballos', 'ARG'), ('m', 'granollers', 'ESP'))",Wimbledon_2024,ARG,2.0,0,1,1.0,0.05511811023622047,0.14960629921259844,0.41801181231662043
"(('t', 'monteiro', 'BRA'), ('t', 'wild', 'BRA'))",Wimbledon_2024,BRA,431.0,1,1,1.0,0.031496062992125984,0.047244094488188976,0.38828740352486063
"(('n', 'mahut', 'FRA'), ('s', 'mansouri', 'TUN'))",Wimbledon_2024,TUN,60.0,0,1,0.0,0.0,0.08661417322834646,0.0
"(('a', 'vukic', 'AUS'), ('r', 'stalder', 'USA'))",Wimbledon_2024,AUS,575.0,0,1,0.8875000476837158,0.047244094488188976,0.3543307086614173,0.5041535485424394
"(('s', 'ofner', 'AUT'), ('s', 'weissborn', 'AUT'))",Wimbledon_2024,AUT,73.0,1,1,1.0,0.023622047244094488,0.03937007874015748,0.3966338589036559
"(('a', 'tabilo', 'CHL'), ('d', 'hidalgo', 'ECU'))",Wimbledon_2024,CHL,181.0,0,1,1.0,0.0,0.14960629921259844,0.41801181231662043
"(('d', 'brown', 'JAM'), ('s', 'báez', 'ARG'))",Wimbledon_2024,JAM,872.0,0,0,0.25,0.0,0.11023622047244094,0.5041535485424394
"(('h', 'nys', 'MCO'), ('j', 'zieliński', 'POL'))",Wimbledon_2024,POL,27.0,0,0,0.25,0.0,0.0,0.24696850389476835
"(('j', 'withrow', 'USA'), ('n', 'lammons', 'USA'))",Wimbledon_2024,USA,23.0,1,1,1.0,0.10236220472440945,0.36220472440944884,0.5123149787816476
"(('a', 'michelsen', 'USA'), ('m', 'giron', 'USA'))",Wimbledon_2024,USA,1059.0,1,1,1.0,0.10236220472440945,0.36220472440944884,0.5123149787816476
"(('b', 'shelton', 'USA'), ('m', 'mcdonald', 'USA'))",Wimbledon_2024,USA,76.0,1,1,1.0,0.10236220472440945,0.36220472440944884,0.5123149787816476
"(('f', 'cobolli', 'ITA'), ('l', 'sonego', 'ITA'))",Wimbledon_2024,ITA,162.0,1,1,1.0,0.031496062992125984,0.031496062992125984,0.3369094514260142
"(('a', 'olivetti', 'FRA'), ('y', 'bhambri', 'IND'))",Wimbledon_2024,FRA,46.0,0,0,0.0,0.06299212598425197,0.08661417322834646,0.3637598451268016
"(('a', 'bublik', 'KAZ'), ('a', 'shevchenko', 'KAZ'))",Wimbledon_2024,KAZ,878.0,1,1,1.0,0.015748031496062992,0.023622047244094488,0.11824803142331715
"(('k', 'krawietz', 'DEU'), ('t', 'pütz', 'DEU'))",Wimbledon_2024,DEU,15.0,1,1,1.0,0.031496062992125984,0.031496062992125984,0.3966338589036559
"(('f', 'romboli', 'BRA'), ('l', 'darderi', 'ITA'))",Wimbledon_2024,BRA,91.0,0,0,0.5,0.031496062992125984,0.047244094488188976,0.38828740352486063
"(('j', 'salisbury', 'GBR'), ('r', 'ram', 'USA'))",Wimbledon_2024,GBR,5.0,0,1,0.8875000476837158,0.14173228346456693,0.3543307086614173,0.5041535485424394
"(('c', 'ruud', 'NOR'), ('w', 'blumberg', 'USA'))",Wimbledon_2024,NOR,563.0,0,0,0.4625000059604645,0.0,0.0,0.3470669297697976
"(('a', 'mies', 'DEU'), ('j', 'smith', 'AUS'))",Wimbledon_2024,AUS,65.0,0,0,0.5,0.047244094488188976,0.3543307086614173,0.5041535485424394
"(('f', 'marozsán', 'HUN'), ('v', 'cornea', 'ROU'))",Wimbledon_2024,HUN,558.0,0,0,0.0,0.0,0.0,0.001968503937007874
"(('f', 'martin', 'FRA'), ('m', 'middelkoop', 'NLD'))",Wimbledon_2024,NLD,81.0,0,0,0.25,0.05511811023622047,0.07086614173228346,0.39698818961231724
"(('b', 'stevens', 'NLD'), ('t', 'griekspoor', 'NLD'))",Wimbledon_2024,NLD,102.0,1,1,1.0,0.05511811023622047,0.07086614173228346,0.39698818961231724
"(('j', 'thompson', 'AUS'), ('m', 'purcell', 'AUS'))",Wimbledon_2024,AUS,32.0,1,1,1.0,0.047244094488188976,0.3543307086614173,0.5041535485424394
"(('j', 'clarke', 'GBR'), ('m', 'willis', 'GBR'))",Wimbledon_2024,GBR,96.0,1,1,1.0,0.14173228346456693,0.3543307086614173,0.5041535485424394
"(('a', 'molteni', 'ARG'), ('m', 'gonzález', 'ARG'))",Wimbledon_2024,ARG,18.0,1,1,1.0,0.05511811023622047,0.14960629921259844,0.41801181231662043
"(('p', 'tsitsipas', 'GRC'), ('s', 'tsitsipas', 'GRC'))",Wimbledon_2024,GRC,87.0,1,1,1.0,0.007874015748031496,0.007874015748031496,0.23667322832533694
"(('t', 'macháč', 'CZE'), ('z', 'zhang', 'CHN'))",Wimbledon_2024,CHN,49.0,0,0,0.0,0.0,0.0,0.0
"(('a', 'behar', 'URY'), ('a', 'pavlásek', 'CZE'))",Wimbledon_2024,CZE,38.0,0,0,0.25,0.007874015748031496,0.007874015748031496,0.2509055117687841
"(('a', 'fery', 'GBR'), ('c', 'broom', 'GBR'))",Wimbledon_2024,GBR,388.0,1,1,1.0,0.14173228346456693,0.3543307086614173,0.5041535485424394
"(('a', 'rinderknech', 'FRA'), ('n', 'borges', 'PRT'))",Wimbledon_2024,FRA,250.0,0,0,0.5,0.06299212598425197,0.08661417322834646,0.3637598451268016
"(('n', 'mektić', 'HRV'), ('w', 'koolhof', 'NLD'))",Wimbledon_2024,HRV,22.0,0,0,0.25,0.015748031496062992,0.023622047244094488,0.25681102357980773
"(('f', 'coria', 'ARG'), ('m', 'navone', 'ARG'))",Wimbledon_2024,ARG,874.0,1,1,1.0,0.05511811023622047,0.14960629921259844,0.41801181231662043
"(('h', 'heliövaara', 'FIN'), ('h', 'patten', 'GBR'))",Wimbledon_2024,GBR,42.0,0,0,0.0,0.14173228346456693,0.3543307086614173,0.5041535485424394
"(('a', 'vavassori', 'ITA'), ('s', 'bolelli', 'ITA'))",Wimbledon_2024,ITA,10.0,1,1,1.0,0.031496062992125984,0.031496062992125984,0.3369094514260142
"(('j', 'munar', 'ESP'), ('p', 'martínez', 'ESP'))",Wimbledon_2024,ESP,567.0,1,1,1.0,0.015748031496062992,0.14960629921259844,0.41801181231662043
"(('d', 'lajović', 'SRB'), ('s', 'nagal', 'IND'))",Wimbledon_2024,IND,874.0,0,0,0.0,0.023622047244094488,0.3543307086614173,0.023622047244094488
"(('m', 'melo', 'BRA'), ('r', 'matos', 'BRA'))",Wimbledon_2024,BRA,41.0,1,1,1.0,0.031496062992125984,0.047244094488188976,0.38828740352486063
"(('j', 'fearnley', 'GBR'), ('j', 'jones', 'USA'))",Wimbledon_2024,USA,1395.0,0,1,0.8875000476837158,0.10236220472440945,0.36220472440944884,0.5123149787816476
"(('f', 'cabral', 'PRT'), ('n', 'barrientos', 'COL'))",Wimbledon_2024,PRT,66.0,0,0,0.75,0.007874015748031496,0.047244094488188976,0.38828740352486063
"(('a', 'krajicek', 'USA'), ('i', 'dodig', 'HRV'))",Wimbledon_2024,USA,19.0,0,0,0.25,0.10236220472440945,0.36220472440944884,0.5123149787816476
"(('f', 'reboul', 'FRA'), ('s', 'doumbia', 'FRA'))",Wimbledon_2024,FRA,33.0,1,1,1.0,0.06299212598425197,0.08661417322834646,0.3637598451268016
"(('k', 'edmund', 'GBR'), ('o', 'crawford', 'GBR'))",Wimbledon_2024,GBR,1055.0,1,1,1.0,0.14173228346456693,0.3543307086614173,0.5041535485424394
"(('j', 'cash', 'GBR'), ('r', 'galloway', 'USA'))",Wimbledon_2024,USA,35.0,0,1,0.8875000476837158,0.10236220472440945,0.36220472440944884,0.5123149787816476
"(('m', 'daniell', 'NZL'), ('t', 'arribagé', 'FRA'))",Wimbledon_2024,NZL,307.0,0,0,0.25,0.007874015748031496,0.3543307086614173,0.5041535485424394
"(('r', 'arneodo', 'MCO'), ('s', 'verbeek', 'NLD'))",Wimbledon_2024,NLD,77.0,0,0,0.25,0.05511811023622047,0.07086614173228346,0.39698818961231724
"(('a', 'nedovyesov', 'KAZ'), ('g', 'escobar', 'ECU'))",Wimbledon_2024,KAZ,48.0,0,0,0.1024999991059303,0.015748031496062992,0.023622047244094488,0.11824803142331715
"(('m', 'arévalo', 'SLV'), ('m', 'pavić', 'HRV'))",Wimbledon_2024,HRV,9.0,0,0,0.25,0.015748031496062992,0.023622047244094488,0.25681102357980773
"(('l', 'johnson', 'GBR'), ('s', 'balaji', 'IND'))",Wimbledon_2024,GBR,67.0,0,1,0.0,0.14173228346456693,0.3543307086614173,0.5041535485424394
"(('s', 'gonzález', 'MEX'), ('é', 'roger-vasselin', 'FRA'))",Wimbledon_2024,FRA,13.0,0,0,0.5,0.06299212598425197,0.08661417322834646,0.3637598451268016
"(('d', 'evans', 'GBR'), ('h', 'searle', 'GBR'))",Wimbledon_2024,GBR,964.0,1,1,1.0,0.14173228346456693,0.3543307086614173,0.5041535485424394
"(('c', 'eubanks', 'USA'), ('e', 'king', 'USA'))",Wimbledon_2024,USA,80.0,1,1,1.0,0.10236220472440945,0.36220472440944884,0.5123149787816476
"(('b', 'harris', 'GBR'), ('l', 'broady', 'GBR'))",Wimbledon_2024,GBR,326.0,1,1,1.0,0.14173228346456693,0.3543307086614173,0.5041535485424394
"(('j', 'peers', 'AUS'), ('r', 'hijikata', 'AUS'))",Wimbledon_2024,AUS,51.0,1,1,1.0,0.047244094488188976,0.3543307086614173,0.5041535485424394
"(('a', 'murray', 'GBR'), ('j', 'murray', 'GBR'))",Wimbledon_2024,GBR,25.0,1,1,1.0,0.14173228346456693,0.3543307086614173,0.5041535485424394
"(('m', 'venus', 'NZL'), ('n', 'skupski', 'GBR'))",Wimbledon_2024,NZL,20.0,0,1,1.0,0.007874015748031496,0.3543307086614173,0.5041535485424394
"(('a', 'erler', 'AUT'), ('l', 'miedler', 'AUT'))",Wimbledon_2024,AUT,44.0,1,1,1.0,0.023622047244094488,0.03937007874015748,0.3966338589036559
"(('j', 'vliegen', 'BEL'), ('s', 'gillé', 'BEL'))",Wimbledon_2024,BEL,29.0,1,1,1.0,0.007874015748031496,0.18110236220472442,0.3960472455386101
"(('a', 'müller', 'FRA'), ('f', 'acosta', 'ARG'))",Wimbledon_2024,FRA,366.0,0,0,0.5,0.06299212598425197,0.08661417322834646,0.3637598451268016
"(('j', 'rojer', 'NLD'), ('l', 'glasspool', 'GBR'))",Wimbledon_2024,NLD,26.0,0,0,0.5,0.05511811023622047,0.07086614173228346,0.39698818961231724
"(('g', 'andreozzi', 'ARG'), ('m', 'reyes-varela', 'MEX'))",Wimbledon_2024,MEX,79.0,0,1,1.0,0.007874015748031496,0.14960629921259844,0.41801181231662043
"(('c', 'frantzen', 'DEU'), ('h', 'jebens', 'DEU'))",Wimbledon_2024,DEU,58.0,1,1,1.0,0.031496062992125984,0.031496062992125984,0.3966338589036559
"(('c', 'rodríguez', 'COL'), ('p', 'kotov', 'RUS'))",Wimbledon_2024,COL,82.0,0,0,0.25,0.007874015748031496,0.14960629921259844,0.41801181231662043
"(('m', 'ebden', 'AUS'), ('r', 'bopanna', 'IND'))",Wimbledon_2024,AUS,1.0,0,1,0.0,0.047244094488188976,0.3543307086614173,0.5041535485424394
"(('r', 'haase', 'NLD'), ('s', 'arends', 'NLD'))",Wimbledon_2024,NLD,56.0,1,1,1.0,0.05511811023622047,0.07086614173228346,0.39698818961231724
"(('m', 'arévalo', 'SLV'), ('m', 'pavić', 'HRV'))",Australian Open_2025,HRV,1.0,0,0,0.25,0.023622047244094488,0.03937007874015748,0.26271653539083134
"(('j', 'kubler', 'AUS'), ('r', 'hijikata', 'AUS'))",Australian Open_2025,AUS,422.0,1,1,1.0,0.12598425196850394,0.31496062992125984,0.44478346792497037
"(('d', 'džumhur', 'BIH'), ('p', 'tsitsipas', 'GRC'))",Australian Open_2025,GRC,105.0,0,0,0.25,0.0,0.0,0.22092519682927395
"(('a', 'chandrasekar', 'IND'), ('k', 'drzewiecki', 'POL'))",Australian Open_2025,POL,96.0,0,0,0.0,0.007874015748031496,0.007874015748031496,0.2509055117687841
"(('l', 'johnson', 'GBR'), ('s', 'arends', 'NLD'))",Australian Open_2025,GBR,53.0,0,0,0.5,0.047244094488188976,0.31496062992125984,0.44478346792497037
"(('p', 'busta', 'ESP'), ('s', 'gornés', 'ESP'))",Australian Open_2025,ESP,108.0,1,1,1.0,0.031496062992125984,0.14173228346456693,0.4006102370441429
"(('f', 'reboul', 'FRA'), ('s', 'doumbia', 'FRA'))",Australian Open_2025,FRA,28.0,1,1,1.0,0.07086614173228346,0.10236220472440945,0.35879921426688594
"(('p', 'nouza', 'CZE'), ('p', 'rikl', 'CZE'))",Australian Open_2025,CZE,74.0,1,1,1.0,0.023622047244094488,0.023622047244094488,0.2587795275168156
"(('j', 'salisbury', 'GBR'), ('n', 'skupski', 'GBR'))",Australian Open_2025,GBR,18.0,1,1,1.0,0.047244094488188976,0.31496062992125984,0.44478346792497037
"(('f', 'comesaña', 'ARG'), ('s', 'báez', 'ARG'))",Australian Open_2025,ARG,885.0,1,1,1.0,0.05511811023622047,0.14173228346456693,0.4006102370441429
"(('a', 'göransson', 'SWE'), ('s', 'verbeek', 'NLD'))",Australian Open_2025,NLD,55.0,0,0,0.5,0.047244094488188976,0.07086614173228346,0.36848425236977933
"(('a', 'erler', 'AUT'), ('a', 'mies', 'DEU'))",Australian Open_2025,DEU,61.0,0,0,1.0,0.047244094488188976,0.047244094488188976,0.3689370082752911
"(('a', 'vukic', 'AUS'), ('j', 'duckworth', 'AUS'))",Australian Open_2025,AUS,486.0,1,1,1.0,0.12598425196850394,0.31496062992125984,0.44478346792497037
"(('n', 'kyrgios', 'AUS'), ('t', 'kokkinakis', 'AUS'))",Australian Open_2025,AUS,1269.0,1,1,1.0,0.12598425196850394,0.31496062992125984,0.44478346792497037
"(('l', 'saville', 'AUS'), ('l', 'tu', 'AUS'))",Australian Open_2025,AUS,290.0,1,1,1.0,0.12598425196850394,0.31496062992125984,0.44478346792497037
"(('a', 'molteni', 'ARG'), ('m', 'gonzález', 'ARG'))",Australian Open_2025,ARG,19.0,1,1,1.0,0.05511811023622047,0.14173228346456693,0.4006102370441429
"(('a', 'vavassori', 'ITA'), ('s', 'bolelli', 'ITA'))",Australian Open_2025,ITA,7.0,1,1,1.0,0.031496062992125984,0.031496062992125984,0.3263976394637363
"(('c', 'frantzen', 'DEU'), ('h', 'jebens', 'DEU'))",Australian Open_2025,DEU,57.0,1,1,1.0,0.047244094488188976,0.047244094488188976,0.3689370082752911
"(('d', 'hidalgo', 'ECU'), ('l', 'darderi', 'ITA'))",Australian Open_2025,ECU,88.0,0,0,0.5,0.0,0.14173228346456693,0.4006102370441429
"(('f', 'cobolli', 'ITA'), ('m', 'bortolotti', 'ITA'))",Australian Open_2025,ITA,251.0,1,1,1.0,0.031496062992125984,0.031496062992125984,0.3263976394637363
"(('a', 'pavlásek', 'CZE'), ('j', 'rojer', 'NLD'))",Australian Open_2025,NLD,51.0,0,0,0.25,0.047244094488188976,0.07086614173228346,0.36848425236977933
"(('a', 'cazaux', 'FRA'), ('r', 'arneodo', 'MCO'))",Australian Open_2025,FRA,590.0,0,1,1.0,0.07086614173228346,0.10236220472440945,0.35879921426688594
"(('j', 'munar', 'ESP'), ('p', 'martínez', 'ESP'))",Australian Open_2025,ESP,317.0,1,1,1.0,0.031496062992125984,0.14173228346456693,0.4006102370441429
"(('n', 'barrientos', 'COL'), ('r', 'bopanna', 'IND'))",Australian Open_2025,IND,16.0,0,0,0.0,0.047244094488188976,0.31496062992125984,0.047244094488188976
"(('j', 'murray', 'GBR'), ('j', 'peers', 'AUS'))",Australian Open_2025,AUS,33.0,0,1,1.0,0.12598425196850394,0.31496062992125984,0.44478346792497037
"(('b', 'gojo', 'HRV'), ('m', 'kecmanović', 'SRB'))",Australian Open_2025,SRB,274.0,0,1,0.75,0.0,0.03937007874015748,0.25765748040413294
"(('b', 'zandschulp', 'NLD'), ('t', 'griekspoor', 'NLD'))",Australian Open_2025,NLD,193.0,1,1,1.0,0.047244094488188976,0.07086614173228346,0.36848425236977933
"(('c', ""o'connell"", 'AUS'), ('r', 'safiullin', 'RUS'))",Australian Open_2025,RUS,213.0,0,0,0.25,0.0,0.023622047244094488,0.25181102353756823
"(('m', 'reyes-varela', 'MEX'), ('s', 'balaji', 'IND'))",Australian Open_2025,MEX,59.0,0,0,0.0,0.007874015748031496,0.14173228346456693,0.4006102370441429
"(('a', 'nedovyesov', 'KAZ'), ('r', 'haase', 'NLD'))",Australian Open_2025,KAZ,60.0,0,0,0.1024999991059303,0.015748031496062992,0.023622047244094488,0.1182480311299872
"(('f', 'cabral', 'PRT'), ('n', 'borges', 'PRT'))",Australian Open_2025,PRT,76.0,1,1,1.0,0.007874015748031496,0.047244094488188976,0.3743307099074829
"(('m', 'venus', 'NZL'), ('n', 'mektić', 'HRV'))",Australian Open_2025,NZL,17.0,0,0,0.25,0.0,0.31496062992125984,0.44478346792497037
"(('j', 'withrow', 'USA'), ('n', 'lammons', 'USA'))",Australian Open_2025,USA,20.0,1,1,1.0,0.06299212598425197,0.31496062992125984,0.45171064672272976
"(('e', 'king', 'USA'), ('m', 'giron', 'USA'))",Australian Open_2025,USA,79.0,1,1,1.0,0.06299212598425197,0.31496062992125984,0.45171064672272976
"(('a', 'behar', 'URY'), ('r', 'galloway', 'USA'))",Australian Open_2025,USA,32.0,0,0,0.3625000119209289,0.06299212598425197,0.31496062992125984,0.45171064672272976
"(('a', 'bublik', 'KAZ'), ('a', 'shevchenko', 'KAZ'))",Australian Open_2025,KAZ,863.0,1,1,1.0,0.015748031496062992,0.023622047244094488,0.1182480311299872
"(('l', 'miedler', 'AUT'), ('s', 'gonzález', 'MEX'))",Australian Open_2025,AUT,46.0,0,0,0.25,0.007874015748031496,0.031496062992125984,0.3689370082752911
"(('s', 'watanabe', 'JPN'), ('t', 'yuzuki', 'JPN'))",Australian Open_2025,JPN,144.0,1,1,1.0,0.007874015748031496,0.007874015748031496,0.007874015748031496
"(('j', 'cash', 'GBR'), ('l', 'glasspool', 'GBR'))",Australian Open_2025,GBR,23.0,1,1,1.0,0.047244094488188976,0.31496062992125984,0.44478346792497037
"(('f', 'cerúndolo', 'ARG'), ('t', 'etcheverry', 'ARG'))",Australian Open_2025,ARG,206.0,1,1,1.0,0.05511811023622047,0.14173228346456693,0.4006102370441429
"(('j', 'zieliński', 'POL'), ('s', 'gillé', 'BEL'))",Australian Open_2025,POL,25.0,0,0,0.25,0.007874015748031496,0.007874015748031496,0.2509055117687841
"(('r', 'baena', 'ESP'), ('y', 'bu', 'CHN'))",Australian Open_2025,ESP,298.0,0,0,0.0,0.031496062992125984,0.14173228346456693,0.4006102370441429
"(('g', 'jacq', 'FRA'), ('o', 'luz', 'BRA'))",Australian Open_2025,BRA,66.0,0,0,0.5,0.031496062992125984,0.047244094488188976,0.3743307099074829
"(('m', 'navone', 'ARG'), ('v', 'cornea', 'ROU'))",Australian Open_2025,ARG,274.0,0,0,0.5,0.05511811023622047,0.14173228346456693,0.4006102370441429
"(('c', 'harrison', 'USA'), ('d', 'pel', 'NLD'))",Australian Open_2025,NLD,137.0,0,0,0.4625000059604645,0.047244094488188976,0.07086614173228346,0.36848425236977933
"(('k', 'krawietz', 'DEU'), ('t', 'pütz', 'DEU'))",Australian Open_2025,DEU,10.0,1,1,1.0,0.047244094488188976,0.047244094488188976,0.3689370082752911
"(('a', 'müller', 'FRA'), ('d', 'goffin', 'BEL'))",Australian Open_2025,FRA,263.0,0,1,0.5575,0.07086614173228346,0.10236220472440945,0.35879921426688594
"(('h', 'heliövaara', 'FIN'), ('h', 'patten', 'GBR'))",Australian Open_2025,GBR,13.0,0,0,0.0,0.047244094488188976,0.31496062992125984,0.44478346792497037
"(('r', 'bollipalli', 'IND'), ('r', 'seggerman', 'USA'))",Australian Open_2025,USA,78.0,0,1,0.0,0.06299212598425197,0.31496062992125984,0.45171064672272976
"(('m', 'polmans', 'AUS'), ('m', 'romios', 'AUS'))",Australian Open_2025,AUS,97.0,1,1,1.0,0.12598425196850394,0.31496062992125984,0.44478346792497037
"(('a', 'rinderknech', 'FRA'), ('m', 'guinard', 'FRA'))",Australian Open_2025,FRA,403.0,1,1,1.0,0.07086614173228346,0.10236220472440945,0.35879921426688594
"(('a', 'walton', 'AUS'), ('t', 'schoolkate', 'AUS'))",Australian Open_2025,AUS,190.0,1,1,1.0,0.12598425196850394,0.31496062992125984,0.44478346792497037
"(('a', 'olivetti', 'FRA'), ('y', 'bhambri', 'IND'))",Australian Open_2025,FRA,44.0,0,0,0.0,0.07086614173228346,0.10236220472440945,0.35879921426688594
"(('a', 'krajicek', 'USA'), ('r', 'ram', 'USA'))",Australian Open_2025,USA,29.0,1,1,1.0,0.06299212598425197,0.31496062992125984,0.45171064672272976
"(('j', 'vliegen', 'BEL'), ('m', 'ebden', 'AUS'))",Australian Open_2025,BEL,34.0,0,0,0.3974999999999999,0.015748031496062992,0.1732283464566929,0.3800531505271205
"(('h', 'nys', 'MCO'), ('é', 'roger-vasselin', 'FRA'))",Australian Open_2025,FRA,39.0,0,1,1.0,0.07086614173228346,0.10236220472440945,0.35879921426688594
"(('m', 'melo', 'BRA'), ('r', 'matos', 'BRA'))",Australian Open_2025,BRA,38.0,1,1,1.0,0.031496062992125984,0.047244094488188976,0.3743307099074829
"(('i', 'dodig', 'HRV'), ('s', 'mansouri', 'TUN'))",Australian Open_2025,TUN,54.0,0,0,0.0,0.0,0.10236220472440945,0.0
"(('b', 'ellis', 'AUS'), ('t', 'fancutt', 'AUS'))",Australian Open_2025,AUS,111.0,1,1,1.0,0.12598425196850394,0.31496062992125984,0.44478346792497037
"(('t', 'macháč', 'CZE'), ('z', 'zhang', 'CHN'))",Australian Open_2025,CHN,50.0,0,0,0.0,0.007874015748031496,0.007874015748031496,0.007874015748031496
"(('g', 'andreozzi', 'ARG'), ('t', 'arribagé', 'FRA'))",Australian Open_2025,FRA,63.0,0,0,0.5,0.07086614173228346,0.10236220472440945,0.35879921426688594
"(('j', 'schnaitter', 'DEU'), ('m', 'wallner', 'DEU'))",Australian Open_2025,DEU,80.0,1,1,1.0,0.047244094488188976,0.047244094488188976,0.3689370082752911
"(('f', 'romboli', 'BRA'), ('m', 'zormann', 'BRA'))",Australian Open_2025,BRA,93.0,1,1,1.0,0.031496062992125984,0.047244094488188976,0.3743307099074829
"(('m', 'arévalo', 'SLV'), ('m', 'pavić', 'HRV'))",Roland Garros_2025,HRV,1.0,0,0,0.25,0.015748031496062992,0.023622047244094488,0.2637795275590551
"(('j', 'munar', 'ESP'), ('p', 'martínez', 'ESP'))",Roland Garros_2025,ESP,99.0,1,1,1.0,0.015748031496062992,0.12598425196850394,0.4284251979580076
"(('f', 'marozsán', 'HUN'), ('m', 'bellucci', 'ITA'))",Roland Garros_2025,HUN,336.0,0,0,0.0,0.0,0.0,0.001968503937007874
"(('j', 'brooksby', 'USA'), ('m', 'giron', 'USA'))",Roland Garros_2025,USA,584.0,1,1,1.0,0.09448818897637795,0.2755905511811024,0.46158859890511655
"(('a', 'vukic', 'AUS'), ('j', 'duckworth', 'AUS'))",Roland Garros_2025,AUS,319.0,1,1,1.0,0.06299212598425197,0.2755905511811024,0.4444094535309499
"(('j', 'rojer', 'NLD'), ('s', 'mansouri', 'TUN'))",Roland Garros_2025,NLD,77.0,0,0,0.0,0.05511811023622047,0.07874015748031496,0.3849212605840578
"(('h', 'nys', 'MCO'), ('é', 'roger-vasselin', 'FRA'))",Roland Garros_2025,FRA,32.0,0,1,1.0,0.1732283464566929,0.2125984251968504,0.445511813595539
"(('a', 'behar', 'URY'), ('j', 'vliegen', 'BEL'))",Roland Garros_2025,BEL,55.0,0,0,0.3525,0.015748031496062992,0.29133858267716534,0.4253031510982926
"(('d', 'pel', 'NLD'), ('j', 'paul', 'CHE'))",Roland Garros_2025,NLD,85.0,0,0,0.6200000047683716,0.05511811023622047,0.07874015748031496,0.3849212605840578
"(('a', 'molteni', 'ARG'), ('m', 'gonzález', 'ARG'))",Roland Garros_2025,ARG,19.0,1,1,1.0,0.047244094488188976,0.12598425196850394,0.4284251979580076
"(('l', 'johnson', 'GBR'), ('s', 'arends', 'NLD'))",Roland Garros_2025,GBR,42.0,0,0,0.5,0.05511811023622047,0.2755905511811024,0.4444094535309499
"(('m', 'demoliner', 'BRA'), ('n', 'jarry', 'CHL'))",Roland Garros_2025,CHL,210.0,0,0,0.75,0.0,0.12598425196850394,0.4284251979580076
"(('l', 'tien', 'USA'), ('r', 'seggerman', 'USA'))",Roland Garros_2025,USA,742.0,1,1,1.0,0.09448818897637795,0.2755905511811024,0.46158859890511655
"(('a', 'géa', 'FRA'), ('m', 'kouamé', 'FRA'))",Roland Garros_2025,FRA,958.0,1,1,1.0,0.1732283464566929,0.2125984251968504,0.445511813595539
"(('j', 'cash', 'GBR'), ('l', 'glasspool', 'GBR'))",Roland Garros_2025,GBR,14.0,1,1,1.0,0.05511811023622047,0.2755905511811024,0.4444094535309499
"(('m', 'kecmanović', 'SRB'), ('r', 'hijikata', 'AUS'))",Roland Garros_2025,SRB,274.0,0,0,0.25,0.0,0.023622047244094488,0.25984251968503935
"(('k', 'krawietz', 'DEU'), ('t', 'pütz', 'DEU'))",Roland Garros_2025,DEU,6.0,1,1,1.0,0.047244094488188976,0.047244094488188976,0.3848622054847207
"(('k', 'drzewiecki', 'POL'), ('p', 'matuszewski', 'POL'))",Roland Garros_2025,POL,78.0,1,1,1.0,0.015748031496062992,0.015748031496062992,0.2618110236220472
"(('i', 'dodig', 'HRV'), ('o', 'luz', 'BRA'))",Roland Garros_2025,BRA,64.0,0,0,0.25,0.031496062992125984,0.047244094488188976,0.4049015765208898
"(('g', 'blancaneaux', 'FRA'), ('v', 'royer', 'FRA'))",Roland Garros_2025,FRA,789.0,1,1,1.0,0.1732283464566929,0.2125984251968504,0.445511813595539
"(('f', 'romboli', 'BRA'), ('j', 'smith', 'AUS'))",Roland Garros_2025,AUS,62.0,0,0,0.25,0.06299212598425197,0.2755905511811024,0.4444094535309499
"(('p', 'tsitsipas', 'GRC'), ('s', 'tsitsipas', 'GRC'))",Roland Garros_2025,GRC,160.0,1,1,1.0,0.007874015748031496,0.007874015748031496,0.24015748031496062
"(('a', 'cazaux', 'FRA'), ('h', 'mayot', 'FRA'))",Roland Garros_2025,FRA,485.0,1,1,1.0,0.1732283464566929,0.2125984251968504,0.445511813595539
"(('j', 'murray', 'GBR'), ('r', 'ram', 'USA'))",Roland Garros_2025,USA,30.0,0,1,0.8875000476837158,0.09448818897637795,0.2755905511811024,0.46158859890511655
"(('a', 'krajicek', 'USA'), ('s', 'gonzález', 'MEX'))",Roland Garros_2025,USA,73.0,0,0,0.3625000119209289,0.09448818897637795,0.2755905511811024,0.46158859890511655
"(('j', 'withrow', 'USA'), ('n', 'lammons', 'USA'))",Roland Garros_2025,USA,24.0,1,1,1.0,0.09448818897637795,0.2755905511811024,0.46158859890511655
"(('a', 'olivetti', 'FRA'), ('q', 'halys', 'FRA'))",Roland Garros_2025,FRA,61.0,1,1,1.0,0.1732283464566929,0.2125984251968504,0.445511813595539
"(('j', 'kubler', 'AUS'), ('j', 'thompson', 'AUS'))",Roland Garros_2025,AUS,9.0,1,1,1.0,0.06299212598425197,0.2755905511811024,0.4444094535309499
"(('a', 'erler', 'AUT'), ('c', 'frantzen', 'DEU'))",Roland Garros_2025,DEU,50.0,0,0,1.0,0.047244094488188976,0.047244094488188976,0.3848622054847207
"(('d', 'hidalgo', 'ECU'), ('l', 'darderi', 'ITA'))",Roland Garros_2025,ECU,80.0,0,0,0.5,0.0,0.12598425196850394,0.4284251979580076
"(('h', 'zeballos', 'ARG'), ('m', 'granollers', 'ESP'))",Roland Garros_2025,ARG,11.0,0,1,1.0,0.047244094488188976,0.12598425196850394,0.4284251979580076
"(('f', 'cabral', 'PRT'), ('l', 'miedler', 'AUT'))",Roland Garros_2025,AUT,51.0,0,0,0.25,0.007874015748031496,0.031496062992125984,0.3848622054847207
"(('j', 'salisbury', 'GBR'), ('n', 'skupski', 'GBR'))",Roland Garros_2025,GBR,15.0,1,1,1.0,0.05511811023622047,0.2755905511811024,0.4444094535309499
"(('a', 'mies', 'DEU'), ('r', 'safiullin', 'RUS'))",Roland Garros_2025,RUS,224.0,0,0,0.25,0.0,0.0,0.25393700787401574
"(('g', 'andreozzi', 'ARG'), ('t', 'arribagé', 'FRA'))",Roland Garros_2025,FRA,54.0,0,0,0.5,0.1732283464566929,0.2125984251968504,0.445511813595539
"(('f', 'comesaña', 'ARG'), ('s', 'báez', 'ARG'))",Roland Garros_2025,ARG,885.0,1,1,1.0,0.047244094488188976,0.12598425196850394,0.4284251979580076
"(('a', 'rinderknech', 'FRA'), ('n', 'borges', 'PRT'))",Roland Garros_2025,FRA,1299.0,0,0,0.5,0.1732283464566929,0.2125984251968504,0.445511813595539
"(('j', 'jong', 'NLD'), ('z', 'bergs', 'BEL'))",Roland Garros_2025,NLD,305.0,0,1,0.6925,0.05511811023622047,0.07874015748031496,0.3849212605840578
"(('a', 'göransson', 'SWE'), ('s', 'verbeek', 'NLD'))",Roland Garros_2025,NLD,31.0,0,0,0.5,0.05511811023622047,0.07874015748031496,0.3849212605840578
"(('a', 'müller', 'FRA'), ('g', 'perricard', 'FRA'))",Roland Garros_2025,FRA,581.0,1,1,1.0,0.1732283464566929,0.2125984251968504,0.445511813595539
"(('j', 'peers', 'AUS'), ('m', 'ebden', 'AUS'))",Roland Garros_2025,AUS,28.0,1,1,1.0,0.06299212598425197,0.2755905511811024,0.4444094535309499
"(('k', 'jacquet', 'FRA'), ('u', 'blanchet', 'FRA'))",Roland Garros_2025,FRA,1163.0,1,1,1.0,0.1732283464566929,0.2125984251968504,0.445511813595539
"(('j', 'schnaitter', 'DEU'), ('m', 'wallner', 'DEU'))",Roland Garros_2025,DEU,59.0,1,1,1.0,0.047244094488188976,0.047244094488188976,0.3848622054847207
"(('b', 'stevens', 'NLD'), ('t', 'griekspoor', 'NLD'))",Roland Garros_2025,NLD,82.0,1,1,1.0,0.05511811023622047,0.07874015748031496,0.3849212605840578
"(('m', 'reyes-varela', 'MEX'), ('s', 'balaji', 'IND'))",Roland Garros_2025,MEX,65.0,0,0,0.0,0.007874015748031496,0.12598425196850394,0.4284251979580076
"(('c', 'carabelli', 'ARG'), ('y', 'bu', 'CHN'))",Roland Garros_2025,ARG,1080.0,0,0,0.0,0.047244094488188976,0.12598425196850394,0.4284251979580076
"(('a', 'vavassori', 'ITA'), ('s', 'bolelli', 'ITA'))",Roland Garros_2025,ITA,8.0,1,1,1.0,0.023622047244094488,0.023622047244094488,0.3557874039026696
"(('n', 'mahut', 'FRA'), ('p', 'herbert', 'FRA'))",Roland Garros_2025,FRA,461.0,1,1,1.0,0.1732283464566929,0.2125984251968504,0.445511813595539
"(('m', 'venus', 'NZL'), ('n', 'mektić', 'HRV'))",Roland Garros_2025,NZL,17.0,0,0,0.25,0.0,0.2755905511811024,0.4444094535309499
"(('g', 'jacq', 'FRA'), ('m', 'romios', 'AUS'))",Roland Garros_2025,AUS,72.0,0,0,0.25,0.06299212598425197,0.2755905511811024,0.4444094535309499
"(('r', 'galloway', 'USA'), ('y', 'bhambri', 'IND'))",Roland Garros_2025,USA,38.0,0,1,0.0,0.09448818897637795,0.2755905511811024,0.46158859890511655
"(('h', 'jebens', 'DEU'), ('r', 'haase', 'NLD'))",Roland Garros_2025,DEU,57.0,0,0,0.75,0.047244094488188976,0.047244094488188976,0.3848622054847207
"(('m', 'guinard', 'FRA'), ('r', 'arneodo', 'MCO'))",Roland Garros_2025,FRA,40.0,0,1,1.0,0.1732283464566929,0.2125984251968504,0.445511813595539
"(('m', 'melo', 'BRA'), ('r', 'matos', 'BRA'))",Roland Garros_2025,BRA,45.0,1,1,1.0,0.031496062992125984,0.047244094488188976,0.4049015765208898
"(('c', 'harrison', 'USA'), ('e', 'king', 'USA'))",Roland Garros_2025,USA,18.0,1,1,1.0,0.09448818897637795,0.2755905511811024,0.46158859890511655
"(('j', 'zieliński', 'POL'), ('s', 'gillé', 'BEL'))",Roland Garros_2025,POL,35.0,0,0,0.25,0.015748031496062992,0.015748031496062992,0.2618110236220472
"(('f', 'reboul', 'FRA'), ('s', 'doumbia', 'FRA'))",Roland Garros_2025,FRA,22.0,1,1,1.0,0.1732283464566929,0.2125984251968504,0.445511813595539
"(('a', 'mannarino', 'FRA'), ('g', 'barrère', 'FRA'))",Roland Garros_2025,FRA,875.0,1,1,1.0,0.1732283464566929,0.2125984251968504,0.445511813595539
"(('a', 'pavlásek', 'CZE'), ('r', 'bopanna', 'IND'))",Roland Garros_2025,CZE,52.0,0,0,0.0,0.015748031496062992,0.015748031496062992,0.2618110236220472
"(('j', 'tracy', 'USA'), ('r', 'cash', 'USA'))",Roland Garros_2025,USA,67.0,1,1,1.0,0.09448818897637795,0.2755905511811024,0.46158859890511655
"(('g', 'diallo', 'CAN'), ('j', 'fearnley', 'GBR'))",Roland Garros_2025,GBR,668.0,0,1,0.7749999761581421,0.05511811023622047,0.2755905511811024,0.4444094535309499
"(('n', 'barrientos', 'COL'), ('r', 'bollipalli', 'IND'))",Roland Garros_2025,IND,75.0,0,0,0.0,0.023622047244094488,0.2755905511811024,0.023622047244094488
"(('h', 'heliövaara', 'FIN'), ('h', 'patten', 'GBR'))",Roland Garros_2025,GBR,4.0,0,0,0.0,0.05511811023622047,0.2755905511811024,0.4444094535309499
"(('p', 'nouza', 'CZE'), ('p', 'rikl', 'CZE'))",Roland Garros_2025,CZE,69.0,1,1,1.0,0.015748031496062992,0.015748031496062992,0.2618110236220472
"(('a', 'erler', 'AUT'), ('r', 'galloway', 'USA'))",US Open_2025,USA,34.0,0,0,0.4625000059604645,0.2047244094488189,0.4015748031496063,0.5233110368955792
"(('j', 'cash', 'GBR'), ('l', 'glasspool', 'GBR'))",US Open_2025,GBR,1.0,1,1,1.0,0.05511811023622047,0.4015748031496063,0.4974803249033417
"(('j', 'schnaitter', 'DEU'), ('m', 'wallner', 'DEU'))",US Open_2025,DEU,62.0,1,1,1.0,0.03937007874015748,0.03937007874015748,0.3853937021414126
"(('a', 'walton', 'AUS'), ('b', 'bayldon', 'AUS'))",US Open_2025,AUS,163.0,1,1,1.0,0.05511811023622047,0.4015748031496063,0.4974803249033417
"(('m', 'melo', 'BRA'), ('r', 'matos', 'BRA'))",US Open_2025,BRA,52.0,1,1,1.0,0.031496062992125984,0.03937007874015748,0.37096457062978444
"(('i', 'dodig', 'HRV'), ('j', 'murray', 'GBR'))",US Open_2025,GBR,40.0,0,0,0.25,0.05511811023622047,0.4015748031496063,0.4974803249033417
"(('f', 'reboul', 'FRA'), ('s', 'doumbia', 'FRA'))",US Open_2025,FRA,29.0,1,1,1.0,0.07874015748031496,0.11811023622047244,0.36669291863525943
"(('a', 'göransson', 'SWE'), ('s', 'verbeek', 'NLD'))",US Open_2025,NLD,43.0,0,0,0.5,0.03937007874015748,0.07086614173228346,0.38610236355873545
"(('a', 'molteni', 'ARG'), ('m', 'gonzález', 'ARG'))",US Open_2025,ARG,20.0,1,1,1.0,0.03937007874015748,0.11811023622047244,0.3986220496775597
"(('a', 'krajicek', 'USA'), ('s', 'gonzález', 'MEX'))",US Open_2025,USA,53.0,0,0,0.3625000119209289,0.2047244094488189,0.4015748031496063,0.5233110368955792
"(('c', 'harper', 'CAN'), ('j', 'rojer', 'NLD'))",US Open_2025,NLD,85.0,0,0,0.4250000119209289,0.03937007874015748,0.07086614173228346,0.38610236355873545
"(('b', 'bonzi', 'FRA'), ('t', 'arribagé', 'FRA'))",US Open_2025,FRA,192.0,1,1,1.0,0.07874015748031496,0.11811023622047244,0.36669291863525943
"(('j', 'tracy', 'USA'), ('r', 'cash', 'USA'))",US Open_2025,USA,57.0,1,1,1.0,0.2047244094488189,0.4015748031496063,0.5233110368955792
"(('r', 'arneodo', 'MCO'), ('r', 'bopanna', 'IND'))",US Open_2025,IND,54.0,0,0,0.0,0.047244094488188976,0.4015748031496063,0.047244094488188976
"(('a', 'vavassori', 'ITA'), ('s', 'bolelli', 'ITA'))",US Open_2025,ITA,13.0,1,1,1.0,0.015748031496062992,0.015748031496062992,0.31968504433791467
"(('j', 'munar', 'ESP'), ('p', 'martínez', 'ESP'))",US Open_2025,ESP,103.0,1,1,1.0,0.015748031496062992,0.11811023622047244,0.3986220496775597
"(('c', 'frantzen', 'DEU'), ('r', 'haase', 'NLD'))",US Open_2025,NLD,83.0,0,0,0.75,0.03937007874015748,0.07086614173228346,0.38610236355873545
"(('h', 'heliövaara', 'FIN'), ('h', 'patten', 'GBR'))",US Open_2025,GBR,5.0,0,0,0.0,0.05511811023622047,0.4015748031496063,0.4974803249033417
"(('a', 'olivetti', 'FRA'), ('o', 'luz', 'BRA'))",US Open_2025,FRA,65.0,0,0,0.5,0.07874015748031496,0.11811023622047244,0.36669291863525943
"(('a', 'mannarino', 'FRA'), ('e', 'ruusuvuori', 'FIN'))",US Open_2025,FIN,1060.0,0,0,0.0,0.007874015748031496,0.015748031496062992,0.00984251968503937
"(('c', 'carabelli', 'ARG'), ('t', 'etcheverry', 'ARG'))",US Open_2025,ARG,657.0,1,1,1.0,0.03937007874015748,0.11811023622047244,0.3986220496775597
"(('a', 'kovacevic', 'USA'), ('d', 'džumhur', 'BIH'))",US Open_2025,USA,882.0,0,0,0.25,0.2047244094488189,0.4015748031496063,0.5233110368955792
"(('l', 'johnson', 'GBR'), ('s', 'arends', 'NLD'))",US Open_2025,GBR,31.0,0,0,0.5,0.05511811023622047,0.4015748031496063,0.4974803249033417
"(('f', 'marozsán', 'HUN'), ('m', 'bellucci', 'ITA'))",US Open_2025,HUN,336.0,0,0,0.0,0.0,0.0,0.003937007874015748
"(('f', 'cabral', 'PRT'), ('l', 'miedler', 'AUT'))",US Open_2025,AUT,28.0,0,0,0.25,0.007874015748031496,0.03937007874015748,0.3853937021414126
"(('n', 'barrientos', 'COL'), ('n', 'lammons', 'USA'))",US Open_2025,USA,70.0,0,0,0.3625000119209289,0.2047244094488189,0.4015748031496063,0.5233110368955792
"(('a', 'pavlásek', 'CZE'), ('j', 'zieliński', 'POL'))",US Open_2025,POL,46.0,0,0,0.5,0.007874015748031496,0.007874015748031496,0.25555118108828234
"(('a', 'behar', 'URY'), ('j', 'vliegen', 'BEL'))",US Open_2025,BEL,66.0,0,0,0.3525,0.023622047244094488,0.18110236220472442,0.396541341533811
"(('e', 'quinn', 'USA'), ('m', 'mcdonald', 'USA'))",US Open_2025,USA,543.0,1,1,1.0,0.2047244094488189,0.4015748031496063,0.5233110368955792
"(('p', 'trhac', 'USA'), ('t', 'hilderbrand', 'USA'))",US Open_2025,USA,77.0,1,1,1.0,0.2047244094488189,0.4015748031496063,0.5233110368955792
"(('h', 'zeballos', 'ARG'), ('m', 'granollers', 'ESP'))",US Open_2025,ARG,11.0,0,1,1.0,0.03937007874015748,0.11811023622047244,0.3986220496775597
"(('h', 'medjedovic', 'SRB'), ('m', 'kecmanović', 'SRB'))",US Open_2025,SRB,1267.0,1,1,1.0,0.007874015748031496,0.03937007874015748,0.26427165366063904
"(('c', 'harrison', 'USA'), ('e', 'king', 'USA'))",US Open_2025,USA,18.0,1,1,1.0,0.2047244094488189,0.4015748031496063,0.5233110368955792
"(('f', 'romboli', 'BRA'), ('j', 'smith', 'AUS'))",US Open_2025,AUS,51.0,0,0,0.25,0.05511811023622047,0.4015748031496063,0.4974803249033417
"(('a', 'bublik', 'KAZ'), ('m', 'demoliner', 'BRA'))",US Open_2025,BRA,88.0,0,0,0.1024999991059303,0.031496062992125984,0.03937007874015748,0.37096457062978444
"(('h', 'jebens', 'DEU'), ('r', 'ho', 'TWN'))",US Open_2025,DEU,81.0,0,0,0.0,0.03937007874015748,0.03937007874015748,0.3853937021414126
"(('e', 'nava', 'USA'), ('t', 'boyer', 'USA'))",US Open_2025,USA,253.0,1,1,1.0,0.2047244094488189,0.4015748031496063,0.5233110368955792
"(('n', 'mektić', 'HRV'), ('r', 'ram', 'USA'))",US Open_2025,USA,35.0,0,0,0.25,0.2047244094488189,0.4015748031496063,0.5233110368955792
"(('g', 'andreozzi', 'ARG'), ('m', 'guinard', 'FRA'))",US Open_2025,FRA,44.0,0,0,0.5,0.07874015748031496,0.11811023622047244,0.36669291863525943
"(('m', 'venus', 'NZL'), ('y', 'bhambri', 'IND'))",US Open_2025,NZL,25.0,0,1,0.0,0.0,0.4015748031496063,0.4974803249033417
"(('l', 'tien', 'USA'), ('m', 'giron', 'USA'))",US Open_2025,USA,343.0,1,1,1.0,0.2047244094488189,0.4015748031496063,0.5233110368955792
"(('g', 'escobar', 'ECU'), ('m', 'reyes-varela', 'MEX'))",US Open_2025,MEX,93.0,0,1,1.0,0.007874015748031496,0.11811023622047244,0.3986220496775597
"(('b', 'holt', 'USA'), ('c', 'smith', 'USA'))",US Open_2025,USA,563.0,1,1,1.0,0.2047244094488189,0.4015748031496063,0.5233110368955792
"(('c', 'williams', 'USA'), ('t', 'winegar', 'USA'))",US Open_2025,USA,317.0,1,1,1.0,0.2047244094488189,0.4015748031496063,0.5233110368955792
"(('p', 'nouza', 'CZE'), ('p', 'rikl', 'CZE'))",US Open_2025,CZE,58.0,1,1,1.0,0.031496062992125984,0.031496062992125984,0.2673622047103296
"(('k', 'krawietz', 'DEU'), ('t', 'pütz', 'DEU'))",US Open_2025,DEU,8.0,1,1,1.0,0.03937007874015748,0.03937007874015748,0.3853937021414126
"(('g', 'perricard', 'FRA'), ('n', 'mahut', 'FRA'))",US Open_2025,FRA,251.0,1,1,1.0,0.07874015748031496,0.11811023622047244,0.36669291863525943
"(('j', 'salisbury', 'GBR'), ('n', 'skupski', 'GBR'))",US Open_2025,GBR,10.0,1,1,1.0,0.05511811023622047,0.4015748031496063,0.4974803249033417
"(('g', 'goldhoff', 'USA'), ('r', 'stalder', 'USA'))",US Open_2025,USA,108.0,1,1,1.0,0.2047244094488189,0.4015748031496063,0.5233110368955792
"(('a', 'müller', 'FRA'), ('d', 'goffin', 'BEL'))",US Open_2025,FRA,903.0,0,1,0.5575,0.07874015748031496,0.11811023622047244,0.36669291863525943
"(('b', 'stevens', 'NLD'), ('v', 'kirkov', 'USA'))",US Open_2025,NLD,74.0,0,0,0.4625000059604645,0.03937007874015748,0.07086614173228346,0.38610236355873545
"(('r', 'bollipalli', 'IND'), ('s', 'balaji', 'IND'))",US Open_2025,IND,73.0,1,1,1.0,0.047244094488188976,0.4015748031496063,0.047244094488188976
"(('h', 'nys', 'MCO'), ('é', 'roger-vasselin', 'FRA'))",US Open_2025,FRA,19.0,0,1,1.0,0.07874015748031496,0.11811023622047244,0.36669291863525943
"(('d', 'pel', 'NLD'), ('r', 'hijikata', 'AUS'))",US Open_2025,NLD,39.0,0,0,0.5,0.03937007874015748,0.07086614173228346,0.38610236355873545
"(('k', 'drzewiecki', 'POL'), ('m', 'willis', 'GBR'))",US Open_2025,GBR,90.0,0,0,0.25,0.05511811023622047,0.4015748031496063,0.4974803249033417
"(('j', 'thompson', 'AUS'), ('m', 'ebden', 'AUS'))",US Open_2025,AUS,16.0,1,1,1.0,0.05511811023622047,0.4015748031496063,0.4974803249033417
"(('j', 'peers', 'AUS'), ('j', 'withrow', 'USA'))",US Open_2025,USA,61.0,0,1,0.8875000476837158,0.2047244094488189,0.4015748031496063,0.5233110368955792
"(('r', 'collignon', 'BEL'), ('z', 'bergs', 'BEL'))",US Open_2025,BEL,524.0,1,1,1.0,0.023622047244094488,0.18110236220472442,0.396541341533811
"(('m', 'vocel', 'CZE'), ('t', 'macháč', 'CZE'))",US Open_2025,CZE,115.0,1,1,1.0,0.031496062992125984,0.031496062992125984,0.2673622047103296
"(('m', 'romios', 'AUS'), ('r', 'seggerman', 'USA'))",US Open_2025,USA,67.0,0,1,0.8875000476837158,0.2047244094488189,0.4015748031496063,0.5233110368955792
"(('m', 'arévalo', 'SLV'), ('m', 'pavić', 'HRV'))",US Open_2025,HRV,3.0,0,0,0.25,0.015748031496062992,0.03937007874015748,0.26539370077332175
"(('a', 'kadhe', 'IND'), ('d', 'hidalgo', 'ECU'))",US Open_2025,IND,119.0,0,0,0.0,0.047244094488188976,0.4015748031496063,0.047244094488188976
"(('m', 'arévalo', 'SLV'), ('m', 'pavić', 'HRV'))",Wimbledon_2025,HRV,1.0,0,0,0.25,0.015748031496062992,0.031496062992125984,0.2673622047103296
"(('l', 'djere', 'SRB'), ('r', 'baena', 'ESP'))",Wimbledon_2025,SRB,349.0,0,0,0.25,0.0,0.031496062992125984,0.26427165366063904
"(('j', 'munar', 'ESP'), ('p', 'martínez', 'ESP'))",Wimbledon_2025,ESP,103.0,1,1,1.0,0.023622047244094488,0.12598425196850394,0.40639763938395057
"(('j', 'menšík', 'CZE'), ('t', 'macháč', 'CZE'))",Wimbledon_2025,CZE,396.0,1,1,1.0,0.03937007874015748,0.03937007874015748,0.2752362204583611
"(('f', 'cabral', 'PRT'), ('l', 'miedler', 'AUT'))",Wimbledon_2025,AUT,47.0,0,0,0.25,0.007874015748031496,0.03937007874015748,0.3801771662859466
"(('j', 'murray', 'GBR'), ('r', 'ram', 'USA'))",Wimbledon_2025,USA,38.0,0,1,0.8875000476837158,0.13385826771653545,0.3700787401574803,0.5059882053944069
"(('p', 'nouza', 'CZE'), ('p', 'rikl', 'CZE'))",Wimbledon_2025,CZE,65.0,1,1,1.0,0.03937007874015748,0.03937007874015748,0.2752362204583611
"(('j', 'peers', 'AUS'), ('m', 'ebden', 'AUS'))",Wimbledon_2025,AUS,25.0,1,1,1.0,0.047244094488188976,0.3700787401574803,0.49167323491000753
"(('h', 'nys', 'MCO'), ('é', 'roger-vasselin', 'FRA'))",Wimbledon_2025,FRA,21.0,0,1,1.0,0.08661417322834646,0.13385826771653545,0.37781496418977345
"(('b', 'bonzi', 'FRA'), ('g', 'jacq', 'FRA'))",Wimbledon_2025,FRA,73.0,1,1,1.0,0.08661417322834646,0.13385826771653545,0.37781496418977345
"(('j', 'schnaitter', 'DEU'), ('m', 'wallner', 'DEU'))",Wimbledon_2025,DEU,60.0,1,1,1.0,0.03937007874015748,0.03937007874015748,0.3801771662859466
"(('f', 'comesaña', 'ARG'), ('s', 'báez', 'ARG'))",Wimbledon_2025,ARG,885.0,1,1,1.0,0.05511811023622047,0.12598425196850394,0.40639763938395057
"(('a', 'pavlásek', 'CZE'), ('j', 'zieliński', 'POL'))",Wimbledon_2025,POL,41.0,0,0,0.5,0.015748031496062992,0.015748031496062992,0.2634251968363139
"(('a', 'krajicek', 'USA'), ('s', 'gonzález', 'MEX'))",Wimbledon_2025,USA,56.0,0,0,0.3625000119209289,0.13385826771653545,0.3700787401574803,0.5059882053944069
"(('a', 'vavassori', 'ITA'), ('s', 'bolelli', 'ITA'))",Wimbledon_2025,ITA,15.0,1,1,1.0,0.023622047244094488,0.023622047244094488,0.3308070898924287
"(('a', 'behar', 'URY'), ('j', 'vliegen', 'BEL'))",Wimbledon_2025,BEL,63.0,0,0,0.3525,0.023622047244094488,0.1889763779527559,0.3968622067336022
"(('k', 'krawietz', 'DEU'), ('t', 'pütz', 'DEU'))",Wimbledon_2025,DEU,6.0,1,1,1.0,0.03937007874015748,0.03937007874015748,0.3801771662859466
"(('r', 'bopanna', 'IND'), ('s', 'gillé', 'BEL'))",Wimbledon_2025,BEL,54.0,0,0,0.0,0.023622047244094488,0.1889763779527559,0.3968622067336022
"(('m', 'romios', 'AUS'), ('r', 'seggerman', 'USA'))",Wimbledon_2025,USA,72.0,0,1,0.8875000476837158,0.13385826771653545,0.3700787401574803,0.5059882053944069
"(('a', 'kadhe', 'IND'), ('v', 'kopřiva', 'CZE'))",Wimbledon_2025,CZE,574.0,0,0,0.0,0.03937007874015748,0.03937007874015748,0.2752362204583611
"(('j', 'tracy', 'USA'), ('r', 'cash', 'USA'))",Wimbledon_2025,USA,68.0,1,1,1.0,0.13385826771653545,0.3700787401574803,0.5059882053944069
"(('k', 'drzewiecki', 'POL'), ('p', 'matuszewski', 'POL'))",Wimbledon_2025,POL,81.0,1,1,1.0,0.015748031496062992,0.015748031496062992,0.2634251968363139
"(('d', 'pel', 'NLD'), ('r', 'hijikata', 'AUS'))",Wimbledon_2025,NLD,82.0,0,0,0.5,0.031496062992125984,0.06299212598425197,0.3789173237662616
"(('a', 'göransson', 'SWE'), ('s', 'verbeek', 'NLD'))",Wimbledon_2025,NLD,31.0,0,0,0.5,0.031496062992125984,0.06299212598425197,0.3789173237662616
"(('f', 'reboul', 'FRA'), ('s', 'doumbia', 'FRA'))",Wimbledon_2025,FRA,23.0,1,1,1.0,0.08661417322834646,0.13385826771653545,0.37781496418977345
"(('g', 'diallo', 'CAN'), ('z', 'bergs', 'BEL'))",Wimbledon_2025,CAN,496.0,0,1,0.4455000168085098,0.0,0.5039370078740157,0.4682637822276025
"(('a', 'erler', 'AUT'), ('c', 'frantzen', 'DEU'))",Wimbledon_2025,DEU,52.0,0,0,1.0,0.03937007874015748,0.03937007874015748,0.3801771662859466
"(('a', 'walton', 'AUS'), ('j', 'brooksby', 'USA'))",Wimbledon_2025,AUS,179.0,0,1,0.8875000476837158,0.047244094488188976,0.3700787401574803,0.49167323491000753
"(('m', 'melo', 'BRA'), ('r', 'matos', 'BRA'))",Wimbledon_2025,BRA,58.0,1,1,1.0,0.031496062992125984,0.047244094488188976,0.3813976402287408
"(('i', 'dodig', 'HRV'), ('o', 'luz', 'BRA'))",Wimbledon_2025,BRA,57.0,0,0,0.25,0.031496062992125984,0.047244094488188976,0.3813976402287408
"(('m', 'venus', 'NZL'), ('n', 'mektić', 'HRV'))",Wimbledon_2025,NZL,20.0,0,0,0.25,0.0,0.3700787401574803,0.49167323491000753
"(('c', 'thomson', 'GBR'), ('l', 'maxted', 'GBR'))",Wimbledon_2025,GBR,1267.0,1,1,1.0,0.11811023622047244,0.3700787401574803,0.49167323491000753
"(('j', 'salisbury', 'GBR'), ('n', 'skupski', 'GBR'))",Wimbledon_2025,GBR,11.0,1,1,1.0,0.11811023622047244,0.3700787401574803,0.49167323491000753
"(('c', 'broom', 'GBR'), ('j', 'paris', 'GBR'))",Wimbledon_2025,GBR,105.0,1,1,1.0,0.11811023622047244,0.3700787401574803,0.49167323491000753
"(('n', 'barrientos', 'COL'), ('r', 'bollipalli', 'IND'))",Wimbledon_2025,IND,79.0,0,0,0.0,0.031496062992125984,0.3700787401574803,0.031496062992125984
"(('a', 'müller', 'FRA'), ('d', 'goffin', 'BEL'))",Wimbledon_2025,FRA,596.0,0,1,0.5575,0.08661417322834646,0.13385826771653545,0.37781496418977345
"(('p', 'trhac', 'USA'), ('t', 'arribagé', 'FRA'))",Wimbledon_2025,USA,92.0,0,0,0.2875000238418579,0.13385826771653545,0.3700787401574803,0.5059882053944069
"(('n', 'mahut', 'FRA'), ('q', 'halys', 'FRA'))",Wimbledon_2025,FRA,471.0,1,1,1.0,0.08661417322834646,0.13385826771653545,0.37781496418977345
"(('a', 'molteni', 'ARG'), ('m', 'gonzález', 'ARG'))",Wimbledon_2025,ARG,22.0,1,1,1.0,0.05511811023622047,0.12598425196850394,0.40639763938395057
"(('d', 'džumhur', 'BIH'), ('s', 'mansouri', 'TUN'))",Wimbledon_2025,TUN,84.0,0,0,0.0,0.0,0.13385826771653545,0.0
"(('r', 'galloway', 'USA'), ('y', 'bhambri', 'IND'))",Wimbledon_2025,USA,37.0,0,1,0.0,0.13385826771653545,0.3700787401574803,0.5059882053944069
"(('m', 'guinard', 'FRA'), ('r', 'arneodo', 'MCO'))",Wimbledon_2025,FRA,39.0,0,1,1.0,0.08661417322834646,0.13385826771653545,0.37781496418977345
"(('m', 'giron', 'USA'), ('n', 'borges', 'PRT'))",Wimbledon_2025,USA,584.0,0,0,0.3250000178813934,0.13385826771653545,0.3700787401574803,0.5059882053944069
"(('j', 'rojer', 'NLD'), ('r', 'haase', 'NLD'))",Wimbledon_2025,NLD,77.0,1,1,1.0,0.031496062992125984,0.06299212598425197,0.3789173237662616
"(('m', 'reyes-varela', 'MEX'), ('s', 'balaji', 'IND'))",Wimbledon_2025,MEX,76.0,0,0,0.0,0.007874015748031496,0.12598425196850394,0.40639763938395057
"(('a', 'kovacevic', 'USA'), ('l', 'tien', 'USA'))",Wimbledon_2025,USA,345.0,1,1,1.0,0.13385826771653545,0.3700787401574803,0.5059882053944069
"(('h', 'zeballos', 'ARG'), ('m', 'granollers', 'ESP'))",Wimbledon_2025,ARG,8.0,0,1,1.0,0.05511811023622047,0.12598425196850394,0.40639763938395057
"(('r', 'ho', 'TWN'), ('y', 'bu', 'CHN'))",Wimbledon_2025,TWN,93.0,0,1,1.0,0.0,0.007874015748031496,0.007874015748031496
"(('j', 'cash', 'GBR'), ('l', 'glasspool', 'GBR'))",Wimbledon_2025,GBR,10.0,1,1,1.0,0.11811023622047244,0.3700787401574803,0.49167323491000753
"(('b', 'stevens', 'NLD'), ('v', 'kirkov', 'USA'))",Wimbledon_2025,NLD,78.0,0,0,0.4625000059604645,0.031496062992125984,0.06299212598425197,0.3789173237662616
"(('a', 'olivetti', 'FRA'), ('h', 'jebens', 'DEU'))",Wimbledon_2025,FRA,62.0,0,0,0.25,0.08661417322834646,0.13385826771653545,0.37781496418977345
"(('c', 'carabelli', 'ARG'), ('t', 'etcheverry', 'ARG'))",Wimbledon_2025,ARG,1095.0,1,1,1.0,0.05511811023622047,0.12598425196850394,0.40639763938395057
"(('f', 'romboli', 'BRA'), ('j', 'smith', 'AUS'))",Wimbledon_2025,AUS,59.0,0,0,0.25,0.047244094488188976,0.3700787401574803,0.49167323491000753
"(('a', 'michelsen', 'USA'), ('m', 'mcdonald', 'USA'))",Wimbledon_2025,USA,67.0,1,1,1.0,0.13385826771653545,0.3700787401574803,0.5059882053944069
"(('g', 'andreozzi', 'ARG'), ('m', 'demoliner', 'BRA'))",Wimbledon_2025,BRA,87.0,0,0,0.75,0.031496062992125984,0.047244094488188976,0.3813976402287408
"(('c', 'harrison', 'USA'), ('e', 'king', 'USA'))",Wimbledon_2025,USA,18.0,1,1,1.0,0.13385826771653545,0.3700787401574803,0.5059882053944069
"(('j', 'thompson', 'AUS'), ('p', 'herbert', 'FRA'))",Wimbledon_2025,AUS,9.0,0,0,0.25,0.047244094488188976,0.3700787401574803,0.49167323491000753
"(('j', 'withrow', 'USA'), ('n', 'lammons', 'USA'))",Wimbledon_2025,USA,28.0,1,1,1.0,0.13385826771653545,0.3700787401574803,0.5059882053944069
"(('f', 'marozsán', 'HUN'), ('m', 'bellucci', 'ITA'))",Wimbledon_2025,HUN,589.0,0,0,0.0,0.0,0.0,0.001968503937007874
"(('d', 'stevenson', 'GBR'), ('j', 'monday', 'GBR'))",Wimbledon_2025,GBR,98.0,1,1,1.0,0.11811023622047244,0.3700787401574803,0.49167323491000753
"(('b', 'harris', 'GBR'), ('m', 'willis', 'GBR'))",Wimbledon_2025,GBR,109.0,1,1,1.0,0.11811023622047244,0.3700787401574803,0.49167323491000753
"(('a', 'bublik', 'KAZ'), ('f', 'cobolli', 'ITA'))",Wimbledon_2025,ITA,188.0,0,0,0.1024999991059303,0.023622047244094488,0.023622047244094488,0.3308070898924287
"(('h', 'heliövaara', 'FIN'), ('h', 'patten', 'GBR'))",Wimbledon_2025,GBR,3.0,0,0,0.0,0.11811023622047244,0.3700787401574803,0.49167323491000753
"(('d', 'evans', 'GBR'), ('h', 'searle', 'GBR'))",Wimbledon_2025,GBR,1176.0,1,1,1.0,0.11811023622047244,0.3700787401574803,0.49167323491000753
