match_id,tournament,year,surface,stage_code,any_tb,any_std_tb,regular_tb,match_tb,match_tb_set,tb_s3_regular,tb_s4,tb_s5,three_sets,comeback,winner_lost_s1,pre_olympic,olympic_period,olympics_tourn,same_country,same_language,ling_prox,rank_mean,wl_career_diff,rank_gap,single_top100,win,won_tb_s1,won_tb_s2,won_tb_s3,won_tb_s4,won_tb_s5,exp_mean,age_mean,opp_rank_mean,lost_set1,tourn_year,won_regular_tb,won_any_tb,exp_mean_sq,age_mean_dm,age_mean_dm_sq
0,Australian Open,2018,Hard,2,0,0,0,0,,0,0,0,0,0,0,0,0,0,0,0,0,1.0,0.005113704012382425,0.0,0,1,0,0,0,0,0,18.0,35.5,67.5,0,Australian Open_2018,0,0,324.0,3.9299896854048484,15.4448189273885
1,Australian Open,2018,Hard,2,0,0,0,0,,0,0,0,0,0,0,0,0,0,1,1,1,166.5,0.2293972044263251,73.0,0,1,0,0,0,0,0,4.0,22.0,204.0,0,Australian Open_2018,0,0,16.0,-9.570010314595152,91.58509742145759
2,Australian Open,2018,Hard,2,1,1,1,0,,0,0,0,1,1,1,0,0,0,0,0,0,55.5,0.1229791054917854,83.0,0,1,0,0,0,0,0,14.5,31.5,87.5,1,Australian Open_2018,0,0,210.25,-0.07001031459515161,0.004901444149712099
3,Australian Open,2018,Hard,2,1,1,1,0,,0,0,0,0,0,0,0,0,0,0,1,1,35.0,0.1044022455747792,26.0,0,1,1,0,0,0,0,14.0,33.0,472.5,0,Australian Open_2018,1,1,196.0,1.4299896854048484,2.044870500364257
4,Australian Open,2018,Hard,2,0,0,0,0,,0,0,0,0,0,0,0,0,0,1,1,1,22.0,0.09247104247104243,4.0,0,1,0,0,0,0,0,20.0,36.5,47.0,0,Australian Open_2018,0,0,400.0,4.929989685404848,24.304798298198197
5,Australian Open,2018,Hard,2,0,0,0,0,,0,0,0,0,0,0,0,0,0,0,0,0,115.0,0.02195281782437752,84.0,0,1,0,0,0,0,0,6.5,27.0,268.5,0,Australian Open_2018,0,0,42.25,-4.570010314595152,20.884994275506077
6,Australian Open,2018,Hard,2,0,0,0,0,,0,0,0,1,1,1,0,0,0,1,1,1,60.0,,36.0,1,1,0,0,0,0,0,12.5,27.0,50.0,1,Australian Open_2018,0,0,156.25,-4.570010314595152,20.884994275506077
7,Australian Open,2018,Hard,2,1,1,1,0,,0,0,0,0,0,0,0,0,0,0,0,1,79.5,0.02777389976102296,5.0,0,1,1,1,0,0,0,16.0,37.5,20.0,0,Australian Open_2018,1,1,256.0,5.929989685404848,35.16477766900789
8,Australian Open,2018,Hard,2,1,1,1,0,,0,0,0,0,0,0,0,0,0,1,1,1,8.5,0.0790823211875844,5.0,0,1,1,0,0,0,0,13.0,31.5,198.0,0,Australian Open_2018,1,1,169.0,-0.07001031459515161,0.004901444149712099
9,Australian Open,2018,Hard,2,1,1,0,0,,1,0,0,1,1,1,0,0,0,0,0,0,58.5,0.004561746497230401,1.0,0,1,0,0,1,0,0,11.0,28.5,493.5,1,Australian Open_2018,0,1,121.0,-3.0700103145951516,9.424963331720623
10,Australian Open,2018,Hard,2,0,0,0,0,,0,0,0,1,0,0,0,0,0,0,1,1,46.0,0.02856549432290223,16.0,0,1,0,0,0,0,0,10.0,30.5,62.5,0,Australian Open_2018,0,0,100.0,-1.0700103145951516,1.1449220733400154
11,Australian Open,2018,Hard,2,0,0,0,0,,0,0,0,1,0,0,0,0,0,0,1,1,124.5,0.1789263490294418,89.0,0,1,0,0,0,0,0,9.5,28.0,28.5,0,Australian Open_2018,0,0,90.25,-3.5700103145951516,12.744973646315774
12,Australian Open,2018,Hard,2,1,1,1,0,,0,0,0,0,0,0,0,0,0,0,0,0,22.5,,7.0,0,1,0,1,0,0,0,15.0,38.0,143.5,0,Australian Open_2018,1,1,225.0,6.429989685404848,41.34476735441274
13,Australian Open,2018,Hard,2,1,1,1,0,,0,0,0,0,0,0,0,0,0,0,0,0,181.0,0.01754186341999969,100.0,0,1,1,0,0,0,0,12.5,30.0,85.5,0,Australian Open_2018,1,1,156.25,-1.5700103145951516,2.464932387935167
14,Australian Open,2018,Hard,2,0,0,0,0,,0,0,0,0,0,0,0,0,0,0,0,0,54.5,0.1403679653679654,3.0,0,1,0,0,0,0,0,13.5,30.5,533.0,0,Australian Open_2018,0,0,182.25,-1.0700103145951516,1.1449220733400154
15,Australian Open,2018,Hard,2,0,0,0,0,,0,0,0,0,0,0,0,0,0,0,0,0,16.5,0.1054227223003594,1.0,0,1,0,0,0,0,0,13.5,31.5,369.5,0,Australian Open_2018,0,0,182.25,-0.07001031459515161,0.004901444149712099
16,Australian Open,2018,Hard,2,0,0,0,0,,0,0,0,1,1,1,0,0,0,0,0,0,9.5,0.04913998809726816,1.0,0,1,0,0,0,0,0,15.5,34.0,207.0,1,Australian Open_2018,0,0,240.25,2.4299896854048484,5.904849871173954
17,Australian Open,2018,Hard,2,0,0,0,0,,0,0,0,0,0,0,0,0,0,1,1,1,64.5,0.1924819272007537,7.0,0,1,0,0,0,0,0,20.0,39.0,818.5,0,Australian Open_2018,0,0,400.0,7.429989685404848,55.204746725222435
18,Australian Open,2018,Hard,2,0,0,0,0,,0,0,0,0,0,0,0,0,0,0,0,0,41.5,0.05176174945195955,21.0,0,1,0,0,0,0,0,15.0,34.0,67.0,0,Australian Open_2018,0,0,225.0,2.4299896854048484,5.904849871173954
19,Australian Open,2018,Hard,2,1,1,1,0,,0,0,0,0,0,0,0,0,0,1,1,1,25.0,0.006430370146846442,4.0,0,1,1,1,0,0,0,10.5,31.5,73.0,0,Australian Open_2018,1,1,110.25,-0.07001031459515161,0.004901444149712099
20,Australian Open,2018,Hard,2,0,0,0,0,,0,0,0,0,0,0,0,0,0,1,1,1,113.0,0.003331403948807043,102.0,0,1,0,0,0,0,0,9.0,30.0,36.0,0,Australian Open_2018,0,0,81.0,-1.5700103145951516,2.464932387935167
21,Australian Open,2018,Hard,2,0,0,0,0,,0,0,0,0,0,0,0,0,0,1,1,1,238.0,,178.0,1,1,0,0,0,0,0,13.0,31.0,95.0,0,Australian Open_2018,0,0,169.0,-0.5700103145951516,0.3249117587448637
22,Australian Open,2018,Hard,2,0,0,0,0,,0,0,0,0,0,0,0,0,0,1,1,1,129.0,,86.0,0,1,0,0,0,0,0,16.0,34.0,609.0,0,Australian Open_2018,0,0,256.0,2.4299896854048484,5.904849871173954
23,Australian Open,2018,Hard,2,0,0,0,0,,0,0,0,0,0,0,0,0,0,0,0,0,7.5,0.05927088002390557,1.0,0,1,0,0,0,0,0,15.0,35.0,60.0,0,Australian Open_2018,0,0,225.0,3.4299896854048484,11.764829241983652
24,Australian Open,2018,Hard,2,0,0,0,0,,0,0,0,1,1,1,0,0,0,1,1,1,12.0,0.0003609504402074526,0.0,0,1,0,0,0,0,0,20.0,40.0,443.5,1,Australian Open_2018,0,0,400.0,8.429989685404848,71.06472609603213
25,Australian Open,2018,Hard,2,1,1,1,0,,1,0,0,1,0,0,0,0,0,0,0,0,41.5,0.1579317013588478,5.0,0,1,1,0,1,0,0,18.5,36.5,336.0,0,Australian Open_2018,1,1,342.25,4.929989685404848,24.304798298198197
26,Australian Open,2018,Hard,2,1,1,0,0,,1,0,0,1,0,0,0,0,0,1,1,1,81.0,0.1497357604227834,22.0,0,1,0,0,1,0,0,7.0,25.5,49.5,0,Australian Open_2018,0,1,49.0,-6.070010314595152,36.84502521929153
27,Australian Open,2018,Hard,2,1,1,1,0,,1,0,0,1,0,0,0,0,0,1,1,1,73.5,0.02179137210984344,79.0,0,1,0,0,1,0,0,12.5,31.5,27.0,0,Australian Open_2018,0,1,156.25,-0.07001031459515161,0.004901444149712099
28,Australian Open,2018,Hard,2,1,1,1,0,,0,0,0,0,0,0,0,0,0,0,0,0,39.5,0.02560345599565228,15.0,0,1,1,0,0,0,0,17.5,37.5,49.0,0,Australian Open_2018,1,1,306.25,5.929989685404848,35.16477766900789
29,Australian Open,2018,Hard,2,0,0,0,0,,0,0,0,0,0,0,0,0,0,0,0,0,53.5,0.05798503611971101,25.0,0,1,0,0,0,0,0,20.0,36.0,90.0,0,Australian Open_2018,0,0,400.0,4.429989685404848,19.62480861279335
30,Australian Open,2018,Hard,2,1,1,1,0,,0,0,0,0,0,0,0,0,0,0,0,0,304.0,0.02870967741935482,184.0,0,1,1,0,0,0,0,7.0,25.5,69.0,0,Australian Open_2018,1,1,49.0,-6.070010314595152,36.84502521929153
31,Australian Open,2018,Hard,2,0,0,0,0,,0,0,0,1,1,1,0,0,0,0,0,0,3.5,0.03954461804929088,1.0,0,1,0,0,0,0,0,8.5,29.0,310.0,1,Australian Open_2018,0,0,72.25,-2.5700103145951516,6.60495301712547
32,Australian Open,2018,Hard,3,1,1,1,0,,0,0,0,0,0,0,0,0,0,0,0,0,1.0,0.005113704012382425,0.0,0,1,0,1,0,0,0,18.0,35.5,166.5,0,Australian Open_2018,1,1,324.0,3.9299896854048484,15.4448189273885
33,Australian Open,2018,Hard,3,1,1,1,0,,0,0,0,1,1,1,0,0,0,0,1,1,35.0,0.1044022455747792,26.0,0,1,0,1,0,0,0,14.0,33.0,55.5,1,Australian Open_2018,1,1,196.0,1.4299896854048484,2.044870500364257
34,Australian Open,2018,Hard,3,0,0,0,0,,0,0,0,1,1,1,0,0,0,0,0,0,115.0,0.02195281782437752,84.0,0,1,0,0,0,0,0,6.5,27.0,22.0,1,Australian Open_2018,0,0,42.25,-4.570010314595152,20.884994275506077
35,Australian Open,2018,Hard,3,1,1,1,0,,0,0,0,1,1,1,0,0,0,1,1,1,60.0,,36.0,1,1,0,1,0,0,0,12.5,27.0,79.5,1,Australian Open_2018,1,1,156.25,-4.570010314595152,20.884994275506077
36,Australian Open,2018,Hard,3,1,1,1,0,,1,0,0,1,0,0,0,0,0,0,0,0,58.5,0.004561746497230401,1.0,0,1,1,0,1,0,0,11.0,28.5,8.5,0,Australian Open_2018,1,1,121.0,-3.0700103145951516,9.424963331720623
37,Australian Open,2018,Hard,3,0,0,0,0,,0,0,0,0,0,0,0,0,0,0,1,1,46.0,0.02856549432290223,16.0,0,1,0,0,0,0,0,10.0,30.5,124.5,0,Australian Open_2018,0,0,100.0,-1.0700103145951516,1.1449220733400154
38,Australian Open,2018,Hard,3,1,1,1,0,,0,0,0,0,0,0,0,0,0,0,0,0,22.5,,7.0,0,1,0,1,0,0,0,15.0,38.0,181.0,0,Australian Open_2018,1,1,225.0,6.429989685404848,41.34476735441274
39,Australian Open,2018,Hard,3,1,1,1,0,,0,0,0,1,1,1,0,0,0,0,0,0,16.5,0.1054227223003594,1.0,0,1,0,0,0,0,0,13.5,31.5,54.5,1,Australian Open_2018,0,0,182.25,-0.07001031459515161,0.004901444149712099
40,Australian Open,2018,Hard,3,1,1,1,0,,1,0,0,1,0,0,0,0,0,1,1,1,64.5,0.1924819272007537,7.0,0,1,1,0,1,0,0,20.0,39.0,9.5,0,Australian Open_2018,1,1,400.0,7.429989685404848,55.204746725222435
41,Australian Open,2018,Hard,3,1,1,1,0,,0,0,0,0,0,0,0,0,0,1,1,1,25.0,0.006430370146846442,4.0,0,1,1,0,0,0,0,10.5,31.5,41.5,0,Australian Open_2018,1,1,110.25,-0.07001031459515161,0.004901444149712099
42,Australian Open,2018,Hard,3,0,0,0,0,,0,0,0,0,0,0,0,0,0,1,1,1,238.0,,178.0,1,1,0,0,0,0,0,13.0,31.0,113.0,0,Australian Open_2018,0,0,169.0,-0.5700103145951516,0.3249117587448637
43,Australian Open,2018,Hard,3,1,1,1,0,,0,0,0,1,0,0,0,0,0,1,1,1,129.0,,86.0,0,1,1,0,0,0,0,16.0,34.0,7.5,0,Australian Open_2018,1,1,256.0,2.4299896854048484,5.904849871173954
44,Australian Open,2018,Hard,3,1,1,1,0,,0,0,0,1,1,1,0,0,0,1,1,1,12.0,0.0003609504402074526,0.0,0,1,0,0,0,0,0,20.0,40.0,41.5,1,Australian Open_2018,0,0,400.0,8.429989685404848,71.06472609603213
46,Australian Open,2018,Hard,3,1,1,1,0,,0,0,0,0,0,0,0,0,0,0,0,0,39.5,0.02560345599565228,15.0,0,1,1,0,0,0,0,17.5,37.5,53.5,0,Australian Open_2018,1,1,306.25,5.929989685404848,35.16477766900789
47,Australian Open,2018,Hard,3,1,1,1,0,,0,0,0,0,0,0,0,0,0,0,0,0,304.0,0.02870967741935482,184.0,0,1,0,1,0,0,0,7.0,25.5,3.5,0,Australian Open_2018,1,1,49.0,-6.070010314595152,36.84502521929153
48,Australian Open,2018,Hard,4,1,1,1,0,,0,0,0,1,1,1,0,0,0,0,0,0,1.0,0.005113704012382425,0.0,0,1,0,1,0,0,0,18.0,35.5,35.0,1,Australian Open_2018,1,1,324.0,3.9299896854048484,15.4448189273885
49,Australian Open,2018,Hard,4,1,1,1,0,,0,0,0,0,0,0,0,0,0,0,0,0,115.0,0.02195281782437752,84.0,0,1,0,1,0,0,0,6.5,27.0,60.0,0,Australian Open_2018,1,1,42.25,-4.570010314595152,20.884994275506077
50,Australian Open,2018,Hard,4,0,0,0,0,,0,0,0,0,0,0,0,0,0,0,1,1,46.0,0.02856549432290223,16.0,0,1,0,0,0,0,0,10.0,30.5,58.5,0,Australian Open_2018,0,0,100.0,-1.0700103145951516,1.1449220733400154
51,Australian Open,2018,Hard,4,1,1,1,0,,0,0,0,1,0,0,0,0,0,0,0,0,16.5,0.1054227223003594,1.0,0,1,0,0,0,0,0,13.5,31.5,22.5,0,Australian Open_2018,0,0,182.25,-0.07001031459515161,0.004901444149712099
52,Australian Open,2018,Hard,4,0,0,0,0,,0,0,0,0,0,0,0,0,0,1,1,1,25.0,0.006430370146846442,4.0,0,1,0,0,0,0,0,10.5,31.5,64.5,0,Australian Open_2018,0,0,110.25,-0.07001031459515161,0.004901444149712099
54,Australian Open,2018,Hard,4,1,1,1,0,,0,0,0,1,1,1,0,0,0,1,1,1,12.0,0.0003609504402074526,0.0,0,1,0,1,0,0,0,20.0,40.0,73.5,1,Australian Open_2018,1,1,400.0,8.429989685404848,71.06472609603213
56,Australian Open,2018,Hard,5,1,1,1,0,,1,0,0,1,0,0,0,0,0,0,0,0,115.0,0.02195281782437752,84.0,0,1,0,0,1,0,0,6.5,27.0,1.0,0,Australian Open_2018,0,1,42.25,-4.570010314595152,20.884994275506077
57,Australian Open,2018,Hard,5,1,1,1,0,,1,0,0,1,0,0,0,0,0,0,0,0,16.5,0.1054227223003594,1.0,0,1,0,0,1,0,0,13.5,31.5,46.0,0,Australian Open_2018,0,1,182.25,-0.07001031459515161,0.004901444149712099
58,Australian Open,2018,Hard,5,0,0,0,0,,0,0,0,0,0,0,0,0,0,1,1,1,25.0,0.006430370146846442,4.0,0,1,0,0,0,0,0,10.5,31.5,129.0,0,Australian Open_2018,0,0,110.25,-0.07001031459515161,0.004901444149712099
59,Australian Open,2018,Hard,5,0,0,0,0,,0,0,0,0,0,0,0,0,0,1,1,1,12.0,0.0003609504402074526,0.0,0,1,0,0,0,0,0,20.0,40.0,39.5,0,Australian Open_2018,0,0,400.0,8.429989685404848,71.06472609603213
60,Australian Open,2018,Hard,6,1,1,0,0,,1,0,0,1,1,1,0,0,0,0,0,0,16.5,0.1054227223003594,1.0,0,1,0,0,1,0,0,13.5,31.5,115.0,1,Australian Open_2018,0,1,182.25,-0.07001031459515161,0.004901444149712099
61,Australian Open,2018,Hard,6,1,1,1,0,,0,0,0,0,0,0,0,0,0,1,1,1,25.0,0.006430370146846442,4.0,0,1,1,0,0,0,0,10.5,31.5,12.0,0,Australian Open_2018,1,1,110.25,-0.07001031459515161,0.004901444149712099
62,Australian Open,2018,Hard,7,0,0,0,0,,0,0,0,0,0,0,0,0,0,0,0,0,16.5,0.1054227223003594,1.0,0,1,0,0,0,0,0,13.5,31.5,25.0,0,Australian Open_2018,0,0,182.25,-0.07001031459515161,0.004901444149712099
63,Roland Garros,2018,Clay,2,0,0,0,0,,0,0,0,0,0,0,0,0,0,0,0,0,2.5,0.005113704012382425,1.0,0,1,0,0,0,0,0,18.0,35.5,328.0,0,Roland Garros_2018,0,0,324.0,3.9299896854048484,15.4448189273885
64,Roland Garros,2018,Clay,2,0,0,0,0,,0,0,0,0,0,0,0,0,0,0,0,0,2.5,0.1054227223003594,3.0,0,1,0,0,0,0,0,13.5,31.5,71.5,0,Roland Garros_2018,0,0,182.25,-0.07001031459515161,0.004901444149712099
65,Roland Garros,2018,Clay,2,0,0,0,0,,0,0,0,0,0,0,0,0,0,0,0,0,7.5,0.03954461804929088,1.0,0,1,0,0,0,0,0,8.5,29.0,368.5,0,Roland Garros_2018,0,0,72.25,-2.5700103145951516,6.60495301712547
66,Roland Garros,2018,Clay,2,0,0,0,0,,0,0,0,0,0,0,0,0,0,0,0,0,11.5,0.04913998809726816,1.0,0,1,0,0,0,0,0,15.5,34.0,354.5,0,Roland Garros_2018,0,0,240.25,2.4299896854048484,5.904849871173954
67,Roland Garros,2018,Clay,2,1,1,1,0,,0,0,0,0,0,0,0,0,0,1,1,1,12.0,0.006430370146846442,4.0,0,1,1,1,0,0,0,10.5,31.5,40.0,0,Roland Garros_2018,1,1,110.25,-0.07001031459515161,0.004901444149712099
68,Roland Garros,2018,Clay,2,1,1,0,0,,1,0,0,1,0,0,0,0,0,1,1,1,18.5,0.0790823211875844,1.0,0,1,0,0,1,0,0,13.0,31.5,50.0,0,Roland Garros_2018,0,1,169.0,-0.07001031459515161,0.004901444149712099
69,Roland Garros,2018,Clay,2,0,0,0,0,,0,0,0,0,0,0,0,0,0,0,0,0,22.0,0.05176174945195955,2.0,0,1,0,0,0,0,0,15.0,34.0,43.5,0,Roland Garros_2018,0,0,225.0,2.4299896854048484,5.904849871173954
70,Roland Garros,2018,Clay,2,0,0,0,0,,0,0,0,1,1,1,0,0,0,0,0,0,22.5,0.01015821763930658,13.0,0,1,0,0,0,0,0,14.0,33.5,61.5,1,Roland Garros_2018,0,0,196.0,1.9299896854048484,3.7248601857691055
71,Roland Garros,2018,Clay,2,0,0,0,0,,0,0,0,0,0,0,0,0,0,0,1,1,23.0,0.01088081143884523,16.0,0,1,0,0,0,0,0,12.5,33.5,578.5,0,Roland Garros_2018,0,0,156.25,1.9299896854048484,3.7248601857691055
72,Roland Garros,2018,Clay,2,0,0,0,0,,0,0,0,0,0,0,0,0,0,0,1,1,23.5,0.07558847068884234,7.0,0,1,0,0,0,0,0,14.5,32.0,130.5,0,Roland Garros_2018,0,0,210.25,0.4299896854048484,0.1848911295545605
73,Roland Garros,2018,Clay,2,0,0,0,0,,0,0,0,0,0,0,0,0,0,1,1,1,24.0,0.09247104247104243,4.0,0,1,0,0,0,0,0,20.0,36.5,57.0,0,Roland Garros_2018,0,0,400.0,4.929989685404848,24.304798298198197
74,Roland Garros,2018,Clay,2,0,0,0,0,,0,0,0,0,0,0,0,0,0,0,0,0,26.0,0.02621829619041405,4.0,0,1,0,0,0,0,0,15.5,36.5,442.5,0,Roland Garros_2018,0,0,240.25,4.929989685404848,24.304798298198197
75,Roland Garros,2018,Clay,2,0,0,0,0,,0,0,0,0,0,0,0,0,0,0,1,1,35.5,0.07263736263736265,3.0,0,1,0,0,0,0,0,15.0,35.0,927.5,0,Roland Garros_2018,0,0,225.0,3.4299896854048484,11.764829241983652
76,Roland Garros,2018,Clay,2,1,1,1,0,,0,0,0,1,1,1,0,0,0,0,0,1,74.5,0.2538135325020571,13.0,0,1,0,1,0,0,0,9.5,32.5,30.5,1,Roland Garros_2018,1,1,90.25,0.9299896854048484,0.8648808149594088
77,Roland Garros,2018,Clay,2,0,0,0,0,,0,0,0,0,0,0,0,0,0,1,1,1,324.0,0.3211907559733647,356.0,1,1,0,0,0,0,0,6.5,26.5,164.5,0,Roland Garros_2018,0,0,42.25,-5.070010314595152,25.70500459010123
78,Roland Garros,2018,Clay,2,0,0,0,0,,0,0,0,1,0,0,0,0,0,0,0,0,237.5,0.07918036933974198,87.0,0,1,0,0,0,0,0,11.0,27.5,588.0,0,Roland Garros_2018,0,0,121.0,-4.070010314595152,16.564983960910926
79,Roland Garros,2018,Clay,2,0,0,0,0,,0,0,0,1,0,0,0,0,0,1,1,1,172.0,0.0591861327400815,254.0,1,1,0,0,0,0,0,10.0,29.0,63.5,0,Roland Garros_2018,0,0,100.0,-2.5700103145951516,6.60495301712547
80,Roland Garros,2018,Clay,2,0,0,0,0,,0,0,0,0,0,0,0,0,0,1,1,1,337.5,0.1636363636363636,161.0,0,1,0,0,0,0,0,3.0,24.0,388.5,0,Roland Garros_2018,0,0,9.0,-7.570010314595152,57.30505616307698
81,Roland Garros,2018,Clay,2,1,1,1,0,,0,0,0,1,1,1,0,0,0,1,1,1,721.0,0.176056338028169,910.0,0,1,0,1,0,0,0,19.5,37.0,259.0,1,Roland Garros_2018,1,1,380.25,5.429989685404848,29.484787983603045
82,Roland Garros,2018,Clay,2,0,0,0,0,,0,0,0,1,1,1,0,0,0,1,1,1,345.5,0.08572385310860586,309.0,0,1,0,0,0,0,0,11.5,30.0,101.5,1,Roland Garros_2018,0,0,132.25,-1.5700103145951516,2.464932387935167
83,Roland Garros,2018,Clay,2,0,0,0,0,,0,0,0,0,0,0,0,0,0,0,0,0,167.5,0.0613164184592756,63.0,0,1,0,0,0,0,0,11.0,28.5,255.0,0,Roland Garros_2018,0,0,121.0,-3.0700103145951516,9.424963331720623
84,Roland Garros,2018,Clay,2,1,1,1,0,,1,0,0,1,0,0,0,0,0,0,0,0,43.0,0.07140883614451488,26.0,0,1,1,0,1,0,0,14.5,32.0,66.5,0,Roland Garros_2018,1,1,210.25,0.4299896854048484,0.1848911295545605
85,Roland Garros,2018,Clay,2,1,1,1,0,,0,0,0,1,1,1,0,0,0,0,0,0,242.0,0.08594059405940602,332.0,0,1,0,1,0,0,0,9.5,29.5,21.0,1,Roland Garros_2018,1,1,90.25,-2.0700103145951516,4.284942702530318
86,Roland Garros,2018,Clay,2,0,0,0,0,,0,0,0,0,0,0,0,0,0,0,1,1,76.5,0.2081261370527593,7.0,0,1,0,0,0,0,0,9.0,27.5,45.5,0,Roland Garros_2018,0,0,81.0,-4.070010314595152,16.564983960910926
87,Roland Garros,2018,Clay,2,0,0,0,0,,0,0,0,0,0,0,0,0,0,0,1,1,94.5,0.06007751937984496,31.0,0,1,0,0,0,0,0,10.0,29.0,98.5,0,Roland Garros_2018,0,0,100.0,-2.5700103145951516,6.60495301712547
88,Roland Garros,2018,Clay,2,0,0,0,0,,0,0,0,0,0,0,0,0,0,1,1,1,45.0,0.03194616977225673,12.0,0,1,0,0,0,0,0,14.5,33.0,730.0,0,Roland Garros_2018,0,0,210.25,1.4299896854048484,2.044870500364257
89,Roland Garros,2018,Clay,2,1,1,0,0,,1,0,0,1,0,0,0,0,0,1,1,1,501.5,0.02790697674418613,371.0,0,1,0,0,1,0,0,11.0,30.5,112.0,0,Roland Garros_2018,0,1,121.0,-1.0700103145951516,1.1449220733400154
90,Roland Garros,2018,Clay,2,1,1,1,0,,0,0,0,0,0,0,0,0,0,1,1,1,74.0,0.186978246758148,84.0,1,1,1,0,0,0,0,6.5,27.5,54.0,0,Roland Garros_2018,1,1,42.25,-4.070010314595152,16.564983960910926
91,Roland Garros,2018,Clay,2,1,1,1,0,,0,0,0,1,1,1,0,0,0,0,0,0,54.5,0.1403679653679654,11.0,0,1,0,0,0,0,0,13.5,30.5,74.5,1,Roland Garros_2018,0,0,182.25,-1.0700103145951516,1.1449220733400154
92,Roland Garros,2018,Clay,2,1,1,1,0,,0,0,0,0,0,0,0,0,0,0,0,0,86.0,0.01754186341999969,2.0,0,1,1,0,0,0,0,12.5,30.0,437.0,0,Roland Garros_2018,1,1,156.25,-1.5700103145951516,2.464932387935167
93,Roland Garros,2018,Clay,2,0,0,0,0,,0,0,0,0,0,0,0,0,0,1,1,1,159.0,0.01666666666666672,128.0,0,1,0,0,0,0,0,9.5,27.0,514.5,0,Roland Garros_2018,0,0,90.25,-4.570010314595152,20.884994275506077
94,Roland Garros,2018,Clay,2,0,0,0,0,,0,0,0,0,0,0,0,0,0,1,1,1,56.5,0.1482898289828982,9.0,0,1,0,0,0,0,0,8.5,32.0,37.0,0,Roland Garros_2018,0,0,72.25,0.4299896854048484,0.1848911295545605
95,Roland Garros,2018,Clay,3,0,0,0,0,,0,0,0,0,0,0,0,0,0,0,0,0,2.5,0.005113704012382425,1.0,0,1,0,0,0,0,0,18.0,35.5,345.5,0,Roland Garros_2018,0,0,324.0,3.9299896854048484,15.4448189273885
96,Roland Garros,2018,Clay,3,0,0,0,0,,0,0,0,0,0,0,0,0,0,0,0,0,2.5,0.1054227223003594,3.0,0,1,0,0,0,0,0,13.5,31.5,172.0,0,Roland Garros_2018,0,0,182.25,-0.07001031459515161,0.004901444149712099
97,Roland Garros,2018,Clay,3,0,0,0,0,,0,0,0,0,0,0,0,0,0,0,0,0,7.5,0.03954461804929088,1.0,0,1,0,0,0,0,0,8.5,29.0,324.0,0,Roland Garros_2018,0,0,72.25,-2.5700103145951516,6.60495301712547
98,Roland Garros,2018,Clay,3,1,1,1,0,,0,0,0,0,0,0,0,0,0,1,1,1,12.0,0.006430370146846442,4.0,0,1,0,1,0,0,0,10.5,31.5,159.0,0,Roland Garros_2018,1,1,110.25,-0.07001031459515161,0.004901444149712099
99,Roland Garros,2018,Clay,3,1,1,1,0,,0,0,0,0,0,0,0,0,0,1,1,1,18.5,0.0790823211875844,1.0,0,1,0,1,0,0,0,13.0,31.5,45.0,0,Roland Garros_2018,1,1,169.0,-0.07001031459515161,0.004901444149712099
100,Roland Garros,2018,Clay,3,0,0,0,0,,0,0,0,0,0,0,0,0,0,0,0,0,22.0,0.05176174945195955,2.0,0,1,0,0,0,0,0,15.0,34.0,237.5,0,Roland Garros_2018,0,0,225.0,2.4299896854048484,5.904849871173954
101,Roland Garros,2018,Clay,3,1,1,1,0,,0,0,0,0,0,0,0,0,0,0,1,1,23.0,0.01088081143884523,16.0,0,1,1,0,0,0,0,12.5,33.5,76.5,0,Roland Garros_2018,1,1,156.25,1.9299896854048484,3.7248601857691055
102,Roland Garros,2018,Clay,3,0,0,0,0,,0,0,0,0,0,0,0,0,0,1,1,1,24.0,0.09247104247104243,4.0,0,1,0,0,0,0,0,20.0,36.5,43.0,0,Roland Garros_2018,0,0,400.0,4.929989685404848,24.304798298198197
103,Roland Garros,2018,Clay,3,0,0,0,0,,0,0,0,0,0,0,0,0,0,0,0,0,26.0,0.02621829619041405,4.0,0,1,0,0,0,0,0,15.5,36.5,337.5,0,Roland Garros_2018,0,0,240.25,4.929989685404848,24.304798298198197
104,Roland Garros,2018,Clay,3,1,1,1,0,,0,0,0,0,0,0,0,0,0,0,0,1,74.5,0.2538135325020571,13.0,0,1,1,0,0,0,0,9.5,32.5,167.5,0,Roland Garros_2018,1,1,90.25,0.9299896854048484,0.8648808149594088
105,Roland Garros,2018,Clay,3,0,0,0,0,,0,0,0,1,1,1,0,0,0,1,1,1,721.0,0.176056338028169,910.0,0,1,0,0,0,0,0,19.5,37.0,56.5,1,Roland Garros_2018,0,0,380.25,5.429989685404848,29.484787983603045
106,Roland Garros,2018,Clay,3,0,0,0,0,,0,0,0,1,0,0,0,0,0,0,1,1,94.5,0.06007751937984496,31.0,0,1,0,0,0,0,0,10.0,29.0,11.5,0,Roland Garros_2018,0,0,100.0,-2.5700103145951516,6.60495301712547
107,Roland Garros,2018,Clay,3,0,0,0,0,,0,0,0,1,1,1,0,0,0,1,1,1,501.5,0.02790697674418613,371.0,0,1,0,0,0,0,0,11.0,30.5,35.5,1,Roland Garros_2018,0,0,121.0,-1.0700103145951516,1.1449220733400154
108,Roland Garros,2018,Clay,3,0,0,0,0,,0,0,0,0,0,0,0,0,0,1,1,1,74.0,0.186978246758148,84.0,1,1,0,0,0,0,0,6.5,27.5,23.5,0,Roland Garros_2018,0,0,42.25,-4.070010314595152,16.564983960910926
109,Roland Garros,2018,Clay,3,0,0,0,0,,0,0,0,1,1,1,0,0,0,0,0,0,54.5,0.1403679653679654,11.0,0,1,0,0,0,0,0,13.5,30.5,22.5,1,Roland Garros_2018,0,0,182.25,-1.0700103145951516,1.1449220733400154
110,Roland Garros,2018,Clay,3,0,0,0,0,,0,0,0,0,0,0,0,0,0,0,0,0,86.0,0.01754186341999969,2.0,0,1,0,0,0,0,0,12.5,30.0,242.0,0,Roland Garros_2018,0,0,156.25,-1.5700103145951516,2.464932387935167
111,Roland Garros,2018,Clay,4,0,0,0,0,,0,0,0,1,0,0,0,0,0,0,0,0,2.5,0.1054227223003594,3.0,0,1,0,0,0,0,0,13.5,31.5,74.5,0,Roland Garros_2018,0,0,182.25,-0.07001031459515161,0.004901444149712099
112,Roland Garros,2018,Clay,4,1,1,1,0,,0,0,0,0,0,0,0,0,0,0,0,0,7.5,0.03954461804929088,1.0,0,1,1,0,0,0,0,8.5,29.0,721.0,0,Roland Garros_2018,1,1,72.25,-2.5700103145951516,6.60495301712547
113,Roland Garros,2018,Clay,4,0,0,0,0,,0,0,0,1,1,1,0,0,0,1,1,1,12.0,0.006430370146846442,4.0,0,1,0,0,0,0,0,10.5,31.5,54.5,1,Roland Garros_2018,0,0,110.25,-0.07001031459515161,0.004901444149712099
114,Roland Garros,2018,Clay,4,0,0,0,0,,0,0,0,0,0,0,0,0,0,1,1,1,18.5,0.0790823211875844,1.0,0,1,0,0,0,0,0,13.0,31.5,74.0,0,Roland Garros_2018,0,0,169.0,-0.07001031459515161,0.004901444149712099
115,Roland Garros,2018,Clay,4,1,1,1,0,,0,0,0,0,0,0,0,0,0,0,0,0,22.0,0.05176174945195955,2.0,0,1,1,1,0,0,0,15.0,34.0,23.0,0,Roland Garros_2018,1,1,225.0,2.4299896854048484,5.904849871173954
116,Roland Garros,2018,Clay,4,0,0,0,0,,0,0,0,0,0,0,0,0,0,1,1,1,24.0,0.09247104247104243,4.0,0,1,0,0,0,0,0,20.0,36.5,86.0,0,Roland Garros_2018,0,0,400.0,4.929989685404848,24.304798298198197
117,Roland Garros,2018,Clay,4,1,1,1,0,,0,0,0,0,0,0,0,0,0,0,0,0,26.0,0.02621829619041405,4.0,0,1,0,1,0,0,0,15.5,36.5,2.5,0,Roland Garros_2018,1,1,240.25,4.929989685404848,24.304798298198197
118,Roland Garros,2018,Clay,4,0,0,0,0,,0,0,0,0,0,0,0,0,0,0,1,1,94.5,0.06007751937984496,31.0,0,1,0,0,0,0,0,10.0,29.0,501.5,0,Roland Garros_2018,0,0,100.0,-2.5700103145951516,6.60495301712547
119,Roland Garros,2018,Clay,5,0,0,0,0,,0,0,0,1,1,1,0,0,0,0,0,0,2.5,0.1054227223003594,3.0,0,1,0,0,0,0,0,13.5,31.5,12.0,1,Roland Garros_2018,0,0,182.25,-0.07001031459515161,0.004901444149712099
120,Roland Garros,2018,Clay,5,1,1,1,0,,0,0,0,0,0,0,0,0,0,1,1,1,18.5,0.0790823211875844,1.0,0,1,0,1,0,0,0,13.0,31.5,94.5,0,Roland Garros_2018,1,1,169.0,-0.07001031459515161,0.004901444149712099
121,Roland Garros,2018,Clay,5,1,1,1,0,,0,0,0,0,0,0,0,0,0,0,0,0,22.0,0.05176174945195955,2.0,0,1,1,0,0,0,0,15.0,34.0,26.0,0,Roland Garros_2018,1,1,225.0,2.4299896854048484,5.904849871173954
122,Roland Garros,2018,Clay,5,1,1,1,0,,1,0,0,1,0,0,0,0,0,1,1,1,24.0,0.09247104247104243,4.0,0,1,0,0,1,0,0,20.0,36.5,7.5,0,Roland Garros_2018,0,1,400.0,4.929989685404848,24.304798298198197
123,Roland Garros,2018,Clay,6,0,0,0,0,,0,0,0,0,0,0,0,0,0,0,0,0,2.5,0.1054227223003594,3.0,0,1,0,0,0,0,0,13.5,31.5,24.0,0,Roland Garros_2018,0,0,182.25,-0.07001031459515161,0.004901444149712099
124,Roland Garros,2018,Clay,6,0,0,0,0,,0,0,0,0,0,0,0,0,0,1,1,1,18.5,0.0790823211875844,1.0,0,1,0,0,0,0,0,13.0,31.5,22.0,0,Roland Garros_2018,0,0,169.0,-0.07001031459515161,0.004901444149712099
125,Roland Garros,2018,Clay,7,1,1,1,0,,0,0,0,0,0,0,0,0,0,1,1,1,18.5,0.0790823211875844,1.0,0,1,0,1,0,0,0,13.0,31.5,2.5,0,Roland Garros_2018,1,1,169.0,-0.07001031459515161,0.004901444149712099
126,US Open,2018,Hard,2,1,1,1,0,,1,0,0,1,1,1,0,0,0,0,0,0,7.5,0.03954461804929088,1.0,0,1,0,1,1,0,0,8.5,29.0,58.5,1,US Open_2018,1,1,72.25,-2.5700103145951516,6.60495301712547
127,US Open,2018,Hard,2,0,0,0,0,,0,0,0,0,0,0,0,0,0,1,1,1,1.5,0.07984748328417635,1.0,1,1,0,0,0,0,0,13.5,33.0,681.0,0,US Open_2018,0,0,182.25,1.4299896854048484,2.044870500364257
128,US Open,2018,Hard,2,0,0,0,0,,0,0,0,0,0,0,0,0,0,0,0,0,11.5,0.04913998809726816,1.0,0,1,0,0,0,0,0,15.5,34.0,222.0,0,US Open_2018,0,0,240.25,2.4299896854048484,5.904849871173954
129,US Open,2018,Hard,2,0,0,0,0,,0,0,0,0,0,0,0,0,0,1,1,1,9.5,0.006430370146846442,1.0,0,1,0,0,0,0,0,10.5,31.5,231.0,0,US Open_2018,0,0,110.25,-0.07001031459515161,0.004901444149712099
130,US Open,2018,Hard,2,0,0,0,0,,0,0,0,0,0,0,0,0,0,0,0,0,22.5,0.05927088002390557,5.0,0,1,0,0,0,0,0,15.0,35.0,78.5,0,US Open_2018,0,0,225.0,3.4299896854048484,11.764829241983652
131,US Open,2018,Hard,2,1,1,1,0,,0,0,0,0,0,0,0,0,0,0,0,0,5.5,0.005113704012382425,1.0,0,1,0,1,0,0,0,18.0,35.5,189.5,0,US Open_2018,1,1,324.0,3.9299896854048484,15.4448189273885
132,US Open,2018,Hard,2,0,0,0,0,,0,0,0,0,0,0,0,0,0,0,1,1,17.0,0.01088081143884523,4.0,0,1,0,0,0,0,0,12.5,33.5,665.5,0,US Open_2018,0,0,156.25,1.9299896854048484,3.7248601857691055
133,US Open,2018,Hard,2,1,1,0,0,,1,0,0,1,0,0,0,0,0,1,1,1,17.0,0.0790823211875844,2.0,0,1,0,0,1,0,0,13.0,31.5,72.0,0,US Open_2018,0,1,169.0,-0.07001031459515161,0.004901444149712099
134,US Open,2018,Hard,2,0,0,0,0,,0,0,0,1,1,1,0,0,0,1,1,1,27.5,0.09247104247104243,1.0,0,1,0,0,0,0,0,20.0,36.5,990.0,1,US Open_2018,0,0,400.0,4.929989685404848,24.304798298198197
135,US Open,2018,Hard,2,1,1,1,0,,0,0,0,1,0,0,0,0,0,0,0,0,23.0,0.03334115293248452,2.0,0,1,0,0,0,0,0,14.5,32.5,82.0,0,US Open_2018,0,0,210.25,0.9299896854048484,0.8648808149594088
136,US Open,2018,Hard,2,0,0,0,0,,0,0,0,0,0,0,0,0,0,0,1,1,32.5,0.07263736263736265,3.0,0,1,0,0,0,0,0,15.0,35.0,55.0,0,US Open_2018,0,0,225.0,3.4299896854048484,11.764829241983652
137,US Open,2018,Hard,2,1,1,0,0,,1,0,0,1,0,0,0,0,0,1,1,1,35.5,0.03194616977225673,1.0,0,1,0,0,1,0,0,14.5,33.0,250.0,0,US Open_2018,0,1,210.25,1.4299896854048484,2.044870500364257
138,US Open,2018,Hard,2,0,0,0,0,,0,0,0,1,1,1,0,0,0,0,0,0,28.0,0.02621829619041405,4.0,0,1,0,0,0,0,0,15.5,36.5,253.0,1,US Open_2018,0,0,240.25,4.929989685404848,24.304798298198197
139,US Open,2018,Hard,2,1,1,1,0,,0,0,0,0,0,0,0,0,0,0,0,0,30.5,0.05884820747520975,15.0,0,1,0,1,0,0,0,1.0,31.5,49.0,0,US Open_2018,1,1,1.0,-0.07001031459515161,0.004901444149712099
140,US Open,2018,Hard,2,1,1,1,0,,0,0,0,0,0,0,0,0,0,0,0,0,82.0,0.06720430107526876,36.0,0,1,1,1,0,0,0,12.5,31.5,49.0,0,US Open_2018,1,1,156.25,-0.07001031459515161,0.004901444149712099
141,US Open,2018,Hard,2,1,1,1,0,,0,0,0,1,0,0,0,0,0,1,1,1,180.5,0.1854903002923199,109.0,0,1,1,0,0,0,0,9.5,28.0,25.0,0,US Open_2018,1,1,90.25,-3.5700103145951516,12.744973646315774
142,US Open,2018,Hard,2,0,0,0,0,,0,0,0,1,0,0,0,0,0,1,1,1,83.5,0.07673039392159464,41.0,0,1,0,0,0,0,0,14.5,32.0,195.0,0,US Open_2018,0,0,210.25,0.4299896854048484,0.1848911295545605
143,US Open,2018,Hard,2,0,0,0,0,,0,0,0,0,0,0,0,0,0,1,1,1,101.0,0.02179137210984344,62.0,0,1,0,0,0,0,0,12.5,31.5,70.5,0,US Open_2018,0,0,156.25,-0.07001031459515161,0.004901444149712099
144,US Open,2018,Hard,2,1,1,1,0,,0,0,0,0,0,0,0,0,0,0,0,0,45.0,0.1003563845920534,2.0,0,1,0,1,0,0,0,10.0,29.0,50.5,0,US Open_2018,1,1,100.0,-2.5700103145951516,6.60495301712547
145,US Open,2018,Hard,2,1,1,1,0,,0,0,0,0,0,0,0,0,0,0,0,0,49.5,0.07140883614451488,9.0,0,1,0,1,0,0,0,14.5,32.0,112.0,0,US Open_2018,1,1,210.25,0.4299896854048484,0.1848911295545605
146,US Open,2018,Hard,2,0,0,0,0,,0,0,0,0,0,0,0,0,0,0,1,1,105.0,0.0321179272398785,46.0,0,1,0,0,0,0,0,7.0,28.0,277.0,0,US Open_2018,0,0,49.0,-3.5700103145951516,12.744973646315774
147,US Open,2018,Hard,2,0,0,0,0,,0,0,0,0,0,0,0,0,0,1,1,1,123.5,0.001020408163265318,1.0,0,1,0,0,0,0,0,2.5,25.5,1001.0,0,US Open_2018,0,0,6.25,-6.070010314595152,36.84502521929153
148,US Open,2018,Hard,2,0,0,0,0,,0,0,0,0,0,0,0,0,0,0,1,1,45.5,0.06007751937984496,11.0,0,1,0,0,0,0,0,10.0,29.0,71.0,0,US Open_2018,0,0,100.0,-2.5700103145951516,6.60495301712547
149,US Open,2018,Hard,2,0,0,0,0,,0,0,0,0,0,0,0,0,0,1,1,1,155.5,0.02890756302521014,205.0,0,1,0,0,0,0,0,11.0,25.0,190.0,0,US Open_2018,0,0,121.0,-6.570010314595152,43.16503553388668
150,US Open,2018,Hard,2,0,0,0,0,,0,0,0,0,0,0,0,0,0,0,0,0,48.5,0.08948856711033115,3.0,0,1,0,0,0,0,0,11.0,29.5,134.0,0,US Open_2018,0,0,121.0,-2.0700103145951516,4.284942702530318
151,US Open,2018,Hard,2,0,0,0,0,,0,0,0,0,0,0,0,0,0,1,1,1,118.0,0.1939862718983711,114.0,0,1,0,0,0,0,0,6.5,27.5,57.5,0,US Open_2018,0,0,42.25,-4.070010314595152,16.564983960910926
152,US Open,2018,Hard,2,0,0,0,0,,0,0,0,1,1,1,0,0,0,0,0,0,353.5,0.03135228251507322,153.0,0,1,0,0,0,0,0,6.5,24.0,155.0,1,US Open_2018,0,0,42.25,-7.570010314595152,57.30505616307698
153,US Open,2018,Hard,2,1,1,1,0,,0,0,0,1,1,1,0,0,0,0,0,0,60.0,0.01754186341999969,24.0,0,1,0,1,0,0,0,12.5,30.0,3.5,1,US Open_2018,1,1,156.25,-1.5700103145951516,2.464932387935167
154,US Open,2018,Hard,2,0,0,0,0,,0,0,0,0,0,0,0,0,0,0,0,0,370.0,0.1474401595744681,296.0,0,1,0,0,0,0,0,3.0,23.0,176.5,0,US Open_2018,0,0,9.0,-8.570010314595152,73.44507679226729
155,US Open,2018,Hard,2,1,1,1,0,,0,0,0,0,0,0,0,0,0,0,0,0,87.0,0.0741676755447942,140.0,0,1,1,0,0,0,0,14.5,33.5,306.0,0,US Open_2018,1,1,210.25,1.9299896854048484,3.7248601857691055
156,US Open,2018,Hard,2,0,0,0,0,,0,0,0,0,0,0,0,0,0,1,1,1,72.5,0.1401190476190477,21.0,0,1,0,0,0,0,0,12.0,32.5,170.5,0,US Open_2018,0,0,144.0,0.9299896854048484,0.8648808149594088
157,US Open,2018,Hard,2,0,0,0,0,,0,0,0,0,0,0,0,0,0,0,1,1,38.0,0.005721003134796288,2.0,0,1,0,0,0,0,0,17.0,32.0,613.0,0,US Open_2018,0,0,289.0,0.4299896854048484,0.1848911295545605
158,US Open,2018,Hard,3,0,0,0,0,,0,0,0,0,0,0,0,0,0,1,1,1,1.5,0.07984748328417635,1.0,1,1,0,0,0,0,0,13.5,33.0,370.0,0,US Open_2018,0,0,182.25,1.4299896854048484,2.044870500364257
159,US Open,2018,Hard,3,0,0,0,0,,0,0,0,0,0,0,0,0,0,0,0,0,11.5,0.04913998809726816,1.0,0,1,0,0,0,0,0,15.5,34.0,45.0,0,US Open_2018,0,0,240.25,2.4299896854048484,5.904849871173954
160,US Open,2018,Hard,3,1,1,1,0,,0,0,0,0,0,0,0,0,0,1,1,1,9.5,0.006430370146846442,1.0,0,1,0,1,0,0,0,10.5,31.5,49.5,0,US Open_2018,1,1,110.25,-0.07001031459515161,0.004901444149712099
161,US Open,2018,Hard,3,0,0,0,0,,0,0,0,1,0,0,0,0,0,0,0,0,5.5,0.005113704012382425,1.0,0,1,0,0,0,0,0,18.0,35.5,38.0,0,US Open_2018,0,0,324.0,3.9299896854048484,15.4448189273885
162,US Open,2018,Hard,3,0,0,0,0,,0,0,0,0,0,0,0,0,0,1,1,1,17.0,0.0790823211875844,2.0,0,1,0,0,0,0,0,13.0,31.5,83.5,0,US Open_2018,0,0,169.0,-0.07001031459515161,0.004901444149712099
163,US Open,2018,Hard,3,1,1,1,0,,0,0,0,0,0,0,0,0,0,0,0,0,23.0,0.03334115293248452,2.0,0,1,0,1,0,0,0,14.5,32.5,123.5,0,US Open_2018,1,1,210.25,0.9299896854048484,0.8648808149594088
164,US Open,2018,Hard,3,0,0,0,0,,0,0,0,1,0,0,0,0,0,1,1,1,35.5,0.03194616977225673,1.0,0,1,0,0,0,0,0,14.5,33.0,72.5,0,US Open_2018,0,0,210.25,1.4299896854048484,2.044870500364257
165,US Open,2018,Hard,3,0,0,0,0,,0,0,0,0,0,0,0,0,0,0,0,0,28.0,0.02621829619041405,4.0,0,1,0,0,0,0,0,15.5,36.5,105.0,0,US Open_2018,0,0,240.25,4.929989685404848,24.304798298198197
166,US Open,2018,Hard,3,1,1,1,0,,0,0,0,1,1,1,0,0,0,0,0,0,30.5,0.05884820747520975,15.0,0,1,0,0,0,0,0,1.0,31.5,353.5,1,US Open_2018,0,0,1.0,-0.07001031459515161,0.004901444149712099
167,US Open,2018,Hard,3,1,1,1,0,,0,0,0,1,1,1,0,0,0,0,0,0,82.0,0.06720430107526876,36.0,0,1,0,1,0,0,0,12.5,31.5,22.5,1,US Open_2018,1,1,156.25,-0.07001031459515161,0.004901444149712099
168,US Open,2018,Hard,3,1,1,1,0,,1,0,0,1,0,0,0,0,0,1,1,1,101.0,0.02179137210984344,62.0,0,1,1,0,1,0,0,12.5,31.5,7.5,0,US Open_2018,1,1,156.25,-0.07001031459515161,0.004901444149712099
169,US Open,2018,Hard,3,1,1,1,0,,0,0,0,0,0,0,0,0,0,0,1,1,45.5,0.06007751937984496,11.0,0,1,0,1,0,0,0,10.0,29.0,17.0,0,US Open_2018,1,1,100.0,-2.5700103145951516,6.60495301712547
170,US Open,2018,Hard,3,0,0,0,0,,0,0,0,1,0,0,0,0,0,1,1,1,155.5,0.02890756302521014,205.0,0,1,0,0,0,0,0,11.0,25.0,27.5,0,US Open_2018,0,0,121.0,-6.570010314595152,43.16503553388668
171,US Open,2018,Hard,3,1,1,1,0,,0,0,0,0,0,0,0,0,0,0,0,0,48.5,0.08948856711033115,3.0,0,1,1,0,0,0,0,11.0,29.5,180.5,0,US Open_2018,1,1,121.0,-2.0700103145951516,4.284942702530318
172,US Open,2018,Hard,3,1,1,1,0,,0,0,0,0,0,0,0,0,0,1,1,1,118.0,0.1939862718983711,114.0,0,1,0,1,0,0,0,6.5,27.5,32.5,0,US Open_2018,1,1,42.25,-4.070010314595152,16.564983960910926
173,US Open,2018,Hard,3,0,0,0,0,,0,0,0,0,0,0,0,0,0,0,0,0,87.0,0.0741676755447942,140.0,0,1,0,0,0,0,0,14.5,33.5,60.0,0,US Open_2018,0,0,210.25,1.9299896854048484,3.7248601857691055
174,US Open,2018,Hard,4,0,0,0,0,,0,0,0,0,0,0,0,0,0,1,1,1,1.5,0.07984748328417635,1.0,1,1,0,0,0,0,0,13.5,33.0,30.5,0,US Open_2018,0,0,182.25,1.4299896854048484,2.044870500364257
175,US Open,2018,Hard,4,1,1,1,0,,0,0,0,0,0,0,0,0,0,0,0,0,11.5,0.04913998809726816,1.0,0,1,1,0,0,0,0,15.5,34.0,35.5,0,US Open_2018,1,1,240.25,2.4299896854048484,5.904849871173954
176,US Open,2018,Hard,4,0,0,0,0,,0,0,0,1,0,0,0,0,0,1,1,1,9.5,0.006430370146846442,1.0,0,1,0,0,0,0,0,10.5,31.5,23.0,0,US Open_2018,0,0,110.25,-0.07001031459515161,0.004901444149712099
177,US Open,2018,Hard,4,0,0,0,0,,0,0,0,1,0,0,0,0,0,0,0,0,5.5,0.005113704012382425,1.0,0,1,0,0,0,0,0,18.0,35.5,17.0,0,US Open_2018,0,0,324.0,3.9299896854048484,15.4448189273885
178,US Open,2018,Hard,4,1,1,1,0,,0,0,0,1,0,0,0,0,0,0,0,0,28.0,0.02621829619041405,4.0,0,1,1,0,0,0,0,15.5,36.5,101.0,0,US Open_2018,1,1,240.25,4.929989685404848,24.304798298198197
179,US Open,2018,Hard,4,1,1,0,0,,1,0,0,1,0,0,0,0,0,0,0,0,82.0,0.06720430107526876,36.0,0,1,0,0,1,0,0,12.5,31.5,155.5,0,US Open_2018,0,1,156.25,-0.07001031459515161,0.004901444149712099
180,US Open,2018,Hard,4,0,0,0,0,,0,0,0,0,0,0,0,0,0,0,1,1,45.5,0.06007751937984496,11.0,0,1,0,0,0,0,0,10.0,29.0,48.5,0,US Open_2018,0,0,100.0,-2.5700103145951516,6.60495301712547
181,US Open,2018,Hard,4,0,0,0,0,,0,0,0,0,0,0,0,0,0,1,1,1,118.0,0.1939862718983711,114.0,0,1,0,0,0,0,0,6.5,27.5,87.0,0,US Open_2018,0,0,42.25,-4.070010314595152,16.564983960910926
182,US Open,2018,Hard,5,1,1,1,0,,0,0,0,0,0,0,0,0,0,1,1,1,1.5,0.07984748328417635,1.0,1,1,0,1,0,0,0,13.5,33.0,45.5,0,US Open_2018,1,1,182.25,1.4299896854048484,2.044870500364257
183,US Open,2018,Hard,5,0,0,0,0,,0,0,0,0,0,0,0,0,0,1,1,1,9.5,0.006430370146846442,1.0,0,1,0,0,0,0,0,10.5,31.5,28.0,0,US Open_2018,0,0,110.25,-0.07001031459515161,0.004901444149712099
184,US Open,2018,Hard,5,0,0,0,0,,0,0,0,0,0,0,0,0,0,0,0,0,5.5,0.005113704012382425,1.0,0,1,0,0,0,0,0,18.0,35.5,118.0,0,US Open_2018,0,0,324.0,3.9299896854048484,15.4448189273885
185,US Open,2018,Hard,5,0,0,0,0,,0,0,0,0,0,0,0,0,0,0,0,0,82.0,0.06720430107526876,36.0,0,1,0,0,0,0,0,12.5,31.5,11.5,0,US Open_2018,0,0,156.25,-0.07001031459515161,0.004901444149712099
186,US Open,2018,Hard,6,1,1,1,0,,0,0,0,1,0,0,0,0,0,1,1,1,1.5,0.07984748328417635,1.0,1,1,0,0,0,0,0,13.5,33.0,9.5,0,US Open_2018,0,0,182.25,1.4299896854048484,2.044870500364257
187,US Open,2018,Hard,6,1,1,1,0,,0,0,0,1,0,0,0,0,0,0,0,0,5.5,0.005113704012382425,1.0,0,1,1,0,0,0,0,18.0,35.5,82.0,0,US Open_2018,1,1,324.0,3.9299896854048484,15.4448189273885
188,US Open,2018,Hard,7,0,0,0,0,,0,0,0,0,0,0,0,0,0,1,1,1,1.5,0.07984748328417635,1.0,1,1,0,0,0,0,0,13.5,33.0,5.5,0,US Open_2018,0,0,182.25,1.4299896854048484,2.044870500364257
189,Wimbledon,2018,Grass,1,1,1,1,1,3.0,0,0,0,1,0,0,0,0,0,0,0,0,112.5,0.1216022889842632,3.0,0,1,0,0,0,0,0,8.5,30.0,99.5,0,Wimbledon_2018,0,1,72.25,-1.5700103145951516,2.464932387935167
190,Wimbledon,2018,Grass,1,1,1,1,0,,0,0,0,0,0,0,0,0,0,0,1,1,93.5,,5.0,0,1,1,0,0,0,0,6.0,28.0,873.0,0,Wimbledon_2018,1,1,36.0,-3.5700103145951516,12.744973646315774
191,Wimbledon,2018,Grass,1,1,1,1,0,,0,0,0,0,0,0,0,0,0,1,1,1,102.5,0.08426573426573425,33.0,0,1,0,1,0,0,0,6.5,27.0,98.0,0,Wimbledon_2018,1,1,42.25,-4.570010314595152,20.884994275506077
192,Wimbledon,2018,Grass,1,0,0,0,0,,0,0,0,0,0,0,0,0,0,1,1,1,108.5,0.1361386138613861,3.0,0,1,0,0,0,0,0,10.0,29.5,91.5,0,Wimbledon_2018,0,0,100.0,-2.0700103145951516,4.284942702530318
193,Wimbledon,2018,Grass,0,1,0,0,1,3.0,0,0,0,1,1,1,0,0,0,0,0,0,91.5,0.003307706061147886,7.0,0,1,0,0,0,0,0,1.0,33.5,222.0,1,Wimbledon_2018,0,1,1.0,1.9299896854048484,3.7248601857691055
194,Wimbledon,2018,Grass,0,0,0,0,0,,0,0,0,0,0,0,0,0,0,1,1,1,98.0,0.006165839829907926,10.0,0,1,0,0,0,0,0,4.5,26.0,109.0,0,Wimbledon_2018,0,0,20.25,-5.570010314595152,31.02501490469638
195,Wimbledon,2018,Grass,0,1,1,1,0,,0,0,0,0,0,0,0,0,0,0,0,0,112.5,0.1216022889842632,3.0,0,1,1,0,0,0,0,8.5,30.0,202.5,0,Wimbledon_2018,1,1,72.25,-1.5700103145951516,2.464932387935167
196,Wimbledon,2018,Grass,0,1,1,1,0,,0,0,0,0,0,0,0,0,0,0,1,1,93.5,,5.0,0,1,1,0,0,0,0,6.0,28.0,484.5,0,Wimbledon_2018,1,1,36.0,-3.5700103145951516,12.744973646315774
197,Wimbledon,2018,Grass,0,0,0,0,0,,0,0,0,1,0,0,0,0,0,1,1,1,102.5,0.08426573426573425,33.0,0,1,0,0,0,0,0,6.5,27.0,187.0,0,Wimbledon_2018,0,0,42.25,-4.570010314595152,20.884994275506077
198,Wimbledon,2018,Grass,0,0,0,0,0,,0,0,0,0,0,0,0,0,0,1,1,1,108.5,0.1361386138613861,3.0,0,1,0,0,0,0,0,10.0,29.5,235.5,0,Wimbledon_2018,0,0,100.0,-2.0700103145951516,4.284942702530318
199,Wimbledon,2018,Grass,0,0,0,0,0,,0,0,0,1,0,0,0,0,0,0,0,0,99.5,0.1995238095238096,11.0,0,1,0,0,0,0,0,10.0,28.0,116.0,0,Wimbledon_2018,0,0,100.0,-3.5700103145951516,12.744973646315774
200,Wimbledon,2018,Grass,0,1,0,0,1,3.0,0,0,0,1,1,1,0,0,0,1,1,1,873.0,0.6332288401253918,744.0,0,1,0,0,0,0,0,3.0,27.5,109.5,1,Wimbledon_2018,0,1,9.0,-4.070010314595152,16.564983960910926
201,Wimbledon,2018,Grass,2,0,0,0,0,,0,0,0,1,0,0,0,0,0,0,0,0,3.5,0.005113704012382425,1.0,0,1,0,0,0,0,0,18.0,35.5,79.5,0,Wimbledon_2018,0,0,324.0,3.9299896854048484,15.4448189273885
202,Wimbledon,2018,Grass,2,0,0,0,0,,0,0,0,1,0,0,0,0,0,1,1,1,9.5,0.0790823211875844,1.0,0,1,0,0,0,0,0,13.0,31.5,381.0,0,Wimbledon_2018,0,0,169.0,-0.07001031459515161,0.004901444149712099
203,Wimbledon,2018,Grass,2,0,0,0,0,,0,0,0,1,0,0,0,0,0,0,0,0,13.5,0.04913998809726816,1.0,0,1,0,0,0,0,0,15.5,34.0,195.0,0,Wimbledon_2018,0,0,240.25,2.4299896854048484,5.904849871173954
204,Wimbledon,2018,Grass,2,1,1,1,0,,0,0,0,1,0,0,0,0,0,1,1,1,14.0,0.006430370146846442,4.0,0,1,0,1,0,0,0,10.5,31.5,100.0,0,Wimbledon_2018,1,1,110.25,-0.07001031459515161,0.004901444149712099
206,Wimbledon,2018,Grass,2,0,0,0,0,,0,0,0,1,0,0,0,0,0,0,0,0,18.5,0.05176174945195955,1.0,0,1,0,0,0,0,0,15.0,34.0,401.0,0,Wimbledon_2018,0,0,225.0,2.4299896854048484,5.904849871173954
207,Wimbledon,2018,Grass,2,1,1,1,0,,0,0,0,1,0,0,0,0,0,0,0,0,23.5,0.04004484672810305,25.0,0,1,1,0,0,0,0,17.5,37.5,287.5,0,Wimbledon_2018,1,1,306.25,5.929989685404848,35.16477766900789
208,Wimbledon,2018,Grass,2,1,1,0,0,,0,1,0,1,0,0,0,0,0,0,1,1,25.0,0.07558847068884234,6.0,0,1,0,0,0,1,0,14.5,32.0,112.5,0,Wimbledon_2018,0,0,210.25,0.4299896854048484,0.1848911295545605
209,Wimbledon,2018,Grass,2,0,0,0,0,,0,0,0,1,0,0,0,0,0,0,0,0,25.0,0.02621829619041405,2.0,0,1,0,0,0,0,0,15.5,36.5,397.5,0,Wimbledon_2018,0,0,240.25,4.929989685404848,24.304798298198197
210,Wimbledon,2018,Grass,2,0,0,0,0,,0,0,0,1,0,0,0,0,0,0,1,1,26.5,0.01088081143884523,7.0,0,1,0,0,0,0,0,12.5,33.5,124.0,0,Wimbledon_2018,0,0,156.25,1.9299896854048484,3.7248601857691055
211,Wimbledon,2018,Grass,2,0,0,0,0,,0,0,0,1,0,0,0,0,0,0,0,0,29.5,0.02195281782437752,5.0,0,1,0,0,0,0,0,6.5,27.0,51.0,0,Wimbledon_2018,0,0,42.25,-4.570010314595152,20.884994275506077
212,Wimbledon,2018,Grass,2,0,0,0,0,,0,0,0,1,0,0,0,0,0,0,0,0,33.5,0.05884820747520975,1.0,0,1,0,0,0,0,0,1.0,31.5,155.0,0,Wimbledon_2018,0,0,1.0,-0.07001031459515161,0.004901444149712099
213,Wimbledon,2018,Grass,2,1,1,1,0,,1,0,0,1,0,0,0,0,0,1,1,1,45.5,0.06080233079336622,29.0,0,1,1,1,1,0,0,16.0,31.0,93.5,0,Wimbledon_2018,1,1,256.0,-0.5700103145951516,0.3249117587448637
214,Wimbledon,2018,Grass,2,1,1,1,1,5.0,0,0,0,1,0,0,0,0,0,0,1,1,59.5,0.2120067487597895,19.0,0,1,0,0,0,0,0,9.5,29.0,229.0,0,Wimbledon_2018,0,1,90.25,-2.5700103145951516,6.60495301712547
215,Wimbledon,2018,Grass,2,1,1,1,0,,1,0,0,1,0,0,0,0,0,1,1,1,108.5,0.1361386138613861,3.0,0,1,1,0,1,0,0,10.0,29.5,44.0,0,Wimbledon_2018,1,1,100.0,-2.0700103145951516,4.284942702530318
216,Wimbledon,2018,Grass,2,1,1,0,1,5.0,1,0,0,1,0,0,0,0,0,0,1,1,355.0,0.2268268268268269,120.0,1,1,0,0,0,0,0,8.5,27.5,64.5,0,Wimbledon_2018,0,1,72.25,-4.070010314595152,16.564983960910926
217,Wimbledon,2018,Grass,2,0,0,0,0,,0,0,0,1,0,0,0,0,0,1,1,1,242.0,0.1228070175438596,268.0,0,1,0,0,0,0,0,4.0,24.0,266.0,0,Wimbledon_2018,0,0,16.0,-7.570010314595152,57.30505616307698
218,Wimbledon,2018,Grass,2,1,1,1,0,,0,0,0,1,1,1,0,0,0,0,1,1,124.0,0.00222267124671649,120.0,0,1,0,0,0,0,0,9.5,29.5,1.5,1,Wimbledon_2018,0,0,90.25,-2.0700103145951516,4.284942702530318
219,Wimbledon,2018,Grass,2,0,0,0,0,,0,0,0,1,0,0,0,0,0,0,0,0,52.5,0.07140883614451488,9.0,0,1,0,0,0,0,0,14.5,32.0,725.5,0,Wimbledon_2018,0,0,210.25,0.4299896854048484,0.1848911295545605
220,Wimbledon,2018,Grass,2,0,0,0,0,,0,0,0,1,0,0,0,0,0,0,1,1,295.5,0.06526996039191157,257.0,0,1,0,0,0,0,0,7.5,26.0,470.5,0,Wimbledon_2018,0,0,56.25,-5.570010314595152,31.02501490469638
221,Wimbledon,2018,Grass,2,1,1,1,0,,1,0,0,1,0,0,0,0,0,0,0,0,75.5,0.007700678121685067,49.0,0,1,1,1,1,0,0,18.5,39.0,66.5,0,Wimbledon_2018,1,1,342.25,7.429989685404848,55.204746725222435
222,Wimbledon,2018,Grass,2,1,0,0,1,5.0,0,0,0,1,0,0,0,0,0,0,1,1,67.5,0.06007751937984496,19.0,0,1,0,0,0,0,0,10.0,29.0,5.5,0,Wimbledon_2018,0,1,100.0,-2.5700103145951516,6.60495301712547
223,Wimbledon,2018,Grass,2,1,1,1,0,,0,0,0,1,0,0,0,0,0,0,0,0,51.0,0.05282212885154058,10.0,0,1,1,0,0,0,0,16.5,36.0,23.0,0,Wimbledon_2018,1,1,272.25,4.429989685404848,19.62480861279335
224,Wimbledon,2018,Grass,2,0,0,0,0,,0,0,0,1,0,0,0,0,0,0,0,0,64.5,0.08948856711033115,5.0,0,1,0,0,0,0,0,11.0,29.5,493.0,0,Wimbledon_2018,0,0,121.0,-2.0700103145951516,4.284942702530318
225,Wimbledon,2018,Grass,2,1,1,1,0,,0,0,0,1,0,0,0,0,0,1,1,1,102.5,0.08426573426573425,33.0,0,1,0,1,0,0,0,6.5,27.0,74.0,0,Wimbledon_2018,1,1,42.25,-4.570010314595152,20.884994275506077
226,Wimbledon,2018,Grass,2,1,1,1,0,,1,0,0,1,0,0,0,0,0,0,0,0,76.0,0.01754186341999969,6.0,0,1,1,0,0,0,0,12.5,30.0,69.0,0,Wimbledon_2018,1,1,156.25,-1.5700103145951516,2.464932387935167
228,Wimbledon,2018,Grass,2,1,1,1,0,,0,1,0,1,0,0,0,0,0,0,1,1,39.0,0.07263736263736265,4.0,0,1,0,0,0,1,0,15.0,35.0,36.5,0,Wimbledon_2018,0,0,225.0,3.4299896854048484,11.764829241983652
229,Wimbledon,2018,Grass,2,1,1,1,0,,0,0,0,1,0,0,0,0,0,1,1,1,87.0,0.1401190476190477,10.0,0,1,0,1,0,0,0,12.0,32.5,265.5,0,Wimbledon_2018,1,1,144.0,0.9299896854048484,0.8648808149594088
230,Wimbledon,2018,Grass,2,0,0,0,0,,0,0,0,1,0,0,0,0,0,0,0,0,64.5,0.007488679902472983,3.0,0,1,0,0,0,0,0,9.5,28.5,854.0,0,Wimbledon_2018,0,0,90.25,-3.0700103145951516,9.424963331720623
231,Wimbledon,2018,Grass,2,1,1,1,0,,0,0,0,1,0,0,0,0,0,0,1,1,41.5,0.005721003134796288,5.0,0,1,1,0,0,0,0,17.0,32.0,239.5,0,Wimbledon_2018,1,1,289.0,0.4299896854048484,0.1848911295545605
232,Wimbledon,2018,Grass,2,0,0,0,0,,0,0,0,1,0,0,0,0,0,1,1,1,45.5,0.1482898289828982,7.0,0,1,0,0,0,0,0,8.5,32.0,305.5,0,Wimbledon_2018,0,0,72.25,0.4299896854048484,0.1848911295545605
233,Wimbledon,2018,Grass,3,0,0,0,0,,0,0,0,1,0,0,0,0,0,0,0,0,13.5,0.04913998809726816,1.0,0,1,0,0,0,0,0,15.5,34.0,295.5,0,Wimbledon_2018,0,0,240.25,2.4299896854048484,5.904849871173954
234,Wimbledon,2018,Grass,3,0,0,0,0,,0,0,0,1,0,0,0,0,0,1,1,1,14.0,0.006430370146846442,4.0,0,1,0,0,0,0,0,10.5,31.5,64.5,0,Wimbledon_2018,0,0,110.25,-0.07001031459515161,0.004901444149712099
235,Wimbledon,2018,Grass,3,1,1,1,0,,1,1,0,1,1,1,0,0,0,1,1,1,16.5,0.07984748328417635,17.0,1,1,0,0,1,1,0,13.5,33.0,45.5,1,Wimbledon_2018,0,1,182.25,1.4299896854048484,2.044870500364257
236,Wimbledon,2018,Grass,3,1,1,1,0,,0,0,0,1,1,1,0,0,0,0,0,0,18.5,0.05176174945195955,1.0,0,1,0,1,0,0,0,15.0,34.0,355.0,1,Wimbledon_2018,1,1,225.0,2.4299896854048484,5.904849871173954
237,Wimbledon,2018,Grass,3,0,0,0,0,,0,0,0,1,0,0,0,0,0,0,1,1,26.5,0.01088081143884523,7.0,0,1,0,0,0,0,0,12.5,33.5,59.5,0,Wimbledon_2018,0,0,156.25,1.9299896854048484,3.7248601857691055
238,Wimbledon,2018,Grass,3,1,1,1,0,,1,0,0,1,0,0,0,0,0,0,0,0,29.5,0.02195281782437752,5.0,0,1,1,0,1,0,0,6.5,27.0,108.5,0,Wimbledon_2018,1,1,42.25,-4.570010314595152,20.884994275506077
239,Wimbledon,2018,Grass,3,1,1,0,0,,1,0,0,1,0,0,0,0,0,0,0,0,33.5,0.05884820747520975,1.0,0,1,0,0,1,0,0,1.0,31.5,52.5,0,Wimbledon_2018,0,1,1.0,-0.07001031459515161,0.004901444149712099
240,Wimbledon,2018,Grass,3,1,1,1,0,,1,1,0,1,1,1,0,0,0,0,0,0,75.5,0.007700678121685067,49.0,0,1,0,0,1,1,0,18.5,39.0,3.5,1,Wimbledon_2018,0,1,342.25,7.429989685404848,55.204746725222435
241,Wimbledon,2018,Grass,3,1,1,1,0,,0,0,0,1,0,0,0,0,0,0,1,1,67.5,0.06007751937984496,19.0,0,1,1,0,0,0,0,10.0,29.0,242.0,0,Wimbledon_2018,1,1,100.0,-2.5700103145951516,6.60495301712547
242,Wimbledon,2018,Grass,3,1,1,1,0,,1,0,0,1,0,0,0,0,0,0,0,0,51.0,0.05282212885154058,10.0,0,1,1,0,1,0,0,16.5,36.0,64.5,0,Wimbledon_2018,1,1,272.25,4.429989685404848,19.62480861279335
243,Wimbledon,2018,Grass,3,1,1,0,0,,1,0,0,1,0,0,0,0,0,1,1,1,102.5,0.08426573426573425,33.0,0,1,0,0,1,0,0,6.5,27.0,25.0,0,Wimbledon_2018,0,1,42.25,-4.570010314595152,20.884994275506077
244,Wimbledon,2018,Grass,3,1,1,1,0,,0,0,0,1,0,0,0,0,0,0,0,0,76.0,0.01754186341999969,6.0,0,1,0,1,0,0,0,12.5,30.0,124.0,0,Wimbledon_2018,1,1,156.25,-1.5700103145951516,2.464932387935167
245,Wimbledon,2018,Grass,3,1,1,1,0,,0,0,0,1,0,0,0,0,0,0,0,0,109.5,0.1362536834234948,59.0,0,1,0,1,0,0,0,10.5,30.5,25.0,0,Wimbledon_2018,1,1,110.25,-1.0700103145951516,1.1449220733400154
246,Wimbledon,2018,Grass,3,1,1,1,0,,1,0,0,1,0,0,0,0,0,1,1,1,87.0,0.1401190476190477,10.0,0,1,0,0,1,0,0,12.0,32.5,9.5,0,Wimbledon_2018,0,1,144.0,0.9299896854048484,0.8648808149594088
247,Wimbledon,2018,Grass,3,1,1,1,0,,0,1,0,1,1,1,0,0,0,0,1,1,41.5,0.005721003134796288,5.0,0,1,0,0,0,1,0,17.0,32.0,39.0,1,Wimbledon_2018,0,0,289.0,0.4299896854048484,0.1848911295545605
248,Wimbledon,2018,Grass,3,1,1,0,0,,1,0,0,1,0,0,0,0,0,1,1,1,45.5,0.1482898289828982,7.0,0,1,0,0,1,0,0,8.5,32.0,23.5,0,Wimbledon_2018,0,1,72.25,0.4299896854048484,0.1848911295545605
249,Wimbledon,2018,Grass,4,0,0,0,0,,0,0,0,1,0,0,0,0,0,0,0,0,13.5,0.04913998809726816,1.0,0,1,0,0,0,0,0,15.5,34.0,45.5,0,Wimbledon_2018,0,0,240.25,2.4299896854048484,5.904849871173954
250,Wimbledon,2018,Grass,4,1,1,1,0,,0,1,0,1,0,0,0,0,0,1,1,1,16.5,0.07984748328417635,17.0,1,1,0,0,0,0,0,13.5,33.0,102.5,0,Wimbledon_2018,0,0,182.25,1.4299896854048484,2.044870500364257
251,Wimbledon,2018,Grass,4,1,1,1,0,,1,1,0,1,0,0,0,0,0,0,1,1,26.5,0.01088081143884523,7.0,0,1,0,1,0,0,0,12.5,33.5,76.0,0,Wimbledon_2018,1,1,156.25,1.9299896854048484,3.7248601857691055
252,Wimbledon,2018,Grass,4,1,1,0,0,,1,0,0,1,0,0,0,0,0,0,0,0,29.5,0.02195281782437752,5.0,0,1,0,0,1,0,0,6.5,27.0,87.0,0,Wimbledon_2018,0,1,42.25,-4.570010314595152,20.884994275506077
253,Wimbledon,2018,Grass,4,1,1,1,0,,1,0,0,1,1,1,0,0,0,0,0,0,33.5,0.05884820747520975,1.0,0,1,0,1,1,0,0,1.0,31.5,67.5,1,Wimbledon_2018,1,1,1.0,-0.07001031459515161,0.004901444149712099
254,Wimbledon,2018,Grass,4,1,0,0,1,5.0,0,0,0,1,0,0,0,0,0,0,0,0,51.0,0.05282212885154058,10.0,0,1,0,0,0,0,0,16.5,36.0,18.5,0,Wimbledon_2018,0,1,272.25,4.429989685404848,19.62480861279335
255,Wimbledon,2018,Grass,4,1,1,1,0,,0,1,0,1,1,1,0,0,0,0,0,0,109.5,0.1362536834234948,59.0,0,1,0,1,0,1,0,10.5,30.5,14.0,1,Wimbledon_2018,1,1,110.25,-1.0700103145951516,1.1449220733400154
256,Wimbledon,2018,Grass,4,1,1,1,0,,0,0,0,1,1,1,0,0,0,0,1,1,41.5,0.005721003134796288,5.0,0,1,0,0,0,0,0,17.0,32.0,75.5,1,Wimbledon_2018,0,0,289.0,0.4299896854048484,0.1848911295545605
257,Wimbledon,2018,Grass,5,1,1,1,0,,1,0,0,1,0,0,0,0,0,1,1,1,16.5,0.07984748328417635,17.0,1,1,1,1,0,0,0,13.5,33.0,41.5,0,Wimbledon_2018,1,1,182.25,1.4299896854048484,2.044870500364257
258,Wimbledon,2018,Grass,5,1,1,1,0,,0,1,0,1,1,1,0,0,0,0,1,1,26.5,0.01088081143884523,7.0,0,1,0,1,0,1,0,12.5,33.5,13.5,1,Wimbledon_2018,1,1,156.25,1.9299896854048484,3.7248601857691055
259,Wimbledon,2018,Grass,5,1,1,1,0,,1,0,0,1,0,0,0,0,0,0,0,0,33.5,0.05884820747520975,1.0,0,1,0,0,1,0,0,1.0,31.5,51.0,0,Wimbledon_2018,0,1,1.0,-0.07001031459515161,0.004901444149712099
260,Wimbledon,2018,Grass,5,1,1,1,0,,1,1,0,1,0,0,0,0,0,0,0,0,109.5,0.1362536834234948,59.0,0,1,1,0,1,1,0,10.5,30.5,29.5,0,Wimbledon_2018,1,1,110.25,-1.0700103145951516,1.1449220733400154
261,Wimbledon,2018,Grass,6,1,1,0,0,,1,1,0,1,0,0,0,0,0,1,1,1,16.5,0.07984748328417635,17.0,1,1,0,0,0,0,0,13.5,33.0,33.5,0,Wimbledon_2018,0,1,182.25,1.4299896854048484,2.044870500364257
262,Wimbledon,2018,Grass,6,1,1,1,0,,0,0,0,1,0,0,0,0,0,0,1,1,26.5,0.01088081143884523,7.0,0,1,1,0,0,0,0,12.5,33.5,109.5,0,Wimbledon_2018,1,1,156.25,1.9299896854048484,3.7248601857691055
263,Wimbledon,2018,Grass,7,1,1,1,0,,0,0,0,1,0,0,0,0,0,1,1,1,16.5,0.07984748328417635,17.0,1,1,0,0,0,0,0,13.5,33.0,26.5,0,Wimbledon_2018,0,0,182.25,1.4299896854048484,2.044870500364257
264,Australian Open,2019,Hard,2,1,1,1,0,,0,0,0,1,0,0,0,0,0,0,0,0,3.5,0.1054227223003594,1.0,0,1,0,0,0,0,0,14.5,32.5,156.0,0,Australian Open_2019,0,0,210.25,0.9299896854048484,0.8648808149594088
265,Australian Open,2019,Hard,2,1,1,1,0,,0,0,0,0,0,0,0,0,0,0,0,0,7.0,0.04913998809726816,0.0,0,1,0,1,0,0,0,16.5,35.0,50.5,0,Australian Open_2019,1,1,272.25,3.4299896854048484,11.764829241983652
266,Australian Open,2019,Hard,2,1,1,1,0,,0,0,0,0,0,0,0,0,0,1,1,1,7.0,0.0003609504402074526,12.0,0,1,1,1,0,0,0,21.0,41.0,236.5,0,Australian Open_2019,1,1,441.0,9.429989685404848,88.92470546684183
267,Australian Open,2019,Hard,2,1,1,1,0,,0,0,0,0,0,0,0,0,0,1,1,1,11.5,0.0790823211875844,1.0,0,1,1,0,0,0,0,14.0,32.5,77.0,0,Australian Open_2019,1,1,196.0,0.9299896854048484,0.8648808149594088
268,Australian Open,2019,Hard,2,0,0,0,0,,0,0,0,1,1,1,0,0,0,0,1,1,15.0,0.01088081143884523,0.0,0,1,0,0,0,0,0,13.5,34.5,342.5,1,Australian Open_2019,0,0,182.25,2.9299896854048484,8.584839556578803
269,Australian Open,2019,Hard,2,0,0,0,0,,0,0,0,1,0,0,0,0,0,0,0,0,20.0,0.0490852390852391,20.0,0,1,0,0,0,0,0,16.5,35.5,369.5,0,Australian Open_2019,0,0,272.25,3.9299896854048484,15.4448189273885
270,Australian Open,2019,Hard,2,0,0,0,0,,0,0,0,0,0,0,0,0,0,0,0,0,22.5,0.05884820747520975,5.0,0,1,0,0,0,0,0,1.0,32.5,356.0,0,Australian Open_2019,0,0,1.0,0.9299896854048484,0.8648808149594088
271,Australian Open,2019,Hard,2,0,0,0,0,,0,0,0,0,0,0,0,0,0,0,1,1,24.5,0.06283712425079746,5.0,0,1,0,0,0,0,0,10.0,31.0,98.5,0,Australian Open_2019,0,0,100.0,-0.5700103145951516,0.3249117587448637
273,Australian Open,2019,Hard,2,1,1,1,0,,0,0,0,0,0,0,0,0,0,0,0,0,30.0,0.001175837409306602,12.0,0,1,0,1,0,0,0,16.0,35.0,130.0,0,Australian Open_2019,1,1,256.0,3.4299896854048484,11.764829241983652
274,Australian Open,2019,Hard,2,1,1,0,0,,1,0,0,1,0,0,0,0,0,0,0,0,84.0,0.06720430107526876,32.0,1,1,0,0,1,0,0,13.5,32.5,19.5,0,Australian Open_2019,0,1,182.25,0.9299896854048484,0.8648808149594088
275,Australian Open,2019,Hard,2,1,1,1,0,,0,0,0,1,0,0,0,0,0,0,0,1,59.5,0.2538135325020571,7.0,0,1,0,0,0,0,0,10.5,33.5,22.5,0,Australian Open_2019,0,0,110.25,1.9299896854048484,3.7248601857691055
276,Australian Open,2019,Hard,2,0,0,0,0,,0,0,0,0,0,0,0,0,0,1,1,1,53.0,0.001418988648090869,4.0,0,1,0,0,0,0,0,6.0,24.0,384.5,0,Australian Open_2019,0,0,36.0,-7.570010314595152,57.30505616307698
277,Australian Open,2019,Hard,2,1,1,1,0,,0,0,0,0,0,0,0,0,0,0,0,0,203.0,0.1829138603332152,142.0,0,1,0,1,0,0,0,6.5,24.0,109.0,0,Australian Open_2019,1,1,42.25,-7.570010314595152,57.30505616307698
278,Australian Open,2019,Hard,2,0,0,0,0,,0,0,0,1,0,0,0,0,0,1,1,1,116.0,0.0941830639191586,64.0,0,1,0,0,0,0,0,13.5,32.0,35.5,0,Australian Open_2019,0,0,182.25,0.4299896854048484,0.1848911295545605
279,Australian Open,2019,Hard,2,0,0,0,0,,0,0,0,0,0,0,0,0,0,1,1,1,114.0,0.02179137210984344,48.0,0,1,0,0,0,0,0,13.5,32.5,216.0,0,Australian Open_2019,0,0,182.25,0.9299896854048484,0.8648808149594088
280,Australian Open,2019,Hard,2,0,0,0,0,,0,0,0,0,0,0,0,0,0,0,1,1,65.5,0.04954487630763149,35.0,0,1,0,0,0,0,0,16.5,34.5,63.5,0,Australian Open_2019,0,0,272.25,2.9299896854048484,8.584839556578803
281,Australian Open,2019,Hard,2,0,0,0,0,,0,0,0,1,1,1,0,0,0,0,0,0,42.0,0.1003563845920534,4.0,0,1,0,0,0,0,0,11.0,30.0,100.5,1,Australian Open_2019,0,0,121.0,-1.5700103145951516,2.464932387935167
282,Australian Open,2019,Hard,2,0,0,0,0,,0,0,0,1,1,1,0,0,0,0,0,0,63.0,0.05156879372482503,12.0,0,1,0,0,0,0,0,15.5,33.0,58.0,1,Australian Open_2019,0,0,240.25,1.4299896854048484,2.044870500364257
283,Australian Open,2019,Hard,2,1,1,1,0,,0,0,0,0,0,0,0,0,0,1,1,1,373.0,,238.0,0,1,1,0,0,0,0,2.0,20.0,101.0,0,Australian Open_2019,1,1,4.0,-11.570010314595152,133.8651386798382
284,Australian Open,2019,Hard,2,1,1,1,0,,0,0,0,0,0,0,0,0,0,0,1,1,198.0,0.0390720390720391,22.0,0,1,1,0,0,0,0,3.0,23.0,188.0,0,Australian Open_2019,1,1,9.0,-8.570010314595152,73.44507679226729
285,Australian Open,2019,Hard,2,0,0,0,0,,0,0,0,1,0,0,0,0,0,1,1,1,99.0,0.02142857142857152,4.0,0,1,0,0,0,0,0,12.0,27.5,153.0,0,Australian Open_2019,0,0,144.0,-4.070010314595152,16.564983960910926
286,Australian Open,2019,Hard,2,0,0,0,0,,0,0,0,1,1,1,0,0,0,0,1,1,46.5,0.06007751937984496,7.0,0,1,0,0,0,0,0,11.0,30.0,120.0,1,Australian Open_2019,0,0,121.0,-1.5700103145951516,2.464932387935167
287,Australian Open,2019,Hard,2,0,0,0,0,,0,0,0,1,0,0,0,0,0,1,1,1,90.0,0.04078277886497061,36.0,1,1,0,0,0,0,0,12.5,29.5,38.5,0,Australian Open_2019,0,0,156.25,-2.0700103145951516,4.284942702530318
288,Australian Open,2019,Hard,2,0,0,0,0,,0,0,0,0,0,0,0,0,0,1,1,1,138.5,0.1662290124930374,89.0,0,1,0,0,0,0,0,8.0,28.5,76.0,0,Australian Open_2019,0,0,64.0,-3.0700103145951516,9.424963331720623
289,Australian Open,2019,Hard,2,1,1,1,0,,0,0,0,0,0,0,0,0,0,0,1,1,38.5,0.09335202242691226,7.0,0,1,0,1,0,0,0,12.5,31.0,58.5,0,Australian Open_2019,1,1,156.25,-0.5700103145951516,0.3249117587448637
290,Australian Open,2019,Hard,2,1,1,1,0,,0,0,0,1,1,1,0,0,0,0,0,0,42.0,0.009476117103235815,56.0,0,1,0,1,0,0,0,10.0,29.0,69.0,1,Australian Open_2019,1,1,100.0,-2.5700103145951516,6.60495301712547
291,Australian Open,2019,Hard,2,0,0,0,0,,0,0,0,0,0,0,0,0,0,0,0,0,173.5,0.2646520146520147,205.0,0,1,0,0,0,0,0,10.5,30.0,315.0,0,Australian Open_2019,0,0,110.25,-1.5700103145951516,2.464932387935167
292,Australian Open,2019,Hard,2,1,1,1,0,,0,0,0,1,0,0,0,0,0,0,0,0,65.5,0.01754186341999969,41.0,0,1,0,0,0,0,0,13.5,31.0,32.0,0,Australian Open_2019,0,0,182.25,-0.5700103145951516,0.3249117587448637
293,Australian Open,2019,Hard,2,0,0,0,0,,0,0,0,1,1,1,0,0,0,0,0,0,65.5,0.003307706061147886,3.0,0,1,0,0,0,0,0,1.0,34.5,242.0,1,Australian Open_2019,0,0,1.0,2.9299896854048484,8.584839556578803
294,Australian Open,2019,Hard,2,0,0,0,0,,0,0,0,0,0,0,0,0,0,1,1,1,43.0,0.1482898289828982,22.0,0,1,0,0,0,0,0,9.5,33.0,284.5,0,Australian Open_2019,0,0,90.25,1.4299896854048484,2.044870500364257
295,Australian Open,2019,Hard,2,1,1,1,0,,0,0,0,1,1,1,0,0,0,1,1,1,45.5,0.1634566457717583,87.0,0,1,0,0,0,0,0,5.5,26.5,5.0,1,Australian Open_2019,0,0,30.25,-5.070010314595152,25.70500459010123
296,Australian Open,2019,Hard,3,0,0,0,0,,0,0,0,1,1,1,0,0,0,0,0,0,7.0,0.04913998809726816,0.0,0,1,0,0,0,0,0,16.5,35.0,53.0,1,Australian Open_2019,0,0,272.25,3.4299896854048484,11.764829241983652
297,Australian Open,2019,Hard,3,0,0,0,0,,0,0,0,1,0,0,0,0,0,1,1,1,7.0,0.0003609504402074526,12.0,0,1,0,0,0,0,0,21.0,41.0,173.5,0,Australian Open_2019,0,0,441.0,9.429989685404848,88.92470546684183
298,Australian Open,2019,Hard,3,1,1,1,0,,0,0,0,1,0,0,0,0,0,1,1,1,11.5,0.0790823211875844,1.0,0,1,0,0,0,0,0,14.0,32.5,65.5,0,Australian Open_2019,0,0,196.0,0.9299896854048484,0.8648808149594088
299,Australian Open,2019,Hard,3,1,1,1,0,,0,0,0,0,0,0,0,0,0,0,1,1,15.0,0.01088081143884523,0.0,0,1,1,0,0,0,0,13.5,34.5,42.0,0,Australian Open_2019,1,1,182.25,2.9299896854048484,8.584839556578803
300,Australian Open,2019,Hard,3,0,0,0,0,,0,0,0,1,0,0,0,0,0,0,0,0,20.0,0.0490852390852391,20.0,0,1,0,0,0,0,0,16.5,35.5,114.0,0,Australian Open_2019,0,0,272.25,3.9299896854048484,15.4448189273885
301,Australian Open,2019,Hard,3,0,0,0,0,,0,0,0,0,0,0,0,0,0,0,1,1,24.5,0.06283712425079746,5.0,0,1,0,0,0,0,0,10.0,31.0,65.5,0,Australian Open_2019,0,0,100.0,-0.5700103145951516,0.3249117587448637
302,Australian Open,2019,Hard,3,0,0,0,0,,0,0,0,0,0,0,0,0,0,0,0,0,28.0,0.03954461804929088,0.0,0,1,0,0,0,0,0,9.5,30.0,43.0,0,Australian Open_2019,0,0,90.25,-1.5700103145951516,2.464932387935167
303,Australian Open,2019,Hard,3,0,0,0,0,,0,0,0,1,1,1,0,0,0,0,0,0,84.0,0.06720430107526876,32.0,1,1,0,0,0,0,0,13.5,32.5,138.5,1,Australian Open_2019,0,0,182.25,0.9299896854048484,0.8648808149594088
304,Australian Open,2019,Hard,3,0,0,0,0,,0,0,0,1,0,0,0,0,0,1,1,1,116.0,0.0941830639191586,64.0,0,1,0,0,0,0,0,13.5,32.0,99.0,0,Australian Open_2019,0,0,182.25,0.4299896854048484,0.1848911295545605
305,Australian Open,2019,Hard,3,0,0,0,0,,0,0,0,0,0,0,0,0,0,0,0,0,63.0,0.05156879372482503,12.0,0,1,0,0,0,0,0,15.5,33.0,22.5,0,Australian Open_2019,0,0,240.25,1.4299896854048484,2.044870500364257
306,Australian Open,2019,Hard,3,1,1,1,0,,0,0,0,1,1,1,0,0,0,1,1,1,373.0,,238.0,0,1,0,1,0,0,0,2.0,20.0,59.5,1,Australian Open_2019,1,1,4.0,-11.570010314595152,133.8651386798382
307,Australian Open,2019,Hard,3,0,0,0,0,,0,0,0,0,0,0,0,0,0,0,1,1,46.5,0.06007751937984496,7.0,0,1,0,0,0,0,0,11.0,30.0,3.5,0,Australian Open_2019,0,0,121.0,-1.5700103145951516,2.464932387935167
308,Australian Open,2019,Hard,3,1,1,1,0,,0,0,0,0,0,0,0,0,0,1,1,1,90.0,0.04078277886497061,36.0,1,1,0,1,0,0,0,12.5,29.5,38.5,0,Australian Open_2019,1,1,156.25,-2.0700103145951516,4.284942702530318
309,Australian Open,2019,Hard,3,1,1,1,0,,0,0,0,0,0,0,0,0,0,0,0,0,42.0,0.009476117103235815,56.0,0,1,0,1,0,0,0,10.0,29.0,30.0,0,Australian Open_2019,1,1,100.0,-2.5700103145951516,6.60495301712547
310,Australian Open,2019,Hard,3,1,1,1,0,,0,0,0,0,0,0,0,0,0,0,0,0,65.5,0.01754186341999969,41.0,0,1,1,0,0,0,0,13.5,31.0,203.0,0,Australian Open_2019,1,1,182.25,-0.5700103145951516,0.3249117587448637
311,Australian Open,2019,Hard,3,1,1,1,0,,1,0,0,1,1,1,0,0,0,1,1,1,45.5,0.1634566457717583,87.0,0,1,0,0,1,0,0,5.5,26.5,198.0,1,Australian Open_2019,0,1,30.25,-5.070010314595152,25.70500459010123
312,Australian Open,2019,Hard,4,1,1,1,0,,0,0,0,1,1,1,0,0,0,0,0,0,7.0,0.04913998809726816,0.0,0,1,0,0,0,0,0,16.5,35.0,42.0,1,Australian Open_2019,0,0,272.25,3.4299896854048484,11.764829241983652
313,Australian Open,2019,Hard,4,1,1,1,0,,0,0,0,0,0,0,0,0,0,1,1,1,7.0,0.0003609504402074526,12.0,0,1,0,1,0,0,0,21.0,41.0,116.0,0,Australian Open_2019,1,1,441.0,9.429989685404848,88.92470546684183
314,Australian Open,2019,Hard,4,1,1,1,0,,0,0,0,1,1,1,0,0,0,1,1,1,11.5,0.0790823211875844,1.0,0,1,0,1,0,0,0,14.0,32.5,24.5,1,Australian Open_2019,1,1,196.0,0.9299896854048484,0.8648808149594088
315,Australian Open,2019,Hard,4,0,0,0,0,,0,0,0,0,0,0,0,0,0,0,1,1,15.0,0.01088081143884523,0.0,0,1,0,0,0,0,0,13.5,34.5,63.0,0,Australian Open_2019,0,0,182.25,2.9299896854048484,8.584839556578803
316,Australian Open,2019,Hard,4,1,1,1,0,,0,0,0,0,0,0,0,0,0,0,0,0,20.0,0.0490852390852391,20.0,0,1,0,1,0,0,0,16.5,35.5,373.0,0,Australian Open_2019,1,1,272.25,3.9299896854048484,15.4448189273885
317,Australian Open,2019,Hard,4,1,1,1,0,,0,0,0,0,0,0,0,0,0,0,0,0,28.0,0.03954461804929088,0.0,0,1,1,0,0,0,0,9.5,30.0,84.0,0,Australian Open_2019,1,1,90.25,-1.5700103145951516,2.464932387935167
318,Australian Open,2019,Hard,4,0,0,0,0,,0,0,0,1,1,1,0,0,0,1,1,1,90.0,0.04078277886497061,36.0,1,1,0,0,0,0,0,12.5,29.5,45.5,1,Australian Open_2019,0,0,156.25,-2.0700103145951516,4.284942702530318
319,Australian Open,2019,Hard,4,0,0,0,0,,0,0,0,0,0,0,0,0,0,0,0,0,65.5,0.01754186341999969,41.0,0,1,0,0,0,0,0,13.5,31.0,46.5,0,Australian Open_2019,0,0,182.25,-0.5700103145951516,0.3249117587448637
320,Australian Open,2019,Hard,5,1,1,1,0,,0,0,0,0,0,0,0,0,0,1,1,1,11.5,0.0790823211875844,1.0,0,1,0,1,0,0,0,14.0,32.5,7.0,0,Australian Open_2019,1,1,196.0,0.9299896854048484,0.8648808149594088
321,Australian Open,2019,Hard,5,0,0,0,0,,0,0,0,0,0,0,0,0,0,0,0,0,28.0,0.03954461804929088,0.0,0,1,0,0,0,0,0,9.5,30.0,7.0,0,Australian Open_2019,0,0,90.25,-1.5700103145951516,2.464932387935167
322,Australian Open,2019,Hard,5,1,1,1,0,,0,0,0,1,1,1,0,0,0,1,1,1,90.0,0.04078277886497061,36.0,1,1,0,1,0,0,0,12.5,29.5,20.0,1,Australian Open_2019,1,1,156.25,-2.0700103145951516,4.284942702530318
323,Australian Open,2019,Hard,5,1,1,1,0,,0,0,0,0,0,0,0,0,0,0,0,0,65.5,0.01754186341999969,41.0,0,1,0,1,0,0,0,13.5,31.0,15.0,0,Australian Open_2019,1,1,182.25,-0.5700103145951516,0.3249117587448637
324,Australian Open,2019,Hard,6,0,0,0,0,,0,0,0,0,0,0,0,0,0,1,1,1,11.5,0.0790823211875844,1.0,0,1,0,0,0,0,0,14.0,32.5,90.0,0,Australian Open_2019,0,0,196.0,0.9299896854048484,0.8648808149594088
325,Australian Open,2019,Hard,6,1,1,1,0,,0,0,0,0,0,0,0,0,0,0,0,0,28.0,0.03954461804929088,0.0,0,1,0,1,0,0,0,9.5,30.0,65.5,0,Australian Open_2019,1,1,90.25,-1.5700103145951516,2.464932387935167
326,Australian Open,2019,Hard,7,1,1,1,0,,0,0,0,0,0,0,0,0,0,1,1,1,11.5,0.0790823211875844,1.0,0,1,0,1,0,0,0,14.0,32.5,28.0,0,Australian Open_2019,1,1,196.0,0.9299896854048484,0.8648808149594088
327,Roland Garros,2019,Clay,2,1,1,1,0,,0,0,0,0,0,0,0,0,0,0,0,0,3.5,0.005113704012382425,1.0,0,1,0,1,0,0,0,19.0,36.5,178.5,0,Roland Garros_2019,1,1,361.0,4.929989685404848,24.304798298198197
328,Roland Garros,2019,Clay,2,0,0,0,0,,0,0,0,0,0,0,0,0,0,1,1,1,10.0,0.006430370146846442,0.0,0,1,0,0,0,0,0,11.5,32.5,116.5,0,Roland Garros_2019,0,0,132.25,0.9299896854048484,0.8648808149594088
329,Roland Garros,2019,Clay,2,1,1,1,0,,0,0,0,0,0,0,0,0,0,0,0,0,13.0,0.1054227223003594,2.0,0,1,1,0,0,0,0,14.5,32.5,69.0,0,Roland Garros_2019,1,1,210.25,0.9299896854048484,0.8648808149594088
330,Roland Garros,2019,Clay,2,0,0,0,0,,0,0,0,1,1,1,0,0,0,1,1,1,17.5,0.0003609504402074526,33.0,0,1,0,0,0,0,0,21.0,41.0,120.5,1,Roland Garros_2019,0,0,441.0,9.429989685404848,88.92470546684183
331,Roland Garros,2019,Clay,2,0,0,0,0,,0,0,0,0,0,0,0,0,0,0,0,0,17.5,0.03954461804929088,3.0,0,1,0,0,0,0,0,9.5,30.0,51.0,0,Roland Garros_2019,0,0,90.25,-1.5700103145951516,2.464932387935167
332,Roland Garros,2019,Clay,2,1,1,1,0,,0,0,0,0,0,0,0,0,0,0,0,0,20.5,0.05927088002390557,1.0,0,1,0,1,0,0,0,16.0,36.0,348.5,0,Roland Garros_2019,1,1,256.0,4.429989685404848,19.62480861279335
334,Roland Garros,2019,Clay,2,0,0,0,0,,0,0,0,0,0,0,0,0,0,0,0,0,30.0,0.04709249084249079,50.0,0,1,0,0,0,0,0,19.5,37.5,269.5,0,Roland Garros_2019,0,0,380.25,5.929989685404848,35.16477766900789
335,Roland Garros,2019,Clay,2,1,1,1,0,,0,0,0,1,1,1,0,0,0,0,0,0,32.5,0.02181491464510332,5.0,0,1,0,1,0,0,0,16.0,34.0,67.5,1,Roland Garros_2019,1,1,256.0,2.4299896854048484,5.904849871173954
336,Roland Garros,2019,Clay,2,1,1,1,0,,0,0,0,0,0,0,0,0,0,1,1,1,258.0,0.0184019370460049,86.0,0,1,0,1,0,0,0,7.0,24.0,132.5,0,Roland Garros_2019,1,1,49.0,-7.570010314595152,57.30505616307698
337,Roland Garros,2019,Clay,2,0,0,0,0,,0,0,0,1,1,1,0,0,0,0,0,0,225.5,0.125,13.0,0,1,0,0,0,0,0,3.0,21.0,433.5,1,Roland Garros_2019,0,0,9.0,-10.570010314595152,111.7251180506479
339,Roland Garros,2019,Clay,2,1,1,0,0,,1,0,0,1,1,1,0,0,0,1,1,1,378.5,0.01428833119618972,491.0,0,1,0,0,1,0,0,5.0,23.5,7.5,1,Roland Garros_2019,0,1,25.0,-8.070010314595152,65.12506647767214
340,Roland Garros,2019,Clay,2,1,1,1,0,,0,0,0,0,0,0,0,0,0,1,1,1,209.5,0.1518716577540107,57.0,0,1,1,0,0,0,0,3.5,23.5,342.0,0,Roland Garros_2019,1,1,12.25,-8.070010314595152,65.12506647767214
341,Roland Garros,2019,Clay,2,1,1,1,0,,0,0,0,0,0,0,0,0,0,0,0,0,292.0,0.2410432033719704,504.0,1,1,0,1,0,0,0,13.5,34.0,14.0,0,Roland Garros_2019,1,1,182.25,2.4299896854048484,5.904849871173954
342,Roland Garros,2019,Clay,2,0,0,0,0,,0,0,0,0,0,0,0,0,0,1,1,1,58.5,0.02179137210984344,1.0,0,1,0,0,0,0,0,13.5,32.5,34.5,0,Roland Garros_2019,0,0,182.25,0.9299896854048484,0.8648808149594088
343,Roland Garros,2019,Clay,2,0,0,0,0,,0,0,0,0,0,0,0,0,0,1,1,1,287.5,0.08571428571428569,39.0,0,1,0,0,0,0,0,7.5,25.0,230.5,0,Roland Garros_2019,0,0,56.25,-6.570010314595152,43.16503553388668
344,Roland Garros,2019,Clay,2,0,0,0,0,,0,0,0,1,0,0,0,0,0,0,1,1,84.0,0.0864757070340827,64.0,0,1,0,0,0,0,0,18.5,35.5,13.5,0,Roland Garros_2019,0,0,342.25,3.9299896854048484,15.4448189273885
345,Roland Garros,2019,Clay,2,0,0,0,0,,0,0,0,0,0,0,0,0,0,0,0,0,40.5,0.1003563845920534,31.0,0,1,0,0,0,0,0,11.0,30.0,437.0,0,Roland Garros_2019,0,0,121.0,-1.5700103145951516,2.464932387935167
346,Roland Garros,2019,Clay,2,0,0,0,0,,0,0,0,1,0,0,0,0,0,0,0,0,43.5,0.0205831073227431,9.0,0,1,0,0,0,0,0,13.0,31.5,137.5,0,Roland Garros_2019,0,0,169.0,-0.07001031459515161,0.004901444149712099
348,Roland Garros,2019,Clay,2,0,0,0,0,,0,0,0,1,1,1,0,0,0,1,1,1,377.5,0.01098901098901112,287.0,0,1,0,0,0,0,0,7.5,26.5,195.5,1,Roland Garros_2019,0,0,56.25,-5.070010314595152,25.70500459010123
349,Roland Garros,2019,Clay,2,0,0,0,0,,0,0,0,0,0,0,0,0,0,0,0,0,71.5,,13.0,0,1,0,0,0,0,0,9.0,28.0,36.5,0,Roland Garros_2019,0,0,81.0,-3.5700103145951516,12.744973646315774
350,Roland Garros,2019,Clay,2,0,0,0,0,,0,0,0,1,1,1,0,0,0,0,0,0,355.0,0.0,196.0,0,1,0,0,0,0,0,3.0,20.5,29.5,1,Roland Garros_2019,0,0,9.0,-11.070010314595152,122.54512836524304
351,Roland Garros,2019,Clay,2,0,0,0,0,,0,0,0,0,0,0,0,0,0,1,1,1,52.5,0.08426573426573425,3.0,0,1,0,0,0,0,0,7.5,28.0,410.5,0,Roland Garros_2019,0,0,56.25,-3.5700103145951516,12.744973646315774
352,Roland Garros,2019,Clay,2,0,0,0,0,,0,0,0,1,0,0,0,0,0,0,0,0,115.5,,59.0,0,1,0,0,0,0,0,9.0,29.0,68.5,0,Roland Garros_2019,0,0,81.0,-2.5700103145951516,6.60495301712547
353,Roland Garros,2019,Clay,2,1,1,0,0,,1,0,0,1,0,0,0,0,0,1,1,1,190.0,,22.0,1,1,0,0,1,0,0,14.5,32.0,55.0,0,Roland Garros_2019,0,1,210.25,0.4299896854048484,0.1848911295545605
354,Roland Garros,2019,Clay,2,0,0,0,0,,0,0,0,0,0,0,0,0,0,0,0,0,52.0,0.126268115942029,22.0,0,1,0,0,0,0,0,12.5,34.0,51.0,0,Roland Garros_2019,0,0,156.25,2.4299896854048484,5.904849871173954
355,Roland Garros,2019,Clay,2,1,1,1,0,,0,0,0,1,0,0,0,0,0,0,0,0,68.5,0.003307706061147886,1.0,0,1,1,0,0,0,0,1.0,34.5,19.5,0,Roland Garros_2019,1,1,1.0,2.9299896854048484,8.584839556578803
356,Roland Garros,2019,Clay,2,0,0,0,0,,0,0,0,0,0,0,0,0,0,0,0,0,106.0,0.2807000154188418,48.0,0,1,0,0,0,0,0,20.0,38.0,136.5,0,Roland Garros_2019,0,0,400.0,6.429989685404848,41.34476735441274
357,Roland Garros,2019,Clay,2,0,0,0,0,,0,0,0,1,1,1,0,0,0,1,1,1,83.5,0.01666666666666672,25.0,0,1,0,0,0,0,0,10.5,28.0,722.5,1,Roland Garros_2019,0,0,110.25,-3.5700103145951516,12.744973646315774
358,Roland Garros,2019,Clay,2,0,0,0,0,,0,0,0,0,0,0,0,0,0,1,1,1,38.0,0.1482898289828982,22.0,0,1,0,0,0,0,0,9.5,33.0,43.0,0,Roland Garros_2019,0,0,90.25,1.4299896854048484,2.044870500364257
359,Roland Garros,2019,Clay,3,0,0,0,0,,0,0,0,1,1,1,0,0,0,0,0,0,3.5,0.005113704012382425,1.0,0,1,0,0,0,0,0,19.0,36.5,40.5,1,Roland Garros_2019,0,0,361.0,4.929989685404848,24.304798298198197
360,Roland Garros,2019,Clay,3,0,0,0,0,,0,0,0,1,0,0,0,0,0,1,1,1,10.0,0.006430370146846442,0.0,0,1,0,0,0,0,0,11.5,32.5,106.0,0,Roland Garros_2019,0,0,132.25,0.9299896854048484,0.8648808149594088
361,Roland Garros,2019,Clay,3,0,0,0,0,,0,0,0,0,0,0,0,0,0,0,0,0,13.0,0.1054227223003594,2.0,0,1,0,0,0,0,0,14.5,32.5,225.5,0,Roland Garros_2019,0,0,210.25,0.9299896854048484,0.8648808149594088
362,Roland Garros,2019,Clay,3,1,1,1,0,,0,0,0,0,0,0,0,0,0,1,1,1,17.5,0.0003609504402074526,33.0,0,1,0,1,0,0,0,21.0,41.0,38.0,0,Roland Garros_2019,1,1,441.0,9.429989685404848,88.92470546684183
363,Roland Garros,2019,Clay,3,0,0,0,0,,0,0,0,0,0,0,0,0,0,0,0,0,17.5,0.03954461804929088,3.0,0,1,0,0,0,0,0,9.5,30.0,43.5,0,Roland Garros_2019,0,0,90.25,-1.5700103145951516,2.464932387935167
364,Roland Garros,2019,Clay,3,0,0,0,0,,0,0,0,0,0,0,0,0,0,0,0,0,20.5,0.05927088002390557,1.0,0,1,0,0,0,0,0,16.0,36.0,301.0,0,Roland Garros_2019,0,0,256.0,4.429989685404848,19.62480861279335
365,Roland Garros,2019,Clay,3,1,1,1,0,,0,0,0,1,0,0,0,0,0,0,1,1,23.5,0.06283712425079746,1.0,0,1,0,0,0,0,0,10.0,31.0,287.5,0,Roland Garros_2019,0,0,100.0,-0.5700103145951516,0.3249117587448637
366,Roland Garros,2019,Clay,3,0,0,0,0,,0,0,0,1,1,1,0,0,0,0,0,0,32.5,0.02181491464510332,5.0,0,1,0,0,0,0,0,16.0,34.0,377.5,1,Roland Garros_2019,0,0,256.0,2.4299896854048484,5.904849871173954
367,Roland Garros,2019,Clay,3,1,1,1,0,,0,0,0,1,0,0,0,0,0,1,1,1,258.0,0.0184019370460049,86.0,0,1,1,0,0,0,0,7.0,24.0,71.5,0,Roland Garros_2019,1,1,49.0,-7.570010314595152,57.30505616307698
368,Roland Garros,2019,Clay,3,0,0,0,0,,0,0,0,0,0,0,0,0,0,0,0,0,292.0,0.2410432033719704,504.0,1,1,0,0,0,0,0,13.5,34.0,209.5,0,Roland Garros_2019,0,0,182.25,2.4299896854048484,5.904849871173954
369,Roland Garros,2019,Clay,3,1,1,1,0,,0,0,0,0,0,0,0,0,0,1,1,1,58.5,0.02179137210984344,1.0,0,1,1,0,0,0,0,13.5,32.5,52.0,0,Roland Garros_2019,1,1,182.25,0.9299896854048484,0.8648808149594088
370,Roland Garros,2019,Clay,3,0,0,0,0,,0,0,0,1,0,0,0,0,0,1,1,1,109.0,0.0006417661404183872,52.0,0,1,0,0,0,0,0,11.0,30.0,355.0,0,Roland Garros_2019,0,0,121.0,-1.5700103145951516,2.464932387935167
371,Roland Garros,2019,Clay,3,0,0,0,0,,0,0,0,0,0,0,0,0,0,1,1,1,52.5,0.08426573426573425,3.0,0,1,0,0,0,0,0,7.5,28.0,30.0,0,Roland Garros_2019,0,0,56.25,-3.5700103145951516,12.744973646315774
372,Roland Garros,2019,Clay,3,0,0,0,0,,0,0,0,1,0,0,0,0,0,0,0,0,115.5,,59.0,0,1,0,0,0,0,0,9.0,29.0,84.0,0,Roland Garros_2019,0,0,81.0,-2.5700103145951516,6.60495301712547
373,Roland Garros,2019,Clay,3,1,1,1,0,,0,0,0,0,0,0,0,0,0,1,1,1,190.0,,22.0,1,1,0,1,0,0,0,14.5,32.0,68.5,0,Roland Garros_2019,1,1,210.25,0.4299896854048484,0.1848911295545605
374,Roland Garros,2019,Clay,3,0,0,0,0,,0,0,0,0,0,0,0,0,0,1,1,1,83.5,0.01666666666666672,25.0,0,1,0,0,0,0,0,10.5,28.0,378.5,0,Roland Garros_2019,0,0,110.25,-3.5700103145951516,12.744973646315774
375,Roland Garros,2019,Clay,4,0,0,0,0,,0,0,0,0,0,0,0,0,0,1,1,1,10.0,0.006430370146846442,0.0,0,1,0,0,0,0,0,11.5,32.5,32.5,0,Roland Garros_2019,0,0,132.25,0.9299896854048484,0.8648808149594088
376,Roland Garros,2019,Clay,4,0,0,0,0,,0,0,0,1,1,1,0,0,0,0,0,0,20.5,0.05927088002390557,1.0,0,1,0,0,0,0,0,16.0,36.0,17.5,1,Roland Garros_2019,0,0,256.0,4.429989685404848,19.62480861279335
377,Roland Garros,2019,Clay,4,1,1,0,0,,1,0,0,1,1,1,0,0,0,0,1,1,23.5,0.06283712425079746,1.0,0,1,0,0,1,0,0,10.0,31.0,17.5,1,Roland Garros_2019,0,1,100.0,-0.5700103145951516,0.3249117587448637
378,Roland Garros,2019,Clay,4,0,0,0,0,,0,0,0,1,1,1,0,0,0,1,1,1,58.5,0.02179137210984344,1.0,0,1,0,0,0,0,0,13.5,32.5,3.5,1,Roland Garros_2019,0,0,182.25,0.9299896854048484,0.8648808149594088
379,Roland Garros,2019,Clay,4,0,0,0,0,,0,0,0,1,1,1,0,0,0,1,1,1,52.5,0.08426573426573425,3.0,0,1,0,0,0,0,0,7.5,28.0,13.0,1,Roland Garros_2019,0,0,56.25,-3.5700103145951516,12.744973646315774
380,Roland Garros,2019,Clay,4,1,1,1,0,,0,0,0,1,1,1,0,0,0,0,0,0,115.5,,59.0,0,1,0,1,0,0,0,9.0,29.0,109.0,1,Roland Garros_2019,1,1,81.0,-2.5700103145951516,6.60495301712547
381,Roland Garros,2019,Clay,4,1,1,0,0,,1,0,0,1,1,1,0,0,0,1,1,1,190.0,,22.0,1,1,0,0,1,0,0,14.5,32.0,292.0,1,Roland Garros_2019,0,1,210.25,0.4299896854048484,0.1848911295545605
382,Roland Garros,2019,Clay,4,0,0,0,0,,0,0,0,0,0,0,0,0,0,1,1,1,83.5,0.01666666666666672,25.0,0,1,0,0,0,0,0,10.5,28.0,258.0,0,Roland Garros_2019,0,0,110.25,-3.5700103145951516,12.744973646315774
383,Roland Garros,2019,Clay,5,0,0,0,0,,0,0,0,0,0,0,0,0,0,1,1,1,10.0,0.006430370146846442,0.0,0,1,0,0,0,0,0,11.5,32.5,115.5,0,Roland Garros_2019,0,0,132.25,0.9299896854048484,0.8648808149594088
384,Roland Garros,2019,Clay,5,1,1,1,0,,0,0,0,0,0,0,0,0,0,1,1,1,58.5,0.02179137210984344,1.0,0,1,0,1,0,0,0,13.5,32.5,23.5,0,Roland Garros_2019,1,1,182.25,0.9299896854048484,0.8648808149594088
385,Roland Garros,2019,Clay,5,1,1,1,0,,1,0,0,1,0,0,0,0,0,1,1,1,52.5,0.08426573426573425,3.0,0,1,0,0,1,0,0,7.5,28.0,190.0,0,Roland Garros_2019,0,1,56.25,-3.5700103145951516,12.744973646315774
386,Roland Garros,2019,Clay,5,0,0,0,0,,0,0,0,0,0,0,0,0,0,1,1,1,83.5,0.01666666666666672,25.0,0,1,0,0,0,0,0,10.5,28.0,20.5,0,Roland Garros_2019,0,0,110.25,-3.5700103145951516,12.744973646315774
387,Roland Garros,2019,Clay,6,0,0,0,0,,0,0,0,0,0,0,0,0,0,1,1,1,58.5,0.02179137210984344,1.0,0,1,0,0,0,0,0,13.5,32.5,10.0,0,Roland Garros_2019,0,0,182.25,0.9299896854048484,0.8648808149594088
388,Roland Garros,2019,Clay,6,0,0,0,0,,0,0,0,0,0,0,0,0,0,1,1,1,52.5,0.08426573426573425,3.0,0,1,0,0,0,0,0,7.5,28.0,83.5,0,Roland Garros_2019,0,0,56.25,-3.5700103145951516,12.744973646315774
389,Roland Garros,2019,Clay,7,1,1,1,0,,0,0,0,0,0,0,0,0,0,1,1,1,52.5,0.08426573426573425,3.0,0,1,0,1,0,0,0,7.5,28.0,58.5,0,Roland Garros_2019,1,1,56.25,-3.5700103145951516,12.744973646315774
390,US Open,2019,Hard,2,0,0,0,0,,0,0,0,0,0,0,0,0,0,1,1,1,1.0,0.006430370146846442,0.0,0,1,0,0,0,0,0,11.5,32.5,293.0,0,US Open_2019,0,0,132.25,0.9299896854048484,0.8648808149594088
391,US Open,2019,Hard,2,0,0,0,0,,0,0,0,1,0,0,0,0,0,1,1,1,180.0,0.01098901098901112,18.0,0,1,0,0,0,0,0,7.5,26.5,61.5,0,US Open_2019,0,0,56.25,-5.070010314595152,25.70500459010123
392,US Open,2019,Hard,2,1,1,1,0,,0,0,0,0,0,0,0,0,0,1,1,1,84.5,0.03820184790334047,69.0,0,1,0,1,0,0,0,16.0,33.0,68.0,0,US Open_2019,1,1,256.0,1.4299896854048484,2.044870500364257
393,US Open,2019,Hard,2,0,0,0,0,,0,0,0,0,0,0,0,0,0,1,1,1,24.5,0.1254761904761905,19.0,0,1,0,0,0,0,0,12.5,31.0,58.5,0,US Open_2019,0,0,156.25,-0.5700103145951516,0.3249117587448637
394,US Open,2019,Hard,2,0,0,0,0,,0,0,0,1,1,1,0,0,0,1,1,1,21.0,0.1497472494796313,20.0,0,1,0,0,0,0,0,11.0,31.5,128.0,1,US Open_2019,0,0,121.0,-0.07001031459515161,0.004901444149712099
395,US Open,2019,Hard,2,1,1,0,0,,1,0,0,1,1,1,0,0,0,0,0,0,48.5,0.04448621553884713,13.0,0,1,0,0,1,0,0,5.5,25.5,256.0,1,US Open_2019,0,1,30.25,-6.070010314595152,36.84502521929153
396,US Open,2019,Hard,2,0,0,0,0,,0,0,0,1,0,0,0,0,0,0,0,0,68.0,0.06720430107526876,10.0,1,1,0,0,0,0,0,13.5,32.5,113.5,0,US Open_2019,0,0,182.25,0.9299896854048484,0.8648808149594088
397,US Open,2019,Hard,2,1,1,1,0,,0,0,0,0,0,0,0,0,0,1,1,1,34.0,0.02179137210984344,2.0,0,1,1,0,0,0,0,13.5,32.5,18.0,0,US Open_2019,1,1,182.25,0.9299896854048484,0.8648808149594088
398,US Open,2019,Hard,2,0,0,0,0,,0,0,0,0,0,0,0,0,0,0,1,1,62.5,0.05556958608017137,47.0,0,1,0,0,0,0,0,9.0,29.5,12.0,0,US Open_2019,0,0,81.0,-2.0700103145951516,4.284942702530318
399,US Open,2019,Hard,2,1,1,1,0,,0,0,0,0,0,0,0,0,0,1,1,1,370.0,0.123943661971831,174.0,1,1,0,1,0,0,0,13.0,31.0,224.5,0,US Open_2019,1,1,169.0,-0.5700103145951516,0.3249117587448637
400,US Open,2019,Hard,2,0,0,0,0,,0,0,0,1,0,0,0,0,0,0,0,0,410.5,0.1142857142857143,75.0,0,1,0,0,0,0,0,10.5,27.5,657.0,0,US Open_2019,0,0,110.25,-4.070010314595152,16.564983960910926
401,US Open,2019,Hard,2,0,0,0,0,,0,0,0,0,0,0,0,0,0,1,1,1,28.5,0.03561869925952366,15.0,0,1,0,0,0,0,0,11.0,31.5,104.5,0,US Open_2019,0,0,121.0,-0.07001031459515161,0.004901444149712099
402,US Open,2019,Hard,2,1,1,1,0,,0,0,0,0,0,0,0,0,0,1,1,1,58.0,0.1634566457717583,96.0,0,1,0,1,0,0,0,5.5,26.5,21.5,0,US Open_2019,1,1,30.25,-5.070010314595152,25.70500459010123
403,US Open,2019,Hard,2,1,1,1,0,,0,0,0,1,0,0,0,0,0,0,0,0,29.5,,15.0,0,1,1,0,0,0,0,7.0,29.0,265.5,0,US Open_2019,1,1,49.0,-2.5700103145951516,6.60495301712547
404,US Open,2019,Hard,2,0,0,0,0,,0,0,0,0,0,0,0,0,0,0,1,1,160.0,0.0855826201448322,48.0,0,1,0,0,0,0,0,10.0,27.5,62.0,0,US Open_2019,0,0,100.0,-4.070010314595152,16.564983960910926
405,US Open,2019,Hard,2,1,1,1,0,,0,0,0,0,0,0,0,0,0,1,1,1,16.0,0.0003609504402074526,26.0,0,1,0,1,0,0,0,21.0,41.0,538.5,0,US Open_2019,1,1,441.0,9.429989685404848,88.92470546684183
406,US Open,2019,Hard,2,1,1,1,0,,0,0,0,0,0,0,0,0,0,0,1,1,17.0,0.01057318491443759,20.0,0,1,1,0,0,0,0,16.0,33.5,47.0,0,US Open_2019,1,1,256.0,1.9299896854048484,3.7248601857691055
407,US Open,2019,Hard,2,1,1,1,0,,1,0,0,1,0,0,0,0,0,1,1,1,121.5,0.03613892365456817,3.0,0,1,0,0,1,0,0,5.0,26.5,318.0,0,US Open_2019,0,1,25.0,-5.070010314595152,25.70500459010123
409,US Open,2019,Hard,2,0,0,0,0,,0,0,0,0,0,0,0,0,0,0,1,1,21.0,0.06283712425079746,8.0,0,1,0,0,0,0,0,10.0,31.0,86.5,0,US Open_2019,0,0,100.0,-0.5700103145951516,0.3249117587448637
410,US Open,2019,Hard,2,1,1,1,0,,0,0,0,1,1,1,0,0,0,1,1,1,28.5,0.006161816578483248,19.0,0,1,0,0,0,0,0,20.5,38.5,185.0,1,US Open_2019,0,0,420.25,6.929989685404848,48.02475703981759
411,US Open,2019,Hard,2,1,1,1,0,,1,0,0,1,1,1,0,0,0,0,0,0,213.0,0.207428068115091,64.0,1,1,0,0,1,0,0,8.5,26.5,48.0,1,US Open_2019,0,1,72.25,-5.070010314595152,25.70500459010123
412,US Open,2019,Hard,2,0,0,0,0,,0,0,0,0,0,0,0,0,0,0,0,0,330.5,0.0,229.0,0,1,0,0,0,0,0,3.0,20.5,70.0,0,US Open_2019,0,0,9.0,-11.070010314595152,122.54512836524304
413,US Open,2019,Hard,2,0,0,0,0,,0,0,0,0,0,0,0,0,0,0,1,1,8.5,0.01088081143884523,1.0,0,1,0,0,0,0,0,13.5,34.5,213.0,0,US Open_2019,0,0,182.25,2.9299896854048484,8.584839556578803
414,US Open,2019,Hard,2,0,0,0,0,,0,0,0,1,1,1,0,0,0,0,0,0,13.0,0.04246260069044883,2.0,0,1,0,0,0,0,0,13.0,31.5,190.0,1,US Open_2019,0,0,169.0,-0.07001031459515161,0.004901444149712099
415,US Open,2019,Hard,2,0,0,0,0,,0,0,0,1,1,1,0,0,0,0,0,0,64.5,0.1132559581209533,23.0,0,1,0,0,0,0,0,7.0,26.5,93.5,1,US Open_2019,0,0,49.0,-5.070010314595152,25.70500459010123
416,US Open,2019,Hard,2,1,1,1,0,,0,0,0,0,0,0,0,0,0,1,1,1,351.0,,36.0,0,1,1,0,0,0,0,1.0,16.0,499.0,0,US Open_2019,1,1,1.0,-15.570010314595152,242.4252211965994
417,US Open,2019,Hard,2,0,0,0,0,,0,0,0,0,0,0,0,0,0,1,1,1,23.5,0.08426573426573425,1.0,0,1,0,0,0,0,0,7.5,28.0,44.5,0,US Open_2019,0,0,56.25,-3.5700103145951516,12.744973646315774
418,US Open,2019,Hard,2,1,1,1,0,,0,0,0,1,1,1,0,0,0,0,0,0,27.0,0.03954461804929088,2.0,0,1,0,1,0,0,0,9.5,30.0,60.0,1,US Open_2019,1,1,90.25,-1.5700103145951516,2.464932387935167
419,US Open,2019,Hard,2,0,0,0,0,,0,0,0,0,0,0,0,0,0,0,0,0,60.0,0.01754186341999969,28.0,0,1,0,0,0,0,0,13.5,31.0,66.5,0,US Open_2019,0,0,182.25,-0.5700103145951516,0.3249117587448637
420,US Open,2019,Hard,2,1,1,0,0,,1,0,0,1,1,1,0,0,0,0,0,0,769.5,0.09090909090909091,645.0,1,1,0,0,1,0,0,10.5,29.0,58.5,1,US Open_2019,0,1,110.25,-2.5700103145951516,6.60495301712547
421,US Open,2019,Hard,2,0,0,0,0,,0,0,0,0,0,0,0,0,0,0,0,0,4.5,0.005113704012382425,1.0,0,1,0,0,0,0,0,19.0,36.5,62.5,0,US Open_2019,0,0,361.0,4.929989685404848,24.304798298198197
422,US Open,2019,Hard,3,0,0,0,0,,0,0,0,1,1,1,0,0,0,1,1,1,1.0,0.006430370146846442,0.0,0,1,0,0,0,0,0,11.5,32.5,180.0,1,US Open_2019,0,0,132.25,0.9299896854048484,0.8648808149594088
423,US Open,2019,Hard,3,1,1,1,0,,0,0,0,0,0,0,0,0,0,1,1,1,24.5,0.1254761904761905,19.0,0,1,1,0,0,0,0,12.5,31.0,84.5,0,US Open_2019,1,1,156.25,-0.5700103145951516,0.3249117587448637
424,US Open,2019,Hard,3,1,1,1,0,,0,0,0,1,0,0,0,0,0,0,0,0,48.5,0.04448621553884713,13.0,0,1,0,0,0,0,0,5.5,25.5,21.0,0,US Open_2019,0,0,30.25,-6.070010314595152,36.84502521929153
425,US Open,2019,Hard,3,0,0,0,0,,0,0,0,0,0,0,0,0,0,1,1,1,34.0,0.02179137210984344,2.0,0,1,0,0,0,0,0,13.5,32.5,68.0,0,US Open_2019,0,0,182.25,0.9299896854048484,0.8648808149594088
427,US Open,2019,Hard,3,0,0,0,0,,0,0,0,0,0,0,0,0,0,1,1,1,28.5,0.03561869925952366,15.0,0,1,0,0,0,0,0,11.0,31.5,410.5,0,US Open_2019,0,0,121.0,-0.07001031459515161,0.004901444149712099
428,US Open,2019,Hard,3,1,1,1,0,,0,0,0,1,0,0,0,0,0,1,1,1,58.0,0.1634566457717583,96.0,0,1,1,0,0,0,0,5.5,26.5,29.5,0,US Open_2019,1,1,30.25,-5.070010314595152,25.70500459010123
429,US Open,2019,Hard,3,0,0,0,0,,0,0,0,1,1,1,0,0,0,1,1,1,16.0,0.0003609504402074526,26.0,0,1,0,0,0,0,0,21.0,41.0,160.0,1,US Open_2019,0,0,441.0,9.429989685404848,88.92470546684183
430,US Open,2019,Hard,3,0,0,0,0,,0,0,0,0,0,0,0,0,0,0,1,1,17.0,0.01057318491443759,20.0,0,1,0,0,0,0,0,16.0,33.5,121.5,0,US Open_2019,0,0,256.0,1.9299896854048484,3.7248601857691055
431,US Open,2019,Hard,3,0,0,0,0,,0,0,0,0,0,0,0,0,0,0,1,1,21.0,0.06283712425079746,8.0,0,1,0,0,0,0,0,10.0,31.0,124.0,0,US Open_2019,0,0,100.0,-0.5700103145951516,0.3249117587448637
433,US Open,2019,Hard,3,0,0,0,0,,0,0,0,1,0,0,0,0,0,0,0,0,330.5,0.0,229.0,0,1,0,0,0,0,0,3.0,20.5,8.5,0,US Open_2019,0,0,9.0,-11.070010314595152,122.54512836524304
434,US Open,2019,Hard,3,1,1,1,0,,0,0,0,0,0,0,0,0,0,0,0,0,64.5,0.1132559581209533,23.0,0,1,1,0,0,0,0,7.0,26.5,13.0,0,US Open_2019,1,1,49.0,-5.070010314595152,25.70500459010123
435,US Open,2019,Hard,3,0,0,0,0,,0,0,0,0,0,0,0,0,0,1,1,1,23.5,0.08426573426573425,1.0,0,1,0,0,0,0,0,7.5,28.0,351.0,0,US Open_2019,0,0,56.25,-3.5700103145951516,12.744973646315774
436,US Open,2019,Hard,3,1,1,0,0,,1,0,0,1,1,1,0,0,0,0,0,0,60.0,0.01754186341999969,28.0,0,1,0,0,1,0,0,13.5,31.0,27.0,1,US Open_2019,0,1,182.25,-0.5700103145951516,0.3249117587448637
437,US Open,2019,Hard,3,0,0,0,0,,0,0,0,0,0,0,0,0,0,0,0,0,4.5,0.005113704012382425,1.0,0,1,0,0,0,0,0,19.0,36.5,769.5,0,US Open_2019,0,0,361.0,4.929989685404848,24.304798298198197
438,US Open,2019,Hard,4,0,0,0,0,,0,0,0,0,0,0,0,0,0,1,1,1,1.0,0.006430370146846442,0.0,0,1,0,0,0,0,0,11.5,32.5,24.5,0,US Open_2019,0,0,132.25,0.9299896854048484,0.8648808149594088
439,US Open,2019,Hard,4,1,1,1,0,,0,0,0,0,0,0,0,0,0,0,0,0,48.5,0.04448621553884713,13.0,0,1,0,1,0,0,0,5.5,25.5,34.0,0,US Open_2019,1,1,30.25,-6.070010314595152,36.84502521929153
440,US Open,2019,Hard,4,0,0,0,0,,0,0,0,0,0,0,0,0,0,1,1,1,28.5,0.03561869925952366,15.0,0,1,0,0,0,0,0,11.0,31.5,62.5,0,US Open_2019,0,0,121.0,-0.07001031459515161,0.004901444149712099
441,US Open,2019,Hard,4,0,0,0,0,,0,0,0,0,0,0,0,0,0,1,1,1,58.0,0.1634566457717583,96.0,0,1,0,0,0,0,0,5.5,26.5,16.0,0,US Open_2019,0,0,30.25,-5.070010314595152,25.70500459010123
442,US Open,2019,Hard,4,1,1,0,0,,1,0,0,1,0,0,0,0,0,0,1,1,17.0,0.01057318491443759,20.0,0,1,0,0,1,0,0,16.0,33.5,21.0,0,US Open_2019,0,1,256.0,1.9299896854048484,3.7248601857691055
443,US Open,2019,Hard,4,0,0,0,0,,0,0,0,0,0,0,0,0,0,1,1,1,28.5,0.006161816578483248,19.0,0,1,0,0,0,0,0,20.5,38.5,330.5,0,US Open_2019,0,0,420.25,6.929989685404848,48.02475703981759
444,US Open,2019,Hard,4,0,0,0,0,,0,0,0,1,1,1,0,0,0,1,1,1,23.5,0.08426573426573425,1.0,0,1,0,0,0,0,0,7.5,28.0,64.5,1,US Open_2019,0,0,56.25,-3.5700103145951516,12.744973646315774
445,US Open,2019,Hard,4,1,1,1,0,,0,0,0,0,0,0,0,0,0,0,0,0,60.0,0.01754186341999969,28.0,0,1,1,0,0,0,0,13.5,31.0,4.5,0,US Open_2019,1,1,182.25,-0.5700103145951516,0.3249117587448637
446,US Open,2019,Hard,5,0,0,0,0,,0,0,0,0,0,0,0,0,0,1,1,1,1.0,0.006430370146846442,0.0,0,1,0,0,0,0,0,11.5,32.5,48.5,0,US Open_2019,0,0,132.25,0.9299896854048484,0.8648808149594088
447,US Open,2019,Hard,5,1,1,0,0,,1,0,0,1,1,1,0,0,0,1,1,1,28.5,0.03561869925952366,15.0,0,1,0,0,1,0,0,11.0,31.5,58.0,1,US Open_2019,0,1,121.0,-0.07001031459515161,0.004901444149712099
448,US Open,2019,Hard,5,1,1,1,0,,0,0,0,0,0,0,0,0,0,0,1,1,17.0,0.01057318491443759,20.0,0,1,1,0,0,0,0,16.0,33.5,28.5,0,US Open_2019,1,1,256.0,1.9299896854048484,3.7248601857691055
449,US Open,2019,Hard,5,1,1,1,0,,0,0,0,0,0,0,0,0,0,1,1,1,23.5,0.08426573426573425,1.0,0,1,1,0,0,0,0,7.5,28.0,60.0,0,US Open_2019,1,1,56.25,-3.5700103145951516,12.744973646315774
450,US Open,2019,Hard,6,1,1,1,0,,0,0,0,0,0,0,0,0,0,1,1,1,1.0,0.006430370146846442,0.0,0,1,1,1,0,0,0,11.5,32.5,28.5,0,US Open_2019,1,1,132.25,0.9299896854048484,0.8648808149594088
451,US Open,2019,Hard,6,1,1,1,0,,0,0,0,0,0,0,0,0,0,0,1,1,17.0,0.01057318491443759,20.0,0,1,1,1,0,0,0,16.0,33.5,23.5,0,US Open_2019,1,1,256.0,1.9299896854048484,3.7248601857691055
452,US Open,2019,Hard,7,0,0,0,0,,0,0,0,0,0,0,0,0,0,1,1,1,1.0,0.006430370146846442,0.0,0,1,0,0,0,0,0,11.5,32.5,17.0,0,US Open_2019,0,0,132.25,0.9299896854048484,0.8648808149594088
453,Wimbledon,2019,Grass,2,0,0,0,0,,0,0,0,1,1,1,0,0,0,0,0,0,3.0,0.005113704012382425,2.0,0,1,0,0,0,0,0,19.0,36.5,37.5,1,Wimbledon_2019,0,0,361.0,4.929989685404848,24.304798298198197
454,Wimbledon,2019,Grass,2,0,0,0,0,,0,0,0,1,0,0,0,0,0,1,1,1,5.0,0.006430370146846442,0.0,0,1,0,0,0,0,0,11.5,32.5,1292.0,0,Wimbledon_2019,0,0,132.25,0.9299896854048484,0.8648808149594088
455,Wimbledon,2019,Grass,2,1,1,1,0,,0,0,0,1,0,0,0,0,0,0,1,1,9.5,0.01088081143884523,1.0,0,1,0,1,0,0,0,13.5,34.5,54.0,0,Wimbledon_2019,1,1,182.25,2.9299896854048484,8.584839556578803
456,Wimbledon,2019,Grass,2,1,1,0,0,,0,1,0,1,1,1,0,0,0,0,0,0,11.5,0.04246260069044883,9.0,0,1,0,0,0,0,0,13.0,31.5,72.5,1,Wimbledon_2019,0,0,169.0,-0.07001031459515161,0.004901444149712099
457,Wimbledon,2019,Grass,2,0,0,0,0,,0,0,0,1,0,0,0,0,0,0,0,0,15.5,0.05927088002390557,3.0,0,1,0,0,0,0,0,16.0,36.0,310.5,0,Wimbledon_2019,0,0,256.0,4.429989685404848,19.62480861279335
458,Wimbledon,2019,Grass,2,0,0,0,0,,0,0,0,1,0,0,0,0,0,1,1,1,15.5,0.1497472494796313,9.0,0,1,0,0,0,0,0,11.0,31.5,303.5,0,Wimbledon_2019,0,0,121.0,-0.07001031459515161,0.004901444149712099
459,Wimbledon,2019,Grass,2,1,1,1,0,,0,0,0,1,0,0,0,0,0,1,1,1,16.0,0.0003609504402074526,30.0,0,1,1,0,0,0,0,21.0,41.0,65.5,0,Wimbledon_2019,1,1,441.0,9.429989685404848,88.92470546684183
460,Wimbledon,2019,Grass,2,0,0,0,0,,0,0,0,1,0,0,0,0,0,0,0,0,18.5,0.03954461804929088,7.0,0,1,0,0,0,0,0,9.5,30.0,64.0,0,Wimbledon_2019,0,0,90.25,-1.5700103145951516,2.464932387935167
461,Wimbledon,2019,Grass,2,1,1,1,0,,0,0,0,1,0,0,0,0,0,1,1,1,19.0,0.07684555754323197,14.0,0,1,0,1,0,0,0,16.5,35.0,60.0,0,Wimbledon_2019,1,1,272.25,3.4299896854048484,11.764829241983652
462,Wimbledon,2019,Grass,2,0,0,0,0,,0,0,0,1,0,0,0,0,0,1,1,1,21.5,0.01094362864274367,17.0,0,1,0,0,0,0,0,18.0,36.5,209.5,0,Wimbledon_2019,0,0,324.0,4.929989685404848,24.304798298198197
463,Wimbledon,2019,Grass,2,0,0,0,0,,0,0,0,1,0,0,0,0,0,0,1,1,22.0,0.06283712425079746,6.0,0,1,0,0,0,0,0,10.0,31.0,71.0,0,Wimbledon_2019,0,0,100.0,-0.5700103145951516,0.3249117587448637
464,Wimbledon,2019,Grass,2,1,0,0,1,5.0,0,0,0,1,0,0,0,0,0,1,1,1,32.0,0.006161816578483248,28.0,0,1,0,0,0,0,0,20.5,38.5,66.0,0,Wimbledon_2019,0,1,420.25,6.929989685404848,48.02475703981759
465,Wimbledon,2019,Grass,2,0,0,0,0,,0,0,0,1,0,0,0,0,0,0,0,0,37.5,0.02181491464510332,7.0,0,1,0,0,0,0,0,16.0,34.0,280.5,0,Wimbledon_2019,0,0,256.0,2.4299896854048484,5.904849871173954
466,Wimbledon,2019,Grass,2,1,1,1,0,,0,0,0,1,1,1,0,0,0,0,1,1,72.5,0.2146683052380179,5.0,0,1,0,0,0,0,0,8.0,30.5,277.5,1,Wimbledon_2019,0,0,64.0,-1.0700103145951516,1.1449220733400154
467,Wimbledon,2019,Grass,2,1,1,1,1,5.0,0,1,0,1,1,1,0,0,0,1,1,1,232.5,0.009803921568627416,105.0,1,1,0,0,0,1,0,8.0,27.0,93.0,1,Wimbledon_2019,0,1,64.0,-4.570010314595152,20.884994275506077
468,Wimbledon,2019,Grass,2,1,1,0,0,,0,1,0,1,1,1,0,0,0,1,1,1,102.0,0.03820184790334047,96.0,0,1,0,0,0,1,0,16.0,33.0,240.0,1,Wimbledon_2019,0,0,256.0,1.4299896854048484,2.044870500364257
469,Wimbledon,2019,Grass,2,1,1,0,0,,0,1,0,1,0,0,0,0,0,0,0,0,38.0,0.1003563845920534,22.0,0,1,0,0,0,1,0,11.0,30.0,92.0,0,Wimbledon_2019,0,0,121.0,-1.5700103145951516,2.464932387935167
470,Wimbledon,2019,Grass,2,0,0,0,0,,0,0,0,1,0,0,0,0,0,1,1,1,224.0,0.01827875095201831,266.0,0,1,0,0,0,0,0,7.0,24.5,90.0,0,Wimbledon_2019,0,0,49.0,-7.070010314595152,49.98504584848183
471,Wimbledon,2019,Grass,2,0,0,0,0,,0,0,0,1,0,0,0,0,0,0,0,0,48.0,0.0205831073227431,10.0,0,1,0,0,0,0,0,13.0,31.5,23.5,0,Wimbledon_2019,0,0,169.0,-0.07001031459515161,0.004901444149712099
472,Wimbledon,2019,Grass,2,1,1,1,0,,0,0,0,1,1,1,0,0,0,0,0,0,56.5,0.004037674425954929,39.0,0,1,0,1,0,0,0,14.5,34.0,20.0,1,Wimbledon_2019,1,1,210.25,2.4299896854048484,5.904849871173954
473,Wimbledon,2019,Grass,2,0,0,0,0,,0,0,0,1,0,0,0,0,0,0,1,1,276.5,,323.0,1,1,0,0,0,0,0,12.5,30.5,169.5,0,Wimbledon_2019,0,0,156.25,-1.0700103145951516,1.1449220733400154
474,Wimbledon,2019,Grass,2,1,1,1,0,,0,0,0,1,0,0,0,0,0,1,1,1,72.0,0.006165839829907926,22.0,0,1,0,1,0,0,0,5.5,27.0,190.0,0,Wimbledon_2019,1,1,30.25,-4.570010314595152,20.884994275506077
475,Wimbledon,2019,Grass,2,1,1,0,0,,0,1,0,1,1,1,0,0,0,0,0,0,54.5,0.005401325638747956,9.0,0,1,0,0,0,1,0,19.5,37.5,264.0,1,Wimbledon_2019,0,0,380.25,5.929989685404848,35.16477766900789
476,Wimbledon,2019,Grass,2,0,0,0,0,,0,0,0,1,1,1,0,0,0,0,0,0,84.5,0.1930862659607599,127.0,1,1,0,0,0,0,0,11.5,30.0,305.5,1,Wimbledon_2019,0,0,132.25,-1.5700103145951516,2.464932387935167
477,Wimbledon,2019,Grass,2,0,0,0,0,,0,0,0,1,0,0,0,0,0,1,1,1,282.5,0.05629465385562948,147.0,0,1,0,0,0,0,0,13.5,31.5,82.0,0,Wimbledon_2019,0,0,182.25,-0.07001031459515161,0.004901444149712099
479,Wimbledon,2019,Grass,2,1,1,1,0,,0,0,0,1,1,1,0,0,0,0,0,0,65.5,0.1053921568627452,3.0,0,1,0,0,0,0,0,14.5,37.0,86.5,1,Wimbledon_2019,0,0,210.25,5.429989685404848,29.484787983603045
480,Wimbledon,2019,Grass,2,0,0,0,0,,0,0,0,1,0,0,0,0,0,0,1,1,68.5,0.02046534024996172,81.0,0,1,0,0,0,0,0,11.0,30.5,257.5,0,Wimbledon_2019,0,0,121.0,-1.0700103145951516,1.1449220733400154
481,Wimbledon,2019,Grass,2,1,1,1,0,,0,0,0,1,0,0,0,0,0,0,0,0,60.0,0.01754186341999969,42.0,0,1,1,0,0,0,0,13.5,31.0,272.0,0,Wimbledon_2019,1,1,182.25,-0.5700103145951516,0.3249117587448637
482,Wimbledon,2019,Grass,2,0,0,0,0,,0,0,0,1,0,0,0,0,0,0,0,0,98.5,0.005856901646264179,11.0,0,1,0,0,0,0,0,14.5,34.5,439.0,0,Wimbledon_2019,0,0,210.25,2.9299896854048484,8.584839556578803
483,Wimbledon,2019,Grass,2,1,1,0,0,,0,1,0,1,1,1,0,0,0,0,0,0,188.0,0.01503213767364708,14.0,0,1,0,0,0,0,0,3.5,23.0,35.5,1,Wimbledon_2019,0,0,12.25,-8.570010314595152,73.44507679226729
484,Wimbledon,2019,Grass,2,0,0,0,0,,0,0,0,1,0,0,0,0,0,0,1,1,71.5,0.02208412330594772,47.0,0,1,0,0,0,0,0,9.5,33.0,494.5,0,Wimbledon_2019,0,0,90.25,1.4299896854048484,2.044870500364257
485,Wimbledon,2019,Grass,3,1,1,1,0,,0,1,0,1,1,1,0,0,0,0,0,0,3.0,0.005113704012382425,2.0,0,1,0,0,0,1,0,19.0,36.5,224.0,1,Wimbledon_2019,0,0,361.0,4.929989685404848,24.304798298198197
486,Wimbledon,2019,Grass,3,0,0,0,0,,0,0,0,1,1,1,0,0,0,1,1,1,5.0,0.006430370146846442,0.0,0,1,0,0,0,0,0,11.5,32.5,232.5,1,Wimbledon_2019,0,0,132.25,0.9299896854048484,0.8648808149594088
487,Wimbledon,2019,Grass,3,1,1,1,0,,0,0,0,1,0,0,0,0,0,0,1,1,9.5,0.01088081143884523,1.0,0,1,0,1,0,0,0,13.5,34.5,282.5,0,Wimbledon_2019,1,1,182.25,2.9299896854048484,8.584839556578803
488,Wimbledon,2019,Grass,3,0,0,0,0,,0,0,0,1,0,0,0,0,0,0,0,0,15.5,0.05927088002390557,3.0,0,1,0,0,0,0,0,16.0,36.0,68.5,0,Wimbledon_2019,0,0,256.0,4.429989685404848,19.62480861279335
489,Wimbledon,2019,Grass,3,1,1,1,0,,0,0,0,1,1,1,0,0,0,1,1,1,15.5,0.1497472494796313,9.0,0,1,0,0,0,0,0,11.0,31.5,84.5,1,Wimbledon_2019,0,0,121.0,-0.07001031459515161,0.004901444149712099
490,Wimbledon,2019,Grass,3,1,1,1,0,,0,0,0,1,1,1,0,0,0,1,1,1,16.0,0.0003609504402074526,30.0,0,1,0,0,0,0,0,21.0,41.0,72.5,1,Wimbledon_2019,0,0,441.0,9.429989685404848,88.92470546684183
491,Wimbledon,2019,Grass,3,1,1,1,0,,1,0,0,1,1,1,0,0,0,0,0,0,18.5,0.03954461804929088,7.0,0,1,0,0,1,0,0,9.5,30.0,65.5,1,Wimbledon_2019,0,1,90.25,-1.5700103145951516,2.464932387935167
492,Wimbledon,2019,Grass,3,1,1,1,0,,0,0,0,1,0,0,0,0,0,1,1,1,19.0,0.07684555754323197,14.0,0,1,0,1,0,0,0,16.5,35.0,102.0,0,Wimbledon_2019,1,1,272.25,3.4299896854048484,11.764829241983652
493,Wimbledon,2019,Grass,3,0,0,0,0,,0,0,0,1,0,0,0,0,0,1,1,1,21.5,0.01094362864274367,17.0,0,1,0,0,0,0,0,18.0,36.5,60.0,0,Wimbledon_2019,0,0,324.0,4.929989685404848,24.304798298198197
494,Wimbledon,2019,Grass,3,1,1,0,0,,1,0,0,1,0,0,0,0,0,0,1,1,22.0,0.06283712425079746,6.0,0,1,0,0,1,0,0,10.0,31.0,276.5,0,Wimbledon_2019,0,1,100.0,-0.5700103145951516,0.3249117587448637
495,Wimbledon,2019,Grass,3,1,1,1,0,,1,0,0,1,0,0,0,0,0,0,0,0,37.5,0.02181491464510332,7.0,0,1,1,1,1,0,0,16.0,34.0,71.5,0,Wimbledon_2019,1,1,256.0,2.4299896854048484,5.904849871173954
496,Wimbledon,2019,Grass,3,1,1,0,0,,1,0,0,1,1,1,0,0,0,0,0,0,38.0,0.1003563845920534,22.0,0,1,0,0,1,0,0,11.0,30.0,188.0,1,Wimbledon_2019,0,1,121.0,-1.5700103145951516,2.464932387935167
497,Wimbledon,2019,Grass,3,1,1,1,0,,1,0,0,1,0,0,0,0,0,0,0,0,48.0,0.0205831073227431,10.0,0,1,1,0,1,0,0,13.0,31.5,72.0,0,Wimbledon_2019,1,1,169.0,-0.07001031459515161,0.004901444149712099
498,Wimbledon,2019,Grass,3,1,1,1,0,,0,0,0,1,0,0,0,0,0,0,0,0,56.5,0.004037674425954929,39.0,0,1,1,0,0,0,0,14.5,34.0,98.5,0,Wimbledon_2019,1,1,210.25,2.4299896854048484,5.904849871173954
499,Wimbledon,2019,Grass,3,1,1,0,0,,1,0,0,1,1,1,0,0,0,0,0,0,54.5,0.005401325638747956,9.0,0,1,0,0,1,0,0,19.5,37.5,11.5,1,Wimbledon_2019,0,1,380.25,5.929989685404848,35.16477766900789
500,Wimbledon,2019,Grass,3,1,1,0,0,,0,1,0,1,0,0,0,0,0,0,0,0,59.5,0.02531462042568,17.0,0,1,0,0,0,1,0,12.0,31.5,32.0,0,Wimbledon_2019,0,0,144.0,-0.07001031459515161,0.004901444149712099
501,Wimbledon,2019,Grass,4,1,1,1,0,,1,0,0,1,0,0,0,0,0,0,0,0,3.0,0.005113704012382425,2.0,0,1,0,0,1,0,0,19.0,36.5,48.0,0,Wimbledon_2019,0,1,361.0,4.929989685404848,24.304798298198197
502,Wimbledon,2019,Grass,4,1,1,1,0,,0,0,0,1,0,0,0,0,0,1,1,1,5.0,0.006430370146846442,0.0,0,1,1,1,0,0,0,11.5,32.5,59.5,0,Wimbledon_2019,1,1,132.25,0.9299896854048484,0.8648808149594088
503,Wimbledon,2019,Grass,4,1,1,0,0,,1,0,0,1,0,0,0,0,0,0,1,1,9.5,0.01088081143884523,1.0,0,1,0,0,1,0,0,13.5,34.5,37.5,0,Wimbledon_2019,0,1,182.25,2.9299896854048484,8.584839556578803
505,Wimbledon,2019,Grass,4,1,1,1,0,,0,0,0,1,0,0,0,0,0,0,0,0,18.5,0.03954461804929088,7.0,0,1,1,0,0,0,0,9.5,30.0,22.0,0,Wimbledon_2019,1,1,90.25,-1.5700103145951516,2.464932387935167
506,Wimbledon,2019,Grass,4,1,1,1,0,,0,1,0,1,0,0,0,0,0,1,1,1,21.5,0.01094362864274367,17.0,0,1,1,0,0,1,0,18.0,36.5,16.0,0,Wimbledon_2019,1,1,324.0,4.929989685404848,24.304798298198197
507,Wimbledon,2019,Grass,4,1,1,1,0,,0,0,0,1,0,0,0,0,0,0,0,0,38.0,0.1003563845920534,22.0,0,1,0,0,0,0,0,11.0,30.0,54.5,0,Wimbledon_2019,0,0,121.0,-1.5700103145951516,2.464932387935167
508,Wimbledon,2019,Grass,4,1,1,1,0,,1,0,0,1,0,0,0,0,0,0,0,0,56.5,0.004037674425954929,39.0,0,1,1,0,1,0,0,14.5,34.0,15.5,0,Wimbledon_2019,1,1,210.25,2.4299896854048484,5.904849871173954
509,Wimbledon,2019,Grass,5,1,1,0,1,5.0,1,0,0,1,0,0,0,0,0,1,1,1,5.0,0.006430370146846442,0.0,0,1,0,0,0,0,0,11.5,32.5,15.5,0,Wimbledon_2019,0,1,132.25,0.9299896854048484,0.8648808149594088
510,Wimbledon,2019,Grass,5,1,1,0,0,,1,0,0,1,1,1,0,0,0,0,1,1,9.5,0.01088081143884523,1.0,0,1,0,0,0,0,0,13.5,34.5,18.5,1,Wimbledon_2019,0,1,182.25,2.9299896854048484,8.584839556578803
511,Wimbledon,2019,Grass,5,1,1,1,0,,0,0,0,1,0,0,0,0,0,1,1,1,21.5,0.01094362864274367,17.0,0,1,1,0,0,0,0,18.0,36.5,3.0,0,Wimbledon_2019,1,1,324.0,4.929989685404848,24.304798298198197
512,Wimbledon,2019,Grass,5,1,1,1,0,,0,0,0,1,0,0,0,0,0,0,0,0,56.5,0.004037674425954929,39.0,0,1,0,1,0,0,0,14.5,34.0,38.0,0,Wimbledon_2019,1,1,210.25,2.4299896854048484,5.904849871173954
513,Wimbledon,2019,Grass,6,1,1,1,0,,1,0,0,1,0,0,0,0,0,1,1,1,5.0,0.006430370146846442,0.0,0,1,0,0,1,0,0,11.5,32.5,9.5,0,Wimbledon_2019,0,1,132.25,0.9299896854048484,0.8648808149594088
514,Wimbledon,2019,Grass,6,1,1,1,0,,1,0,0,1,0,0,0,0,0,1,1,1,21.5,0.01094362864274367,17.0,0,1,0,1,1,0,0,18.0,36.5,56.5,0,Wimbledon_2019,1,1,324.0,4.929989685404848,24.304798298198197
515,Wimbledon,2019,Grass,7,1,1,1,0,,1,1,0,1,1,1,0,0,0,1,1,1,5.0,0.006430370146846442,0.0,0,1,0,1,1,0,0,11.5,32.5,21.5,1,Wimbledon_2019,1,1,132.25,0.9299896854048484,0.8648808149594088
516,Australian Open,2020,Hard,2,0,0,0,0,,0,0,0,0,0,0,0,0,0,0,0,0,6.0,0.005113704012382425,2.0,0,1,0,0,0,0,0,20.0,37.5,63.0,0,Australian Open_2020,0,0,400.0,5.929989685404848,35.16477766900789
517,Australian Open,2020,Hard,2,1,1,1,0,,0,0,0,0,0,0,0,0,0,0,0,0,12.5,0.004037674425954929,1.0,0,1,1,0,0,0,0,15.5,35.0,251.0,0,Australian Open_2020,1,1,240.25,3.4299896854048484,11.764829241983652
518,Australian Open,2020,Hard,2,1,1,1,0,,0,0,0,0,0,0,0,0,0,0,0,0,14.5,0.01910815173527036,1.0,0,1,0,1,0,0,0,12.0,31.5,403.0,0,Australian Open_2020,1,1,144.0,-0.07001031459515161,0.004901444149712099
519,Australian Open,2020,Hard,2,0,0,0,0,,0,0,0,0,0,0,0,0,0,0,1,1,15.5,0.01057318491443759,23.0,0,1,0,0,0,0,0,17.0,34.5,42.5,0,Australian Open_2020,0,0,289.0,2.9299896854048484,8.584839556578803
520,Australian Open,2020,Hard,2,0,0,0,0,,0,0,0,0,0,0,0,0,0,0,1,1,17.0,0.00867823765020026,12.0,0,1,0,0,0,0,0,10.0,32.5,52.5,0,Australian Open_2020,0,0,100.0,0.9299896854048484,0.8648808149594088
521,Australian Open,2020,Hard,2,0,0,0,0,,0,0,0,1,0,0,0,0,0,0,0,0,19.5,0.05927088002390557,1.0,0,1,0,0,0,0,0,17.0,37.0,54.5,0,Australian Open_2020,0,0,289.0,5.429989685404848,29.484787983603045
522,Australian Open,2020,Hard,2,0,0,0,0,,0,0,0,1,0,0,0,0,0,0,0,0,20.5,0.01837960162219088,23.0,0,1,0,0,0,0,0,20.0,39.0,199.5,0,Australian Open_2020,0,0,400.0,7.429989685404848,55.204746725222435
523,Australian Open,2020,Hard,2,1,1,1,0,,0,0,0,0,0,0,0,0,0,0,0,0,21.0,0.04246260069044883,6.0,0,1,1,0,0,0,0,14.0,32.5,44.5,0,Australian Open_2020,1,1,196.0,0.9299896854048484,0.8648808149594088
524,Australian Open,2020,Hard,2,1,1,1,0,,0,0,0,0,0,0,0,0,0,0,1,1,21.5,0.06283712425079746,1.0,0,1,0,1,0,0,0,11.0,32.0,124.5,0,Australian Open_2020,1,1,121.0,0.4299896854048484,0.1848911295545605
525,Australian Open,2020,Hard,2,1,1,1,0,,1,0,0,1,0,0,0,0,0,0,0,0,26.0,0.03614886219974711,20.0,0,1,0,0,1,0,0,19.5,38.0,183.5,0,Australian Open_2020,0,1,380.25,6.429989685404848,41.34476735441274
526,Australian Open,2020,Hard,2,0,0,0,0,,0,0,0,1,0,0,0,0,0,1,1,1,28.0,0.0003609504402074526,0.0,0,1,0,0,0,0,0,22.0,42.0,233.5,0,Australian Open_2020,0,0,484.0,10.429989685404848,108.78468483765153
527,Australian Open,2020,Hard,2,0,0,0,0,,0,0,0,0,0,0,0,0,0,1,1,1,28.0,0.03561869925952366,6.0,0,1,0,0,0,0,0,12.0,32.5,347.0,0,Australian Open_2020,0,0,144.0,0.9299896854048484,0.8648808149594088
528,Australian Open,2020,Hard,2,1,1,1,0,,0,0,0,0,0,0,0,0,0,0,0,0,29.5,0.05476966375351799,7.0,0,1,1,0,0,0,0,16.0,35.5,91.5,0,Australian Open_2020,1,1,256.0,3.9299896854048484,15.4448189273885
529,Australian Open,2020,Hard,2,1,1,1,0,,0,0,0,1,0,0,0,0,0,0,0,0,38.5,0.08362315480330779,7.0,0,1,0,0,0,0,0,8.0,31.5,63.5,0,Australian Open_2020,0,0,64.0,-0.07001031459515161,0.004901444149712099
530,Australian Open,2020,Hard,2,0,0,0,0,,0,0,0,0,0,0,0,0,0,0,0,0,65.0,0.1132559581209533,12.0,0,1,0,0,0,0,0,8.0,27.5,277.0,0,Australian Open_2020,0,0,64.0,-4.070010314595152,16.564983960910926
531,Australian Open,2020,Hard,2,0,0,0,0,,0,0,0,1,0,0,0,0,0,1,1,1,223.0,0.0976190476190476,6.0,0,1,0,0,0,0,0,12.0,29.0,355.5,0,Australian Open_2020,0,0,144.0,-2.5700103145951516,6.60495301712547
532,Australian Open,2020,Hard,2,1,1,1,0,,0,0,0,0,0,0,0,0,0,0,0,0,93.0,0.2332543335916017,14.0,0,1,0,1,0,0,0,15.0,33.0,4.5,0,Australian Open_2020,1,1,225.0,1.4299896854048484,2.044870500364257
533,Australian Open,2020,Hard,2,1,1,1,0,,0,0,0,0,0,0,0,0,0,1,1,1,242.0,0.009803921568627416,200.0,1,1,0,1,0,0,0,9.0,28.0,9.0,0,Australian Open_2020,1,1,81.0,-3.5700103145951516,12.744973646315774
534,Australian Open,2020,Hard,2,0,0,0,0,,0,0,0,1,1,1,0,0,0,0,1,1,86.5,0.1825595255400179,171.0,0,1,0,0,0,0,0,10.5,28.5,350.5,1,Australian Open_2020,0,0,110.25,-3.0700103145951516,9.424963331720623
535,Australian Open,2020,Hard,2,0,0,0,0,,0,0,0,1,0,0,0,0,0,0,1,1,90.0,0.1896503102086859,60.0,1,1,0,0,0,0,0,14.5,32.0,51.5,0,Australian Open_2020,0,0,210.25,0.4299896854048484,0.1848911295545605
536,Australian Open,2020,Hard,2,0,0,0,0,,0,0,0,0,0,0,0,0,0,1,1,1,93.5,0.0250164581961817,65.0,0,1,0,0,0,0,0,15.0,31.5,267.0,0,Australian Open_2020,0,0,225.0,-0.07001031459515161,0.004901444149712099
537,Australian Open,2020,Hard,2,1,1,1,0,,0,0,0,0,0,0,0,0,0,1,1,1,190.5,,11.0,0,1,1,0,0,0,0,7.5,25.5,454.0,0,Australian Open_2020,1,1,56.25,-6.070010314595152,36.84502521929153
538,Australian Open,2020,Hard,2,0,0,0,0,,0,0,0,0,0,0,0,0,0,1,1,1,40.5,0.006165839829907926,7.0,0,1,0,0,0,0,0,6.5,28.0,68.0,0,Australian Open_2020,0,0,42.25,-3.5700103145951516,12.744973646315774
539,Australian Open,2020,Hard,2,1,1,0,0,,1,0,0,1,1,1,0,0,0,0,0,0,51.0,0.06392747003037536,6.0,0,1,0,0,1,0,0,16.0,37.0,496.0,1,Australian Open_2020,0,1,256.0,5.429989685404848,29.484787983603045
540,Australian Open,2020,Hard,2,0,0,0,0,,0,0,0,0,0,0,0,0,0,1,1,1,231.0,0.137123745819398,272.0,0,1,0,0,0,0,0,14.0,32.5,241.0,0,Australian Open_2020,0,0,196.0,0.9299896854048484,0.8648808149594088
541,Australian Open,2020,Hard,2,1,1,1,0,,0,0,0,1,1,1,0,0,0,1,1,1,267.5,0.003331403948807043,377.0,0,1,0,0,0,0,0,11.0,32.0,151.5,1,Australian Open_2020,0,0,121.0,0.4299896854048484,0.1848911295545605
542,Australian Open,2020,Hard,2,0,0,0,0,,0,0,0,0,0,0,0,0,0,0,0,0,41.0,0.1380857922142325,48.0,0,1,0,0,0,0,0,11.5,30.0,375.5,0,Australian Open_2020,0,0,132.25,-1.5700103145951516,2.464932387935167
543,Australian Open,2020,Hard,2,0,0,0,0,,0,0,0,1,1,1,0,0,0,0,0,0,62.0,0.01720374332706565,12.0,0,1,0,0,0,0,0,12.5,30.5,201.5,1,Australian Open_2020,0,0,156.25,-1.0700103145951516,1.1449220733400154
544,Australian Open,2020,Hard,2,0,0,0,0,,0,0,0,0,0,0,0,0,0,1,1,1,121.5,0.02068965517241383,13.0,0,1,0,0,0,0,0,1.0,28.5,340.5,0,Australian Open_2020,0,0,1.0,-3.0700103145951516,9.424963331720623
545,Australian Open,2020,Hard,2,0,0,0,0,,0,0,0,0,0,0,0,0,0,1,1,1,85.0,0.2293972044263251,6.0,0,1,0,0,0,0,0,6.0,24.0,75.5,0,Australian Open_2020,0,0,36.0,-7.570010314595152,57.30505616307698
546,Australian Open,2020,Hard,2,1,1,1,0,,1,0,0,1,1,1,0,0,0,1,1,1,160.5,0.1396914885286979,189.0,0,1,0,1,1,0,0,6.5,28.0,52.5,1,Australian Open_2020,1,1,42.25,-3.5700103145951516,12.744973646315774
547,Australian Open,2020,Hard,2,0,0,0,0,,0,0,0,0,0,0,0,0,0,0,1,1,57.5,0.005721003134796288,9.0,0,1,0,0,0,0,0,19.0,34.0,59.5,0,Australian Open_2020,0,0,361.0,2.4299896854048484,5.904849871173954
548,Australian Open,2020,Hard,3,0,0,0,0,,0,0,0,0,0,0,0,0,0,0,0,0,12.5,0.004037674425954929,1.0,0,1,0,0,0,0,0,15.5,35.0,231.0,0,Australian Open_2020,0,0,240.25,3.4299896854048484,11.764829241983652
549,Australian Open,2020,Hard,3,0,0,0,0,,0,0,0,1,0,0,0,0,0,0,1,1,15.5,0.01057318491443759,23.0,0,1,0,0,0,0,0,17.0,34.5,90.0,0,Australian Open_2020,0,0,289.0,2.9299896854048484,8.584839556578803
550,Australian Open,2020,Hard,3,1,1,0,0,,1,0,0,1,0,0,0,0,0,0,1,1,17.0,0.00867823765020026,12.0,0,1,0,0,1,0,0,10.0,32.5,93.5,0,Australian Open_2020,0,1,100.0,0.9299896854048484,0.8648808149594088
551,Australian Open,2020,Hard,3,1,1,1,0,,0,0,0,0,0,0,0,0,0,0,0,0,21.0,0.04246260069044883,6.0,0,1,1,0,0,0,0,14.0,32.5,57.5,0,Australian Open_2020,1,1,196.0,0.9299896854048484,0.8648808149594088
552,Australian Open,2020,Hard,3,0,0,0,0,,0,0,0,0,0,0,0,0,0,0,1,1,21.5,0.06283712425079746,1.0,0,1,0,0,0,0,0,11.0,32.0,160.5,0,Australian Open_2020,0,0,121.0,0.4299896854048484,0.1848911295545605
553,Australian Open,2020,Hard,3,1,1,1,0,,0,0,0,0,0,0,0,0,0,1,1,1,28.0,0.0003609504402074526,0.0,0,1,1,0,0,0,0,22.0,42.0,86.5,0,Australian Open_2020,1,1,484.0,10.429989685404848,108.78468483765153
554,Australian Open,2020,Hard,3,1,1,1,0,,0,0,0,0,0,0,0,0,0,0,0,0,38.5,0.08362315480330779,7.0,0,1,1,0,0,0,0,8.0,31.5,223.0,0,Australian Open_2020,1,1,64.0,-0.07001031459515161,0.004901444149712099
555,Australian Open,2020,Hard,3,1,1,0,0,,1,0,0,1,1,1,0,0,0,0,0,0,65.0,0.1132559581209533,12.0,0,1,0,0,1,0,0,8.0,27.5,26.0,1,Australian Open_2020,0,1,64.0,-4.070010314595152,16.564983960910926
556,Australian Open,2020,Hard,3,1,1,1,0,,0,0,0,1,0,0,0,0,0,0,0,0,93.0,0.2332543335916017,14.0,0,1,1,0,0,0,0,15.0,33.0,40.5,0,Australian Open_2020,1,1,225.0,1.4299896854048484,2.044870500364257
557,Australian Open,2020,Hard,3,1,1,1,0,,0,0,0,1,1,1,0,0,0,1,1,1,242.0,0.009803921568627416,200.0,1,1,0,0,0,0,0,9.0,28.0,121.5,1,Australian Open_2020,0,0,81.0,-3.5700103145951516,12.744973646315774
558,Australian Open,2020,Hard,3,0,0,0,0,,0,0,0,0,0,0,0,0,0,1,1,1,190.5,,11.0,0,1,0,0,0,0,0,7.5,25.5,14.5,0,Australian Open_2020,0,0,56.25,-6.070010314595152,36.84502521929153
559,Australian Open,2020,Hard,3,1,1,1,0,,0,0,0,0,0,0,0,0,0,0,0,0,51.0,0.06392747003037536,6.0,0,1,0,1,0,0,0,16.0,37.0,6.0,0,Australian Open_2020,1,1,256.0,5.429989685404848,29.484787983603045
560,Australian Open,2020,Hard,3,1,1,1,0,,1,0,0,1,1,1,0,0,0,1,1,1,267.5,0.003331403948807043,377.0,0,1,0,1,1,0,0,11.0,32.0,28.0,1,Australian Open_2020,1,1,121.0,0.4299896854048484,0.1848911295545605
561,Australian Open,2020,Hard,3,0,0,0,0,,0,0,0,1,1,1,0,0,0,0,0,0,41.0,0.1380857922142325,48.0,0,1,0,0,0,0,0,11.5,30.0,29.5,1,Australian Open_2020,0,0,132.25,-1.5700103145951516,2.464932387935167
562,Australian Open,2020,Hard,3,1,1,1,0,,0,0,0,1,1,1,0,0,0,0,0,0,62.0,0.01720374332706565,12.0,0,1,0,0,0,0,0,12.5,30.5,20.5,1,Australian Open_2020,0,0,156.25,-1.0700103145951516,1.1449220733400154
563,Australian Open,2020,Hard,3,1,1,1,0,,0,0,0,1,0,0,0,0,0,1,1,1,85.0,0.2293972044263251,6.0,0,1,1,0,0,0,0,6.0,24.0,19.5,0,Australian Open_2020,1,1,36.0,-7.570010314595152,57.30505616307698
564,Australian Open,2020,Hard,4,0,0,0,0,,0,0,0,0,0,0,0,0,0,0,0,0,12.5,0.004037674425954929,1.0,0,1,0,0,0,0,0,15.5,35.0,28.0,0,Australian Open_2020,0,0,240.25,3.4299896854048484,11.764829241983652
565,Australian Open,2020,Hard,4,1,1,1,0,,0,0,0,0,0,0,0,0,0,0,1,1,21.5,0.06283712425079746,1.0,0,1,0,1,0,0,0,11.0,32.0,15.5,0,Australian Open_2020,1,1,121.0,0.4299896854048484,0.1848911295545605
566,Australian Open,2020,Hard,4,1,1,1,0,,0,0,0,0,0,0,0,0,0,0,0,0,65.0,0.1132559581209533,12.0,0,1,0,1,0,0,0,8.0,27.5,17.0,0,Australian Open_2020,1,1,64.0,-4.070010314595152,16.564983960910926
567,Australian Open,2020,Hard,4,0,0,0,0,,0,0,0,0,0,0,0,0,0,1,1,1,242.0,0.009803921568627416,200.0,1,1,0,0,0,0,0,9.0,28.0,267.5,0,Australian Open_2020,0,0,81.0,-3.5700103145951516,12.744973646315774
568,Australian Open,2020,Hard,4,1,1,1,0,,1,0,0,1,0,0,0,0,0,1,1,1,190.5,,11.0,0,1,1,0,1,0,0,7.5,25.5,21.0,0,Australian Open_2020,1,1,56.25,-6.070010314595152,36.84502521929153
569,Australian Open,2020,Hard,4,0,0,0,0,,0,0,0,0,0,0,0,0,0,0,0,0,51.0,0.06392747003037536,6.0,0,1,0,0,0,0,0,16.0,37.0,38.5,0,Australian Open_2020,0,0,256.0,5.429989685404848,29.484787983603045
570,Australian Open,2020,Hard,4,0,0,0,0,,0,0,0,0,0,0,0,0,0,0,0,0,41.0,0.1380857922142325,48.0,0,1,0,0,0,0,0,11.5,30.0,93.0,0,Australian Open_2020,0,0,132.25,-1.5700103145951516,2.464932387935167
571,Australian Open,2020,Hard,4,0,0,0,0,,0,0,0,0,0,0,0,0,0,1,1,1,85.0,0.2293972044263251,6.0,0,1,0,0,0,0,0,6.0,24.0,62.0,0,Australian Open_2020,0,0,36.0,-7.570010314595152,57.30505616307698
572,Australian Open,2020,Hard,5,0,0,0,0,,0,0,0,0,0,0,0,0,0,0,0,0,12.5,0.004037674425954929,1.0,0,1,0,0,0,0,0,15.5,35.0,65.0,0,Australian Open_2020,0,0,240.25,3.4299896854048484,11.764829241983652
573,Australian Open,2020,Hard,5,0,0,0,0,,0,0,0,0,0,0,0,0,0,0,1,1,21.5,0.06283712425079746,1.0,0,1,0,0,0,0,0,11.0,32.0,41.0,0,Australian Open_2020,0,0,121.0,0.4299896854048484,0.1848911295545605
574,Australian Open,2020,Hard,5,1,1,1,0,,0,0,0,0,0,0,0,0,0,1,1,1,242.0,0.009803921568627416,200.0,1,1,1,0,0,0,0,9.0,28.0,190.5,0,Australian Open_2020,1,1,81.0,-3.5700103145951516,12.744973646315774
575,Australian Open,2020,Hard,5,0,0,0,0,,0,0,0,0,0,0,0,0,0,1,1,1,85.0,0.2293972044263251,6.0,0,1,0,0,0,0,0,6.0,24.0,51.0,0,Australian Open_2020,0,0,36.0,-7.570010314595152,57.30505616307698
576,Australian Open,2020,Hard,6,0,0,0,0,,0,0,0,1,1,1,0,0,0,0,1,1,21.5,0.06283712425079746,1.0,0,1,0,0,0,0,0,11.0,32.0,242.0,1,Australian Open_2020,0,0,121.0,0.4299896854048484,0.1848911295545605
577,Australian Open,2020,Hard,6,1,1,1,0,,0,0,0,1,1,1,0,0,0,1,1,1,85.0,0.2293972044263251,6.0,0,1,0,0,0,0,0,6.0,24.0,12.5,1,Australian Open_2020,0,0,36.0,-7.570010314595152,57.30505616307698
578,Australian Open,2020,Hard,7,0,0,0,0,,0,0,0,0,0,0,0,0,0,0,1,1,21.5,0.06283712425079746,1.0,0,1,0,0,0,0,0,11.0,32.0,85.0,0,Australian Open_2020,0,0,121.0,0.4299896854048484,0.1848911295545605
579,Roland Garros,2020,Clay,2,0,0,0,0,,0,0,0,1,1,1,0,0,0,1,1,1,1.5,0.006430370146846442,1.0,0,1,0,0,0,0,0,12.5,33.5,962.0,1,Roland Garros_2020,0,0,156.25,1.9299896854048484,3.7248601857691055
580,Roland Garros,2020,Clay,2,1,1,0,0,,1,0,0,1,1,1,0,0,0,0,1,1,5.0,0.01057318491443759,4.0,0,1,0,0,1,0,0,17.0,34.5,143.0,1,Roland Garros_2020,0,1,289.0,2.9299896854048484,8.584839556578803
581,Roland Garros,2020,Clay,2,1,1,1,0,,0,0,0,0,0,0,0,0,0,0,1,1,5.5,0.06283712425079746,1.0,0,1,0,1,0,0,0,11.0,32.0,174.0,0,Roland Garros_2020,1,1,121.0,0.4299896854048484,0.1848911295545605
582,Roland Garros,2020,Clay,2,0,0,0,0,,0,0,0,0,0,0,0,0,0,0,0,0,8.0,0.005113704012382425,0.0,0,1,0,0,0,0,0,20.0,37.5,527.0,0,Roland Garros_2020,0,0,400.0,5.929989685404848,35.16477766900789
583,Roland Garros,2020,Clay,2,0,0,0,0,,0,0,0,0,0,0,0,0,0,0,0,0,11.0,0.004037674425954929,2.0,0,1,0,0,0,0,0,15.5,35.0,40.0,0,Roland Garros_2020,0,0,240.25,3.4299896854048484,11.764829241983652
584,Roland Garros,2020,Clay,2,0,0,0,0,,0,0,0,0,0,0,0,0,0,1,1,1,14.0,0.0790823211875844,20.0,0,1,0,0,0,0,0,15.0,33.5,39.0,0,Roland Garros_2020,0,0,225.0,1.9299896854048484,3.7248601857691055
585,Roland Garros,2020,Clay,2,0,0,0,0,,0,0,0,0,0,0,0,0,0,0,0,0,14.5,0.04246260069044883,7.0,0,1,0,0,0,0,0,14.0,32.5,45.5,0,Roland Garros_2020,0,0,196.0,0.9299896854048484,0.8648808149594088
586,Roland Garros,2020,Clay,2,0,0,0,0,,0,0,0,0,0,0,0,0,0,1,1,1,16.5,0.08426573426573425,1.0,0,1,0,0,0,0,0,8.5,29.0,89.5,0,Roland Garros_2020,0,0,72.25,-2.5700103145951516,6.60495301712547
587,Roland Garros,2020,Clay,2,1,1,1,0,,0,0,0,0,0,0,0,0,0,0,0,0,17.0,0.01910815173527036,4.0,0,1,0,1,0,0,0,12.0,31.5,57.5,0,Roland Garros_2020,1,1,144.0,-0.07001031459515161,0.004901444149712099
588,Roland Garros,2020,Clay,2,0,0,0,0,,0,0,0,1,1,1,0,0,0,0,1,1,20.5,0.00867823765020026,15.0,0,1,0,0,0,0,0,10.0,32.5,217.5,1,Roland Garros_2020,0,0,100.0,0.9299896854048484,0.8648808149594088
590,Roland Garros,2020,Clay,2,0,0,0,0,,0,0,0,1,0,0,0,0,0,1,1,1,26.5,0.03561869925952366,1.0,0,1,0,0,0,0,0,12.0,32.5,401.0,0,Roland Garros_2020,0,0,144.0,0.9299896854048484,0.8648808149594088
591,Roland Garros,2020,Clay,2,1,1,1,0,,0,0,0,1,1,1,0,0,0,1,1,1,27.5,0.02179137210984344,9.0,0,1,0,0,0,0,0,14.5,33.5,457.0,1,Roland Garros_2020,0,0,210.25,1.9299896854048484,3.7248601857691055
592,Roland Garros,2020,Clay,2,0,0,0,0,,0,0,0,0,0,0,0,0,0,0,0,0,27.5,0.03614886219974711,15.0,0,1,0,0,0,0,0,19.5,38.0,215.0,0,Roland Garros_2020,0,0,380.25,6.429989685404848,41.34476735441274
593,Roland Garros,2020,Clay,2,0,0,0,0,,0,0,0,1,0,0,0,0,0,0,0,0,35.0,0.08362315480330779,8.0,0,1,0,0,0,0,0,8.0,31.5,191.0,0,Roland Garros_2020,0,0,64.0,-0.07001031459515161,0.004901444149712099
594,Roland Garros,2020,Clay,2,0,0,0,0,,0,0,0,0,0,0,0,0,0,0,0,0,60.0,0.1132559581209533,4.0,0,1,0,0,0,0,0,8.0,27.5,813.5,0,Roland Garros_2020,0,0,64.0,-4.070010314595152,16.564983960910926
595,Roland Garros,2020,Clay,2,0,0,0,0,,0,0,0,0,0,0,0,0,0,0,0,0,991.0,0.08461538461538459,506.0,1,1,0,0,0,0,0,10.5,29.0,387.5,0,Roland Garros_2020,0,0,110.25,-2.5700103145951516,6.60495301712547
596,Roland Garros,2020,Clay,2,0,0,0,0,,0,0,0,1,1,1,0,0,0,0,0,0,58.0,0.02002366105860365,30.0,0,1,0,0,0,0,0,17.5,36.0,48.5,1,Roland Garros_2020,0,0,306.25,4.429989685404848,19.62480861279335
597,Roland Garros,2020,Clay,2,0,0,0,0,,0,0,0,1,0,0,0,0,0,1,1,1,195.0,0.1518716577540107,54.0,0,1,0,0,0,0,0,4.5,24.5,19.5,0,Roland Garros_2020,0,0,20.25,-7.070010314595152,49.98504584848183
598,Roland Garros,2020,Clay,2,1,1,1,0,,0,0,0,1,0,0,0,0,0,1,1,1,329.5,0.1353535353535354,567.0,0,1,1,0,0,0,0,10.0,28.0,72.5,0,Roland Garros_2020,1,1,100.0,-3.5700103145951516,12.744973646315774
599,Roland Garros,2020,Clay,2,0,0,0,0,,0,0,0,0,0,0,0,0,0,0,1,1,88.5,0.0864757070340827,51.0,0,1,0,0,0,0,0,19.5,36.5,395.0,0,Roland Garros_2020,0,0,380.25,4.929989685404848,24.304798298198197
600,Roland Garros,2020,Clay,2,1,1,1,0,,1,0,0,1,0,0,0,0,0,1,1,1,82.5,0.01827875095201831,43.0,0,1,0,0,1,0,0,8.0,25.5,68.0,0,Roland Garros_2020,0,1,64.0,-6.070010314595152,36.84502521929153
601,Roland Garros,2020,Clay,2,1,1,1,0,,0,0,0,1,0,0,0,0,0,0,0,0,169.5,0.03361344537815142,59.0,0,1,1,0,0,0,0,9.5,26.5,52.0,0,Roland Garros_2020,1,1,90.25,-5.070010314595152,25.70500459010123
602,Roland Garros,2020,Clay,2,0,0,0,0,,0,0,0,1,0,0,0,0,0,0,0,0,285.5,0.1213786213786214,145.0,0,1,0,0,0,0,0,6.5,26.5,213.5,0,Roland Garros_2020,0,0,42.25,-5.070010314595152,25.70500459010123
603,Roland Garros,2020,Clay,2,1,1,1,0,,0,0,0,1,1,1,0,0,0,1,1,1,193.5,0.1549096622152395,5.0,0,1,0,0,0,0,0,3.0,25.0,52.0,1,Roland Garros_2020,0,0,9.0,-6.570010314595152,43.16503553388668
604,Roland Garros,2020,Clay,2,0,0,0,0,,0,0,0,1,1,1,0,0,0,0,0,0,174.0,0.06056892453951279,176.0,0,1,0,0,0,0,0,14.5,34.5,52.5,1,Roland Garros_2020,0,0,210.25,2.9299896854048484,8.584839556578803
605,Roland Garros,2020,Clay,2,0,0,0,0,,0,0,0,0,0,0,0,0,0,1,1,1,147.5,0.07303732303732313,133.0,0,1,0,0,0,0,0,14.5,31.5,312.0,0,Roland Garros_2020,0,0,210.25,-0.07001031459515161,0.004901444149712099
606,Roland Garros,2020,Clay,2,0,0,0,0,,0,0,0,1,0,0,0,0,0,1,1,1,85.5,0.07206861239119311,35.0,0,1,0,0,0,0,0,15.0,31.5,189.0,0,Roland Garros_2020,0,0,225.0,-0.07001031459515161,0.004901444149712099
607,Roland Garros,2020,Clay,2,0,0,0,0,,0,0,0,1,1,1,0,0,0,0,0,0,65.5,0.01720374332706565,3.0,0,1,0,0,0,0,0,12.5,30.5,38.5,1,Roland Garros_2020,0,0,156.25,-1.0700103145951516,1.1449220733400154
608,Roland Garros,2020,Clay,2,1,1,0,0,,1,0,0,1,0,0,0,0,0,1,1,1,252.0,,330.0,0,1,0,0,1,0,0,16.0,38.0,69.0,0,Roland Garros_2020,0,1,256.0,6.429989685404848,41.34476735441274
609,Roland Garros,2020,Clay,2,0,0,0,0,,0,0,0,0,0,0,0,0,0,0,0,0,62.0,0.1363993710691824,6.0,0,1,0,0,0,0,0,14.0,35.0,306.0,0,Roland Garros_2020,0,0,196.0,3.4299896854048484,11.764829241983652
610,Roland Garros,2020,Clay,2,0,0,0,0,,0,0,0,0,0,0,0,0,0,0,1,1,168.5,0.1171016226725492,75.0,0,1,0,0,0,0,0,11.0,29.0,40.5,0,Roland Garros_2020,0,0,121.0,-2.5700103145951516,6.60495301712547
611,Roland Garros,2020,Clay,3,0,0,0,0,,0,0,0,0,0,0,0,0,0,1,1,1,1.5,0.006430370146846442,1.0,0,1,0,0,0,0,0,12.5,33.5,174.0,0,Roland Garros_2020,0,0,156.25,1.9299896854048484,3.7248601857691055
612,Roland Garros,2020,Clay,3,0,0,0,0,,0,0,0,0,0,0,0,0,0,0,1,1,5.0,0.01057318491443759,4.0,0,1,0,0,0,0,0,17.0,34.5,169.5,0,Roland Garros_2020,0,0,289.0,2.9299896854048484,8.584839556578803
613,Roland Garros,2020,Clay,3,0,0,0,0,,0,0,0,0,0,0,0,0,0,0,1,1,5.5,0.06283712425079746,1.0,0,1,0,0,0,0,0,11.0,32.0,82.5,0,Roland Garros_2020,0,0,121.0,0.4299896854048484,0.1848911295545605
614,Roland Garros,2020,Clay,3,0,0,0,0,,0,0,0,1,0,0,0,0,0,0,0,0,11.0,0.004037674425954929,2.0,0,1,0,0,0,0,0,15.5,35.0,991.0,0,Roland Garros_2020,0,0,240.25,3.4299896854048484,11.764829241983652
615,Roland Garros,2020,Clay,3,1,1,1,0,,0,0,0,1,1,1,0,0,0,1,1,1,14.0,0.0790823211875844,20.0,0,1,0,1,0,0,0,15.0,33.5,168.5,1,Roland Garros_2020,1,1,225.0,1.9299896854048484,3.7248601857691055
616,Roland Garros,2020,Clay,3,0,0,0,0,,0,0,0,0,0,0,0,0,0,0,0,0,14.5,0.04246260069044883,7.0,0,1,0,0,0,0,0,14.0,32.5,65.5,0,Roland Garros_2020,0,0,196.0,0.9299896854048484,0.8648808149594088
617,Roland Garros,2020,Clay,3,0,0,0,0,,0,0,0,0,0,0,0,0,0,1,1,1,16.5,0.08426573426573425,1.0,0,1,0,0,0,0,0,8.5,29.0,329.5,0,Roland Garros_2020,0,0,72.25,-2.5700103145951516,6.60495301712547
618,Roland Garros,2020,Clay,3,1,1,1,0,,0,0,0,0,0,0,0,0,0,0,0,0,17.0,0.01910815173527036,4.0,0,1,1,0,0,0,0,12.0,31.5,85.5,0,Roland Garros_2020,1,1,144.0,-0.07001031459515161,0.004901444149712099
619,Roland Garros,2020,Clay,3,0,0,0,0,,0,0,0,0,0,0,0,0,0,0,0,0,21.5,0.05927088002390557,1.0,0,1,0,0,0,0,0,17.0,37.0,60.0,0,Roland Garros_2020,0,0,289.0,5.429989685404848,29.484787983603045
620,Roland Garros,2020,Clay,3,1,1,0,0,,1,0,0,1,1,1,0,0,0,1,1,1,26.5,0.03561869925952366,1.0,0,1,0,0,1,0,0,12.0,32.5,193.5,1,Roland Garros_2020,0,1,144.0,0.9299896854048484,0.8648808149594088
621,Roland Garros,2020,Clay,3,1,1,1,0,,0,0,0,0,0,0,0,0,0,1,1,1,27.5,0.02179137210984344,9.0,0,1,1,0,0,0,0,14.5,33.5,285.5,0,Roland Garros_2020,1,1,210.25,1.9299896854048484,3.7248601857691055
622,Roland Garros,2020,Clay,3,0,0,0,0,,0,0,0,1,0,0,0,0,0,0,0,0,27.5,0.03614886219974711,15.0,0,1,0,0,0,0,0,19.5,38.0,58.0,0,Roland Garros_2020,0,0,380.25,6.429989685404848,41.34476735441274
623,Roland Garros,2020,Clay,3,0,0,0,0,,0,0,0,0,0,0,0,0,0,1,1,1,195.0,0.1518716577540107,54.0,0,1,0,0,0,0,0,4.5,24.5,147.5,0,Roland Garros_2020,0,0,20.25,-7.070010314595152,49.98504584848183
624,Roland Garros,2020,Clay,3,0,0,0,0,,0,0,0,0,0,0,0,0,0,0,1,1,88.5,0.0864757070340827,51.0,0,1,0,0,0,0,0,19.5,36.5,35.0,0,Roland Garros_2020,0,0,380.25,4.929989685404848,24.304798298198197
625,Roland Garros,2020,Clay,3,0,0,0,0,,0,0,0,1,0,0,0,0,0,1,1,1,252.0,,330.0,0,1,0,0,0,0,0,16.0,38.0,8.0,0,Roland Garros_2020,0,0,256.0,6.429989685404848,41.34476735441274
626,Roland Garros,2020,Clay,3,1,1,1,0,,0,0,0,0,0,0,0,0,0,0,0,0,62.0,0.1363993710691824,6.0,0,1,1,0,0,0,0,14.0,35.0,20.5,0,Roland Garros_2020,1,1,196.0,3.4299896854048484,11.764829241983652
627,Roland Garros,2020,Clay,4,1,1,1,0,,1,0,0,1,1,1,0,0,0,1,1,1,1.5,0.006430370146846442,1.0,0,1,0,1,1,0,0,12.5,33.5,27.5,1,Roland Garros_2020,1,1,156.25,1.9299896854048484,3.7248601857691055
628,Roland Garros,2020,Clay,4,0,0,0,0,,0,0,0,0,0,0,0,0,0,0,1,1,5.5,0.06283712425079746,1.0,0,1,0,0,0,0,0,11.0,32.0,27.5,0,Roland Garros_2020,0,0,121.0,0.4299896854048484,0.1848911295545605
629,Roland Garros,2020,Clay,4,0,0,0,0,,0,0,0,1,0,0,0,0,0,0,0,0,14.5,0.04246260069044883,7.0,0,1,0,0,0,0,0,14.0,32.5,21.5,0,Roland Garros_2020,0,0,196.0,0.9299896854048484,0.8648808149594088
630,Roland Garros,2020,Clay,4,1,1,0,0,,1,0,0,1,0,0,0,0,0,1,1,1,16.5,0.08426573426573425,1.0,0,1,0,0,1,0,0,8.5,29.0,195.0,0,Roland Garros_2020,0,1,72.25,-2.5700103145951516,6.60495301712547
631,Roland Garros,2020,Clay,4,1,1,1,0,,0,0,0,0,0,0,0,0,0,0,0,0,17.0,0.01910815173527036,4.0,0,1,0,1,0,0,0,12.0,31.5,14.0,0,Roland Garros_2020,1,1,144.0,-0.07001031459515161,0.004901444149712099
632,Roland Garros,2020,Clay,4,0,0,0,0,,0,0,0,1,0,0,0,0,0,1,1,1,26.5,0.03561869925952366,1.0,0,1,0,0,0,0,0,12.0,32.5,5.0,0,Roland Garros_2020,0,0,144.0,0.9299896854048484,0.8648808149594088
633,Roland Garros,2020,Clay,4,1,1,0,0,,1,0,0,1,0,0,0,0,0,1,1,1,252.0,,330.0,0,1,0,0,1,0,0,16.0,38.0,88.5,0,Roland Garros_2020,0,1,256.0,6.429989685404848,41.34476735441274
634,Roland Garros,2020,Clay,4,0,0,0,0,,0,0,0,1,0,0,0,0,0,0,0,0,62.0,0.1363993710691824,6.0,0,1,0,0,0,0,0,14.0,35.0,11.0,0,Roland Garros_2020,0,0,196.0,3.4299896854048484,11.764829241983652
635,Roland Garros,2020,Clay,5,1,1,1,0,,1,0,0,1,1,1,0,0,0,1,1,1,1.5,0.006430370146846442,1.0,0,1,0,0,1,0,0,12.5,33.5,62.0,1,Roland Garros_2020,0,1,156.25,1.9299896854048484,3.7248601857691055
636,Roland Garros,2020,Clay,5,0,0,0,0,,0,0,0,1,1,1,0,0,0,0,0,0,14.5,0.04246260069044883,7.0,0,1,0,0,0,0,0,14.0,32.5,5.5,1,Roland Garros_2020,0,0,196.0,0.9299896854048484,0.8648808149594088
637,Roland Garros,2020,Clay,5,0,0,0,0,,0,0,0,0,0,0,0,0,0,1,1,1,16.5,0.08426573426573425,1.0,0,1,0,0,0,0,0,8.5,29.0,26.5,0,Roland Garros_2020,0,0,72.25,-2.5700103145951516,6.60495301712547
638,Roland Garros,2020,Clay,5,0,0,0,0,,0,0,0,0,0,0,0,0,0,0,0,0,17.0,0.01910815173527036,4.0,0,1,0,0,0,0,0,12.0,31.5,252.0,0,Roland Garros_2020,0,0,144.0,-0.07001031459515161,0.004901444149712099
639,Roland Garros,2020,Clay,6,1,1,1,0,,0,0,0,0,0,0,0,0,0,0,0,0,14.5,0.04246260069044883,7.0,0,1,1,0,0,0,0,14.0,32.5,1.5,0,Roland Garros_2020,1,1,196.0,0.9299896854048484,0.8648808149594088
640,Roland Garros,2020,Clay,6,0,0,0,0,,0,0,0,0,0,0,0,0,0,1,1,1,16.5,0.08426573426573425,1.0,0,1,0,0,0,0,0,8.5,29.0,17.0,0,Roland Garros_2020,0,0,72.25,-2.5700103145951516,6.60495301712547
641,Roland Garros,2020,Clay,7,0,0,0,0,,0,0,0,0,0,0,0,0,0,1,1,1,16.5,0.08426573426573425,1.0,0,1,0,0,0,0,0,8.5,29.0,14.5,0,Roland Garros_2020,0,0,72.25,-2.5700103145951516,6.60495301712547
642,US Open,2020,Hard,3,0,0,0,0,,0,0,0,0,0,0,0,0,0,1,1,1,1.5,0.006430370146846442,1.0,0,1,0,0,0,0,0,12.5,33.5,26.0,0,US Open_2020,0,0,156.25,1.9299896854048484,3.7248601857691055
643,US Open,2020,Hard,3,1,1,1,0,,0,0,0,1,0,0,0,0,0,0,1,1,5.5,0.06283712425079746,1.0,0,1,0,0,0,0,0,11.0,32.0,36.0,0,US Open_2020,0,0,121.0,0.4299896854048484,0.1848911295545605
644,US Open,2020,Hard,3,1,1,1,0,,0,0,0,1,0,0,0,0,0,1,1,1,13.5,0.08426573426573425,1.0,0,1,1,0,0,0,0,8.5,29.0,39.0,0,US Open_2020,1,1,72.25,-2.5700103145951516,6.60495301712547
645,US Open,2020,Hard,3,0,0,0,0,,0,0,0,1,0,0,0,0,0,0,0,0,19.0,0.01910815173527036,6.0,0,1,0,0,0,0,0,12.0,31.5,56.5,0,US Open_2020,0,0,144.0,-0.07001031459515161,0.004901444149712099
646,US Open,2020,Hard,3,0,0,0,0,,0,0,0,0,0,0,0,0,0,0,0,0,58.5,0.02002366105860365,31.0,0,1,0,0,0,0,0,17.5,36.0,47.0,0,US Open_2020,0,0,306.25,4.429989685404848,19.62480861279335
647,US Open,2020,Hard,3,0,0,0,0,,0,0,0,0,0,0,0,0,0,0,1,1,41.0,0.05556958608017137,8.0,0,1,0,0,0,0,0,10.0,30.5,499.5,0,US Open_2020,0,0,100.0,-1.0700103145951516,1.1449220733400154
648,US Open,2020,Hard,3,1,1,1,0,,0,0,0,0,0,0,0,0,0,0,0,0,45.5,0.03393586098448154,9.0,0,1,0,1,0,0,0,13.5,32.5,17.5,0,US Open_2020,1,1,182.25,0.9299896854048484,0.8648808149594088
649,US Open,2020,Hard,3,1,1,1,0,,0,0,0,1,1,1,0,0,0,0,0,0,55.5,0.06170004885197844,13.0,0,1,0,1,0,0,0,16.0,34.0,25.5,1,US Open_2020,1,1,256.0,2.4299896854048484,5.904849871173954
650,US Open,2020,Hard,3,0,0,0,0,,0,0,0,0,0,0,0,0,0,1,1,1,302.5,0.04055059523809518,89.0,0,1,0,0,0,0,0,3.5,24.5,57.0,0,US Open_2020,0,0,12.25,-7.070010314595152,49.98504584848183
651,US Open,2020,Hard,3,0,0,0,0,,0,0,0,0,0,0,0,0,0,1,1,1,40.0,0.006165839829907926,8.0,0,1,0,0,0,0,0,6.5,28.0,7.0,0,US Open_2020,0,0,42.25,-3.5700103145951516,12.744973646315774
652,US Open,2020,Hard,3,1,1,1,0,,0,0,0,1,1,1,0,0,0,1,1,1,384.0,0.02890756302521014,112.0,0,1,0,1,0,0,0,13.0,27.0,30.0,1,US Open_2020,1,1,169.0,-4.570010314595152,20.884994275506077
653,US Open,2020,Hard,3,0,0,0,0,,0,0,0,0,0,0,0,0,0,1,1,1,25.0,0.03561869925952366,2.0,0,1,0,0,0,0,0,12.0,32.5,9.5,0,US Open_2020,0,0,144.0,0.9299896854048484,0.8648808149594088
654,US Open,2020,Hard,3,0,0,0,0,,0,0,0,1,1,1,0,0,0,0,0,0,22.0,0.04246260069044883,10.0,0,1,0,0,0,0,0,14.0,32.5,9.5,1,US Open_2020,0,0,196.0,0.9299896854048484,0.8648808149594088
655,US Open,2020,Hard,3,0,0,0,0,,0,0,0,0,0,0,0,0,0,0,1,1,21.0,0.00867823765020026,20.0,0,1,0,0,0,0,0,10.0,32.5,96.5,0,US Open_2020,0,0,100.0,0.9299896854048484,0.8648808149594088
656,US Open,2020,Hard,3,1,1,1,0,,0,0,0,1,1,1,0,0,0,0,0,0,20.5,0.05927088002390557,1.0,0,1,0,0,0,0,0,17.0,37.0,58.0,1,US Open_2020,0,0,289.0,5.429989685404848,29.484787983603045
657,US Open,2020,Hard,3,1,1,1,0,,1,0,0,1,1,1,0,0,0,1,1,1,102.0,0.1634566457717583,52.0,0,1,0,1,1,0,0,6.5,27.5,52.5,1,US Open_2020,1,1,42.25,-4.070010314595152,16.564983960910926
658,US Open,2020,Hard,4,0,0,0,0,,0,0,0,0,0,0,0,0,0,0,1,1,5.5,0.06283712425079746,1.0,0,1,0,0,0,0,0,11.0,32.0,384.0,0,US Open_2020,0,0,121.0,0.4299896854048484,0.1848911295545605
659,US Open,2020,Hard,4,0,0,0,0,,0,0,0,0,0,0,0,0,0,0,0,0,19.0,0.01910815173527036,6.0,0,1,0,0,0,0,0,12.0,31.5,58.5,0,US Open_2020,0,0,144.0,-0.07001031459515161,0.004901444149712099
660,US Open,2020,Hard,4,0,0,0,0,,0,0,0,1,1,1,0,0,0,0,1,1,41.0,0.05556958608017137,8.0,0,1,0,0,0,0,0,10.0,30.5,13.5,1,US Open_2020,0,0,100.0,-1.0700103145951516,1.1449220733400154
661,US Open,2020,Hard,4,1,1,1,0,,0,0,0,0,0,0,0,0,0,1,1,1,302.5,0.04055059523809518,89.0,0,1,1,0,0,0,0,3.5,24.5,45.5,0,US Open_2020,1,1,12.25,-7.070010314595152,49.98504584848183
662,US Open,2020,Hard,4,0,0,0,0,,0,0,0,0,0,0,0,0,0,1,1,1,40.0,0.006165839829907926,8.0,0,1,0,0,0,0,0,6.5,28.0,21.0,0,US Open_2020,0,0,42.25,-3.5700103145951516,12.744973646315774
663,US Open,2020,Hard,4,0,0,0,0,,0,0,0,0,0,0,0,0,0,1,1,1,25.0,0.03561869925952366,2.0,0,1,0,0,0,0,0,12.0,32.5,55.5,0,US Open_2020,0,0,144.0,0.9299896854048484,0.8648808149594088
664,US Open,2020,Hard,4,1,1,1,0,,0,0,0,1,1,1,0,0,0,0,0,0,22.0,0.04246260069044883,10.0,0,1,0,1,0,0,0,14.0,32.5,102.0,1,US Open_2020,1,1,196.0,0.9299896854048484,0.8648808149594088
665,US Open,2020,Hard,4,0,0,0,0,,0,0,0,1,1,1,0,0,0,0,0,0,20.5,0.05927088002390557,1.0,0,1,0,0,0,0,0,17.0,37.0,1.5,1,US Open_2020,0,0,289.0,5.429989685404848,29.484787983603045
666,US Open,2020,Hard,5,1,1,1,0,,0,0,0,0,0,0,0,0,0,0,1,1,5.5,0.06283712425079746,1.0,0,1,0,1,0,0,0,11.0,32.0,302.5,0,US Open_2020,1,1,121.0,0.4299896854048484,0.1848911295545605
667,US Open,2020,Hard,5,1,1,1,0,,0,0,0,0,0,0,0,0,0,0,0,0,19.0,0.01910815173527036,6.0,0,1,1,0,0,0,0,12.0,31.5,40.0,0,US Open_2020,1,1,144.0,-0.07001031459515161,0.004901444149712099
668,US Open,2020,Hard,5,1,1,1,0,,0,0,0,0,0,0,0,0,0,0,0,0,22.0,0.04246260069044883,10.0,0,1,0,1,0,0,0,14.0,32.5,25.0,0,US Open_2020,1,1,196.0,0.9299896854048484,0.8648808149594088
669,US Open,2020,Hard,5,0,0,0,0,,0,0,0,0,0,0,0,0,0,0,0,0,20.5,0.05927088002390557,1.0,0,1,0,0,0,0,0,17.0,37.0,41.0,0,US Open_2020,0,0,289.0,5.429989685404848,29.484787983603045
670,US Open,2020,Hard,6,1,1,1,0,,0,0,0,0,0,0,0,0,0,0,0,0,19.0,0.01910815173527036,6.0,0,1,1,0,0,0,0,12.0,31.5,5.5,0,US Open_2020,1,1,144.0,-0.07001031459515161,0.004901444149712099
671,US Open,2020,Hard,6,0,0,0,0,,0,0,0,0,0,0,0,0,0,0,0,0,22.0,0.04246260069044883,10.0,0,1,0,0,0,0,0,14.0,32.5,20.5,0,US Open_2020,0,0,196.0,0.9299896854048484,0.8648808149594088
672,US Open,2020,Hard,7,0,0,0,0,,0,0,0,0,0,0,0,0,0,0,0,0,22.0,0.04246260069044883,10.0,0,1,0,0,0,0,0,14.0,32.5,19.0,0,US Open_2020,0,0,196.0,0.9299896854048484,0.8648808149594088
673,Australian Open,2021,Hard,2,1,1,1,0,,0,0,0,1,1,1,0,0,0,1,1,1,1.5,0.006430370146846442,1.0,0,1,0,1,0,0,0,13.5,34.5,163.0,1,Australian Open_2021,1,1,182.25,2.9299896854048484,8.584839556578803
674,Australian Open,2021,Hard,2,1,1,1,0,,0,0,0,0,0,0,0,0,0,1,1,1,4.5,0.03741686333404848,3.0,0,1,1,0,0,0,0,11.5,30.5,354.5,0,Australian Open_2021,1,1,132.25,-1.0700103145951516,1.1449220733400154
675,Australian Open,2021,Hard,2,0,0,0,0,,0,0,0,0,0,0,0,0,0,0,0,0,8.0,0.02525740025740031,2.0,0,1,0,0,0,0,0,16.0,35.5,59.5,0,Australian Open_2021,0,0,256.0,3.9299896854048484,15.4448189273885
676,Australian Open,2021,Hard,2,0,0,0,0,,0,0,0,0,0,0,0,0,0,0,1,1,13.5,0.06283712425079746,3.0,0,1,0,0,0,0,0,12.0,33.0,68.5,0,Australian Open_2021,0,0,144.0,1.4299896854048484,2.044870500364257
677,Australian Open,2021,Hard,2,1,1,1,0,,0,0,0,0,0,0,0,0,0,0,0,0,13.5,0.04913998809726816,17.0,0,1,1,0,0,0,0,18.5,37.0,399.5,0,Australian Open_2021,1,1,342.25,5.429989685404848,29.484787983603045
679,Australian Open,2021,Hard,2,0,0,0,0,,0,0,0,0,0,0,0,0,0,1,1,1,16.5,0.0790823211875844,17.0,0,1,0,0,0,0,0,16.0,34.5,794.5,0,Australian Open_2021,0,0,256.0,2.9299896854048484,8.584839556578803
680,Australian Open,2021,Hard,2,0,0,0,0,,0,0,0,0,0,0,0,0,0,0,0,0,16.5,0.004037674425954929,1.0,0,1,0,0,0,0,0,16.5,36.0,187.5,0,Australian Open_2021,0,0,272.25,4.429989685404848,19.62480861279335
681,Australian Open,2021,Hard,2,0,0,0,0,,0,0,0,0,0,0,0,0,0,0,1,1,20.5,0.00867823765020026,15.0,0,1,0,0,0,0,0,11.0,33.5,80.5,0,Australian Open_2021,0,0,121.0,1.9299896854048484,3.7248601857691055
682,Australian Open,2021,Hard,2,0,0,0,0,,0,0,0,0,0,0,0,0,0,1,1,1,38.5,0.2293972044263251,3.0,0,1,0,0,0,0,0,7.0,25.0,303.5,0,Australian Open_2021,0,0,49.0,-6.570010314595152,43.16503553388668
683,Australian Open,2021,Hard,2,0,0,0,0,,0,0,0,0,0,0,0,0,0,1,1,1,42.5,0.1482898289828982,31.0,0,1,0,0,0,0,0,11.5,35.0,74.5,0,Australian Open_2021,0,0,132.25,3.4299896854048484,11.764829241983652
684,Australian Open,2021,Hard,2,0,0,0,0,,0,0,0,0,0,0,0,0,0,0,0,0,141.0,0.01728110599078331,26.0,0,1,0,0,0,0,0,14.0,31.5,66.5,0,Australian Open_2021,0,0,196.0,-0.07001031459515161,0.004901444149712099
685,Australian Open,2021,Hard,2,1,1,1,0,,0,0,0,1,1,1,0,0,0,0,0,0,49.5,0.1010436819061196,5.0,0,1,0,1,0,0,0,14.0,34.5,45.0,1,Australian Open_2021,1,1,196.0,2.9299896854048484,8.584839556578803
686,Australian Open,2021,Hard,2,1,1,1,0,,1,0,0,1,1,1,0,0,0,1,1,1,62.0,0.03253241800152551,4.0,0,1,0,1,1,0,0,8.0,30.5,521.5,1,Australian Open_2021,1,1,64.0,-1.0700103145951516,1.1449220733400154
687,Australian Open,2021,Hard,2,0,0,0,0,,0,0,0,0,0,0,0,0,0,0,0,0,203.5,0.06666666666666671,255.0,0,1,0,0,0,0,0,14.5,32.5,23.0,0,Australian Open_2021,0,0,210.25,0.9299896854048484,0.8648808149594088
688,Australian Open,2021,Hard,2,0,0,0,0,,0,0,0,0,0,0,0,0,0,0,0,0,56.0,0.02002366105860365,26.0,0,1,0,0,0,0,0,18.5,37.0,28.5,0,Australian Open_2021,0,0,342.25,5.429989685404848,29.484787983603045
689,Australian Open,2021,Hard,2,1,1,1,0,,0,0,0,1,0,0,0,0,0,0,0,0,65.5,0.005928645458218473,29.0,0,1,0,0,0,0,0,18.0,36.0,308.5,0,Australian Open_2021,0,0,324.0,4.429989685404848,19.62480861279335
690,Australian Open,2021,Hard,2,1,1,1,0,,0,0,0,0,0,0,0,0,0,1,1,1,87.0,0.09010695187165768,6.0,0,1,1,0,0,0,0,10.5,29.0,198.0,0,Australian Open_2021,1,1,110.25,-2.5700103145951516,6.60495301712547
691,Australian Open,2021,Hard,2,0,0,0,0,,0,0,0,0,0,0,0,0,0,0,0,0,43.5,0.03393586098448154,3.0,0,1,0,0,0,0,0,14.5,33.5,289.5,0,Australian Open_2021,0,0,210.25,1.9299896854048484,3.7248601857691055
692,Australian Open,2021,Hard,2,0,0,0,0,,0,0,0,0,0,0,0,0,0,0,0,0,380.0,,62.0,1,1,0,0,0,0,0,10.5,28.0,735.5,0,Australian Open_2021,0,0,110.25,-3.5700103145951516,12.744973646315774
693,Australian Open,2021,Hard,2,0,0,0,0,,0,0,0,0,0,0,0,0,0,1,1,1,172.0,0.1944146079484426,78.0,0,1,0,0,0,0,0,8.5,26.5,56.0,0,Australian Open_2021,0,0,72.25,-5.070010314595152,25.70500459010123
694,Australian Open,2021,Hard,2,1,1,1,0,,0,0,0,1,1,1,0,0,0,1,1,1,102.5,0.1006400276768726,13.0,0,1,0,0,0,0,0,12.0,33.0,94.5,1,Australian Open_2021,0,0,144.0,1.4299896854048484,2.044870500364257
695,Australian Open,2021,Hard,2,0,0,0,0,,0,0,0,0,0,0,0,0,0,1,1,1,457.0,0.1539772727272727,876.0,0,1,0,0,0,0,0,8.5,29.5,69.0,0,Australian Open_2021,0,0,72.25,-2.0700103145951516,4.284942702530318
696,Australian Open,2021,Hard,2,0,0,0,0,,0,0,0,1,0,0,0,0,0,0,0,0,222.5,0.0,63.0,0,1,0,0,0,0,0,5.0,22.5,32.0,0,Australian Open_2021,0,0,25.0,-9.070010314595152,82.26508710686244
697,Australian Open,2021,Hard,2,1,1,1,0,,1,0,0,1,1,1,0,0,0,0,0,0,328.0,0.1893104855161159,186.0,0,1,0,0,1,0,0,7.5,28.5,37.5,1,Australian Open_2021,0,1,56.25,-3.0700103145951516,9.424963331720623
698,Australian Open,2021,Hard,2,0,0,0,0,,0,0,0,0,0,0,0,0,0,1,1,1,638.5,0.002705575417914829,763.0,0,1,0,0,0,0,0,8.0,25.5,641.5,0,Australian Open_2021,0,0,64.0,-6.070010314595152,36.84502521929153
699,Australian Open,2021,Hard,2,0,0,0,0,,0,0,0,1,0,0,0,0,0,1,1,1,185.5,,23.0,0,1,0,0,0,0,0,5.0,26.0,441.5,0,Australian Open_2021,0,0,25.0,-5.570010314595152,31.02501490469638
700,Australian Open,2021,Hard,2,1,1,1,0,,0,0,0,0,0,0,0,0,0,0,0,0,510.0,0.009065825778478476,552.0,0,1,1,0,0,0,0,12.5,29.5,205.5,0,Australian Open_2021,1,1,156.25,-2.0700103145951516,4.284942702530318
701,Australian Open,2021,Hard,2,0,0,0,0,,0,0,0,0,0,0,0,0,0,1,1,1,232.5,0.06292270531400956,317.0,0,1,0,0,0,0,0,11.5,31.0,7.5,0,Australian Open_2021,0,0,132.25,-0.5700103145951516,0.3249117587448637
702,Australian Open,2021,Hard,2,1,1,1,0,,0,0,0,0,0,0,0,0,0,1,1,1,125.0,0.02068965517241383,12.0,0,1,0,1,0,0,0,1.0,29.5,43.0,0,Australian Open_2021,1,1,1.0,-2.0700103145951516,4.284942702530318
703,Australian Open,2021,Hard,2,1,1,1,0,,0,0,0,0,0,0,0,0,0,1,1,1,122.0,0.04574284066884493,144.0,1,1,0,1,0,0,0,9.0,26.5,260.0,0,Australian Open_2021,1,1,81.0,-5.070010314595152,25.70500459010123
704,Australian Open,2021,Hard,2,1,1,1,0,,0,0,0,1,1,1,0,0,0,1,1,1,160.5,0.1163928304705004,143.0,0,1,0,0,0,0,0,7.5,26.0,98.0,1,Australian Open_2021,0,0,56.25,-5.570010314595152,31.02501490469638
705,Australian Open,2021,Hard,3,0,0,0,0,,0,0,0,0,0,0,0,0,0,1,1,1,4.5,0.03741686333404848,3.0,0,1,0,0,0,0,0,11.5,30.5,185.5,0,Australian Open_2021,0,0,132.25,-1.0700103145951516,1.1449220733400154
706,Australian Open,2021,Hard,3,0,0,0,0,,0,0,0,0,0,0,0,0,0,0,0,0,8.0,0.02525740025740031,2.0,0,1,0,0,0,0,0,16.0,35.5,638.5,0,Australian Open_2021,0,0,256.0,3.9299896854048484,15.4448189273885
707,Australian Open,2021,Hard,3,0,0,0,0,,0,0,0,1,0,0,0,0,0,0,1,1,13.5,0.06283712425079746,3.0,0,1,0,0,0,0,0,12.0,33.0,65.5,0,Australian Open_2021,0,0,144.0,1.4299896854048484,2.044870500364257
708,Australian Open,2021,Hard,3,0,0,0,0,,0,0,0,0,0,0,0,0,0,0,0,0,13.5,0.04913998809726816,17.0,0,1,0,0,0,0,0,18.5,37.0,380.0,0,Australian Open_2021,0,0,342.25,5.429989685404848,29.484787983603045
709,Australian Open,2021,Hard,3,1,1,1,0,,0,0,0,0,0,0,0,0,0,0,0,0,16.0,0.03023686394688119,14.0,0,1,0,1,0,0,0,20.5,37.0,141.0,0,Australian Open_2021,1,1,420.25,5.429989685404848,29.484787983603045
710,Australian Open,2021,Hard,3,0,0,0,0,,0,0,0,0,0,0,0,0,0,1,1,1,16.5,0.0790823211875844,17.0,0,1,0,0,0,0,0,16.0,34.5,457.0,0,Australian Open_2021,0,0,256.0,2.9299896854048484,8.584839556578803
711,Australian Open,2021,Hard,3,0,0,0,0,,0,0,0,0,0,0,0,0,0,0,0,0,16.5,0.004037674425954929,1.0,0,1,0,0,0,0,0,16.5,36.0,62.0,0,Australian Open_2021,0,0,272.25,4.429989685404848,19.62480861279335
712,Australian Open,2021,Hard,3,0,0,0,0,,0,0,0,0,0,0,0,0,0,0,1,1,20.5,0.00867823765020026,15.0,0,1,0,0,0,0,0,11.0,33.5,125.0,0,Australian Open_2021,0,0,121.0,1.9299896854048484,3.7248601857691055
713,Australian Open,2021,Hard,3,0,0,0,0,,0,0,0,0,0,0,0,0,0,0,0,0,49.5,0.1010436819061196,5.0,0,1,0,0,0,0,0,14.0,34.5,222.5,0,Australian Open_2021,0,0,196.0,2.9299896854048484,8.584839556578803
714,Australian Open,2021,Hard,3,1,1,1,0,,0,0,0,0,0,0,0,0,0,0,0,0,56.0,0.02002366105860365,26.0,0,1,0,1,0,0,0,18.5,37.0,160.5,0,Australian Open_2021,1,1,342.25,5.429989685404848,29.484787983603045
715,Australian Open,2021,Hard,3,0,0,0,0,,0,0,0,0,0,0,0,0,0,1,1,1,87.0,0.09010695187165768,6.0,0,1,0,0,0,0,0,10.5,29.0,1.5,0,Australian Open_2021,0,0,110.25,-2.5700103145951516,6.60495301712547
716,Australian Open,2021,Hard,3,1,1,1,0,,0,0,0,1,0,0,0,0,0,0,0,0,43.5,0.03393586098448154,3.0,0,1,1,0,0,0,0,14.5,33.5,328.0,0,Australian Open_2021,1,1,210.25,1.9299896854048484,3.7248601857691055
717,Australian Open,2021,Hard,3,1,1,1,0,,0,0,0,0,0,0,0,0,0,1,1,1,172.0,0.1944146079484426,78.0,0,1,1,0,0,0,0,8.5,26.5,203.5,0,Australian Open_2021,1,1,72.25,-5.070010314595152,25.70500459010123
718,Australian Open,2021,Hard,3,1,1,1,0,,0,0,0,0,0,0,0,0,0,1,1,1,102.5,0.1006400276768726,13.0,0,1,1,0,0,0,0,12.0,33.0,38.5,0,Australian Open_2021,1,1,144.0,1.4299896854048484,2.044870500364257
719,Australian Open,2021,Hard,3,1,1,1,0,,0,0,0,1,1,1,0,0,0,0,0,0,510.0,0.009065825778478476,552.0,0,1,0,1,0,0,0,12.5,29.5,42.5,1,Australian Open_2021,1,1,156.25,-2.0700103145951516,4.284942702530318
720,Australian Open,2021,Hard,3,1,1,1,0,,0,0,0,1,1,1,0,0,0,1,1,1,232.5,0.06292270531400956,317.0,0,1,0,1,0,0,0,11.5,31.0,122.0,1,Australian Open_2021,1,1,132.25,-0.5700103145951516,0.3249117587448637
721,Australian Open,2021,Hard,4,1,1,1,0,,0,0,0,0,0,0,0,0,0,1,1,1,4.5,0.03741686333404848,3.0,0,1,1,0,0,0,0,11.5,30.5,510.0,0,Australian Open_2021,1,1,132.25,-1.0700103145951516,1.1449220733400154
722,Australian Open,2021,Hard,4,1,1,1,0,,0,0,0,0,0,0,0,0,0,0,1,1,13.5,0.06283712425079746,3.0,0,1,1,1,0,0,0,12.0,33.0,20.5,0,Australian Open_2021,1,1,144.0,1.4299896854048484,2.044870500364257
723,Australian Open,2021,Hard,4,1,1,1,0,,0,0,0,1,1,1,0,0,0,0,0,0,13.5,0.04913998809726816,17.0,0,1,0,0,0,0,0,18.5,37.0,56.0,1,Australian Open_2021,0,0,342.25,5.429989685404848,29.484787983603045
724,Australian Open,2021,Hard,4,0,0,0,0,,0,0,0,0,0,0,0,0,0,1,1,1,16.5,0.0790823211875844,17.0,0,1,0,0,0,0,0,16.0,34.5,172.0,0,Australian Open_2021,0,0,256.0,2.9299896854048484,8.584839556578803
725,Australian Open,2021,Hard,4,0,0,0,0,,0,0,0,0,0,0,0,0,0,0,0,0,16.5,0.004037674425954929,1.0,0,1,0,0,0,0,0,16.5,36.0,16.0,0,Australian Open_2021,0,0,272.25,4.429989685404848,19.62480861279335
726,Australian Open,2021,Hard,4,1,1,1,0,,0,0,0,1,1,1,0,0,0,0,0,0,49.5,0.1010436819061196,5.0,0,1,0,1,0,0,0,14.0,34.5,87.0,1,Australian Open_2021,1,1,196.0,2.9299896854048484,8.584839556578803
727,Australian Open,2021,Hard,4,0,0,0,0,,0,0,0,0,0,0,0,0,0,0,0,0,43.5,0.03393586098448154,3.0,0,1,0,0,0,0,0,14.5,33.5,232.5,0,Australian Open_2021,0,0,210.25,1.9299896854048484,3.7248601857691055
728,Australian Open,2021,Hard,4,1,1,1,0,,0,0,0,0,0,0,0,0,0,1,1,1,102.5,0.1006400276768726,13.0,0,1,1,0,0,0,0,12.0,33.0,8.0,0,Australian Open_2021,1,1,144.0,1.4299896854048484,2.044870500364257
729,Australian Open,2021,Hard,5,1,1,0,0,,1,0,0,1,0,0,0,0,0,1,1,1,4.5,0.03741686333404848,3.0,0,1,0,0,1,0,0,11.5,30.5,16.5,0,Australian Open_2021,0,1,132.25,-1.0700103145951516,1.1449220733400154
730,Australian Open,2021,Hard,5,1,1,1,0,,0,0,0,0,0,0,0,0,0,0,1,1,13.5,0.06283712425079746,3.0,0,1,1,0,0,0,0,12.0,33.0,43.5,0,Australian Open_2021,1,1,144.0,1.4299896854048484,2.044870500364257
731,Australian Open,2021,Hard,5,0,0,0,0,,0,0,0,0,0,0,0,0,0,0,0,0,13.5,0.04913998809726816,17.0,0,1,0,0,0,0,0,18.5,37.0,49.5,0,Australian Open_2021,0,0,342.25,5.429989685404848,29.484787983603045
732,Australian Open,2021,Hard,5,0,0,0,0,,0,0,0,1,0,0,0,0,0,0,0,0,16.5,0.004037674425954929,1.0,0,1,0,0,0,0,0,16.5,36.0,102.5,0,Australian Open_2021,0,0,272.25,4.429989685404848,19.62480861279335
733,Australian Open,2021,Hard,6,1,1,1,0,,0,0,0,0,0,0,0,0,0,0,1,1,13.5,0.06283712425079746,3.0,0,1,0,1,0,0,0,12.0,33.0,13.5,0,Australian Open_2021,1,1,144.0,1.4299896854048484,2.044870500364257
734,Australian Open,2021,Hard,6,0,0,0,0,,0,0,0,1,1,1,0,0,0,0,0,0,16.5,0.004037674425954929,1.0,0,1,0,0,0,0,0,16.5,36.0,4.5,1,Australian Open_2021,0,0,272.25,4.429989685404848,19.62480861279335
735,Australian Open,2021,Hard,7,0,0,0,0,,0,0,0,0,0,0,0,0,0,0,0,0,16.5,0.004037674425954929,1.0,0,1,0,0,0,0,0,16.5,36.0,13.5,0,Australian Open_2021,0,0,272.25,4.429989685404848,19.62480861279335
736,Olympics,2021,Hard,3,1,1,1,0,,0,0,0,0,0,0,0,0,1,1,1,1,1.5,0.03741686333404848,1.0,0,1,1,0,0,0,0,11.5,30.5,35.0,0,Olympics_2021,1,1,132.25,-1.0700103145951516,1.1449220733400154
737,Olympics,2021,Hard,3,0,0,0,0,,0,0,0,0,0,0,0,0,1,1,1,1,246.0,0.0507011866235168,152.0,0,1,0,0,0,0,0,5.0,22.5,156.5,0,Olympics_2021,0,0,25.0,-9.070010314595152,82.26508710686244
738,Olympics,2021,Hard,3,0,0,0,0,,0,0,0,0,0,0,0,0,1,1,1,1,431.0,0.03571428571428581,786.0,0,1,0,0,0,0,0,10.5,30.5,232.5,0,Olympics_2021,0,0,110.25,-1.0700103145951516,1.1449220733400154
739,Olympics,2021,Hard,3,1,1,1,1,3.0,0,0,0,1,1,1,0,0,1,1,1,1,19.0,0.03561869925952366,6.0,0,1,0,0,0,0,0,13.0,33.5,34.5,1,Olympics_2021,0,1,169.0,1.9299896854048484,3.7248601857691055
740,Olympics,2021,Hard,3,0,0,0,0,,0,0,0,0,0,0,0,0,1,1,1,1,137.0,0.1684749849306812,252.0,0,1,0,0,0,0,0,16.0,29.5,223.5,0,Olympics_2021,0,0,256.0,-2.0700103145951516,4.284942702530318
741,Olympics,2021,Hard,3,1,1,1,1,3.0,0,0,0,1,1,1,0,0,1,1,1,1,128.0,0.1939862718983711,160.0,0,1,0,1,0,0,0,9.5,30.5,33.5,1,Olympics_2021,1,1,90.25,-1.0700103145951516,1.1449220733400154
742,Olympics,2021,Hard,3,1,1,1,1,3.0,0,0,0,1,1,1,0,0,1,1,1,1,145.5,,183.0,0,1,0,1,0,0,0,16.0,34.5,42.0,1,Olympics_2021,1,1,256.0,2.9299896854048484,8.584839556578803
743,Olympics,2021,Hard,3,1,1,1,0,,0,0,0,0,0,0,0,0,1,1,1,1,91.5,0.03980996068152032,61.0,0,1,0,1,0,0,0,10.0,27.5,38.5,0,Olympics_2021,1,1,100.0,-4.070010314595152,16.564983960910926
744,Olympics,2021,Hard,3,1,1,1,0,,0,0,0,0,0,0,0,0,1,1,1,1,20.5,0.04917771232204227,13.0,0,1,0,1,0,0,0,15.5,36.0,32.5,0,Olympics_2021,1,1,240.25,4.429989685404848,19.62480861279335
745,Olympics,2021,Hard,3,1,1,1,0,,0,0,0,0,0,0,0,0,1,1,1,1,35.0,0.08071909042204894,30.0,0,1,0,1,0,0,0,12.5,33.0,1008.0,0,Olympics_2021,1,1,156.25,1.4299896854048484,2.044870500364257
746,Olympics,2021,Hard,3,0,0,0,0,,0,0,0,0,0,0,0,0,1,1,1,1,43.5,0.08539453834549438,1.0,0,1,0,0,0,0,0,19.5,38.0,146.0,0,Olympics_2021,0,0,380.25,6.429989685404848,41.34476735441274
747,Olympics,2021,Hard,3,0,0,0,0,,0,0,0,0,0,0,0,0,1,1,1,1,7.5,0.006430370146846442,1.0,0,1,0,0,0,0,0,13.5,34.5,152.5,0,Olympics_2021,0,0,182.25,2.9299896854048484,8.584839556578803
748,Olympics,2021,Hard,3,1,1,1,1,3.0,0,0,0,1,1,1,0,0,1,1,1,1,105.5,0.2272949658812926,191.0,0,1,0,1,0,0,0,11.5,30.0,83.0,1,Olympics_2021,1,1,132.25,-1.5700103145951516,2.464932387935167
749,Olympics,2021,Hard,3,0,0,0,0,,0,0,0,0,0,0,0,0,1,1,1,1,127.5,0.1221092681766839,231.0,0,1,0,0,0,0,0,16.5,34.5,572.5,0,Olympics_2021,0,0,272.25,2.9299896854048484,8.584839556578803
750,Olympics,2021,Hard,3,0,0,0,0,,0,0,0,0,0,0,0,0,1,1,1,1,23.0,0.02310606060606069,16.0,0,1,0,0,0,0,0,10.5,31.5,161.5,0,Olympics_2021,0,0,110.25,-0.07001031459515161,0.004901444149712099
751,Olympics,2021,Hard,3,0,0,0,0,,0,0,0,0,0,0,0,0,1,1,1,1,74.5,0.1545633853326161,131.0,0,1,0,0,0,0,0,11.5,31.5,4.5,0,Olympics_2021,0,0,132.25,-0.07001031459515161,0.004901444149712099
752,Olympics,2021,Hard,4,1,1,1,1,3.0,0,0,0,1,0,0,0,0,1,1,1,1,1.5,0.03741686333404848,1.0,0,1,0,0,0,0,0,11.5,30.5,246.0,0,Olympics_2021,0,1,132.25,-1.0700103145951516,1.1449220733400154
753,Olympics,2021,Hard,4,0,0,0,0,,0,0,0,0,0,0,0,0,1,1,1,1,431.0,0.03571428571428581,786.0,0,1,0,0,0,0,0,10.5,30.5,19.0,0,Olympics_2021,0,0,110.25,-1.0700103145951516,1.1449220733400154
754,Olympics,2021,Hard,4,1,1,1,1,3.0,0,0,0,1,1,1,0,0,1,1,1,1,128.0,0.1939862718983711,160.0,0,1,0,0,0,0,0,9.5,30.5,137.0,1,Olympics_2021,0,1,90.25,-1.0700103145951516,1.1449220733400154
755,Olympics,2021,Hard,4,0,0,0,0,,0,0,0,0,0,0,0,0,1,1,1,1,91.5,0.03980996068152032,61.0,0,1,0,0,0,0,0,10.0,27.5,145.5,0,Olympics_2021,0,0,100.0,-4.070010314595152,16.564983960910926
757,Olympics,2021,Hard,4,0,0,0,0,,0,0,0,0,0,0,0,0,1,1,1,1,7.5,0.006430370146846442,1.0,0,1,0,0,0,0,0,13.5,34.5,43.5,0,Olympics_2021,0,0,182.25,2.9299896854048484,8.584839556578803
758,Olympics,2021,Hard,4,0,0,0,0,,0,0,0,0,0,0,0,0,1,1,1,1,127.5,0.1221092681766839,231.0,0,1,0,0,0,0,0,16.5,34.5,105.5,0,Olympics_2021,0,0,272.25,2.9299896854048484,8.584839556578803
759,Olympics,2021,Hard,4,1,1,1,0,,0,0,0,0,0,0,0,0,1,1,1,1,74.5,0.1545633853326161,131.0,0,1,0,1,0,0,0,11.5,31.5,23.0,0,Olympics_2021,1,1,132.25,-0.07001031459515161,0.004901444149712099
760,Olympics,2021,Hard,6,1,1,1,0,,0,0,0,0,0,0,0,0,1,1,1,1,35.0,0.08071909042204894,30.0,0,1,1,0,0,0,0,12.5,33.0,128.0,0,Olympics_2021,1,1,156.25,1.4299896854048484,2.044870500364257
761,Olympics,2021,Hard,5,0,0,0,0,,0,0,0,0,0,0,0,0,1,1,1,1,1.5,0.03741686333404848,1.0,0,1,0,0,0,0,0,11.5,30.5,431.0,0,Olympics_2021,0,0,132.25,-1.0700103145951516,1.1449220733400154
762,Olympics,2021,Hard,5,1,1,1,0,,0,0,0,0,0,0,0,0,1,1,1,1,128.0,0.1939862718983711,160.0,0,1,0,1,0,0,0,9.5,30.5,91.5,0,Olympics_2021,1,1,90.25,-1.0700103145951516,1.1449220733400154
763,Olympics,2021,Hard,5,1,0,0,1,3.0,0,0,0,1,0,0,0,0,1,1,1,1,35.0,0.08071909042204894,30.0,0,1,0,0,0,0,0,12.5,33.0,7.5,0,Olympics_2021,0,1,156.25,1.4299896854048484,2.044870500364257
764,Olympics,2021,Hard,5,1,1,1,1,3.0,0,0,0,1,1,1,0,0,1,1,1,1,127.5,0.1221092681766839,231.0,0,1,0,1,0,0,0,16.5,34.5,74.5,1,Olympics_2021,1,1,272.25,2.9299896854048484,8.584839556578803
765,Olympics,2021,Hard,6,0,0,0,0,,0,0,0,0,0,0,0,0,1,1,1,1,1.5,0.03741686333404848,1.0,0,1,0,0,0,0,0,11.5,30.5,128.0,0,Olympics_2021,0,0,132.25,-1.0700103145951516,1.1449220733400154
766,Olympics,2021,Hard,6,0,0,0,0,,0,0,0,0,0,0,0,0,1,1,1,1,127.5,0.1221092681766839,231.0,0,1,0,0,0,0,0,16.5,34.5,35.0,0,Olympics_2021,0,0,272.25,2.9299896854048484,8.584839556578803
767,Olympics,2021,Hard,7,1,0,0,1,3.0,0,0,0,1,0,0,0,0,1,1,1,1,1.5,0.03741686333404848,1.0,0,1,0,0,0,0,0,11.5,30.5,127.5,0,Olympics_2021,0,1,132.25,-1.0700103145951516,1.1449220733400154
768,Roland Garros,2021,Clay,2,0,0,0,0,,0,0,0,0,0,0,0,0,0,1,1,1,320.5,0.04477611940298504,263.0,0,1,0,0,0,0,0,11.5,29.5,108.0,0,Roland Garros_2021,0,0,132.25,-2.0700103145951516,4.284942702530318
769,Roland Garros,2021,Clay,2,1,1,1,0,,0,0,0,1,0,0,0,0,0,1,1,1,663.5,0.05627705627705631,677.0,0,1,0,0,0,0,0,2.0,20.0,172.5,0,Roland Garros_2021,0,0,4.0,-11.570010314595152,133.8651386798382
770,Roland Garros,2021,Clay,2,0,0,0,0,,0,0,0,0,0,0,0,0,0,1,1,1,152.0,0.1939862718983711,218.0,0,1,0,0,0,0,0,9.5,30.5,180.0,0,Roland Garros_2021,0,0,90.25,-1.0700103145951516,1.1449220733400154
771,Roland Garros,2021,Clay,2,0,0,0,0,,0,0,0,0,0,0,0,0,0,1,1,1,30.5,0.006165839829907926,3.0,0,1,0,0,0,0,0,7.5,29.0,113.0,0,Roland Garros_2021,0,0,56.25,-2.5700103145951516,6.60495301712547
772,Roland Garros,2021,Clay,2,1,1,1,0,,1,0,0,1,1,1,0,0,0,0,0,0,40.0,0.1010436819061196,8.0,0,1,0,1,1,0,0,14.0,34.5,22.5,1,Roland Garros_2021,1,1,196.0,2.9299896854048484,8.584839556578803
773,Roland Garros,2021,Clay,2,1,1,1,0,,0,0,0,1,1,1,0,0,0,1,1,1,81.5,0.01827875095201831,35.0,0,1,0,1,0,0,0,9.0,26.5,110.0,1,Roland Garros_2021,1,1,81.0,-5.070010314595152,25.70500459010123
774,Roland Garros,2021,Clay,2,0,0,0,0,,0,0,0,0,0,0,0,0,0,0,0,0,38.5,0.08551013994417017,3.0,0,1,0,0,0,0,0,18.0,37.5,228.0,0,Roland Garros_2021,0,0,324.0,5.929989685404848,35.16477766900789
775,Roland Garros,2021,Clay,2,0,0,0,0,,0,0,0,0,0,0,0,0,0,1,1,1,153.0,0.06292270531400956,154.0,0,1,0,0,0,0,0,11.5,31.0,17.5,0,Roland Garros_2021,0,0,132.25,-0.5700103145951516,0.3249117587448637
776,Roland Garros,2021,Clay,2,0,0,0,0,,0,0,0,0,0,0,0,0,0,0,1,1,7.5,0.06283712425079746,1.0,0,1,0,0,0,0,0,12.0,33.0,200.5,0,Roland Garros_2021,0,0,144.0,1.4299896854048484,2.044870500364257
777,Roland Garros,2021,Clay,2,1,1,1,0,,0,0,0,0,0,0,0,0,0,0,0,0,45.5,0.1200601374570447,15.0,0,1,1,0,0,0,0,10.5,32.0,166.0,0,Roland Garros_2021,1,1,110.25,0.4299896854048484,0.1848911295545605
778,Roland Garros,2021,Clay,2,0,0,0,0,,0,0,0,1,0,0,0,0,0,0,1,1,93.5,0.0802888315451129,17.0,0,1,0,0,0,0,0,14.0,30.5,194.5,0,Roland Garros_2021,0,0,196.0,-1.0700103145951516,1.1449220733400154
779,Roland Garros,2021,Clay,2,0,0,0,0,,0,0,0,0,0,0,0,0,0,0,0,0,37.5,0.03393586098448154,7.0,0,1,0,0,0,0,0,14.5,33.5,331.0,0,Roland Garros_2021,0,0,210.25,1.9299896854048484,3.7248601857691055
780,Roland Garros,2021,Clay,2,0,0,0,0,,0,0,0,1,0,0,0,0,0,1,1,1,20.0,0.04917771232204227,14.0,0,1,0,0,0,0,0,15.5,36.0,260.5,0,Roland Garros_2021,0,0,240.25,4.429989685404848,19.62480861279335
781,Roland Garros,2021,Clay,2,0,0,0,0,,0,0,0,0,0,0,0,0,0,0,0,0,226.5,0.129585326953748,71.0,0,1,0,0,0,0,0,4.0,24.5,211.5,0,Roland Garros_2021,0,0,16.0,-7.070010314595152,49.98504584848183
782,Roland Garros,2021,Clay,2,1,1,1,0,,0,0,0,0,0,0,0,0,0,1,1,1,89.0,0.09010695187165768,18.0,0,1,1,0,0,0,0,10.5,29.0,129.0,0,Roland Garros_2021,1,1,110.25,-2.5700103145951516,6.60495301712547
783,Roland Garros,2021,Clay,2,1,1,1,0,,1,0,0,1,0,0,0,0,0,0,0,0,9.5,0.004037674425954929,1.0,0,1,0,0,1,0,0,16.5,36.0,67.0,0,Roland Garros_2021,0,1,272.25,4.429989685404848,19.62480861279335
784,Roland Garros,2021,Clay,2,0,0,0,0,,0,0,0,1,0,0,0,0,0,1,1,1,13.0,0.0790823211875844,14.0,0,1,0,0,0,0,0,16.0,34.5,124.5,0,Roland Garros_2021,0,0,256.0,2.9299896854048484,8.584839556578803
785,Roland Garros,2021,Clay,2,0,0,0,0,,0,0,0,0,0,0,0,0,0,0,1,1,644.0,0.04177545691906004,1132.0,0,1,0,0,0,0,0,15.5,34.0,159.0,0,Roland Garros_2021,0,0,240.25,2.4299896854048484,5.904849871173954
786,Roland Garros,2021,Clay,2,0,0,0,0,,0,0,0,0,0,0,0,0,0,0,0,0,49.0,0.001380515508955793,20.0,0,1,0,0,0,0,0,14.0,32.5,70.5,0,Roland Garros_2021,0,0,196.0,0.9299896854048484,0.8648808149594088
787,Roland Garros,2021,Clay,2,0,0,0,0,,0,0,0,1,1,1,0,0,0,0,1,1,20.0,0.00867823765020026,10.0,0,1,0,0,0,0,0,11.0,33.5,156.5,1,Roland Garros_2021,0,0,121.0,1.9299896854048484,3.7248601857691055
788,Roland Garros,2021,Clay,2,1,1,1,0,,0,0,0,1,1,1,0,0,0,1,1,1,29.0,0.02179137210984344,2.0,0,1,0,0,0,0,0,15.5,34.5,229.0,1,Roland Garros_2021,0,0,240.25,2.9299896854048484,8.584839556578803
789,Roland Garros,2021,Clay,2,0,0,0,0,,0,0,0,0,0,0,0,0,0,0,0,0,54.0,0.02002366105860365,14.0,0,1,0,0,0,0,0,18.5,37.0,154.0,0,Roland Garros_2021,0,0,342.25,5.429989685404848,29.484787983603045
790,Roland Garros,2021,Clay,2,1,1,1,0,,0,0,0,1,0,0,0,0,0,0,1,1,59.0,0.0513067008473973,14.0,0,1,0,0,0,0,0,13.5,31.0,862.0,0,Roland Garros_2021,0,0,182.25,-0.5700103145951516,0.3249117587448637
791,Roland Garros,2021,Clay,2,0,0,0,0,,0,0,0,0,0,0,0,0,0,0,1,1,8.0,0.01057318491443759,6.0,0,1,0,0,0,0,0,18.0,35.5,97.5,0,Roland Garros_2021,0,0,324.0,3.9299896854048484,15.4448189273885
792,Roland Garros,2021,Clay,2,1,1,1,0,,0,0,0,1,0,0,0,0,0,0,0,0,16.5,0.04913998809726816,9.0,0,1,1,0,0,0,0,18.5,37.0,59.5,0,Roland Garros_2021,1,1,342.25,5.429989685404848,29.484787983603045
793,Roland Garros,2021,Clay,2,0,0,0,0,,0,0,0,1,1,1,0,0,0,0,0,0,45.0,0.04032485181910472,24.0,0,1,0,0,0,0,0,23.0,41.0,52.0,1,Roland Garros_2021,0,0,529.0,9.429989685404848,88.92470546684183
794,Roland Garros,2021,Clay,2,0,0,0,0,,0,0,0,0,0,0,0,0,0,0,0,0,473.5,,137.0,0,1,0,0,0,0,0,13.5,32.0,79.0,0,Roland Garros_2021,0,0,182.25,0.4299896854048484,0.1848911295545605
795,Roland Garros,2021,Clay,2,1,1,0,0,,1,0,0,1,0,0,0,0,0,0,0,0,19.5,0.0004611330698287563,7.0,0,1,0,0,1,0,0,14.5,32.5,50.0,0,Roland Garros_2021,0,1,210.25,0.9299896854048484,0.8648808149594088
796,Roland Garros,2021,Clay,2,0,0,0,0,,0,0,0,0,0,0,0,0,0,0,0,0,33.0,0.1182914182006741,18.0,0,1,0,0,0,0,0,13.0,34.0,491.0,0,Roland Garros_2021,0,0,169.0,2.4299896854048484,5.904849871173954
797,Roland Garros,2021,Clay,2,1,1,1,0,,1,0,0,1,0,0,0,0,0,1,1,1,41.5,0.2293972044263251,13.0,0,1,0,0,1,0,0,7.0,25.0,150.5,0,Roland Garros_2021,0,1,49.0,-6.570010314595152,43.16503553388668
798,Roland Garros,2021,Clay,2,1,1,1,0,,0,0,0,0,0,0,0,0,0,1,1,1,380.0,0.1533333333333333,308.0,0,1,1,0,0,0,0,17.0,29.0,407.5,0,Roland Garros_2021,1,1,289.0,-2.5700103145951516,6.60495301712547
799,Roland Garros,2021,Clay,2,0,0,0,0,,0,0,0,0,0,0,0,0,0,1,1,1,3.5,0.006430370146846442,1.0,0,1,0,0,0,0,0,13.5,34.5,39.5,0,Roland Garros_2021,0,0,182.25,2.9299896854048484,8.584839556578803
800,Roland Garros,2021,Clay,3,0,0,0,0,,0,0,0,0,0,0,0,0,0,1,1,1,320.5,0.04477611940298504,263.0,0,1,0,0,0,0,0,11.5,29.5,663.5,0,Roland Garros_2021,0,0,132.25,-2.0700103145951516,4.284942702530318
801,Roland Garros,2021,Clay,3,0,0,0,0,,0,0,0,0,0,0,0,0,0,1,1,1,30.5,0.006165839829907926,3.0,0,1,0,0,0,0,0,7.5,29.0,152.0,0,Roland Garros_2021,0,0,56.25,-2.5700103145951516,6.60495301712547
802,Roland Garros,2021,Clay,3,1,1,1,0,,0,0,0,0,0,0,0,0,0,0,0,0,40.0,0.1010436819061196,8.0,0,1,1,0,0,0,0,14.0,34.5,81.5,0,Roland Garros_2021,1,1,196.0,2.9299896854048484,8.584839556578803
803,Roland Garros,2021,Clay,3,0,0,0,0,,0,0,0,0,0,0,0,0,0,0,0,0,38.5,0.08551013994417017,3.0,0,1,0,0,0,0,0,18.0,37.5,153.0,0,Roland Garros_2021,0,0,324.0,5.929989685404848,35.16477766900789
804,Roland Garros,2021,Clay,3,0,0,0,0,,0,0,0,0,0,0,0,0,0,0,0,0,45.5,0.1200601374570447,15.0,0,1,0,0,0,0,0,10.5,32.0,7.5,0,Roland Garros_2021,0,0,110.25,0.4299896854048484,0.1848911295545605
805,Roland Garros,2021,Clay,3,0,0,0,0,,0,0,0,0,0,0,0,0,0,0,1,1,93.5,0.0802888315451129,17.0,0,1,0,0,0,0,0,14.0,30.5,37.5,0,Roland Garros_2021,0,0,196.0,-1.0700103145951516,1.1449220733400154
806,Roland Garros,2021,Clay,3,1,1,1,0,,0,0,0,0,0,0,0,0,0,1,1,1,20.0,0.04917771232204227,14.0,0,1,0,1,0,0,0,15.5,36.0,226.5,0,Roland Garros_2021,1,1,240.25,4.429989685404848,19.62480861279335
807,Roland Garros,2021,Clay,3,1,1,1,0,,0,0,0,0,0,0,0,0,0,1,1,1,89.0,0.09010695187165768,18.0,0,1,1,0,0,0,0,10.5,29.0,9.5,0,Roland Garros_2021,1,1,110.25,-2.5700103145951516,6.60495301712547
808,Roland Garros,2021,Clay,3,0,0,0,0,,0,0,0,1,0,0,0,0,0,1,1,1,13.0,0.0790823211875844,14.0,0,1,0,0,0,0,0,16.0,34.5,644.0,0,Roland Garros_2021,0,0,256.0,2.9299896854048484,8.584839556578803
809,Roland Garros,2021,Clay,3,1,1,1,0,,0,0,0,0,0,0,0,0,0,0,0,0,49.0,0.001380515508955793,20.0,0,1,0,1,0,0,0,14.0,32.5,20.0,0,Roland Garros_2021,1,1,196.0,0.9299896854048484,0.8648808149594088
810,Roland Garros,2021,Clay,3,0,0,0,0,,0,0,0,0,0,0,0,0,0,0,0,0,54.0,0.02002366105860365,14.0,0,1,0,0,0,0,0,18.5,37.0,29.0,0,Roland Garros_2021,0,0,342.25,5.429989685404848,29.484787983603045
811,Roland Garros,2021,Clay,3,0,0,0,0,,0,0,0,1,0,0,0,0,0,0,1,1,59.0,0.0513067008473973,14.0,0,1,0,0,0,0,0,13.5,31.0,8.0,0,Roland Garros_2021,0,0,182.25,-0.5700103145951516,0.3249117587448637
812,Roland Garros,2021,Clay,3,0,0,0,0,,0,0,0,0,0,0,0,0,0,0,0,0,16.5,0.04913998809726816,9.0,0,1,0,0,0,0,0,18.5,37.0,45.0,0,Roland Garros_2021,0,0,342.25,5.429989685404848,29.484787983603045
813,Roland Garros,2021,Clay,3,0,0,0,0,,0,0,0,0,0,0,0,0,0,0,0,0,19.5,0.0004611330698287563,7.0,0,1,0,0,0,0,0,14.5,32.5,473.5,0,Roland Garros_2021,0,0,210.25,0.9299896854048484,0.8648808149594088
814,Roland Garros,2021,Clay,3,0,0,0,0,,0,0,0,1,1,1,0,0,0,1,1,1,41.5,0.2293972044263251,13.0,0,1,0,0,0,0,0,7.0,25.0,33.0,1,Roland Garros_2021,0,0,49.0,-6.570010314595152,43.16503553388668
815,Roland Garros,2021,Clay,3,1,1,1,0,,0,0,0,0,0,0,0,0,0,1,1,1,3.5,0.006430370146846442,1.0,0,1,1,0,0,0,0,13.5,34.5,380.0,0,Roland Garros_2021,1,1,182.25,2.9299896854048484,8.584839556578803
816,Roland Garros,2021,Clay,4,1,1,1,0,,0,0,0,0,0,0,0,0,0,1,1,1,320.5,0.04477611940298504,263.0,0,1,0,1,0,0,0,11.5,29.5,30.5,0,Roland Garros_2021,1,1,132.25,-2.0700103145951516,4.284942702530318
818,Roland Garros,2021,Clay,4,0,0,0,0,,0,0,0,0,0,0,0,0,0,0,0,0,45.5,0.1200601374570447,15.0,0,1,0,0,0,0,0,10.5,32.0,93.5,0,Roland Garros_2021,0,0,110.25,0.4299896854048484,0.1848911295545605
819,Roland Garros,2021,Clay,4,1,1,1,0,,0,0,0,1,0,0,0,0,0,1,1,1,89.0,0.09010695187165768,18.0,0,1,1,0,0,0,0,10.5,29.0,20.0,0,Roland Garros_2021,1,1,110.25,-2.5700103145951516,6.60495301712547
820,Roland Garros,2021,Clay,4,1,1,0,0,,1,0,0,1,1,1,0,0,0,1,1,1,13.0,0.0790823211875844,14.0,0,1,0,0,1,0,0,16.0,34.5,49.0,1,Roland Garros_2021,0,1,256.0,2.9299896854048484,8.584839556578803
821,Roland Garros,2021,Clay,4,0,0,0,0,,0,0,0,0,0,0,0,0,0,0,1,1,59.0,0.0513067008473973,14.0,0,1,0,0,0,0,0,13.5,31.0,54.0,0,Roland Garros_2021,0,0,182.25,-0.5700103145951516,0.3249117587448637
822,Roland Garros,2021,Clay,4,0,0,0,0,,0,0,0,1,0,0,0,0,0,0,0,0,19.5,0.0004611330698287563,7.0,0,1,0,0,0,0,0,14.5,32.5,16.5,0,Roland Garros_2021,0,0,210.25,0.9299896854048484,0.8648808149594088
823,Roland Garros,2021,Clay,4,0,0,0,0,,0,0,0,0,0,0,0,0,0,1,1,1,3.5,0.006430370146846442,1.0,0,1,0,0,0,0,0,13.5,34.5,41.5,0,Roland Garros_2021,0,0,182.25,2.9299896854048484,8.584839556578803
824,Roland Garros,2021,Clay,5,0,0,0,0,,0,0,0,0,0,0,0,0,0,1,1,1,320.5,0.04477611940298504,263.0,0,1,0,0,0,0,0,11.5,29.5,38.5,0,Roland Garros_2021,0,0,132.25,-2.0700103145951516,4.284942702530318
825,Roland Garros,2021,Clay,5,0,0,0,0,,0,0,0,0,0,0,0,0,0,1,1,1,89.0,0.09010695187165768,18.0,0,1,0,0,0,0,0,10.5,29.0,45.5,0,Roland Garros_2021,0,0,110.25,-2.5700103145951516,6.60495301712547
826,Roland Garros,2021,Clay,5,1,1,1,0,,0,0,0,0,0,0,0,0,0,1,1,1,13.0,0.0790823211875844,14.0,0,1,1,0,0,0,0,16.0,34.5,59.0,0,Roland Garros_2021,1,1,256.0,2.9299896854048484,8.584839556578803
827,Roland Garros,2021,Clay,5,1,1,1,0,,0,0,0,1,0,0,0,0,0,1,1,1,3.5,0.006430370146846442,1.0,0,1,0,0,0,0,0,13.5,34.5,19.5,0,Roland Garros_2021,0,0,182.25,2.9299896854048484,8.584839556578803
828,Roland Garros,2021,Clay,6,0,0,0,0,,0,0,0,1,1,1,0,0,0,1,1,1,89.0,0.09010695187165768,18.0,0,1,0,0,0,0,0,10.5,29.0,320.5,1,Roland Garros_2021,0,0,110.25,-2.5700103145951516,6.60495301712547
829,Roland Garros,2021,Clay,6,1,1,1,0,,0,0,0,1,1,1,0,0,0,1,1,1,13.0,0.0790823211875844,14.0,0,1,0,1,0,0,0,16.0,34.5,3.5,1,Roland Garros_2021,1,1,256.0,2.9299896854048484,8.584839556578803
830,Roland Garros,2021,Clay,7,1,1,1,0,,0,0,0,1,1,1,0,0,0,1,1,1,13.0,0.0790823211875844,14.0,0,1,0,1,0,0,0,16.0,34.5,89.0,1,Roland Garros_2021,1,1,256.0,2.9299896854048484,8.584839556578803
831,US Open,2021,Hard,2,0,0,0,0,,0,0,0,0,0,0,0,0,0,1,1,1,85.5,0.002501202501202449,7.0,0,1,0,0,0,0,0,5.0,28.0,1.5,0,US Open_2021,0,0,25.0,-3.5700103145951516,12.744973646315774
832,US Open,2021,Hard,2,0,0,0,0,,0,0,0,0,0,0,0,0,0,0,0,0,180.0,0.05315315315315311,210.0,0,1,0,0,0,0,0,14.0,31.5,50.0,0,US Open_2021,0,0,196.0,-0.07001031459515161,0.004901444149712099
833,US Open,2021,Hard,2,1,1,1,0,,1,0,0,1,1,1,0,0,0,1,1,1,131.0,0.003331403948807043,70.0,0,1,0,0,1,0,0,12.0,33.0,32.0,1,US Open_2021,0,1,144.0,1.4299896854048484,2.044870500364257
834,US Open,2021,Hard,2,1,1,1,0,,0,0,0,0,0,0,0,0,0,0,0,0,30.5,0.02002366105860365,7.0,0,1,1,0,0,0,0,18.5,37.0,90.5,0,US Open_2021,1,1,342.25,5.429989685404848,29.484787983603045
835,US Open,2021,Hard,2,1,1,1,0,,1,0,0,1,0,0,0,0,0,0,0,0,26.5,0.1182914182006741,7.0,0,1,0,0,1,0,0,13.0,34.0,261.5,0,US Open_2021,0,1,169.0,2.4299896854048484,5.904849871173954
836,US Open,2021,Hard,2,0,0,0,0,,0,0,0,1,1,1,0,0,0,0,1,1,58.0,0.01370293451951354,8.0,0,1,0,0,0,0,0,18.0,35.5,122.0,1,US Open_2021,0,0,324.0,3.9299896854048484,15.4448189273885
837,US Open,2021,Hard,2,1,1,1,0,,0,0,0,0,0,0,0,0,0,0,0,0,134.0,0.04870557261956998,80.0,0,1,0,1,0,0,0,17.0,34.5,372.0,0,US Open_2021,1,1,289.0,2.9299896854048484,8.584839556578803
838,US Open,2021,Hard,2,0,0,0,0,,0,0,0,0,0,0,0,0,0,0,0,0,15.5,0.0004611330698287563,5.0,0,1,0,0,0,0,0,14.5,32.5,288.5,0,US Open_2021,0,0,210.25,0.9299896854048484,0.8648808149594088
839,US Open,2021,Hard,2,0,0,0,0,,0,0,0,0,0,0,0,0,0,0,1,1,6.5,0.06283712425079746,1.0,0,1,0,0,0,0,0,12.0,33.0,266.5,0,US Open_2021,0,0,144.0,1.4299896854048484,2.044870500364257
840,US Open,2021,Hard,2,0,0,0,0,,0,0,0,0,0,0,0,0,0,0,0,0,199.0,0.009065825778478476,46.0,0,1,0,0,0,0,0,12.5,29.5,105.0,0,US Open_2021,0,0,156.25,-2.0700103145951516,4.284942702530318
842,US Open,2021,Hard,2,1,1,0,0,,1,0,0,1,1,1,0,0,0,0,0,0,30.0,0.02504245878110745,36.0,0,1,0,0,1,0,0,17.5,38.5,221.5,1,US Open_2021,0,1,306.25,6.929989685404848,48.02475703981759
843,US Open,2021,Hard,2,1,1,1,0,,0,0,0,0,0,0,0,0,0,1,1,1,124.5,0.03613892365456817,23.0,0,1,1,0,0,0,0,7.0,28.5,19.5,0,US Open_2021,1,1,49.0,-3.0700103145951516,9.424963331720623
844,US Open,2021,Hard,2,1,1,0,0,,1,0,0,1,0,0,0,0,0,0,1,1,53.5,0.02477494732809804,19.0,0,1,0,0,1,0,0,9.0,33.0,60.5,0,US Open_2021,0,1,81.0,1.4299896854048484,2.044870500364257
845,US Open,2021,Hard,2,1,1,1,0,,0,0,0,0,0,0,0,0,0,1,1,1,55.5,0.1046124124607583,27.0,0,1,1,1,0,0,0,10.0,28.5,341.5,0,US Open_2021,1,1,100.0,-3.0700103145951516,9.424963331720623
846,US Open,2021,Hard,2,1,1,1,0,,0,0,0,1,0,0,0,0,0,1,1,1,82.5,0.06932773109243712,53.0,0,1,0,0,0,0,0,7.0,25.0,9.0,0,US Open_2021,0,0,49.0,-6.570010314595152,43.16503553388668
847,US Open,2021,Hard,2,0,0,0,0,,0,0,0,0,0,0,0,0,0,0,0,0,19.5,0.01226670722707635,11.0,0,1,0,0,0,0,0,13.0,34.5,59.5,0,US Open_2021,0,0,169.0,2.9299896854048484,8.584839556578803
848,US Open,2021,Hard,2,1,1,1,0,,0,0,0,1,0,0,0,0,0,0,1,1,169.5,0.04177545691906004,209.0,0,1,0,0,0,0,0,15.5,34.0,43.5,0,US Open_2021,0,0,240.25,2.4299896854048484,5.904849871173954
849,US Open,2021,Hard,2,0,0,0,0,,0,0,0,0,0,0,0,0,0,1,1,1,114.5,0.1553061224489796,13.0,0,1,0,0,0,0,0,5.5,28.0,908.0,0,US Open_2021,0,0,30.25,-3.5700103145951516,12.744973646315774
850,US Open,2021,Hard,2,1,1,1,0,,0,0,0,0,0,0,0,0,0,1,1,1,25.5,0.04917771232204227,19.0,0,1,1,0,0,0,0,15.5,36.0,125.5,0,US Open_2021,1,1,240.25,4.429989685404848,19.62480861279335
851,US Open,2021,Hard,2,0,0,0,0,,0,0,0,0,0,0,0,0,0,0,0,0,31.0,0.1248251748251749,14.0,0,1,0,0,0,0,0,12.0,32.5,325.0,0,US Open_2021,0,0,144.0,0.9299896854048484,0.8648808149594088
852,US Open,2021,Hard,2,1,1,1,0,,0,0,0,1,1,1,0,0,0,0,1,1,46.0,0.0513067008473973,12.0,0,1,0,0,0,0,0,13.5,31.0,147.5,1,US Open_2021,0,0,182.25,-0.5700103145951516,0.3249117587448637
854,US Open,2021,Hard,2,0,0,0,0,,0,0,0,0,0,0,0,0,0,1,1,1,6.0,0.0790823211875844,6.0,0,1,0,0,0,0,0,16.0,34.5,944.5,0,US Open_2021,0,0,256.0,2.9299896854048484,8.584839556578803
855,US Open,2021,Hard,2,0,0,0,0,,0,0,0,0,0,0,0,0,0,0,0,0,16.5,0.04913998809726816,11.0,0,1,0,0,0,0,0,18.5,37.0,272.5,0,US Open_2021,0,0,342.25,5.429989685404848,29.484787983603045
856,US Open,2021,Hard,2,0,0,0,0,,0,0,0,1,1,1,0,0,0,1,1,1,483.5,0.2380952380952381,577.0,0,1,0,0,0,0,0,6.5,26.5,128.5,1,US Open_2021,0,0,42.25,-5.070010314595152,25.70500459010123
857,US Open,2021,Hard,2,0,0,0,0,,0,0,0,0,0,0,0,0,0,0,1,1,72.5,0.06160479391990648,111.0,0,1,0,0,0,0,0,9.5,30.5,341.5,0,US Open_2021,0,0,90.25,-1.0700103145951516,1.1449220733400154
859,US Open,2021,Hard,2,0,0,0,0,,0,0,0,0,0,0,0,0,0,1,1,1,31.5,0.006165839829907926,1.0,0,1,0,0,0,0,0,7.5,29.0,605.0,0,US Open_2021,0,0,56.25,-2.5700103145951516,6.60495301712547
860,US Open,2021,Hard,2,0,0,0,0,,0,0,0,1,0,0,0,0,0,0,0,0,65.5,0.01651973786862226,17.0,0,1,0,0,0,0,0,23.0,33.5,48.0,0,US Open_2021,0,0,529.0,1.9299896854048484,3.7248601857691055
861,US Open,2021,Hard,2,1,1,1,0,,0,0,0,1,0,0,0,0,0,1,1,1,46.0,0.02179137210984344,18.0,0,1,0,0,0,0,0,15.5,34.5,61.5,0,US Open_2021,0,0,240.25,2.9299896854048484,8.584839556578803
862,US Open,2021,Hard,2,0,0,0,0,,0,0,0,0,0,0,0,0,0,0,1,1,4.5,0.01057318491443759,1.0,0,1,0,0,0,0,0,18.0,35.5,184.0,0,US Open_2021,0,0,324.0,3.9299896854048484,15.4448189273885
863,US Open,2021,Hard,3,0,0,0,0,,0,0,0,0,0,0,0,0,0,0,0,0,180.0,0.05315315315315311,210.0,0,1,0,0,0,0,0,14.0,31.5,85.5,0,US Open_2021,0,0,196.0,-0.07001031459515161,0.004901444149712099
864,US Open,2021,Hard,3,1,1,1,0,,0,0,0,0,0,0,0,0,0,1,1,1,131.0,0.003331403948807043,70.0,0,1,1,0,0,0,0,12.0,33.0,30.5,0,US Open_2021,1,1,144.0,1.4299896854048484,2.044870500364257
865,US Open,2021,Hard,3,1,1,0,0,,1,0,0,1,0,0,0,0,0,0,1,1,58.0,0.01370293451951354,8.0,0,1,0,0,1,0,0,18.0,35.5,26.5,0,US Open_2021,0,1,324.0,3.9299896854048484,15.4448189273885
866,US Open,2021,Hard,3,1,1,1,0,,0,0,0,0,0,0,0,0,0,0,0,0,15.5,0.0004611330698287563,5.0,0,1,1,1,0,0,0,14.5,32.5,134.0,0,US Open_2021,1,1,210.25,0.9299896854048484,0.8648808149594088
867,US Open,2021,Hard,3,0,0,0,0,,0,0,0,0,0,0,0,0,0,0,1,1,6.5,0.06283712425079746,1.0,0,1,0,0,0,0,0,12.0,33.0,199.0,0,US Open_2021,0,0,144.0,1.4299896854048484,2.044870500364257
868,US Open,2021,Hard,3,0,0,0,0,,0,0,0,1,0,0,0,0,0,0,0,0,30.0,0.02504245878110745,36.0,0,1,0,0,0,0,0,17.5,38.5,133.0,0,US Open_2021,0,0,306.25,6.929989685404848,48.02475703981759
869,US Open,2021,Hard,3,1,1,1,0,,0,0,0,0,0,0,0,0,0,1,1,1,124.5,0.03613892365456817,23.0,0,1,1,0,0,0,0,7.0,28.5,53.5,0,US Open_2021,1,1,49.0,-3.0700103145951516,9.424963331720623
870,US Open,2021,Hard,3,1,1,1,0,,0,0,0,0,0,0,0,0,0,1,1,1,55.5,0.1046124124607583,27.0,0,1,0,1,0,0,0,10.0,28.5,82.5,0,US Open_2021,1,1,100.0,-3.0700103145951516,9.424963331720623
871,US Open,2021,Hard,3,1,1,1,0,,0,0,0,0,0,0,0,0,0,0,0,0,19.5,0.01226670722707635,11.0,0,1,1,0,0,0,0,13.0,34.5,169.5,0,US Open_2021,1,1,169.0,2.9299896854048484,8.584839556578803
872,US Open,2021,Hard,3,1,1,1,0,,0,0,0,0,0,0,0,0,0,1,1,1,25.5,0.04917771232204227,19.0,0,1,0,1,0,0,0,15.5,36.0,114.5,0,US Open_2021,1,1,240.25,4.429989685404848,19.62480861279335
873,US Open,2021,Hard,3,0,0,0,0,,0,0,0,0,0,0,0,0,0,0,0,0,31.0,0.1248251748251749,14.0,0,1,0,0,0,0,0,12.0,32.5,46.0,0,US Open_2021,0,0,144.0,0.9299896854048484,0.8648808149594088
874,US Open,2021,Hard,3,1,1,1,0,,1,0,0,1,0,0,0,0,0,1,1,1,6.0,0.0790823211875844,6.0,0,1,0,0,1,0,0,16.0,34.5,47.0,0,US Open_2021,0,1,256.0,2.9299896854048484,8.584839556578803
875,US Open,2021,Hard,3,1,1,1,0,,0,0,0,0,0,0,0,0,0,0,0,0,16.5,0.04913998809726816,11.0,0,1,1,0,0,0,0,18.5,37.0,483.5,0,US Open_2021,1,1,342.25,5.429989685404848,29.484787983603045
877,US Open,2021,Hard,3,1,1,0,0,,1,0,0,1,1,1,0,0,0,0,0,0,65.5,0.01651973786862226,17.0,0,1,0,0,1,0,0,23.0,33.5,31.5,1,US Open_2021,0,1,529.0,1.9299896854048484,3.7248601857691055
878,US Open,2021,Hard,3,1,1,1,0,,1,0,0,1,1,1,0,0,0,0,1,1,4.5,0.01057318491443759,1.0,0,1,0,0,1,0,0,18.0,35.5,46.0,1,US Open_2021,0,1,324.0,3.9299896854048484,15.4448189273885
879,US Open,2021,Hard,4,0,0,0,0,,0,0,0,0,0,0,0,0,0,1,1,1,131.0,0.003331403948807043,70.0,0,1,0,0,0,0,0,12.0,33.0,180.0,0,US Open_2021,0,0,144.0,1.4299896854048484,2.044870500364257
880,US Open,2021,Hard,4,1,1,1,0,,0,0,0,0,0,0,0,0,0,0,0,0,15.5,0.0004611330698287563,5.0,0,1,0,1,0,0,0,14.5,32.5,58.0,0,US Open_2021,1,1,210.25,0.9299896854048484,0.8648808149594088
881,US Open,2021,Hard,4,1,1,1,0,,1,0,0,1,1,1,0,0,0,0,1,1,6.5,0.06283712425079746,1.0,0,1,0,0,1,0,0,12.0,33.0,30.0,1,US Open_2021,0,1,144.0,1.4299896854048484,2.044870500364257
882,US Open,2021,Hard,4,0,0,0,0,,0,0,0,0,0,0,0,0,0,1,1,1,55.5,0.1046124124607583,27.0,0,1,0,0,0,0,0,10.0,28.5,124.5,0,US Open_2021,0,0,100.0,-3.0700103145951516,9.424963331720623
883,US Open,2021,Hard,4,0,0,0,0,,0,0,0,1,1,1,0,0,0,0,0,0,19.5,0.01226670722707635,11.0,0,1,0,0,0,0,0,13.0,34.5,25.5,1,US Open_2021,0,0,169.0,2.9299896854048484,8.584839556578803
884,US Open,2021,Hard,4,0,0,0,0,,0,0,0,1,1,1,0,0,0,1,1,1,6.0,0.0790823211875844,6.0,0,1,0,0,0,0,0,16.0,34.5,31.0,1,US Open_2021,0,0,256.0,2.9299896854048484,8.584839556578803
885,US Open,2021,Hard,4,1,1,1,0,,0,0,0,1,0,0,0,0,0,0,0,0,16.5,0.04913998809726816,11.0,0,1,1,0,0,0,0,18.5,37.0,197.0,0,US Open_2021,1,1,342.25,5.429989685404848,29.484787983603045
886,US Open,2021,Hard,4,0,0,0,0,,0,0,0,0,0,0,0,0,0,0,1,1,4.5,0.01057318491443759,1.0,0,1,0,0,0,0,0,18.0,35.5,65.5,0,US Open_2021,0,0,324.0,3.9299896854048484,15.4448189273885
887,US Open,2021,Hard,5,1,1,1,0,,0,0,0,0,0,0,0,0,0,1,1,1,131.0,0.003331403948807043,70.0,0,1,0,1,0,0,0,12.0,33.0,15.5,0,US Open_2021,1,1,144.0,1.4299896854048484,2.044870500364257
888,US Open,2021,Hard,5,1,1,1,0,,1,0,0,1,0,0,0,0,0,0,1,1,6.5,0.06283712425079746,1.0,0,1,1,0,1,0,0,12.0,33.0,55.5,0,US Open_2021,1,1,144.0,1.4299896854048484,2.044870500364257
889,US Open,2021,Hard,5,0,0,0,0,,0,0,0,0,0,0,0,0,0,0,0,0,19.5,0.01226670722707635,11.0,0,1,0,0,0,0,0,13.0,34.5,6.0,0,US Open_2021,0,0,169.0,2.9299896854048484,8.584839556578803
890,US Open,2021,Hard,5,1,1,1,0,,0,0,0,1,1,1,0,0,0,0,0,0,16.5,0.04913998809726816,11.0,0,1,0,0,0,0,0,18.5,37.0,4.5,1,US Open_2021,0,0,342.25,5.429989685404848,29.484787983603045
891,US Open,2021,Hard,6,1,1,1,0,,0,0,0,0,0,0,0,0,0,0,1,1,6.5,0.06283712425079746,1.0,0,1,1,0,0,0,0,12.0,33.0,131.0,0,US Open_2021,1,1,144.0,1.4299896854048484,2.044870500364257
892,US Open,2021,Hard,6,0,0,0,0,,0,0,0,1,0,0,0,0,0,0,0,0,16.5,0.04913998809726816,11.0,0,1,0,0,0,0,0,18.5,37.0,19.5,0,US Open_2021,0,0,342.25,5.429989685404848,29.484787983603045
893,US Open,2021,Hard,7,0,0,0,0,,0,0,0,1,1,1,0,0,0,0,1,1,6.5,0.06283712425079746,1.0,0,1,0,0,0,0,0,12.0,33.0,16.5,1,US Open_2021,0,0,144.0,1.4299896854048484,2.044870500364257
894,Wimbledon,2021,Grass,2,0,0,0,0,,0,0,0,0,0,0,0,0,0,1,1,1,2.0,0.03741686333404848,2.0,0,1,0,0,0,0,0,11.5,30.5,76.5,0,Wimbledon_2021,0,0,132.25,-1.0700103145951516,1.1449220733400154
895,Wimbledon,2021,Grass,2,1,1,1,0,,0,0,0,0,0,0,0,0,0,1,1,1,79.0,0.01827875095201831,22.0,0,1,1,0,0,0,0,9.0,26.5,712.5,0,Wimbledon_2021,1,1,81.0,-5.070010314595152,25.70500459010123
896,Wimbledon,2021,Grass,2,1,1,1,0,,0,0,0,0,0,0,0,0,0,0,1,1,51.0,0.0513067008473973,12.0,0,1,1,0,0,0,0,13.5,31.0,656.5,0,Wimbledon_2021,1,1,182.25,-0.5700103145951516,0.3249117587448637
897,Wimbledon,2021,Grass,2,0,0,0,0,,0,0,0,1,0,0,0,0,0,0,0,0,36.0,0.03393586098448154,10.0,0,1,0,0,0,0,0,14.5,33.5,722.5,0,Wimbledon_2021,0,0,210.25,1.9299896854048484,3.7248601857691055
898,Wimbledon,2021,Grass,2,0,0,0,0,,0,0,0,1,1,1,0,0,0,0,0,0,91.0,0.02743182053526882,16.0,0,1,0,0,0,0,0,9.5,30.0,20.5,1,Wimbledon_2021,0,0,90.25,-1.5700103145951516,2.464932387935167
899,Wimbledon,2021,Grass,2,1,1,1,0,,0,0,0,0,0,0,0,0,0,1,1,1,856.0,0.3,374.0,0,1,1,0,0,0,0,1.0,22.0,247.5,0,Wimbledon_2021,1,1,1.0,-9.570010314595152,91.58509742145759
900,Wimbledon,2021,Grass,2,1,1,1,0,,0,0,0,1,0,0,0,0,0,1,1,1,63.5,0.06080233079336622,57.0,0,1,1,0,0,0,0,19.0,34.0,64.5,0,Wimbledon_2021,1,1,361.0,2.4299896854048484,5.904849871173954
901,Wimbledon,2021,Grass,2,0,0,0,0,,0,0,0,1,0,0,0,0,0,0,0,0,18.0,0.005113704012382425,2.0,0,1,0,0,0,0,0,21.0,38.5,82.5,0,Wimbledon_2021,0,0,441.0,6.929989685404848,48.02475703981759
902,Wimbledon,2021,Grass,2,0,0,0,0,,0,0,0,0,0,0,0,0,0,1,1,1,4.5,0.006430370146846442,1.0,0,1,0,0,0,0,0,13.5,34.5,313.0,0,Wimbledon_2021,0,0,182.25,2.9299896854048484,8.584839556578803
903,Wimbledon,2021,Grass,2,0,0,0,0,,0,0,0,1,0,0,0,0,0,1,1,1,138.5,0.305835892935498,99.0,0,1,0,0,0,0,0,10.0,26.0,67.5,0,Wimbledon_2021,0,0,100.0,-5.570010314595152,31.02501490469638
904,Wimbledon,2021,Grass,2,1,1,1,0,,0,0,0,0,0,0,0,0,0,1,1,1,64.0,0.03253241800152551,6.0,0,1,1,0,0,0,0,8.0,30.5,841.0,0,Wimbledon_2021,1,1,64.0,-1.0700103145951516,1.1449220733400154
905,Wimbledon,2021,Grass,2,1,1,1,0,,0,0,0,1,1,1,0,0,0,1,1,1,37.5,0.2293972044263251,11.0,0,1,0,1,0,0,0,7.0,25.0,135.5,1,Wimbledon_2021,1,1,49.0,-6.570010314595152,43.16503553388668
906,Wimbledon,2021,Grass,2,1,1,1,1,3.0,0,0,0,1,1,1,0,0,0,1,1,1,71.5,0.1006400276768726,3.0,0,1,0,1,0,0,0,12.0,33.0,27.5,1,Wimbledon_2021,1,1,144.0,1.4299896854048484,2.044870500364257
907,Wimbledon,2021,Grass,2,1,1,1,0,,0,0,0,0,0,0,0,0,0,0,1,1,52.5,0.06084306095979247,1.0,0,1,0,1,0,0,0,11.5,32.0,61.5,0,Wimbledon_2021,1,1,132.25,0.4299896854048484,0.1848911295545605
908,Wimbledon,2021,Grass,2,0,0,0,0,,0,0,0,1,1,1,0,0,0,0,0,0,370.5,0.01818181818181819,171.0,1,1,0,0,0,0,0,12.0,29.5,248.5,1,Wimbledon_2021,0,0,144.0,-2.0700103145951516,4.284942702530318
909,Wimbledon,2021,Grass,2,0,0,0,0,,0,0,0,0,0,0,0,0,0,0,1,1,11.5,0.06283712425079746,1.0,0,1,0,0,0,0,0,12.0,33.0,941.0,0,Wimbledon_2021,0,0,144.0,1.4299896854048484,2.044870500364257
910,Wimbledon,2021,Grass,2,0,0,0,0,,0,0,0,0,0,0,0,0,0,0,0,0,8.5,0.004037674425954929,1.0,0,1,0,0,0,0,0,16.5,36.0,256.0,0,Wimbledon_2021,0,0,272.25,4.429989685404848,19.62480861279335
911,Wimbledon,2021,Grass,2,1,1,1,0,,0,0,0,0,0,0,0,0,0,0,0,0,163.0,0.01503213767364708,18.0,0,1,0,1,0,0,0,5.5,25.0,224.0,0,Wimbledon_2021,1,1,30.25,-6.570010314595152,43.16503553388668
912,Wimbledon,2021,Grass,2,1,0,0,1,3.0,0,0,0,1,0,0,0,0,0,0,0,0,142.5,0.05161290322580636,125.0,0,1,0,0,0,0,0,4.5,25.0,244.0,0,Wimbledon_2021,0,1,20.25,-6.570010314595152,43.16503553388668
913,Wimbledon,2021,Grass,2,1,1,1,0,,0,0,0,0,0,0,0,0,0,0,0,0,20.5,0.0004611330698287563,1.0,0,1,0,1,0,0,0,14.5,32.5,202.5,0,Wimbledon_2021,1,1,210.25,0.9299896854048484,0.8648808149594088
914,Wimbledon,2021,Grass,2,0,0,0,0,,0,0,0,0,0,0,0,0,0,0,0,0,42.5,0.04032485181910472,25.0,0,1,0,0,0,0,0,23.0,41.0,28.5,0,Wimbledon_2021,0,0,529.0,9.429989685404848,88.92470546684183
915,Wimbledon,2021,Grass,2,1,1,1,0,,0,0,0,0,0,0,0,0,0,0,1,1,924.5,0.1734693877551021,1181.0,0,1,0,1,0,0,0,5.0,23.0,130.0,0,Wimbledon_2021,1,1,25.0,-8.570010314595152,73.44507679226729
916,Wimbledon,2021,Grass,2,0,0,0,0,,0,0,0,0,0,0,0,0,0,1,1,1,42.0,0.1482898289828982,48.0,0,1,0,0,0,0,0,11.5,35.0,367.0,0,Wimbledon_2021,0,0,132.25,3.4299896854048484,11.764829241983652
917,Wimbledon,2021,Grass,2,0,0,0,0,,0,0,0,0,0,0,0,0,0,0,1,1,8.5,0.01057318491443759,3.0,0,1,0,0,0,0,0,18.0,35.5,140.0,0,Wimbledon_2021,0,0,324.0,3.9299896854048484,15.4448189273885
918,Wimbledon,2021,Grass,2,1,1,1,0,,0,0,0,1,0,0,0,0,0,0,0,0,17.5,0.04913998809726816,9.0,0,1,0,0,0,0,0,18.5,37.0,139.5,0,Wimbledon_2021,0,0,342.25,5.429989685404848,29.484787983603045
919,Wimbledon,2021,Grass,2,1,1,1,0,,0,0,0,1,1,1,0,0,0,0,0,0,42.0,0.07398268398268404,4.0,0,1,0,0,0,0,0,16.0,34.0,51.5,1,Wimbledon_2021,0,0,256.0,2.4299896854048484,5.904849871173954
920,Wimbledon,2021,Grass,2,1,1,1,0,,0,0,0,1,0,0,0,0,0,0,0,0,41.0,0.02002366105860365,10.0,0,1,0,0,0,0,0,18.5,37.0,260.5,0,Wimbledon_2021,0,0,342.25,5.429989685404848,29.484787983603045
921,Wimbledon,2021,Grass,2,1,1,1,0,,0,0,0,0,0,0,0,0,0,0,0,0,24.0,,18.0,0,1,1,0,0,0,0,13.0,31.0,57.0,0,Wimbledon_2021,1,1,169.0,-0.5700103145951516,0.3249117587448637
922,Wimbledon,2021,Grass,2,1,1,1,0,,0,0,0,1,1,1,0,0,0,0,0,0,35.0,0.1182914182006741,24.0,0,1,0,0,0,0,0,13.0,34.0,71.5,1,Wimbledon_2021,0,0,169.0,2.4299896854048484,5.904849871173954
923,Wimbledon,2021,Grass,2,1,1,1,1,3.0,0,0,0,1,0,0,0,0,0,0,0,0,258.0,0.1614035087719298,194.0,0,1,1,0,0,0,0,9.5,29.0,93.0,0,Wimbledon_2021,1,1,90.25,-2.5700103145951516,6.60495301712547
924,Wimbledon,2021,Grass,2,0,0,0,0,,0,0,0,0,0,0,0,0,0,1,1,1,47.5,0.02179137210984344,21.0,0,1,0,0,0,0,0,15.5,34.5,132.5,0,Wimbledon_2021,0,0,240.25,2.9299896854048484,8.584839556578803
925,Wimbledon,2021,Grass,2,0,0,0,0,,0,0,0,0,0,0,0,0,0,1,1,1,4.0,0.0790823211875844,4.0,0,1,0,0,0,0,0,16.0,34.5,385.0,0,Wimbledon_2021,0,0,256.0,2.9299896854048484,8.584839556578803
926,Wimbledon,2021,Grass,3,0,0,0,0,,0,0,0,0,0,0,0,0,0,1,1,1,2.0,0.03741686333404848,2.0,0,1,0,0,0,0,0,11.5,30.5,79.0,0,Wimbledon_2021,0,0,132.25,-1.0700103145951516,1.1449220733400154
927,Wimbledon,2021,Grass,3,0,0,0,0,,0,0,0,1,0,0,0,0,0,0,1,1,51.0,0.0513067008473973,12.0,0,1,0,0,0,0,0,13.5,31.0,36.0,0,Wimbledon_2021,0,0,182.25,-0.5700103145951516,0.3249117587448637
928,Wimbledon,2021,Grass,3,1,0,0,1,3.0,0,0,0,1,1,1,0,0,0,0,0,0,91.0,0.02743182053526882,16.0,0,1,0,0,0,0,0,9.5,30.0,856.0,1,Wimbledon_2021,0,1,90.25,-1.5700103145951516,2.464932387935167
929,Wimbledon,2021,Grass,3,0,0,0,0,,0,0,0,0,0,0,0,0,0,0,0,0,18.0,0.005113704012382425,2.0,0,1,0,0,0,0,0,21.0,38.5,63.5,0,Wimbledon_2021,0,0,441.0,6.929989685404848,48.02475703981759
930,Wimbledon,2021,Grass,3,1,1,1,0,,0,0,0,0,0,0,0,0,0,1,1,1,4.5,0.006430370146846442,1.0,0,1,0,1,0,0,0,13.5,34.5,138.5,0,Wimbledon_2021,1,1,182.25,2.9299896854048484,8.584839556578803
931,Wimbledon,2021,Grass,3,0,0,0,0,,0,0,0,0,0,0,0,0,0,1,1,1,37.5,0.2293972044263251,11.0,0,1,0,0,0,0,0,7.0,25.0,64.0,0,Wimbledon_2021,0,0,49.0,-6.570010314595152,43.16503553388668
932,Wimbledon,2021,Grass,3,1,1,1,0,,0,0,0,1,0,0,0,0,0,0,1,1,52.5,0.06084306095979247,1.0,0,1,1,0,0,0,0,11.5,32.0,71.5,0,Wimbledon_2021,1,1,132.25,0.4299896854048484,0.1848911295545605
933,Wimbledon,2021,Grass,3,0,0,0,0,,0,0,0,0,0,0,0,0,0,0,1,1,11.5,0.06283712425079746,1.0,0,1,0,0,0,0,0,12.0,33.0,370.5,0,Wimbledon_2021,0,0,144.0,1.4299896854048484,2.044870500364257
934,Wimbledon,2021,Grass,3,1,1,1,0,,0,0,0,1,0,0,0,0,0,0,0,0,163.0,0.01503213767364708,18.0,0,1,1,0,0,0,0,5.5,25.0,8.5,0,Wimbledon_2021,1,1,30.25,-6.570010314595152,43.16503553388668
935,Wimbledon,2021,Grass,3,1,1,1,0,,0,0,0,0,0,0,0,0,0,0,0,0,142.5,0.05161290322580636,125.0,0,1,0,1,0,0,0,4.5,25.0,20.5,0,Wimbledon_2021,1,1,20.25,-6.570010314595152,43.16503553388668
936,Wimbledon,2021,Grass,3,1,1,1,0,,0,0,0,1,0,0,0,0,0,0,0,0,42.5,0.04032485181910472,25.0,0,1,1,0,0,0,0,23.0,41.0,924.5,0,Wimbledon_2021,1,1,529.0,9.429989685404848,88.92470546684183
937,Wimbledon,2021,Grass,3,1,1,1,1,3.0,0,0,0,1,0,0,0,0,0,0,1,1,8.5,0.01057318491443759,3.0,0,1,0,0,0,0,0,18.0,35.5,42.0,0,Wimbledon_2021,0,1,324.0,3.9299896854048484,15.4448189273885
938,Wimbledon,2021,Grass,3,1,1,1,0,,0,0,0,1,1,1,0,0,0,0,0,0,42.0,0.07398268398268404,4.0,0,1,0,0,0,0,0,16.0,34.0,17.5,1,Wimbledon_2021,0,0,256.0,2.4299896854048484,5.904849871173954
939,Wimbledon,2021,Grass,3,1,1,1,0,,0,0,0,0,0,0,0,0,0,0,0,0,41.0,0.02002366105860365,10.0,0,1,1,0,0,0,0,18.5,37.0,24.0,0,Wimbledon_2021,1,1,342.25,5.429989685404848,29.484787983603045
940,Wimbledon,2021,Grass,3,0,0,0,0,,0,0,0,1,1,1,0,0,0,0,0,0,35.0,0.1182914182006741,24.0,0,1,0,0,0,0,0,13.0,34.0,258.0,1,Wimbledon_2021,0,0,169.0,2.4299896854048484,5.904849871173954
942,Wimbledon,2021,Grass,4,1,1,0,0,,1,0,0,1,0,0,0,0,0,1,1,1,2.0,0.03741686333404848,2.0,0,1,0,0,1,0,0,11.5,30.5,51.0,0,Wimbledon_2021,0,1,132.25,-1.0700103145951516,1.1449220733400154
944,Wimbledon,2021,Grass,4,0,0,0,0,,0,0,0,1,0,0,0,0,0,1,1,1,4.5,0.006430370146846442,1.0,0,1,0,0,0,0,0,13.5,34.5,37.5,0,Wimbledon_2021,0,0,182.25,2.9299896854048484,8.584839556578803
945,Wimbledon,2021,Grass,4,1,1,0,0,,1,0,0,1,0,0,0,0,0,0,1,1,11.5,0.06283712425079746,1.0,0,1,0,0,1,0,0,12.0,33.0,52.5,0,Wimbledon_2021,0,1,144.0,1.4299896854048484,2.044870500364257
947,Wimbledon,2021,Grass,4,1,1,1,0,,1,0,0,1,0,0,0,0,0,0,1,1,8.5,0.01057318491443759,3.0,0,1,0,1,1,0,0,18.0,35.5,42.5,0,Wimbledon_2021,1,1,324.0,3.9299896854048484,15.4448189273885
948,Wimbledon,2021,Grass,4,0,0,0,0,,0,0,0,1,0,0,0,0,0,0,0,0,41.0,0.02002366105860365,10.0,0,1,0,0,0,0,0,18.5,37.0,42.0,0,Wimbledon_2021,0,0,342.25,5.429989685404848,29.484787983603045
949,Wimbledon,2021,Grass,4,1,1,1,0,,1,1,0,1,1,1,0,0,0,0,0,0,35.0,0.1182914182006741,24.0,0,1,0,0,0,1,0,13.0,34.0,47.5,1,Wimbledon_2021,0,1,169.0,2.4299896854048484,5.904849871173954
950,Wimbledon,2021,Grass,5,1,1,0,0,,0,1,0,1,1,1,0,0,0,1,1,1,2.0,0.03741686333404848,2.0,0,1,0,0,0,1,0,11.5,30.5,18.0,1,Wimbledon_2021,0,0,132.25,-1.0700103145951516,1.1449220733400154
951,Wimbledon,2021,Grass,5,1,1,0,0,,1,0,0,1,0,0,0,0,0,0,1,1,11.5,0.06283712425079746,1.0,0,1,0,0,1,0,0,12.0,33.0,4.5,0,Wimbledon_2021,0,1,144.0,1.4299896854048484,2.044870500364257
952,Wimbledon,2021,Grass,5,0,0,0,0,,0,0,0,1,0,0,0,0,0,0,1,1,8.5,0.01057318491443759,3.0,0,1,0,0,0,0,0,18.0,35.5,142.5,0,Wimbledon_2021,0,0,324.0,3.9299896854048484,15.4448189273885
953,Wimbledon,2021,Grass,5,1,1,1,0,,0,0,0,1,0,0,0,0,0,0,0,0,41.0,0.02002366105860365,10.0,0,1,1,0,0,0,0,18.5,37.0,35.0,0,Wimbledon_2021,1,1,342.25,5.429989685404848,29.484787983603045
954,Wimbledon,2021,Grass,6,1,1,1,0,,1,1,0,1,0,0,0,0,0,1,1,1,2.0,0.03741686333404848,2.0,0,1,1,0,0,1,0,11.5,30.5,11.5,0,Wimbledon_2021,1,1,132.25,-1.0700103145951516,1.1449220733400154
955,Wimbledon,2021,Grass,6,1,1,0,0,,1,0,0,1,0,0,0,0,0,0,1,1,8.5,0.01057318491443759,3.0,0,1,0,0,1,0,0,18.0,35.5,41.0,0,Wimbledon_2021,0,1,324.0,3.9299896854048484,15.4448189273885
956,Wimbledon,2021,Grass,7,1,1,1,0,,0,0,0,1,0,0,0,0,0,1,1,1,2.0,0.03741686333404848,2.0,0,1,0,1,0,0,0,11.5,30.5,8.5,0,Wimbledon_2021,1,1,132.25,-1.0700103145951516,1.1449220733400154
957,Australian Open,2022,Hard,2,1,1,1,0,,0,0,0,1,1,1,1,1,0,1,1,1,1.5,0.03741686333404848,1.0,0,1,0,1,0,0,0,12.5,31.5,199.5,1,Australian Open_2022,1,1,156.25,-0.07001031459515161,0.004901444149712099
958,Australian Open,2022,Hard,2,0,0,0,0,,0,0,0,0,0,0,1,1,0,1,1,1,346.5,0.002705575417914829,175.0,0,1,0,0,0,0,0,9.0,26.5,969.5,0,Australian Open_2022,0,0,81.0,-5.070010314595152,25.70500459010123
959,Australian Open,2022,Hard,2,0,0,0,0,,0,0,0,0,0,0,1,1,0,1,1,1,86.5,0.07516497666183797,35.0,0,1,0,0,0,0,0,9.5,30.0,179.0,0,Australian Open_2022,0,0,90.25,-1.5700103145951516,2.464932387935167
960,Australian Open,2022,Hard,2,0,0,0,0,,0,0,0,0,0,0,1,1,0,0,1,1,43.0,0.06084306095979247,8.0,0,1,0,0,0,0,0,12.5,33.0,38.0,0,Australian Open_2022,0,0,156.25,1.4299896854048484,2.044870500364257
961,Australian Open,2022,Hard,2,1,1,1,0,,0,0,0,0,0,0,1,1,0,1,1,1,86.5,0.002501202501202449,5.0,0,1,1,0,0,0,0,6.0,29.0,29.5,0,Australian Open_2022,1,1,36.0,-2.5700103145951516,6.60495301712547
963,Australian Open,2022,Hard,2,0,0,0,0,,0,0,0,0,0,0,1,1,0,0,0,0,281.0,0.0844854070660522,172.0,0,1,0,0,0,0,0,7.5,25.5,289.5,0,Australian Open_2022,0,0,56.25,-6.070010314595152,36.84502521929153
964,Australian Open,2022,Hard,2,1,1,1,0,,0,0,0,0,0,0,1,1,0,0,0,0,16.5,0.05237538940809972,3.0,0,1,0,1,0,0,0,12.0,35.0,134.5,0,Australian Open_2022,1,1,144.0,3.4299896854048484,11.764829241983652
965,Australian Open,2022,Hard,2,0,0,0,0,,0,0,0,0,0,0,1,1,0,0,1,1,6.5,0.01057318491443759,1.0,0,1,0,0,0,0,0,19.0,36.5,314.0,0,Australian Open_2022,0,0,361.0,4.929989685404848,24.304798298198197
966,Australian Open,2022,Hard,2,0,0,0,0,,0,0,0,0,0,0,1,1,0,0,0,0,72.0,0.1033125371360666,14.0,0,1,0,0,0,0,0,13.0,29.0,248.5,0,Australian Open_2022,0,0,169.0,-2.5700103145951516,6.60495301712547
967,Australian Open,2022,Hard,2,0,0,0,0,,0,0,0,0,0,0,1,1,0,1,1,1,110.0,0.04477611940298504,60.0,0,1,0,0,0,0,0,12.5,30.5,151.0,0,Australian Open_2022,0,0,156.25,-1.0700103145951516,1.1449220733400154
968,Australian Open,2022,Hard,2,1,1,1,0,,1,0,0,1,1,1,1,1,0,1,1,1,209.5,0.03869674185463656,277.0,0,1,0,1,1,0,0,11.5,31.0,33.5,1,Australian Open_2022,1,1,132.25,-0.5700103145951516,0.3249117587448637
969,Australian Open,2022,Hard,2,1,1,1,0,,0,0,0,0,0,0,1,1,0,1,1,1,27.5,0.08426573426573425,27.0,0,1,1,0,0,0,0,10.5,31.0,41.5,0,Australian Open_2022,1,1,110.25,-0.5700103145951516,0.3249117587448637
970,Australian Open,2022,Hard,2,1,1,1,0,,0,0,0,0,0,0,1,1,0,1,1,1,59.5,0.0811477883048699,43.0,0,1,1,1,0,0,0,13.0,33.5,550.5,0,Australian Open_2022,1,1,169.0,1.9299896854048484,3.7248601857691055
971,Australian Open,2022,Hard,2,0,0,0,0,,0,0,0,1,1,1,1,1,0,1,1,1,571.0,0.1054945054945055,158.0,0,1,0,0,0,0,0,1.0,21.0,133.5,1,Australian Open_2022,0,0,1.0,-10.570010314595152,111.7251180506479
972,Australian Open,2022,Hard,2,0,0,0,0,,0,0,0,0,0,0,1,1,0,0,0,0,10.5,0.01226670722707635,3.0,0,1,0,0,0,0,0,14.0,35.5,45.5,0,Australian Open_2022,0,0,196.0,3.9299896854048484,15.4448189273885
973,Australian Open,2022,Hard,2,1,1,1,0,,0,0,0,1,0,0,1,1,0,0,0,0,56.0,0.03397368914610294,28.0,0,1,1,0,0,0,0,20.5,38.5,18.0,0,Australian Open_2022,1,1,420.25,6.929989685404848,48.02475703981759
974,Australian Open,2022,Hard,2,0,0,0,0,,0,0,0,0,0,0,1,1,0,0,0,0,934.0,0.09090909090909088,470.0,1,1,0,0,0,0,0,7.5,27.0,66.5,0,Australian Open_2022,0,0,56.25,-4.570010314595152,20.884994275506077
975,Australian Open,2022,Hard,2,1,1,0,0,,1,0,0,1,1,1,1,1,0,0,0,0,282.5,0.1004983388704319,243.0,0,1,0,0,1,0,0,9.5,26.0,951.0,1,Australian Open_2022,0,1,90.25,-5.570010314595152,31.02501490469638
976,Australian Open,2022,Hard,2,0,0,0,0,,0,0,0,0,0,0,1,1,0,0,0,0,20.5,0.0005411255411255089,1.0,0,1,0,0,0,0,0,12.0,33.0,71.0,0,Australian Open_2022,0,0,144.0,1.4299896854048484,2.044870500364257
977,Australian Open,2022,Hard,2,1,1,1,0,,0,0,0,1,0,0,1,1,0,0,0,0,38.0,0.1182914182006741,22.0,0,1,1,0,0,0,0,14.0,35.0,40.5,0,Australian Open_2022,1,1,196.0,3.4299896854048484,11.764829241983652
978,Australian Open,2022,Hard,2,0,0,0,0,,0,0,0,1,1,1,1,1,0,1,1,1,57.0,0.07595781317262151,6.0,0,1,0,0,0,0,0,15.0,37.5,200.5,1,Australian Open_2022,0,0,225.0,5.929989685404848,35.16477766900789
979,Australian Open,2022,Hard,2,1,1,1,0,,0,0,0,0,0,0,1,1,0,1,1,1,44.5,0.1046124124607583,21.0,0,1,1,0,0,0,0,11.0,29.5,63.0,0,Australian Open_2022,1,1,121.0,-2.0700103145951516,4.284942702530318
980,Australian Open,2022,Hard,2,1,1,1,0,,0,0,0,0,0,0,1,1,0,1,1,1,10.0,0.006430370146846442,0.0,0,1,0,1,0,0,0,14.5,35.5,232.0,0,Australian Open_2022,1,1,210.25,3.9299896854048484,15.4448189273885
981,Australian Open,2022,Hard,2,0,0,0,0,,0,0,0,0,0,0,1,1,0,0,0,0,17.5,0.04913998809726816,3.0,0,1,0,0,0,0,0,19.5,38.0,164.5,0,Australian Open_2022,0,0,380.25,6.429989685404848,41.34476735441274
982,Australian Open,2022,Hard,2,0,0,0,0,,0,0,0,0,0,0,1,1,0,0,0,0,68.5,0.02743182053526882,11.0,0,1,0,0,0,0,0,10.5,31.0,385.5,0,Australian Open_2022,0,0,110.25,-0.5700103145951516,0.3249117587448637
983,Australian Open,2022,Hard,2,0,0,0,0,,0,0,0,0,0,0,1,1,0,1,1,1,59.0,0.07673039392159464,68.0,0,1,0,0,0,0,0,18.5,36.0,74.5,0,Australian Open_2022,0,0,342.25,4.429989685404848,19.62480861279335
984,Australian Open,2022,Hard,2,0,0,0,0,,0,0,0,1,1,1,1,1,0,0,0,0,18.5,5.719722593455767e-05,11.0,0,1,0,0,0,0,0,21.0,38.0,105.0,1,Australian Open_2022,0,0,441.0,6.429989685404848,41.34476735441274
986,Australian Open,2022,Hard,2,1,1,1,0,,0,0,0,1,1,1,1,1,0,0,0,0,144.5,,15.0,0,1,0,1,0,0,0,14.0,37.0,43.5,1,Australian Open_2022,1,1,196.0,5.429989685404848,29.484787983603045
988,Australian Open,2022,Hard,2,0,0,0,0,,0,0,0,0,0,0,1,1,0,0,1,1,3.5,0.06283712425079746,1.0,0,1,0,0,0,0,0,13.0,34.0,346.0,0,Australian Open_2022,0,0,169.0,2.4299896854048484,5.904849871173954
989,Australian Open,2022,Hard,3,1,1,1,0,,0,0,0,0,0,0,1,1,0,1,1,1,346.5,0.002705575417914829,175.0,0,1,1,0,0,0,0,9.0,26.5,1.5,0,Australian Open_2022,1,1,81.0,-5.070010314595152,25.70500459010123
990,Australian Open,2022,Hard,3,1,1,1,0,,0,0,0,1,0,0,1,1,0,0,1,1,43.0,0.06084306095979247,8.0,0,1,1,0,0,0,0,12.5,33.0,86.5,0,Australian Open_2022,1,1,156.25,1.4299896854048484,2.044870500364257
991,Australian Open,2022,Hard,3,1,1,1,0,,0,0,0,1,1,1,1,1,0,1,1,1,877.5,0.3525,585.0,0,1,0,0,0,0,0,11.0,28.5,86.5,1,Australian Open_2022,0,0,121.0,-3.0700103145951516,9.424963331720623
992,Australian Open,2022,Hard,3,0,0,0,0,,0,0,0,0,0,0,1,1,0,0,0,0,16.5,0.05237538940809972,3.0,0,1,0,0,0,0,0,12.0,35.0,281.0,0,Australian Open_2022,0,0,144.0,3.4299896854048484,11.764829241983652
993,Australian Open,2022,Hard,3,0,0,0,0,,0,0,0,0,0,0,1,1,0,0,1,1,6.5,0.01057318491443759,1.0,0,1,0,0,0,0,0,19.0,36.5,72.0,0,Australian Open_2022,0,0,361.0,4.929989685404848,24.304798298198197
994,Australian Open,2022,Hard,3,1,1,1,0,,0,0,0,0,0,0,1,1,0,1,1,1,110.0,0.04477611940298504,60.0,0,1,0,1,0,0,0,12.5,30.5,209.5,0,Australian Open_2022,1,1,156.25,-1.0700103145951516,1.1449220733400154
995,Australian Open,2022,Hard,3,1,1,1,0,,0,0,0,1,0,0,1,1,0,1,1,1,27.5,0.08426573426573425,27.0,0,1,0,0,0,0,0,10.5,31.0,59.5,0,Australian Open_2022,0,0,110.25,-0.5700103145951516,0.3249117587448637
996,Australian Open,2022,Hard,3,0,0,0,0,,0,0,0,1,0,0,1,1,0,0,0,0,10.5,0.01226670722707635,3.0,0,1,0,0,0,0,0,14.0,35.5,571.0,0,Australian Open_2022,0,0,196.0,3.9299896854048484,15.4448189273885
997,Australian Open,2022,Hard,3,1,1,0,0,,1,0,0,1,1,1,1,1,0,0,0,0,934.0,0.09090909090909088,470.0,1,1,0,0,1,0,0,7.5,27.0,56.0,1,Australian Open_2022,0,1,56.25,-4.570010314595152,20.884994275506077
998,Australian Open,2022,Hard,3,0,0,0,0,,0,0,0,0,0,0,1,1,0,0,0,0,20.5,0.0005411255411255089,1.0,0,1,0,0,0,0,0,12.0,33.0,282.5,0,Australian Open_2022,0,0,144.0,1.4299896854048484,2.044870500364257
999,Australian Open,2022,Hard,3,0,0,0,0,,0,0,0,0,0,0,1,1,0,0,0,0,38.0,0.1182914182006741,22.0,0,1,0,0,0,0,0,14.0,35.0,57.0,0,Australian Open_2022,0,0,196.0,3.4299896854048484,11.764829241983652
1000,Australian Open,2022,Hard,3,0,0,0,0,,0,0,0,1,1,1,1,1,0,1,1,1,44.5,0.1046124124607583,21.0,0,1,0,0,0,0,0,11.0,29.5,10.0,1,Australian Open_2022,0,0,121.0,-2.0700103145951516,4.284942702530318
1001,Australian Open,2022,Hard,3,1,1,1,0,,0,0,0,1,1,1,1,1,0,0,0,0,17.5,0.04913998809726816,3.0,0,1,0,1,0,0,0,19.5,38.0,68.5,1,Australian Open_2022,1,1,380.25,6.429989685404848,41.34476735441274
1002,Australian Open,2022,Hard,3,1,1,1,0,,0,0,0,0,0,0,1,1,0,1,1,1,59.0,0.07673039392159464,68.0,0,1,1,0,0,0,0,18.5,36.0,18.5,0,Australian Open_2022,1,1,342.25,4.429989685404848,19.62480861279335
1003,Australian Open,2022,Hard,3,1,1,1,0,,0,0,0,0,0,0,1,1,0,1,1,1,772.5,0.2597402597402597,413.0,0,1,1,0,0,0,0,1.0,23.5,144.5,0,Australian Open_2022,1,1,1.0,-8.070010314595152,65.12506647767214
1004,Australian Open,2022,Hard,3,0,0,0,0,,0,0,0,0,0,0,1,1,0,0,1,1,3.5,0.06283712425079746,1.0,0,1,0,0,0,0,0,13.0,34.0,77.0,0,Australian Open_2022,0,0,169.0,2.4299896854048484,5.904849871173954
1005,Australian Open,2022,Hard,4,0,0,0,0,,0,0,0,1,0,0,1,1,0,1,1,1,346.5,0.002705575417914829,175.0,0,1,0,0,0,0,0,9.0,26.5,43.0,0,Australian Open_2022,0,0,81.0,-5.070010314595152,25.70500459010123
1007,Australian Open,2022,Hard,4,0,0,0,0,,0,0,0,0,0,0,1,1,0,0,1,1,6.5,0.01057318491443759,1.0,0,1,0,0,0,0,0,19.0,36.5,110.0,0,Australian Open_2022,0,0,361.0,4.929989685404848,24.304798298198197
1008,Australian Open,2022,Hard,4,0,0,0,0,,0,0,0,0,0,0,1,1,0,0,0,0,10.5,0.01226670722707635,3.0,0,1,0,0,0,0,0,14.0,35.5,27.5,0,Australian Open_2022,0,0,196.0,3.9299896854048484,15.4448189273885
1009,Australian Open,2022,Hard,4,0,0,0,0,,0,0,0,0,0,0,1,1,0,0,0,0,20.5,0.0005411255411255089,1.0,0,1,0,0,0,0,0,12.0,33.0,934.0,0,Australian Open_2022,0,0,144.0,1.4299896854048484,2.044870500364257
1010,Australian Open,2022,Hard,4,1,1,1,0,,0,0,0,0,0,0,1,1,0,1,1,1,44.5,0.1046124124607583,21.0,0,1,1,0,0,0,0,11.0,29.5,38.0,0,Australian Open_2022,1,1,121.0,-2.0700103145951516,4.284942702530318
1011,Australian Open,2022,Hard,4,1,1,1,0,,0,0,0,1,1,1,1,1,0,1,1,1,59.0,0.07673039392159464,68.0,0,1,0,1,0,0,0,18.5,36.0,17.5,1,Australian Open_2022,1,1,342.25,4.429989685404848,19.62480861279335
1012,Australian Open,2022,Hard,4,0,0,0,0,,0,0,0,0,0,0,1,1,0,0,1,1,3.5,0.06283712425079746,1.0,0,1,0,0,0,0,0,13.0,34.0,772.5,0,Australian Open_2022,0,0,169.0,2.4299896854048484,5.904849871173954
1013,Australian Open,2022,Hard,5,0,0,0,0,,0,0,0,1,0,0,1,1,0,1,1,1,346.5,0.002705575417914829,175.0,0,1,0,0,0,0,0,9.0,26.5,16.5,0,Australian Open_2022,0,0,81.0,-5.070010314595152,25.70500459010123
1014,Australian Open,2022,Hard,5,1,1,1,0,,0,0,0,0,0,0,1,1,0,0,1,1,6.5,0.01057318491443759,1.0,0,1,1,0,0,0,0,19.0,36.5,10.5,0,Australian Open_2022,1,1,361.0,4.929989685404848,24.304798298198197
1015,Australian Open,2022,Hard,5,1,1,0,0,,1,0,0,1,1,1,1,1,0,1,1,1,44.5,0.1046124124607583,21.0,0,1,0,0,1,0,0,11.0,29.5,20.5,1,Australian Open_2022,0,1,121.0,-2.0700103145951516,4.284942702530318
1016,Australian Open,2022,Hard,5,0,0,0,0,,0,0,0,0,0,0,1,1,0,0,1,1,3.5,0.06283712425079746,1.0,0,1,0,0,0,0,0,13.0,34.0,59.0,0,Australian Open_2022,0,0,169.0,2.4299896854048484,5.904849871173954
1017,Australian Open,2022,Hard,6,1,1,1,0,,0,0,0,0,0,0,1,1,0,1,1,1,346.5,0.002705575417914829,175.0,0,1,1,0,0,0,0,9.0,26.5,6.5,0,Australian Open_2022,1,1,81.0,-5.070010314595152,25.70500459010123
1018,Australian Open,2022,Hard,6,1,1,1,0,,0,0,0,0,0,0,1,1,0,1,1,1,44.5,0.1046124124607583,21.0,0,1,0,1,0,0,0,11.0,29.5,3.5,0,Australian Open_2022,1,1,121.0,-2.0700103145951516,4.284942702530318
1019,Australian Open,2022,Hard,7,0,0,0,0,,0,0,0,0,0,0,1,1,0,1,1,1,346.5,0.002705575417914829,175.0,0,1,0,0,0,0,0,9.0,26.5,44.5,0,Australian Open_2022,0,0,81.0,-5.070010314595152,25.70500459010123
1020,Roland Garros,2022,Clay,2,0,0,0,0,,0,0,0,0,0,0,1,1,0,0,1,1,1.5,0.06283712425079746,1.0,0,1,0,0,0,0,0,13.0,34.0,246.5,0,Roland Garros_2022,0,0,169.0,2.4299896854048484,5.904849871173954
1021,Roland Garros,2022,Clay,2,0,0,0,0,,0,0,0,0,0,0,1,1,0,0,0,0,448.0,0.01847826086956517,648.0,0,1,0,0,0,0,0,11.5,31.5,515.5,0,Roland Garros_2022,0,0,132.25,-0.07001031459515161,0.004901444149712099
1022,Roland Garros,2022,Clay,2,0,0,0,0,,0,0,0,1,1,1,1,1,0,0,0,1,352.5,0.0357142857142857,571.0,0,1,0,0,0,0,0,14.0,33.0,79.0,1,Roland Garros_2022,0,0,196.0,1.4299896854048484,2.044870500364257
1023,Roland Garros,2022,Clay,2,0,0,0,0,,0,0,0,0,0,0,1,1,0,0,0,0,32.5,0.0328740224703753,17.0,0,1,0,0,0,0,0,22.0,39.0,524.0,0,Roland Garros_2022,0,0,484.0,7.429989685404848,55.204746725222435
1025,Roland Garros,2022,Clay,2,1,1,1,0,,0,0,0,0,0,0,1,1,0,0,0,0,49.5,0.2081161578555472,31.0,0,1,0,1,0,0,0,7.5,25.5,368.5,0,Roland Garros_2022,1,1,56.25,-6.070010314595152,36.84502521929153
1026,Roland Garros,2022,Clay,2,1,1,1,0,,0,0,0,0,0,0,1,1,0,1,1,1,91.0,0.008230452674897193,2.0,0,1,0,1,0,0,0,1.0,29.5,68.0,0,Roland Garros_2022,1,1,1.0,-2.0700103145951516,4.284942702530318
1027,Roland Garros,2022,Clay,2,1,1,1,0,,0,0,0,0,0,0,1,1,0,0,0,0,34.5,0.02692944392196983,5.0,0,1,0,1,0,0,0,14.0,34.5,16.0,0,Roland Garros_2022,1,1,196.0,2.9299896854048484,8.584839556578803
1028,Roland Garros,2022,Clay,2,0,0,0,0,,0,0,0,0,0,0,1,1,0,0,1,1,7.0,0.01057318491443759,2.0,0,1,0,0,0,0,0,19.0,36.5,820.5,0,Roland Garros_2022,0,0,361.0,4.929989685404848,24.304798298198197
1029,Roland Garros,2022,Clay,2,1,1,1,0,,0,0,0,0,0,0,1,1,0,1,1,1,250.5,0.2581053698074975,313.0,0,1,1,0,0,0,0,15.0,32.5,179.5,0,Roland Garros_2022,1,1,225.0,0.9299896854048484,0.8648808149594088
1030,Roland Garros,2022,Clay,2,0,0,0,0,,0,0,0,1,0,0,1,1,0,0,1,1,89.5,0.004431570608041224,11.0,0,1,0,0,0,0,0,6.0,28.0,96.0,0,Roland Garros_2022,0,0,36.0,-3.5700103145951516,12.744973646315774
1031,Roland Garros,2022,Clay,2,1,1,1,0,,0,0,0,0,0,0,1,1,0,1,1,1,112.5,0.1163928304705004,61.0,1,1,0,1,0,0,0,8.5,27.0,32.0,0,Roland Garros_2022,1,1,72.25,-4.570010314595152,20.884994275506077
1032,Roland Garros,2022,Clay,2,0,0,0,0,,0,0,0,0,0,0,1,1,0,0,0,0,20.5,0.04913998809726816,3.0,0,1,0,0,0,0,0,19.5,38.0,93.0,0,Roland Garros_2022,0,0,380.25,6.429989685404848,41.34476735441274
1033,Roland Garros,2022,Clay,2,0,0,0,0,,0,0,0,1,1,1,1,1,0,1,1,1,238.0,,194.0,0,1,0,0,0,0,0,6.0,27.0,55.0,1,Roland Garros_2022,0,0,36.0,-4.570010314595152,20.884994275506077
1034,Roland Garros,2022,Clay,2,1,1,1,0,,0,0,0,0,0,0,1,1,0,0,1,1,83.0,0.01702127659574471,8.0,0,1,1,0,0,0,0,10.0,28.5,358.5,0,Roland Garros_2022,1,1,100.0,-3.0700103145951516,9.424963331720623
1035,Roland Garros,2022,Clay,2,0,0,0,0,,0,0,0,1,1,1,1,1,0,0,0,0,12.0,0.0005411255411255089,2.0,0,1,0,0,0,0,0,12.0,33.0,364.5,1,Roland Garros_2022,0,0,144.0,1.4299896854048484,2.044870500364257
1036,Roland Garros,2022,Clay,2,0,0,0,0,,0,0,0,0,0,0,1,1,0,0,0,0,14.0,0.05237538940809972,4.0,0,1,0,0,0,0,0,12.0,35.0,374.5,0,Roland Garros_2022,0,0,144.0,3.4299896854048484,11.764829241983652
1037,Roland Garros,2022,Clay,2,1,1,0,0,,1,0,0,1,0,0,1,1,0,1,1,1,154.5,0.1606512890094979,1.0,0,1,0,0,1,0,0,5.5,26.5,104.5,0,Roland Garros_2022,0,1,30.25,-5.070010314595152,25.70500459010123
1038,Roland Garros,2022,Clay,2,1,1,1,0,,0,0,0,1,1,1,1,1,0,1,1,1,280.0,0.2721804511278195,226.0,0,1,0,0,0,0,0,7.5,27.0,396.0,1,Roland Garros_2022,0,0,56.25,-4.570010314595152,20.884994275506077
1039,Roland Garros,2022,Clay,2,1,1,1,0,,0,0,0,0,0,0,1,1,0,0,0,0,27.5,0.05669137352422804,1.0,0,1,1,0,0,0,0,14.5,36.5,62.5,0,Roland Garros_2022,1,1,210.25,4.929989685404848,24.304798298198197
1040,Roland Garros,2022,Clay,2,0,0,0,0,,0,0,0,0,0,0,1,1,0,0,0,0,55.0,0.08941016488186299,6.0,0,1,0,0,0,0,0,1.0,27.0,31.5,0,Roland Garros_2022,0,0,1.0,-4.570010314595152,20.884994275506077
1041,Roland Garros,2022,Clay,2,0,0,0,0,,0,0,0,0,0,0,1,1,0,0,0,0,74.5,,51.0,0,1,0,0,0,0,0,20.0,40.0,222.0,0,Roland Garros_2022,0,0,400.0,8.429989685404848,71.06472609603213
1042,Roland Garros,2022,Clay,2,1,1,1,0,,0,0,0,0,0,0,1,1,0,1,1,1,120.0,0.1818924539512775,102.0,0,1,1,0,0,0,0,9.5,28.0,333.5,0,Roland Garros_2022,1,1,90.25,-3.5700103145951516,12.744973646315774
1043,Roland Garros,2022,Clay,2,1,1,1,0,,0,0,0,1,0,0,1,1,0,1,1,1,50.5,0.006165839829907926,5.0,0,1,0,0,0,0,0,8.5,30.0,5.5,0,Roland Garros_2022,0,0,72.25,-1.5700103145951516,2.464932387935167
1044,Roland Garros,2022,Clay,2,1,1,1,0,,0,0,0,0,0,0,1,1,0,0,0,0,320.0,0.1877559377559378,424.0,0,1,1,1,0,0,0,15.0,33.5,9.0,0,Roland Garros_2022,1,1,225.0,1.9299896854048484,3.7248601857691055
1045,Roland Garros,2022,Clay,2,1,1,1,0,,1,0,0,1,0,0,1,1,0,0,0,0,58.5,0.04232018933771908,9.0,0,1,0,0,1,0,0,7.5,28.5,46.5,0,Roland Garros_2022,0,1,56.25,-3.0700103145951516,9.424963331720623
1046,Roland Garros,2022,Clay,2,0,0,0,0,,0,0,0,0,0,0,1,1,0,0,1,1,42.5,0.06084306095979247,1.0,0,1,0,0,0,0,0,12.5,33.0,390.0,0,Roland Garros_2022,0,0,156.25,1.4299896854048484,2.044870500364257
1047,Roland Garros,2022,Clay,2,0,0,0,0,,0,0,0,0,0,0,1,1,0,0,0,0,53.0,0.02743182053526882,18.0,0,1,0,0,0,0,0,10.5,31.0,18.5,0,Roland Garros_2022,0,0,110.25,-0.5700103145951516,0.3249117587448637
1048,Roland Garros,2022,Clay,2,0,0,0,0,,0,0,0,0,0,0,1,1,0,0,0,0,32.5,0.04840106290374302,13.0,0,1,0,0,0,0,0,19.5,40.5,479.5,0,Roland Garros_2022,0,0,380.25,8.929989685404848,79.74471578143698
1049,Roland Garros,2022,Clay,2,0,0,0,0,,0,0,0,0,0,0,1,1,0,0,0,0,38.5,0.09167149198996338,35.0,0,1,0,0,0,0,0,16.5,35.5,566.0,0,Roland Garros_2022,0,0,272.25,3.9299896854048484,15.4448189273885
1050,Roland Garros,2022,Clay,2,0,0,0,0,,0,0,0,0,0,0,1,1,0,0,0,0,52.0,0.09495808486734081,14.0,0,1,0,0,0,0,0,18.5,37.5,557.0,0,Roland Garros_2022,0,0,342.25,5.929989685404848,35.16477766900789
1051,Roland Garros,2022,Clay,2,0,0,0,0,,0,0,0,0,0,0,1,1,0,1,1,1,4.0,0.03741686333404848,2.0,0,1,0,0,0,0,0,12.5,31.5,53.0,0,Roland Garros_2022,0,0,156.25,-0.07001031459515161,0.004901444149712099
1052,Roland Garros,2022,Clay,3,1,1,1,0,,0,0,0,0,0,0,1,1,0,0,1,1,1.5,0.06283712425079746,1.0,0,1,0,1,0,0,0,13.0,34.0,448.0,0,Roland Garros_2022,1,1,169.0,2.4299896854048484,5.904849871173954
1053,Roland Garros,2022,Clay,3,0,0,0,0,,0,0,0,0,0,0,1,1,0,0,0,1,352.5,0.0357142857142857,571.0,0,1,0,0,0,0,0,14.0,33.0,32.5,0,Roland Garros_2022,0,0,196.0,1.4299896854048484,2.044870500364257
1054,Roland Garros,2022,Clay,3,0,0,0,0,,0,0,0,0,0,0,1,1,0,0,0,0,49.5,0.2081161578555472,31.0,0,1,0,0,0,0,0,7.5,25.5,233.5,0,Roland Garros_2022,0,0,56.25,-6.070010314595152,36.84502521929153
1055,Roland Garros,2022,Clay,3,1,1,0,0,,1,0,0,1,1,1,1,1,0,0,0,0,34.5,0.02692944392196983,5.0,0,1,0,0,1,0,0,14.0,34.5,91.0,1,Roland Garros_2022,0,1,196.0,2.9299896854048484,8.584839556578803
1056,Roland Garros,2022,Clay,3,0,0,0,0,,0,0,0,1,0,0,1,1,0,0,1,1,7.0,0.01057318491443759,2.0,0,1,0,0,0,0,0,19.0,36.5,250.5,0,Roland Garros_2022,0,0,361.0,4.929989685404848,24.304798298198197
1057,Roland Garros,2022,Clay,3,1,1,1,0,,0,0,0,0,0,0,1,1,0,0,1,1,89.5,0.004431570608041224,11.0,0,1,1,1,0,0,0,6.0,28.0,112.5,0,Roland Garros_2022,1,1,36.0,-3.5700103145951516,12.744973646315774
1058,Roland Garros,2022,Clay,3,1,1,1,0,,0,0,0,1,0,0,1,1,0,1,1,1,238.0,,194.0,0,1,1,0,0,0,0,6.0,27.0,20.5,0,Roland Garros_2022,1,1,36.0,-4.570010314595152,20.884994275506077
1059,Roland Garros,2022,Clay,3,0,0,0,0,,0,0,0,0,0,0,1,1,0,0,0,0,12.0,0.0005411255411255089,2.0,0,1,0,0,0,0,0,12.0,33.0,83.0,0,Roland Garros_2022,0,0,144.0,1.4299896854048484,2.044870500364257
1060,Roland Garros,2022,Clay,3,0,0,0,0,,0,0,0,0,0,0,1,1,0,0,0,0,14.0,0.05237538940809972,4.0,0,1,0,0,0,0,0,12.0,35.0,154.5,0,Roland Garros_2022,0,0,144.0,3.4299896854048484,11.764829241983652
1061,Roland Garros,2022,Clay,3,0,0,0,0,,0,0,0,1,1,1,1,1,0,0,0,0,27.5,0.05669137352422804,1.0,0,1,0,0,0,0,0,14.5,36.5,280.0,1,Roland Garros_2022,0,0,210.25,4.929989685404848,24.304798298198197
1062,Roland Garros,2022,Clay,3,0,0,0,0,,0,0,0,1,0,0,1,1,0,0,0,0,55.0,0.08941016488186299,6.0,0,1,0,0,0,0,0,1.0,27.0,74.5,0,Roland Garros_2022,0,0,1.0,-4.570010314595152,20.884994275506077
1063,Roland Garros,2022,Clay,3,0,0,0,0,,0,0,0,1,0,0,1,1,0,1,1,1,50.5,0.006165839829907926,5.0,0,1,0,0,0,0,0,8.5,30.0,120.0,0,Roland Garros_2022,0,0,72.25,-1.5700103145951516,2.464932387935167
1064,Roland Garros,2022,Clay,3,0,0,0,0,,0,0,0,0,0,0,1,1,0,0,0,0,58.5,0.04232018933771908,9.0,0,1,0,0,0,0,0,7.5,28.5,320.0,0,Roland Garros_2022,0,0,56.25,-3.0700103145951516,9.424963331720623
1065,Roland Garros,2022,Clay,3,0,0,0,0,,0,0,0,0,0,0,1,1,0,0,0,0,53.0,0.02743182053526882,18.0,0,1,0,0,0,0,0,10.5,31.0,42.5,0,Roland Garros_2022,0,0,110.25,-0.5700103145951516,0.3249117587448637
1066,Roland Garros,2022,Clay,3,0,0,0,0,,0,0,0,0,0,0,1,1,0,0,0,0,32.5,0.04840106290374302,13.0,0,1,0,0,0,0,0,19.5,40.5,38.5,0,Roland Garros_2022,0,0,380.25,8.929989685404848,79.74471578143698
1067,Roland Garros,2022,Clay,3,1,1,1,0,,0,0,0,1,0,0,1,1,0,1,1,1,4.0,0.03741686333404848,2.0,0,1,1,0,0,0,0,12.5,31.5,52.0,0,Roland Garros_2022,1,1,156.25,-0.07001031459515161,0.004901444149712099
1068,Roland Garros,2022,Clay,4,0,0,0,0,,0,0,0,0,0,0,1,1,0,0,1,1,1.5,0.06283712425079746,1.0,0,1,0,0,0,0,0,13.0,34.0,352.5,0,Roland Garros_2022,0,0,169.0,2.4299896854048484,5.904849871173954
1069,Roland Garros,2022,Clay,4,0,0,0,0,,0,0,0,0,0,0,1,1,0,0,0,0,34.5,0.02692944392196983,5.0,0,1,0,0,0,0,0,14.0,34.5,49.5,0,Roland Garros_2022,0,0,196.0,2.9299896854048484,8.584839556578803
1070,Roland Garros,2022,Clay,4,0,0,0,0,,0,0,0,0,0,0,1,1,0,0,1,1,7.0,0.01057318491443759,2.0,0,1,0,0,0,0,0,19.0,36.5,89.5,0,Roland Garros_2022,0,0,361.0,4.929989685404848,24.304798298198197
1071,Roland Garros,2022,Clay,4,0,0,0,0,,0,0,0,0,0,0,1,1,0,0,0,0,12.0,0.0005411255411255089,2.0,0,1,0,0,0,0,0,12.0,33.0,238.0,0,Roland Garros_2022,0,0,144.0,1.4299896854048484,2.044870500364257
1072,Roland Garros,2022,Clay,4,0,0,0,0,,0,0,0,1,0,0,1,1,0,0,0,0,27.5,0.05669137352422804,1.0,0,1,0,0,0,0,0,14.5,36.5,14.0,0,Roland Garros_2022,0,0,210.25,4.929989685404848,24.304798298198197
1073,Roland Garros,2022,Clay,4,1,1,0,0,,1,0,0,1,0,0,1,1,0,0,0,0,55.0,0.08941016488186299,6.0,0,1,0,0,1,0,0,1.0,27.0,50.5,0,Roland Garros_2022,0,1,1.0,-4.570010314595152,20.884994275506077
1074,Roland Garros,2022,Clay,4,1,1,1,0,,0,0,0,0,0,0,1,1,0,0,0,0,53.0,0.02743182053526882,18.0,0,1,1,0,0,0,0,10.5,31.0,58.5,0,Roland Garros_2022,1,1,110.25,-0.5700103145951516,0.3249117587448637
1075,Roland Garros,2022,Clay,4,1,1,1,0,,1,0,0,1,1,1,1,1,0,0,0,0,32.5,0.04840106290374302,13.0,0,1,0,1,1,0,0,19.5,40.5,4.0,1,Roland Garros_2022,1,1,380.25,8.929989685404848,79.74471578143698
1076,Roland Garros,2022,Clay,5,1,1,1,0,,1,0,0,1,1,1,1,1,0,0,0,0,34.5,0.02692944392196983,5.0,0,1,0,1,1,0,0,14.0,34.5,1.5,1,Roland Garros_2022,1,1,196.0,2.9299896854048484,8.584839556578803
1077,Roland Garros,2022,Clay,5,0,0,0,0,,0,0,0,1,1,1,1,1,0,0,1,1,7.0,0.01057318491443759,2.0,0,1,0,0,0,0,0,19.0,36.5,12.0,1,Roland Garros_2022,0,0,361.0,4.929989685404848,24.304798298198197
1078,Roland Garros,2022,Clay,5,1,1,1,0,,0,0,0,0,0,0,1,1,0,0,0,0,27.5,0.05669137352422804,1.0,0,1,1,0,0,0,0,14.5,36.5,55.0,0,Roland Garros_2022,1,1,210.25,4.929989685404848,24.304798298198197
1079,Roland Garros,2022,Clay,5,1,1,0,0,,1,0,0,1,1,1,1,1,0,0,0,0,32.5,0.04840106290374302,13.0,0,1,0,0,1,0,0,19.5,40.5,53.0,1,Roland Garros_2022,0,1,380.25,8.929989685404848,79.74471578143698
1080,Roland Garros,2022,Clay,6,1,1,1,0,,0,0,0,1,1,1,1,1,0,0,0,0,34.5,0.02692944392196983,5.0,0,1,0,1,0,0,0,14.0,34.5,7.0,1,Roland Garros_2022,1,1,196.0,2.9299896854048484,8.584839556578803
1081,Roland Garros,2022,Clay,6,1,1,0,0,,1,0,0,1,1,1,1,1,0,0,0,0,27.5,0.05669137352422804,1.0,0,1,0,0,1,0,0,14.5,36.5,32.5,1,Roland Garros_2022,0,1,210.25,4.929989685404848,24.304798298198197
1082,Roland Garros,2022,Clay,7,1,1,1,0,,0,0,0,1,1,1,1,1,0,0,0,0,27.5,0.05669137352422804,1.0,0,1,0,1,0,0,0,14.5,36.5,34.5,1,Roland Garros_2022,1,1,210.25,4.929989685404848,24.304798298198197
1083,US Open,2022,Hard,2,0,0,0,0,,0,0,0,0,0,0,1,1,0,0,1,1,1.5,0.06283712425079746,1.0,0,1,0,0,0,0,0,13.0,34.0,656.5,0,US Open_2022,0,0,169.0,2.4299896854048484,5.904849871173954
1084,US Open,2022,Hard,2,1,1,1,0,,0,0,0,0,0,0,1,1,0,0,0,0,3.5,0.0005411255411255089,1.0,0,1,0,1,0,0,0,12.0,33.0,72.0,0,US Open_2022,1,1,144.0,1.4299896854048484,2.044870500364257
1085,US Open,2022,Hard,2,1,1,1,0,,0,0,0,0,0,0,1,1,0,0,0,0,5.5,0.05669137352422804,1.0,0,1,0,1,0,0,0,14.5,36.5,225.0,0,US Open_2022,1,1,210.25,4.929989685404848,24.304798298198197
1086,US Open,2022,Hard,2,1,1,1,0,,0,0,0,1,1,1,1,1,0,0,0,0,7.5,0.05237538940809972,1.0,0,1,0,0,0,0,0,12.0,35.0,60.5,1,US Open_2022,0,0,144.0,3.4299896854048484,11.764829241983652
1087,US Open,2022,Hard,2,0,0,0,0,,0,0,0,0,0,0,1,1,0,1,1,1,12.5,0.03741686333404848,1.0,0,1,0,0,0,0,0,12.5,31.5,713.0,0,US Open_2022,0,0,156.25,-0.07001031459515161,0.004901444149712099
1088,US Open,2022,Hard,2,1,1,1,0,,0,0,0,0,0,0,1,1,0,0,0,0,20.0,0.02692944392196983,12.0,0,1,1,0,0,0,0,14.0,34.5,289.5,0,US Open_2022,1,1,196.0,2.9299896854048484,8.584839556578803
1089,US Open,2022,Hard,2,0,0,0,0,,0,0,0,1,1,1,1,1,0,1,1,1,20.5,0.002705575417914829,5.0,0,1,0,0,0,0,0,9.0,26.5,407.0,1,US Open_2022,0,0,81.0,-5.070010314595152,25.70500459010123
1090,US Open,2022,Hard,2,0,0,0,0,,0,0,0,0,0,0,1,1,0,0,0,0,24.0,0.04913998809726816,18.0,0,1,0,0,0,0,0,19.5,38.0,83.5,0,US Open_2022,0,0,380.25,6.429989685404848,41.34476735441274
1091,US Open,2022,Hard,2,0,0,0,0,,0,0,0,0,0,0,1,1,0,0,0,0,24.5,0.02743182053526882,7.0,0,1,0,0,0,0,0,10.5,31.0,125.0,0,US Open_2022,0,0,110.25,-0.5700103145951516,0.3249117587448637
1092,US Open,2022,Hard,2,1,1,1,0,,0,0,0,0,0,0,1,1,0,1,1,1,25.5,0.08426573426573425,3.0,0,1,0,1,0,0,0,10.5,31.0,182.5,0,US Open_2022,1,1,110.25,-0.5700103145951516,0.3249117587448637
1093,US Open,2022,Hard,2,0,0,0,0,,0,0,0,0,0,0,1,1,0,1,1,1,30.0,0.006430370146846442,0.0,0,1,0,0,0,0,0,14.5,35.5,1360.5,0,US Open_2022,0,0,210.25,3.9299896854048484,15.4448189273885
1094,US Open,2022,Hard,2,0,0,0,0,,0,0,0,0,0,0,1,1,0,1,1,1,33.0,0.07673039392159464,2.0,0,1,0,0,0,0,0,18.5,36.0,57.5,0,US Open_2022,0,0,342.25,4.429989685404848,19.62480861279335
1095,US Open,2022,Hard,2,0,0,0,0,,0,0,0,0,0,0,1,1,0,0,1,1,42.5,0.06084306095979247,1.0,0,1,0,0,0,0,0,12.5,33.0,616.5,0,US Open_2022,0,0,156.25,1.4299896854048484,2.044870500364257
1096,US Open,2022,Hard,2,0,0,0,0,,0,0,0,0,0,0,1,1,0,1,1,1,65.0,0.06001984126984139,34.0,0,1,0,0,0,0,0,5.0,25.0,67.5,0,US Open_2022,0,0,25.0,-6.570010314595152,43.16503553388668
1097,US Open,2022,Hard,2,0,0,0,0,,0,0,0,1,0,0,1,1,0,0,0,0,209.0,0.267379679144385,22.0,0,1,0,0,0,0,0,4.0,22.0,241.0,0,US Open_2022,0,0,16.0,-9.570010314595152,91.58509742145759
1098,US Open,2022,Hard,2,1,1,1,0,,1,0,0,1,1,1,1,1,0,0,1,1,229.0,0.04222730845702138,138.0,0,1,0,1,1,0,0,15.0,33.0,10.0,1,US Open_2022,1,1,225.0,1.4299896854048484,2.044870500364257
1099,US Open,2022,Hard,2,1,1,1,0,,0,0,0,1,0,0,1,1,0,1,1,1,36.5,0.1046124124607583,1.0,0,1,1,0,0,0,0,11.0,29.5,32.0,0,US Open_2022,1,1,121.0,-2.0700103145951516,4.284942702530318
1100,US Open,2022,Hard,2,1,1,1,0,,0,0,0,1,1,1,1,1,0,1,1,1,397.5,0.07716580608146867,237.0,0,1,0,1,0,0,0,5.0,23.0,116.5,1,US Open_2022,1,1,25.0,-8.570010314595152,73.44507679226729
1101,US Open,2022,Hard,2,0,0,0,0,,0,0,0,0,0,0,1,1,0,1,1,1,101.5,0.1553061224489796,15.0,0,1,0,0,0,0,0,6.5,29.0,372.5,0,US Open_2022,0,0,42.25,-2.5700103145951516,6.60495301712547
1102,US Open,2022,Hard,2,1,1,1,0,,0,0,0,0,0,0,1,1,0,1,1,1,933.0,0.0,382.0,0,1,1,0,0,0,0,1.0,18.0,437.5,0,US Open_2022,1,1,1.0,-13.570010314595152,184.1451799382188
1103,US Open,2022,Hard,2,1,1,1,0,,1,0,0,1,1,1,1,1,0,0,0,0,338.0,0.1537405628002745,520.0,0,1,0,0,1,0,0,6.0,27.5,124.5,1,US Open_2022,0,1,36.0,-4.070010314595152,16.564983960910926
1105,US Open,2022,Hard,2,0,0,0,0,,0,0,0,1,0,0,1,1,0,1,1,1,362.5,0.1160209846650525,359.0,0,1,0,0,0,0,0,14.0,30.0,33.5,0,US Open_2022,0,0,196.0,-1.5700103145951516,2.464932387935167
1106,US Open,2022,Hard,2,1,1,1,0,,1,0,0,1,1,1,1,1,0,0,0,0,75.5,0.1803063085995503,9.0,0,1,0,1,1,0,0,1.0,28.0,39.0,1,US Open_2022,1,1,1.0,-3.5700103145951516,12.744973646315774
1107,US Open,2022,Hard,2,1,1,1,0,,0,0,0,1,1,1,1,1,0,0,0,0,93.5,0.004611166500498531,3.0,1,1,0,1,0,0,0,10.5,28.5,163.0,1,US Open_2022,1,1,110.25,-3.0700103145951516,9.424963331720623
1108,US Open,2022,Hard,2,1,1,1,0,,0,0,0,1,1,1,1,1,0,0,0,0,59.0,0.01037440936383183,30.0,0,1,0,1,0,0,0,22.0,39.5,50.0,1,US Open_2022,1,1,484.0,7.929989685404848,62.88473641062728
1109,US Open,2022,Hard,2,0,0,0,0,,0,0,0,0,0,0,1,1,0,1,1,1,64.5,0.002501202501202449,3.0,0,1,0,0,0,0,0,6.0,29.0,534.5,0,US Open_2022,0,0,36.0,-2.5700103145951516,6.60495301712547
1110,US Open,2022,Hard,2,0,0,0,0,,0,0,0,0,0,0,1,1,0,1,1,1,134.5,0.03975741239892178,125.0,0,1,0,0,0,0,0,16.5,33.0,130.5,0,US Open_2022,0,0,272.25,1.4299896854048484,2.044870500364257
1111,US Open,2022,Hard,2,1,1,1,0,,0,0,0,0,0,0,1,1,0,1,1,1,294.5,0.2184782608695652,169.0,0,1,1,0,0,0,0,18.0,32.0,549.0,0,US Open_2022,1,1,324.0,0.4299896854048484,0.1848911295545605
1112,US Open,2022,Hard,2,0,0,0,0,,0,0,0,0,0,0,1,1,0,0,0,0,54.5,0.03397368914610294,5.0,0,1,0,0,0,0,0,20.5,38.5,720.5,0,US Open_2022,0,0,420.25,6.929989685404848,48.02475703981759
1113,US Open,2022,Hard,2,1,1,1,0,,0,0,0,0,0,0,1,1,0,0,0,0,53.0,0.04232018933771908,16.0,0,1,1,0,0,0,0,7.5,28.5,55.0,0,US Open_2022,1,1,56.25,-3.0700103145951516,9.424963331720623
1114,US Open,2022,Hard,2,1,1,1,0,,0,0,0,0,0,0,1,1,0,1,1,1,72.5,0.1163928304705004,17.0,1,1,1,0,0,0,0,8.5,27.0,20.5,0,US Open_2022,1,1,72.25,-4.570010314595152,20.884994275506077
1115,US Open,2022,Hard,3,0,0,0,0,,0,0,0,0,0,0,1,1,0,0,1,1,1.5,0.06283712425079746,1.0,0,1,0,0,0,0,0,13.0,34.0,93.5,0,US Open_2022,0,0,169.0,2.4299896854048484,5.904849871173954
1116,US Open,2022,Hard,3,1,1,1,0,,0,0,0,1,0,0,1,1,0,0,0,0,3.5,0.0005411255411255089,1.0,0,1,0,0,0,0,0,12.0,33.0,64.5,0,US Open_2022,0,0,144.0,1.4299896854048484,2.044870500364257
1117,US Open,2022,Hard,3,0,0,0,0,,0,0,0,0,0,0,1,1,0,0,0,0,5.5,0.05669137352422804,1.0,0,1,0,0,0,0,0,14.5,36.5,54.5,0,US Open_2022,0,0,210.25,4.929989685404848,24.304798298198197
1118,US Open,2022,Hard,3,1,1,1,0,,0,0,0,0,0,0,1,1,0,0,0,0,7.5,0.05237538940809972,1.0,0,1,0,1,0,0,0,12.0,35.0,65.0,0,US Open_2022,1,1,144.0,3.4299896854048484,11.764829241983652
1119,US Open,2022,Hard,3,0,0,0,0,,0,0,0,0,0,0,1,1,0,1,1,1,12.5,0.03741686333404848,1.0,0,1,0,0,0,0,0,12.5,31.5,933.0,0,US Open_2022,0,0,156.25,-0.07001031459515161,0.004901444149712099
1120,US Open,2022,Hard,3,1,1,1,0,,0,0,0,0,0,0,1,1,0,1,1,1,20.5,0.002705575417914829,5.0,0,1,0,1,0,0,0,9.0,26.5,338.0,0,US Open_2022,1,1,81.0,-5.070010314595152,25.70500459010123
1121,US Open,2022,Hard,3,1,1,1,0,,0,0,0,0,0,0,1,1,0,0,0,0,24.5,0.02743182053526882,7.0,0,1,0,1,0,0,0,10.5,31.0,59.0,0,US Open_2022,1,1,110.25,-0.5700103145951516,0.3249117587448637
1122,US Open,2022,Hard,3,1,1,1,0,,1,0,0,1,0,0,1,1,0,1,1,1,30.0,0.006430370146846442,0.0,0,1,1,0,1,0,0,14.5,35.5,75.5,0,US Open_2022,1,1,210.25,3.9299896854048484,15.4448189273885
1123,US Open,2022,Hard,3,1,1,1,0,,0,0,0,0,0,0,1,1,0,1,1,1,33.0,0.07673039392159464,2.0,0,1,1,0,0,0,0,18.5,36.0,294.5,0,US Open_2022,1,1,342.25,4.429989685404848,19.62480861279335
1124,US Open,2022,Hard,3,1,1,1,0,,1,0,0,1,1,1,1,1,0,0,1,1,42.5,0.06084306095979247,1.0,0,1,0,1,1,0,0,12.5,33.0,20.0,1,US Open_2022,1,1,156.25,1.4299896854048484,2.044870500364257
1125,US Open,2022,Hard,3,0,0,0,0,,0,0,0,0,0,0,1,1,0,0,1,1,229.0,0.04222730845702138,138.0,0,1,0,0,0,0,0,15.0,33.0,134.5,0,US Open_2022,0,0,225.0,1.4299896854048484,2.044870500364257
1126,US Open,2022,Hard,3,0,0,0,0,,0,0,0,0,0,0,1,1,0,1,1,1,36.5,0.1046124124607583,1.0,0,1,0,0,0,0,0,11.0,29.5,101.5,0,US Open_2022,0,0,121.0,-2.0700103145951516,4.284942702530318
1127,US Open,2022,Hard,3,1,1,1,0,,0,0,0,1,0,0,1,1,0,0,0,0,58.0,0.008816055100344444,8.0,0,1,1,0,0,0,0,17.0,35.5,25.5,0,US Open_2022,1,1,289.0,3.9299896854048484,15.4448189273885
1128,US Open,2022,Hard,3,1,1,0,0,,1,0,0,1,0,0,1,1,0,1,1,1,362.5,0.1160209846650525,359.0,0,1,0,0,1,0,0,14.0,30.0,209.0,0,US Open_2022,0,1,196.0,-1.5700103145951516,2.464932387935167
1129,US Open,2022,Hard,3,1,1,1,0,,0,0,0,0,0,0,1,1,0,0,0,0,53.0,0.04232018933771908,16.0,0,1,1,1,0,0,0,7.5,28.5,24.0,0,US Open_2022,1,1,56.25,-3.0700103145951516,9.424963331720623
1130,US Open,2022,Hard,3,1,1,1,0,,0,0,0,1,0,0,1,1,0,1,1,1,72.5,0.1163928304705004,17.0,1,1,0,0,0,0,0,8.5,27.0,397.5,0,US Open_2022,0,0,72.25,-4.570010314595152,20.884994275506077
1131,US Open,2022,Hard,4,0,0,0,0,,0,0,0,0,0,0,1,1,0,0,1,1,1.5,0.06283712425079746,1.0,0,1,0,0,0,0,0,13.0,34.0,33.0,0,US Open_2022,0,0,169.0,2.4299896854048484,5.904849871173954
1132,US Open,2022,Hard,4,1,1,1,0,,0,0,0,1,0,0,1,1,0,0,0,0,3.5,0.0005411255411255089,1.0,0,1,1,0,0,0,0,12.0,33.0,36.5,0,US Open_2022,1,1,144.0,1.4299896854048484,2.044870500364257
1133,US Open,2022,Hard,4,1,1,1,0,,0,0,0,0,0,0,1,1,0,0,0,0,5.5,0.05669137352422804,1.0,0,1,0,1,0,0,0,14.5,36.5,362.5,0,US Open_2022,1,1,210.25,4.929989685404848,24.304798298198197
1134,US Open,2022,Hard,4,0,0,0,0,,0,0,0,0,0,0,1,1,0,1,1,1,12.5,0.03741686333404848,1.0,0,1,0,0,0,0,0,12.5,31.5,58.0,0,US Open_2022,0,0,156.25,-0.07001031459515161,0.004901444149712099
1135,US Open,2022,Hard,4,1,1,1,0,,1,0,0,1,1,1,1,1,0,0,0,0,24.5,0.02743182053526882,7.0,0,1,0,1,1,0,0,10.5,31.0,20.5,1,US Open_2022,1,1,110.25,-0.5700103145951516,0.3249117587448637
1136,US Open,2022,Hard,4,1,1,1,0,,0,0,0,1,1,1,1,1,0,1,1,1,30.0,0.006430370146846442,0.0,0,1,0,0,0,0,0,14.5,35.5,7.5,1,US Open_2022,0,0,210.25,3.9299896854048484,15.4448189273885
1137,US Open,2022,Hard,4,1,1,1,0,,0,0,0,0,0,0,1,1,0,0,1,1,229.0,0.04222730845702138,138.0,0,1,1,0,0,0,0,15.0,33.0,72.5,0,US Open_2022,1,1,225.0,1.4299896854048484,2.044870500364257
1138,US Open,2022,Hard,4,0,0,0,0,,0,0,0,0,0,0,1,1,0,0,0,0,53.0,0.04232018933771908,16.0,0,1,0,0,0,0,0,7.5,28.5,42.5,0,US Open_2022,0,0,56.25,-3.0700103145951516,9.424963331720623
1139,US Open,2022,Hard,5,1,1,1,0,,0,0,0,1,0,0,1,1,0,0,1,1,1.5,0.06283712425079746,1.0,0,1,0,0,0,0,0,13.0,34.0,53.0,0,US Open_2022,0,0,169.0,2.4299896854048484,5.904849871173954
1140,US Open,2022,Hard,5,0,0,0,0,,0,0,0,0,0,0,1,1,0,0,0,0,3.5,0.0005411255411255089,1.0,0,1,0,0,0,0,0,12.0,33.0,229.0,0,US Open_2022,0,0,144.0,1.4299896854048484,2.044870500364257
1141,US Open,2022,Hard,5,0,0,0,0,,0,0,0,0,0,0,1,1,0,0,0,0,5.5,0.05669137352422804,1.0,0,1,0,0,0,0,0,14.5,36.5,12.5,0,US Open_2022,0,0,210.25,4.929989685404848,24.304798298198197
1142,US Open,2022,Hard,5,1,1,1,0,,0,0,0,0,0,0,1,1,0,1,1,1,30.0,0.006430370146846442,0.0,0,1,1,0,0,0,0,14.5,35.5,24.5,0,US Open_2022,1,1,210.25,3.9299896854048484,15.4448189273885
1143,US Open,2022,Hard,6,1,1,0,0,,1,0,0,1,0,0,1,1,0,0,1,1,1.5,0.06283712425079746,1.0,0,1,0,0,1,0,0,13.0,34.0,30.0,0,US Open_2022,0,1,169.0,2.4299896854048484,5.904849871173954
1144,US Open,2022,Hard,6,0,0,0,0,,0,0,0,0,0,0,1,1,0,0,0,0,3.5,0.0005411255411255089,1.0,0,1,0,0,0,0,0,12.0,33.0,5.5,0,US Open_2022,0,0,144.0,1.4299896854048484,2.044870500364257
1145,US Open,2022,Hard,7,1,1,1,0,,0,0,0,0,0,0,1,1,0,0,1,1,1.5,0.06283712425079746,1.0,0,1,1,0,0,0,0,13.0,34.0,3.5,0,US Open_2022,1,1,169.0,2.4299896854048484,5.904849871173954
1146,Wimbledon,2022,Grass,2,1,1,1,0,,1,0,0,1,0,0,1,1,0,0,1,1,1.5,0.06283712425079746,1.0,0,1,0,1,1,0,0,13.0,34.0,552.0,0,Wimbledon_2022,1,1,169.0,2.4299896854048484,5.904849871173954
1147,Wimbledon,2022,Grass,2,1,1,1,0,,0,1,0,1,1,1,1,1,0,0,1,1,57.5,0.02046534024996172,15.0,0,1,0,0,0,1,0,14.0,33.5,59.5,1,Wimbledon_2022,0,0,196.0,1.9299896854048484,3.7248601857691055
1148,Wimbledon,2022,Grass,2,1,1,1,0,,0,0,0,1,0,0,1,1,0,0,0,0,57.0,0.03397368914610294,6.0,0,1,0,0,0,0,0,20.5,38.5,216.0,0,Wimbledon_2022,0,0,420.25,6.929989685404848,48.02475703981759
1149,Wimbledon,2022,Grass,2,1,1,1,0,,0,0,0,1,0,0,1,1,0,0,0,0,41.0,0.08941016488186299,2.0,0,1,0,0,0,0,0,1.0,27.0,526.0,0,Wimbledon_2022,0,0,1.0,-4.570010314595152,20.884994275506077
1150,Wimbledon,2022,Grass,2,0,0,0,0,,0,0,0,1,0,0,1,1,0,1,1,1,33.0,,30.0,0,1,0,0,0,0,0,22.0,40.0,353.5,0,Wimbledon_2022,0,0,484.0,8.429989685404848,71.06472609603213
1151,Wimbledon,2022,Grass,2,1,1,1,0,,0,1,1,1,0,0,1,1,0,0,0,0,68.0,0.1303181440338547,12.0,0,1,0,0,0,1,1,13.0,34.5,72.0,0,Wimbledon_2022,0,0,169.0,2.9299896854048484,8.584839556578803
1152,Wimbledon,2022,Grass,2,0,0,0,0,,0,0,0,1,0,0,1,1,0,1,1,1,99.5,0.194980694980695,25.0,0,1,0,0,0,0,0,14.5,33.5,164.0,0,Wimbledon_2022,0,0,210.25,1.9299896854048484,3.7248601857691055
1153,Wimbledon,2022,Grass,2,1,1,1,0,,1,0,0,1,0,0,1,1,0,0,0,0,18.0,0.02692944392196983,2.0,0,1,0,1,0,0,0,14.0,34.5,68.5,0,Wimbledon_2022,1,1,196.0,2.9299896854048484,8.584839556578803
1154,Wimbledon,2022,Grass,2,0,0,0,0,,0,0,0,1,0,0,1,1,0,0,0,0,7.5,0.0005411255411255089,1.0,0,1,0,0,0,0,0,12.0,33.0,208.5,0,Wimbledon_2022,0,0,144.0,1.4299896854048484,2.044870500364257
1155,Wimbledon,2022,Grass,2,1,1,1,0,,0,0,0,1,0,0,1,1,0,0,0,0,95.0,0.02535196358632369,8.0,0,1,0,1,0,0,0,8.0,29.0,68.0,0,Wimbledon_2022,1,1,64.0,-2.5700103145951516,6.60495301712547
1156,Wimbledon,2022,Grass,2,1,1,0,0,,0,1,0,1,0,0,1,1,0,0,0,0,67.5,0.02383270455559611,23.0,0,1,0,0,0,0,0,7.0,29.0,393.0,0,Wimbledon_2022,0,0,49.0,-2.5700103145951516,6.60495301712547
1157,Wimbledon,2022,Grass,2,1,1,1,0,,0,0,1,1,1,1,1,1,0,1,1,1,32.5,0.1046124124607583,3.0,0,1,0,0,0,0,1,11.0,29.5,56.0,1,Wimbledon_2022,0,0,121.0,-2.0700103145951516,4.284942702530318
1158,Wimbledon,2022,Grass,2,0,0,0,0,,0,0,0,1,0,0,1,1,0,0,0,0,25.5,0.04913998809726816,9.0,0,1,0,0,0,0,0,19.5,38.0,144.0,0,Wimbledon_2022,0,0,380.25,6.429989685404848,41.34476735441274
1159,Wimbledon,2022,Grass,2,1,1,1,0,,1,0,0,1,0,0,1,1,0,0,0,0,69.5,0.1330438378825476,23.0,0,1,0,1,1,0,0,11.5,29.5,634.5,0,Wimbledon_2022,1,1,132.25,-2.0700103145951516,4.284942702530318
1160,Wimbledon,2022,Grass,2,1,1,0,0,,1,0,0,1,1,1,1,1,0,0,0,0,196.5,0.1853722409277965,59.0,0,1,0,0,1,0,0,11.5,30.5,44.0,1,Wimbledon_2022,0,1,132.25,-1.0700103145951516,1.1449220733400154
1161,Wimbledon,2022,Grass,2,0,0,0,0,,0,0,0,1,1,1,1,1,0,0,0,0,15.5,0.01226670722707635,1.0,0,1,0,0,0,0,0,14.0,35.5,205.0,1,Wimbledon_2022,0,0,196.0,3.9299896854048484,15.4448189273885
1162,Wimbledon,2022,Grass,2,0,0,0,0,,0,0,0,1,0,0,1,1,0,1,1,1,12.0,0.006430370146846442,0.0,0,1,0,0,0,0,0,14.5,35.5,538.0,0,Wimbledon_2022,0,0,210.25,3.9299896854048484,15.4448189273885
1163,Wimbledon,2022,Grass,2,1,1,1,0,,0,0,0,1,0,0,1,1,0,1,1,1,78.5,0.06001984126984139,23.0,0,1,1,0,0,0,0,5.0,25.0,146.5,0,Wimbledon_2022,1,1,25.0,-6.570010314595152,43.16503553388668
1164,Wimbledon,2022,Grass,2,1,1,1,0,,0,0,0,1,0,0,1,1,0,0,0,0,492.5,0.2023350987000482,577.0,0,1,0,1,0,0,0,14.0,31.5,148.5,0,Wimbledon_2022,1,1,196.0,-0.07001031459515161,0.004901444149712099
1165,Wimbledon,2022,Grass,2,1,1,1,0,,0,0,0,1,0,0,1,1,0,0,1,1,93.5,0.0688084392232079,1.0,0,1,1,1,0,0,0,1.0,30.5,422.0,0,Wimbledon_2022,1,1,1.0,-1.0700103145951516,1.1449220733400154
1166,Wimbledon,2022,Grass,2,1,1,1,0,,0,0,0,1,0,0,1,1,0,0,1,1,33.0,0.01370293451951354,10.0,0,1,1,0,0,0,0,19.0,36.5,156.0,0,Wimbledon_2022,1,1,361.0,4.929989685404848,24.304798298198197
1167,Wimbledon,2022,Grass,2,0,0,0,0,,0,0,0,1,0,0,1,1,0,1,1,1,96.5,0.2653061224489796,3.0,0,1,0,0,0,0,0,7.0,29.5,439.0,0,Wimbledon_2022,0,0,49.0,-2.0700103145951516,4.284942702530318
1168,Wimbledon,2022,Grass,2,0,0,0,0,,0,0,0,1,1,1,1,1,0,1,1,1,507.0,0.3458711629917856,904.0,0,1,0,0,0,0,0,6.0,26.0,330.5,1,Wimbledon_2022,0,0,36.0,-5.570010314595152,31.02501490469638
1169,Wimbledon,2022,Grass,2,1,1,1,0,,0,0,0,1,0,0,1,1,0,1,1,1,153.0,0.3532072592511854,200.0,0,1,1,0,0,0,0,11.5,30.0,10.5,0,Wimbledon_2022,1,1,132.25,-1.5700103145951516,2.464932387935167
1170,Wimbledon,2022,Grass,2,1,1,1,0,,0,0,1,1,1,1,1,1,0,0,0,0,46.0,0.01037440936383183,10.0,0,1,0,1,0,0,1,22.0,39.5,11.5,1,Wimbledon_2022,1,1,484.0,7.929989685404848,62.88473641062728
1171,Wimbledon,2022,Grass,2,0,0,0,0,,0,0,0,1,0,0,1,1,0,1,1,1,89.5,0.04200640652300514,35.0,0,1,0,0,0,0,0,15.0,33.0,455.0,0,Wimbledon_2022,0,0,225.0,1.4299896854048484,2.044870500364257
1172,Wimbledon,2022,Grass,2,1,1,1,0,,1,0,0,1,0,0,1,1,0,1,1,1,575.5,0.09999999999999998,87.0,0,1,0,1,1,0,0,1.0,20.0,44.5,0,Wimbledon_2022,1,1,1.0,-11.570010314595152,133.8651386798382
1173,Wimbledon,2022,Grass,2,1,1,0,0,,1,0,0,1,1,1,1,1,0,1,1,1,29.5,0.08426573426573425,13.0,0,1,0,0,1,0,0,10.5,31.0,75.5,1,Wimbledon_2022,0,1,110.25,-0.5700103145951516,0.3249117587448637
1174,Wimbledon,2022,Grass,2,0,0,0,0,,0,0,0,1,0,0,1,1,0,0,0,0,37.5,0.02743182053526882,11.0,0,1,0,0,0,0,0,10.5,31.0,400.0,0,Wimbledon_2022,0,0,110.25,-0.5700103145951516,0.3249117587448637
1175,Wimbledon,2022,Grass,2,1,1,0,0,,1,0,1,1,1,1,1,1,0,0,0,0,156.0,0.1666666666666666,86.0,0,1,0,0,1,0,1,4.0,24.0,75.0,1,Wimbledon_2022,0,1,16.0,-7.570010314595152,57.30505616307698
1176,Wimbledon,2022,Grass,2,1,1,1,0,,1,0,0,1,0,0,1,1,0,1,1,1,117.0,,22.0,0,1,0,1,1,0,0,18.0,40.0,63.5,0,Wimbledon_2022,1,1,324.0,8.429989685404848,71.06472609603213
1177,Wimbledon,2022,Grass,2,0,0,0,0,,0,0,0,1,0,0,1,1,0,1,1,1,4.5,0.03741686333404848,3.0,0,1,0,0,0,0,0,12.5,31.5,235.0,0,Wimbledon_2022,0,0,156.25,-0.07001031459515161,0.004901444149712099
1178,Wimbledon,2022,Grass,3,0,0,0,0,,0,0,0,1,0,0,1,1,0,0,1,1,1.5,0.06283712425079746,1.0,0,1,0,0,0,0,0,13.0,34.0,57.5,0,Wimbledon_2022,0,0,169.0,2.4299896854048484,5.904849871173954
1180,Wimbledon,2022,Grass,3,1,1,1,0,,1,1,0,1,1,1,1,1,0,1,1,1,33.0,,30.0,0,1,0,0,1,1,0,22.0,40.0,68.0,1,Wimbledon_2022,0,1,484.0,8.429989685404848,71.06472609603213
1181,Wimbledon,2022,Grass,3,1,1,1,0,,0,0,0,1,0,0,1,1,0,0,0,0,18.0,0.02692944392196983,2.0,0,1,1,0,0,0,0,14.0,34.5,99.5,0,Wimbledon_2022,1,1,196.0,2.9299896854048484,8.584839556578803
1182,Wimbledon,2022,Grass,3,1,1,1,0,,1,0,0,1,0,0,1,1,0,0,0,0,7.5,0.0005411255411255089,1.0,0,1,1,0,1,0,0,12.0,33.0,95.0,0,Wimbledon_2022,1,1,144.0,1.4299896854048484,2.044870500364257
1183,Wimbledon,2022,Grass,3,1,1,1,0,,0,1,0,1,0,0,1,1,0,1,1,1,32.5,0.1046124124607583,3.0,0,1,0,0,0,1,0,11.0,29.5,67.5,0,Wimbledon_2022,0,0,121.0,-2.0700103145951516,4.284942702530318
1184,Wimbledon,2022,Grass,3,1,1,1,0,,0,0,0,1,0,0,1,1,0,0,0,0,25.5,0.04913998809726816,9.0,0,1,0,1,0,0,0,19.5,38.0,69.5,0,Wimbledon_2022,1,1,380.25,6.429989685404848,41.34476735441274
1185,Wimbledon,2022,Grass,3,1,1,1,0,,0,0,0,1,0,0,1,1,0,0,0,0,15.5,0.01226670722707635,1.0,0,1,1,0,0,0,0,14.0,35.5,196.5,0,Wimbledon_2022,1,1,196.0,3.9299896854048484,15.4448189273885
1186,Wimbledon,2022,Grass,3,0,0,0,0,,0,0,0,1,0,0,1,1,0,1,1,1,12.0,0.006430370146846442,0.0,0,1,0,0,0,0,0,14.5,35.5,78.5,0,Wimbledon_2022,0,0,210.25,3.9299896854048484,15.4448189273885
1187,Wimbledon,2022,Grass,3,1,1,0,0,,0,1,0,1,0,0,1,1,0,0,0,0,492.5,0.2023350987000482,577.0,0,1,0,0,0,1,0,14.0,31.5,93.5,0,Wimbledon_2022,0,0,196.0,-0.07001031459515161,0.004901444149712099
1188,Wimbledon,2022,Grass,3,1,1,1,0,,0,1,0,1,0,0,1,1,0,0,1,1,33.0,0.01370293451951354,10.0,0,1,1,0,0,0,0,19.0,36.5,96.5,0,Wimbledon_2022,1,1,361.0,4.929989685404848,24.304798298198197
1190,Wimbledon,2022,Grass,3,0,0,0,0,,0,0,0,1,0,0,1,1,0,1,1,1,89.5,0.04200640652300514,35.0,0,1,0,0,0,0,0,15.0,33.0,46.0,0,Wimbledon_2022,0,0,225.0,1.4299896854048484,2.044870500364257
1191,Wimbledon,2022,Grass,3,1,1,1,0,,0,0,0,1,0,0,1,1,0,1,1,1,29.5,0.08426573426573425,13.0,0,1,1,0,0,0,0,10.5,31.0,575.5,0,Wimbledon_2022,1,1,110.25,-0.5700103145951516,0.3249117587448637
1192,Wimbledon,2022,Grass,3,0,0,0,0,,0,0,0,1,0,0,1,1,0,0,0,0,37.5,0.02743182053526882,11.0,0,1,0,0,0,0,0,10.5,31.0,156.0,0,Wimbledon_2022,0,0,110.25,-0.5700103145951516,0.3249117587448637
1193,Wimbledon,2022,Grass,3,0,0,0,0,,0,0,0,1,0,0,1,1,0,1,1,1,4.5,0.03741686333404848,3.0,0,1,0,0,0,0,0,12.5,31.5,117.0,0,Wimbledon_2022,0,0,156.25,-0.07001031459515161,0.004901444149712099
1194,Wimbledon,2022,Grass,4,0,0,0,0,,0,0,0,1,1,1,1,1,0,0,1,1,1.5,0.06283712425079746,1.0,0,1,0,0,0,0,0,13.0,34.0,41.0,1,Wimbledon_2022,0,0,169.0,2.4299896854048484,5.904849871173954
1196,Wimbledon,2022,Grass,4,0,0,0,0,,0,0,0,1,0,0,1,1,0,1,1,1,32.5,0.1046124124607583,3.0,0,1,0,0,0,0,0,11.0,29.5,7.5,0,Wimbledon_2022,0,0,121.0,-2.0700103145951516,4.284942702530318
1197,Wimbledon,2022,Grass,4,1,1,1,0,,0,0,0,1,0,0,1,1,0,0,0,0,15.5,0.01226670722707635,1.0,0,1,1,0,0,0,0,14.0,35.5,25.5,0,Wimbledon_2022,1,1,196.0,3.9299896854048484,15.4448189273885
1198,Wimbledon,2022,Grass,4,0,0,0,0,,0,0,0,1,0,0,1,1,0,1,1,1,12.0,0.006430370146846442,0.0,0,1,0,0,0,0,0,14.5,35.5,492.5,0,Wimbledon_2022,0,0,210.25,3.9299896854048484,15.4448189273885
1199,Wimbledon,2022,Grass,4,0,0,0,0,,0,0,0,1,0,0,1,1,0,1,1,1,153.0,0.3532072592511854,200.0,0,1,0,0,0,0,0,11.5,30.0,33.0,0,Wimbledon_2022,0,0,132.25,-1.5700103145951516,2.464932387935167
1200,Wimbledon,2022,Grass,4,1,1,1,0,,0,0,0,1,0,0,1,1,0,1,1,1,29.5,0.08426573426573425,13.0,0,1,1,0,0,0,0,10.5,31.0,89.5,0,Wimbledon_2022,1,1,110.25,-0.5700103145951516,0.3249117587448637
1201,Wimbledon,2022,Grass,4,1,1,1,0,,0,0,0,1,0,0,1,1,0,1,1,1,4.5,0.03741686333404848,3.0,0,1,0,1,0,0,0,12.5,31.5,37.5,0,Wimbledon_2022,1,1,156.25,-0.07001031459515161,0.004901444149712099
1202,Wimbledon,2022,Grass,5,1,1,1,0,,0,0,0,1,0,0,1,1,0,0,1,1,1.5,0.06283712425079746,1.0,0,1,0,0,0,0,0,13.0,34.0,33.0,0,Wimbledon_2022,0,0,169.0,2.4299896854048484,5.904849871173954
1203,Wimbledon,2022,Grass,5,0,0,0,0,,0,0,0,1,0,0,1,1,0,1,1,1,32.5,0.1046124124607583,3.0,0,1,0,0,0,0,0,11.0,29.5,15.5,0,Wimbledon_2022,0,0,121.0,-2.0700103145951516,4.284942702530318
1205,Wimbledon,2022,Grass,5,0,0,0,0,,0,0,0,1,0,0,1,1,0,1,1,1,4.5,0.03741686333404848,3.0,0,1,0,0,0,0,0,12.5,31.5,29.5,0,Wimbledon_2022,0,0,156.25,-0.07001031459515161,0.004901444149712099
1206,Wimbledon,2022,Grass,6,1,1,1,0,,1,0,0,1,1,1,1,1,0,1,1,1,32.5,0.1046124124607583,3.0,0,1,0,0,1,0,0,11.0,29.5,1.5,1,Wimbledon_2022,0,1,121.0,-2.0700103145951516,4.284942702530318
1207,Wimbledon,2022,Grass,6,1,1,1,0,,0,0,1,1,1,1,1,1,0,1,1,1,4.5,0.03741686333404848,3.0,0,1,0,1,0,0,1,12.5,31.5,12.0,1,Wimbledon_2022,1,1,156.25,-0.07001031459515161,0.004901444149712099
1208,Wimbledon,2022,Grass,7,1,1,1,0,,0,0,1,1,0,0,1,1,0,1,1,1,32.5,0.1046124124607583,3.0,0,1,1,0,0,0,1,11.0,29.5,4.5,0,Wimbledon_2022,1,1,121.0,-2.0700103145951516,4.284942702530318
1209,Australian Open,2023,Hard,2,0,0,0,0,,0,0,0,0,0,0,1,1,0,0,0,0,3.0,0.0005411255411255089,0.0,0,1,0,0,0,0,0,13.0,34.0,128.5,0,Australian Open_2023,0,0,169.0,2.4299896854048484,5.904849871173954
1210,Australian Open,2023,Hard,2,0,0,0,0,,0,0,0,0,0,0,1,1,0,0,1,1,1.5,0.06283712425079746,1.0,0,1,0,0,0,0,0,14.0,35.0,424.5,0,Australian Open_2023,0,0,196.0,3.4299896854048484,11.764829241983652
1211,Australian Open,2023,Hard,2,1,1,1,0,,0,0,0,0,0,0,1,1,0,0,0,0,6.0,0.05669137352422804,0.0,0,1,0,1,0,0,0,15.5,37.5,451.0,0,Australian Open_2023,1,1,240.25,5.929989685404848,35.16477766900789
1212,Australian Open,2023,Hard,2,0,0,0,0,,0,0,0,0,0,0,1,1,0,1,1,1,6.5,0.03741686333404848,3.0,0,1,0,0,0,0,0,13.5,32.5,41.0,0,Australian Open_2023,0,0,182.25,0.9299896854048484,0.8648808149594088
1213,Australian Open,2023,Hard,2,1,1,1,0,,0,0,0,0,0,0,1,1,0,0,0,0,11.5,0.02743182053526882,1.0,0,1,1,0,0,0,0,11.5,32.0,43.5,0,Australian Open_2023,1,1,132.25,0.4299896854048484,0.1848911295545605
1214,Australian Open,2023,Hard,2,0,0,0,0,,0,0,0,0,0,0,1,1,0,0,1,1,15.0,0.01057318491443759,2.0,0,1,0,0,0,0,0,20.0,37.5,461.5,0,Australian Open_2023,0,0,400.0,5.929989685404848,35.16477766900789
1215,Australian Open,2023,Hard,2,0,0,0,0,,0,0,0,0,0,0,1,1,0,0,1,1,25.0,0.01544027954839367,20.0,0,1,0,0,0,0,0,16.5,36.5,80.0,0,Australian Open_2023,0,0,272.25,4.929989685404848,24.304798298198197
1216,Australian Open,2023,Hard,2,1,1,1,0,,0,0,0,1,0,0,1,1,0,1,1,1,27.0,0.006430370146846442,0.0,0,1,0,0,0,0,0,15.5,36.5,570.0,0,Australian Open_2023,0,0,240.25,4.929989685404848,24.304798298198197
1217,Australian Open,2023,Hard,2,1,1,1,0,,0,0,0,1,0,0,1,1,0,0,0,0,30.0,0.04631816781349496,16.0,0,1,1,0,0,0,0,11.0,34.0,82.0,0,Australian Open_2023,1,1,121.0,2.4299896854048484,5.904849871173954
1218,Australian Open,2023,Hard,2,0,0,0,0,,0,0,0,0,0,0,1,1,0,0,0,0,31.0,0.06491057180162063,2.0,0,1,0,0,0,0,0,21.5,40.0,366.0,0,Australian Open_2023,0,0,462.25,8.429989685404848,71.06472609603213
1219,Australian Open,2023,Hard,2,0,0,0,0,,0,0,0,0,0,0,1,1,0,1,1,1,31.5,0.03194616977225673,21.0,0,1,0,0,0,0,0,19.5,38.0,234.5,0,Australian Open_2023,0,0,380.25,6.429989685404848,41.34476735441274
1220,Australian Open,2023,Hard,2,0,0,0,0,,0,0,0,1,0,0,1,1,0,0,1,1,57.0,0.01272108843537406,18.0,0,1,0,0,0,0,0,15.5,35.0,32.5,0,Australian Open_2023,0,0,240.25,3.4299896854048484,11.764829241983652
1221,Australian Open,2023,Hard,2,0,0,0,0,,0,0,0,0,0,0,1,1,0,1,1,1,489.0,0.01331478537360903,816.0,0,1,0,0,0,0,0,11.5,29.5,674.5,0,Australian Open_2023,0,0,132.25,-2.0700103145951516,4.284942702530318
1222,Australian Open,2023,Hard,2,1,1,1,0,,0,0,0,0,0,0,1,1,0,1,1,1,280.0,0.1606512890094979,150.0,0,1,0,1,0,0,0,6.5,27.5,977.0,0,Australian Open_2023,1,1,42.25,-4.070010314595152,16.564983960910926
1223,Australian Open,2023,Hard,2,1,1,1,0,,0,0,0,1,1,1,1,1,0,0,0,0,54.5,0.01229159687685211,21.0,0,1,0,1,0,0,0,12.5,33.5,93.5,1,Australian Open_2023,1,1,156.25,1.9299896854048484,3.7248601857691055
1224,Australian Open,2023,Hard,2,0,0,0,0,,0,0,0,1,1,1,1,1,0,0,0,0,79.0,0.04537805538917883,6.0,0,1,0,0,0,0,0,20.5,38.0,98.0,1,Australian Open_2023,0,0,420.25,6.429989685404848,41.34476735441274
1225,Australian Open,2023,Hard,2,0,0,0,0,,0,0,0,0,0,0,1,1,0,1,1,1,63.5,0.03399052079535569,1.0,0,1,0,0,0,0,0,1.0,27.0,646.5,0,Australian Open_2023,0,0,1.0,-4.570010314595152,20.884994275506077
1226,Australian Open,2023,Hard,2,1,1,1,0,,0,0,0,0,0,0,1,1,0,1,1,1,436.5,0.02179137210984344,757.0,0,1,1,0,0,0,0,17.5,36.5,102.5,0,Australian Open_2023,1,1,306.25,4.929989685404848,24.304798298198197
1227,Australian Open,2023,Hard,2,1,1,1,0,,1,0,0,1,1,1,1,1,0,0,0,0,89.0,0.1536732929991357,72.0,0,1,0,1,1,0,0,13.0,31.0,51.5,1,Australian Open_2023,1,1,169.0,-0.5700103145951516,0.3249117587448637
1228,Australian Open,2023,Hard,2,0,0,0,0,,0,0,0,0,0,0,1,1,0,1,1,1,58.5,0.008230452674897193,3.0,0,1,0,0,0,0,0,1.0,30.5,24.5,0,Australian Open_2023,0,0,1.0,-1.0700103145951516,1.1449220733400154
1229,Australian Open,2023,Hard,2,0,0,0,0,,0,0,0,0,0,0,1,1,0,1,1,1,52.0,0.01985049455307897,4.0,0,1,0,0,0,0,0,8.5,26.5,21.5,0,Australian Open_2023,0,0,72.25,-5.070010314595152,25.70500459010123
1230,Australian Open,2023,Hard,2,0,0,0,0,,0,0,0,0,0,0,1,1,0,1,1,1,54.0,0.07626262626262631,10.0,0,1,0,0,0,0,0,18.0,36.0,178.5,0,Australian Open_2023,0,0,324.0,4.429989685404848,19.62480861279335
1231,Australian Open,2023,Hard,2,0,0,0,0,,0,0,0,0,0,0,1,1,0,0,0,0,206.0,0.02664796633941102,276.0,0,1,0,0,0,0,0,6.0,28.0,138.0,0,Australian Open_2023,0,0,36.0,-3.5700103145951516,12.744973646315774
1232,Australian Open,2023,Hard,2,1,1,1,0,,0,0,0,0,0,0,1,1,0,1,1,1,105.0,0.08257713248638843,98.0,0,1,1,1,0,0,0,14.5,33.5,244.5,0,Australian Open_2023,1,1,210.25,1.9299896854048484,3.7248601857691055
1233,Australian Open,2023,Hard,2,1,1,1,0,,0,0,0,0,0,0,1,1,0,1,1,1,220.0,0.03450549450549456,114.0,0,1,1,0,0,0,0,7.0,26.0,61.0,0,Australian Open_2023,1,1,49.0,-5.570010314595152,31.02501490469638
1234,Australian Open,2023,Hard,2,1,1,1,0,,0,0,0,0,0,0,1,1,0,0,0,0,938.5,0.2,237.0,1,1,0,1,0,0,0,5.5,24.0,222.5,0,Australian Open_2023,1,1,30.25,-7.570010314595152,57.30505616307698
1235,Australian Open,2023,Hard,2,0,0,0,0,,0,0,0,0,0,0,1,1,0,1,1,1,254.5,0.1664133738601824,369.0,0,1,0,0,0,0,0,9.0,29.5,444.5,0,Australian Open_2023,0,0,81.0,-2.0700103145951516,4.284942702530318
1236,Australian Open,2023,Hard,2,1,1,1,0,,0,0,0,1,0,0,1,1,0,1,1,1,100.5,,1.0,0,1,1,0,0,0,0,1.0,33.0,9.5,0,Australian Open_2023,1,1,1.0,1.4299896854048484,2.044870500364257
1237,Australian Open,2023,Hard,2,1,1,1,0,,0,0,0,1,1,1,1,1,0,0,0,0,38.0,0.04232018933771908,4.0,0,1,0,0,0,0,0,8.5,29.5,30.0,1,Australian Open_2023,0,0,72.25,-2.0700103145951516,4.284942702530318
1238,Australian Open,2023,Hard,2,0,0,0,0,,0,0,0,0,0,0,1,1,0,1,1,1,671.0,0.1836734693877552,806.0,0,1,0,0,0,0,0,7.0,25.0,452.0,0,Australian Open_2023,0,0,49.0,-6.570010314595152,43.16503553388668
1239,Australian Open,2023,Hard,2,0,0,0,0,,0,0,0,0,0,0,1,1,0,1,1,1,243.0,0.04750475047504754,420.0,0,1,0,0,0,0,0,8.5,27.0,70.5,0,Australian Open_2023,0,0,72.25,-4.570010314595152,20.884994275506077
1240,Australian Open,2023,Hard,2,0,0,0,0,,0,0,0,1,1,1,1,1,0,1,1,1,108.0,0.1028622540250447,70.0,0,1,0,0,0,0,0,5.5,24.0,75.5,1,Australian Open_2023,0,0,30.25,-7.570010314595152,57.30505616307698
1241,Australian Open,2023,Hard,3,1,1,1,0,,1,0,0,1,0,0,1,1,0,0,0,0,3.0,0.0005411255411255089,0.0,0,1,1,0,1,0,0,13.0,34.0,108.0,0,Australian Open_2023,1,1,169.0,2.4299896854048484,5.904849871173954
1242,Australian Open,2023,Hard,3,1,1,1,0,,0,0,0,1,0,0,1,1,0,0,1,1,1.5,0.06283712425079746,1.0,0,1,1,0,0,0,0,14.0,35.0,671.0,0,Australian Open_2023,1,1,196.0,3.4299896854048484,11.764829241983652
1243,Australian Open,2023,Hard,3,1,1,1,0,,0,0,0,0,0,0,1,1,0,0,0,0,6.0,0.05669137352422804,0.0,0,1,1,0,0,0,0,15.5,37.5,254.5,0,Australian Open_2023,1,1,240.25,5.929989685404848,35.16477766900789
1244,Australian Open,2023,Hard,3,1,1,1,0,,0,0,0,1,1,1,1,1,0,0,1,1,15.0,0.01057318491443759,2.0,0,1,0,1,0,0,0,20.0,37.5,89.0,1,Australian Open_2023,1,1,400.0,5.929989685404848,35.16477766900789
1245,Australian Open,2023,Hard,3,0,0,0,0,,0,0,0,1,1,1,1,1,0,1,1,1,27.0,0.006430370146846442,0.0,0,1,0,0,0,0,0,15.5,36.5,54.0,1,Australian Open_2023,0,0,240.25,4.929989685404848,24.304798298198197
1246,Australian Open,2023,Hard,3,1,1,1,0,,0,0,0,0,0,0,1,1,0,0,0,0,30.0,0.04631816781349496,16.0,0,1,0,1,0,0,0,11.0,34.0,206.0,0,Australian Open_2023,1,1,121.0,2.4299896854048484,5.904849871173954
1247,Australian Open,2023,Hard,3,1,1,1,0,,0,0,0,0,0,0,1,1,0,1,1,1,31.5,0.03194616977225673,21.0,0,1,0,1,0,0,0,19.5,38.0,63.5,0,Australian Open_2023,1,1,380.25,6.429989685404848,41.34476735441274
1248,Australian Open,2023,Hard,3,0,0,0,0,,0,0,0,0,0,0,1,1,0,1,1,1,489.0,0.01331478537360903,816.0,0,1,0,0,0,0,0,11.5,29.5,6.5,0,Australian Open_2023,0,0,132.25,-2.0700103145951516,4.284942702530318
1249,Australian Open,2023,Hard,3,1,1,1,0,,1,0,0,1,1,1,1,1,0,1,1,1,280.0,0.1606512890094979,150.0,0,1,0,0,1,0,0,6.5,27.5,57.0,1,Australian Open_2023,0,1,42.25,-4.070010314595152,16.564983960910926
1250,Australian Open,2023,Hard,3,1,1,1,0,,0,0,0,0,0,0,1,1,0,0,0,0,54.5,0.01229159687685211,21.0,0,1,1,0,0,0,0,12.5,33.5,25.0,0,Australian Open_2023,1,1,156.25,1.9299896854048484,3.7248601857691055
1251,Australian Open,2023,Hard,3,1,1,1,0,,0,0,0,0,0,0,1,1,0,0,0,0,79.0,0.04537805538917883,6.0,0,1,1,1,0,0,0,20.5,38.0,31.0,0,Australian Open_2023,1,1,420.25,6.429989685404848,41.34476735441274
1252,Australian Open,2023,Hard,3,0,0,0,0,,0,0,0,0,0,0,1,1,0,1,1,1,436.5,0.02179137210984344,757.0,0,1,0,0,0,0,0,17.5,36.5,100.5,0,Australian Open_2023,0,0,306.25,4.929989685404848,24.304798298198197
1253,Australian Open,2023,Hard,3,0,0,0,0,,0,0,0,0,0,0,1,1,0,1,1,1,105.0,0.08257713248638843,98.0,0,1,0,0,0,0,0,14.5,33.5,58.5,0,Australian Open_2023,0,0,210.25,1.9299896854048484,3.7248601857691055
1254,Australian Open,2023,Hard,3,0,0,0,0,,0,0,0,1,1,1,1,1,0,1,1,1,220.0,0.03450549450549456,114.0,0,1,0,0,0,0,0,7.0,26.0,11.5,1,Australian Open_2023,0,0,49.0,-5.570010314595152,31.02501490469638
1255,Australian Open,2023,Hard,3,0,0,0,0,,0,0,0,0,0,0,1,1,0,0,0,0,938.5,0.2,237.0,1,1,0,0,0,0,0,5.5,24.0,52.0,0,Australian Open_2023,0,0,30.25,-7.570010314595152,57.30505616307698
1256,Australian Open,2023,Hard,3,1,1,0,0,,1,0,0,1,1,1,1,1,0,0,0,0,38.0,0.04232018933771908,4.0,0,1,0,0,1,0,0,8.5,29.5,243.0,1,Australian Open_2023,0,1,72.25,-2.0700103145951516,4.284942702530318
1257,Australian Open,2023,Hard,4,0,0,0,0,,0,0,0,0,0,0,1,1,0,0,0,0,3.0,0.0005411255411255089,0.0,0,1,0,0,0,0,0,13.0,34.0,79.0,0,Australian Open_2023,0,0,169.0,2.4299896854048484,5.904849871173954
1258,Australian Open,2023,Hard,4,1,1,1,0,,0,0,0,0,0,0,1,1,0,0,0,0,6.0,0.05669137352422804,0.0,0,1,0,1,0,0,0,15.5,37.5,31.5,0,Australian Open_2023,1,1,240.25,5.929989685404848,35.16477766900789
1259,Australian Open,2023,Hard,4,1,1,1,0,,0,0,0,0,0,0,1,1,0,0,1,1,15.0,0.01057318491443759,2.0,0,1,0,1,0,0,0,20.0,37.5,105.0,0,Australian Open_2023,1,1,400.0,5.929989685404848,35.16477766900789
1260,Australian Open,2023,Hard,4,0,0,0,0,,0,0,0,0,0,0,1,1,0,0,0,0,30.0,0.04631816781349496,16.0,0,1,0,0,0,0,0,11.0,34.0,489.0,0,Australian Open_2023,0,0,121.0,2.4299896854048484,5.904849871173954
1261,Australian Open,2023,Hard,4,1,1,1,0,,0,0,0,1,0,0,1,1,0,1,1,1,280.0,0.1606512890094979,150.0,0,1,1,0,0,0,0,6.5,27.5,27.0,0,Australian Open_2023,1,1,42.25,-4.070010314595152,16.564983960910926
1262,Australian Open,2023,Hard,4,1,1,1,0,,0,0,0,0,0,0,1,1,0,1,1,1,436.5,0.02179137210984344,757.0,0,1,1,0,0,0,0,17.5,36.5,938.5,0,Australian Open_2023,1,1,306.25,4.929989685404848,24.304798298198197
1263,Australian Open,2023,Hard,4,1,1,1,0,,0,0,0,1,1,1,1,1,0,1,1,1,220.0,0.03450549450549456,114.0,0,1,0,1,0,0,0,7.0,26.0,54.5,1,Australian Open_2023,1,1,49.0,-5.570010314595152,31.02501490469638
1264,Australian Open,2023,Hard,4,1,1,1,0,,0,0,0,1,1,1,1,1,0,0,0,0,38.0,0.04232018933771908,4.0,0,1,0,1,0,0,0,8.5,29.5,1.5,1,Australian Open_2023,1,1,72.25,-2.0700103145951516,4.284942702530318
1265,Australian Open,2023,Hard,5,1,1,1,0,,0,0,0,1,0,0,1,1,0,0,1,1,15.0,0.01057318491443759,2.0,0,1,0,0,0,0,0,20.0,37.5,30.0,0,Australian Open_2023,0,0,400.0,5.929989685404848,35.16477766900789
1266,Australian Open,2023,Hard,5,1,1,0,0,,1,0,0,1,0,0,1,1,0,1,1,1,436.5,0.02179137210984344,757.0,0,1,0,0,1,0,0,17.5,36.5,6.0,0,Australian Open_2023,0,1,306.25,4.929989685404848,24.304798298198197
1267,Australian Open,2023,Hard,5,0,0,0,0,,0,0,0,0,0,0,1,1,0,1,1,1,220.0,0.03450549450549456,114.0,0,1,0,0,0,0,0,7.0,26.0,3.0,0,Australian Open_2023,0,0,49.0,-5.570010314595152,31.02501490469638
1268,Australian Open,2023,Hard,5,0,0,0,0,,0,0,0,0,0,0,1,1,0,0,0,0,38.0,0.04232018933771908,4.0,0,1,0,0,0,0,0,8.5,29.5,280.0,0,Australian Open_2023,0,0,72.25,-2.0700103145951516,4.284942702530318
1269,Australian Open,2023,Hard,6,0,0,0,0,,0,0,0,0,0,0,1,1,0,1,1,1,220.0,0.03450549450549456,114.0,0,1,0,0,0,0,0,7.0,26.0,15.0,0,Australian Open_2023,0,0,49.0,-5.570010314595152,31.02501490469638
1270,Australian Open,2023,Hard,6,0,0,0,0,,0,0,0,1,0,0,1,1,0,0,0,0,38.0,0.04232018933771908,4.0,0,1,0,0,0,0,0,8.5,29.5,436.5,0,Australian Open_2023,0,0,72.25,-2.0700103145951516,4.284942702530318
1271,Australian Open,2023,Hard,7,1,1,1,0,,0,0,0,0,0,0,1,1,0,1,1,1,220.0,0.03450549450549456,114.0,0,1,0,1,0,0,0,7.0,26.0,38.0,0,Australian Open_2023,1,1,49.0,-5.570010314595152,31.02501490469638
1272,Roland Garros,2023,Clay,2,1,1,1,0,,0,0,0,0,0,0,1,1,0,0,0,0,1.0,0.0005411255411255089,0.0,0,1,0,1,0,0,0,13.0,34.0,68.0,0,Roland Garros_2023,1,1,169.0,2.4299896854048484,5.904849871173954
1273,Roland Garros,2023,Clay,2,0,0,0,0,,0,0,0,1,1,1,1,1,0,0,1,1,3.5,0.06283712425079746,1.0,0,1,0,0,0,0,0,14.0,35.0,614.0,1,Roland Garros_2023,0,0,196.0,3.4299896854048484,11.764829241983652
1274,Roland Garros,2023,Clay,2,1,1,0,0,,1,0,0,1,0,0,1,1,0,0,0,0,6.0,0.05669137352422804,0.0,0,1,0,0,1,0,0,15.5,37.5,137.0,0,Roland Garros_2023,0,1,240.25,5.929989685404848,35.16477766900789
1275,Roland Garros,2023,Clay,2,1,1,1,0,,1,0,0,1,0,0,1,1,0,0,0,0,6.5,0.02692944392196983,3.0,0,1,1,0,1,0,0,15.0,35.5,464.0,0,Roland Garros_2023,1,1,225.0,3.9299896854048484,15.4448189273885
1276,Roland Garros,2023,Clay,2,1,1,1,0,,0,0,0,1,0,0,1,1,0,0,0,0,10.0,0.02743182053526882,0.0,0,1,1,0,0,0,0,11.5,32.0,34.5,0,Roland Garros_2023,1,1,132.25,0.4299896854048484,0.1848911295545605
1278,Roland Garros,2023,Clay,2,0,0,0,0,,0,0,0,0,0,0,1,1,0,0,0,0,17.0,0.06491057180162063,2.0,0,1,0,0,0,0,0,21.5,40.0,67.5,0,Roland Garros_2023,0,0,462.25,8.429989685404848,71.06472609603213
1279,Roland Garros,2023,Clay,2,0,0,0,0,,0,0,0,0,0,0,1,1,0,0,1,1,21.0,0.01057318491443759,2.0,0,1,0,0,0,0,0,20.0,37.5,152.5,0,Roland Garros_2023,0,0,400.0,5.929989685404848,35.16477766900789
1280,Roland Garros,2023,Clay,2,0,0,0,0,,0,0,0,0,0,0,1,1,0,1,1,1,24.5,0.02310606060606069,3.0,0,1,0,0,0,0,0,12.5,33.5,357.5,0,Roland Garros_2023,0,0,156.25,1.9299896854048484,3.7248601857691055
1281,Roland Garros,2023,Clay,2,0,0,0,0,,0,0,0,0,0,0,1,1,0,0,0,0,26.0,0.01889632107023409,4.0,0,1,0,0,0,0,0,15.5,36.5,350.5,0,Roland Garros_2023,0,0,240.25,4.929989685404848,24.304798298198197
1282,Roland Garros,2023,Clay,2,1,1,1,0,,0,0,0,0,0,0,1,1,0,0,1,1,27.5,0.01544027954839367,17.0,0,1,1,0,0,0,0,16.5,36.5,74.5,0,Roland Garros_2023,1,1,272.25,4.929989685404848,24.304798298198197
1283,Roland Garros,2023,Clay,2,1,1,0,0,,1,0,0,1,0,0,1,1,0,1,1,1,27.5,0.01710058017649063,5.0,0,1,0,0,1,0,0,19.5,37.5,66.0,0,Roland Garros_2023,0,1,380.25,5.929989685404848,35.16477766900789
1284,Roland Garros,2023,Clay,2,1,1,1,0,,1,0,0,1,1,1,1,1,0,0,0,0,53.5,0.02483682781724711,5.0,0,1,0,1,1,0,0,14.0,31.5,50.5,1,Roland Garros_2023,1,1,196.0,-0.07001031459515161,0.004901444149712099
1285,Roland Garros,2023,Clay,2,0,0,0,0,,0,0,0,1,0,0,1,1,0,1,1,1,152.5,0.3473684210526316,29.0,0,1,0,0,0,0,0,1.0,23.5,625.5,0,Roland Garros_2023,0,0,1.0,-8.070010314595152,65.12506647767214
1286,Roland Garros,2023,Clay,2,0,0,0,0,,0,0,0,1,1,1,1,1,0,0,0,1,75.0,0.04591836734693877,8.0,0,1,0,0,0,0,0,11.0,33.5,80.5,1,Roland Garros_2023,0,0,121.0,1.9299896854048484,3.7248601857691055
1287,Roland Garros,2023,Clay,2,1,1,1,0,,0,0,0,0,0,0,1,1,0,0,0,0,77.5,0.04950617283950615,19.0,0,1,0,1,0,0,0,14.0,31.5,560.5,0,Roland Garros_2023,1,1,196.0,-0.07001031459515161,0.004901444149712099
1288,Roland Garros,2023,Clay,2,0,0,0,0,,0,0,0,0,0,0,1,1,0,1,1,1,75.5,0.0908258979638526,1.0,0,1,0,0,0,0,0,13.0,33.5,191.0,0,Roland Garros_2023,0,0,169.0,1.9299896854048484,3.7248601857691055
1289,Roland Garros,2023,Clay,2,1,1,1,0,,0,0,0,1,0,0,1,1,0,1,1,1,49.0,0.07673039392159464,6.0,0,1,1,0,0,0,0,19.5,37.0,129.0,0,Roland Garros_2023,1,1,380.25,5.429989685404848,29.484787983603045
1290,Roland Garros,2023,Clay,2,0,0,0,0,,0,0,0,0,0,0,1,1,0,1,1,1,55.0,0.006430370146846442,12.0,0,1,0,0,0,0,0,15.5,36.5,143.5,0,Roland Garros_2023,0,0,240.25,4.929989685404848,24.304798298198197
1291,Roland Garros,2023,Clay,2,1,1,1,0,,0,0,0,0,0,0,1,1,0,0,1,1,47.5,0.0328223270440251,19.0,0,1,1,1,0,0,0,8.0,26.5,30.0,0,Roland Garros_2023,1,1,64.0,-5.070010314595152,25.70500459010123
1292,Roland Garros,2023,Clay,2,0,0,0,0,,0,0,0,1,1,1,1,1,0,0,0,0,1008.5,0.1547619047619047,323.0,0,1,0,0,0,0,0,8.0,26.0,524.5,1,Roland Garros_2023,0,0,64.0,-5.570010314595152,31.02501490469638
1293,Roland Garros,2023,Clay,2,0,0,0,0,,0,0,0,0,0,0,1,1,0,1,1,1,224.0,0.1019476567255022,58.0,1,1,0,0,0,0,0,10.5,28.0,184.5,0,Roland Garros_2023,0,0,110.25,-3.5700103145951516,12.744973646315774
1294,Roland Garros,2023,Clay,2,1,1,1,0,,0,0,0,0,0,0,1,1,0,1,1,1,46.0,0.008230452674897193,2.0,0,1,0,1,0,0,0,1.0,30.5,13.0,0,Roland Garros_2023,1,1,1.0,-1.0700103145951516,1.1449220733400154
1295,Roland Garros,2023,Clay,2,1,1,1,0,,0,0,0,0,0,0,1,1,0,1,1,1,469.5,0.0676470588235294,713.0,0,1,1,0,0,0,0,9.0,27.0,187.5,0,Roland Garros_2023,1,1,81.0,-4.570010314595152,20.884994275506077
1296,Roland Garros,2023,Clay,2,0,0,0,0,,0,0,0,0,0,0,1,1,0,1,1,1,41.5,0.006165839829907926,1.0,0,1,0,0,0,0,0,9.5,31.0,14.0,0,Roland Garros_2023,0,0,90.25,-0.5700103145951516,0.3249117587448637
1297,Roland Garros,2023,Clay,2,1,1,0,0,,1,0,0,1,1,1,1,1,0,1,1,1,309.0,0.2180397727272727,500.0,0,1,0,0,1,0,0,8.0,29.0,218.0,1,Roland Garros_2023,0,1,64.0,-2.5700103145951516,6.60495301712547
1298,Roland Garros,2023,Clay,2,1,1,1,0,,0,0,0,1,0,0,1,1,0,0,0,0,306.0,,30.0,1,1,0,0,0,0,0,8.0,27.5,56.5,0,Roland Garros_2023,0,0,64.0,-4.070010314595152,16.564983960910926
1299,Roland Garros,2023,Clay,2,0,0,0,0,,0,0,0,0,0,0,1,1,0,0,0,0,505.0,0.1160042964554242,96.0,1,1,0,0,0,0,0,8.0,26.5,84.0,0,Roland Garros_2023,0,0,64.0,-5.070010314595152,25.70500459010123
1300,Roland Garros,2023,Clay,2,0,0,0,0,,0,0,0,0,0,0,1,1,0,0,0,0,100.5,0.02725886389630189,11.0,0,1,0,0,0,0,0,14.0,29.5,347.0,0,Roland Garros_2023,0,0,196.0,-2.0700103145951516,4.284942702530318
1301,Roland Garros,2023,Clay,2,0,0,0,0,,0,0,0,1,1,1,1,1,0,0,0,0,40.0,0.008171835575186859,6.0,0,1,0,0,0,0,0,18.5,37.5,109.0,1,Roland Garros_2023,0,0,342.25,5.929989685404848,35.16477766900789
1302,Roland Garros,2023,Clay,2,0,0,0,0,,0,0,0,1,1,1,1,1,0,0,0,0,70.5,0.08395839583958387,7.0,0,1,0,0,0,0,0,15.5,36.0,31.5,1,Roland Garros_2023,0,0,240.25,4.429989685404848,19.62480861279335
1303,Roland Garros,2023,Clay,2,0,0,0,0,,0,0,0,1,1,1,1,1,0,0,1,1,97.0,0.166587140641775,88.0,0,1,0,0,0,0,0,4.0,23.0,49.0,1,Roland Garros_2023,0,0,16.0,-8.570010314595152,73.44507679226729
1304,Roland Garros,2023,Clay,3,0,0,0,0,,0,0,0,0,0,0,1,1,0,0,0,0,1.0,0.0005411255411255089,0.0,0,1,0,0,0,0,0,13.0,34.0,1008.5,0,Roland Garros_2023,0,0,169.0,2.4299896854048484,5.904849871173954
1306,Roland Garros,2023,Clay,3,0,0,0,0,,0,0,0,0,0,0,1,1,0,0,0,0,6.0,0.05669137352422804,0.0,0,1,0,0,0,0,0,15.5,37.5,75.0,0,Roland Garros_2023,0,0,240.25,5.929989685404848,35.16477766900789
1307,Roland Garros,2023,Clay,3,0,0,0,0,,0,0,0,0,0,0,1,1,0,0,0,0,6.5,0.02692944392196983,3.0,0,1,0,0,0,0,0,15.0,35.5,306.0,0,Roland Garros_2023,0,0,225.0,3.9299896854048484,15.4448189273885
1308,Roland Garros,2023,Clay,3,1,1,1,0,,0,0,0,0,0,0,1,1,0,0,0,0,10.0,0.02743182053526882,0.0,0,1,1,0,0,0,0,11.5,32.0,505.0,0,Roland Garros_2023,1,1,132.25,0.4299896854048484,0.1848911295545605
1309,Roland Garros,2023,Clay,3,0,0,0,0,,0,0,0,0,0,0,1,1,0,0,0,0,17.0,0.06491057180162063,2.0,0,1,0,0,0,0,0,21.5,40.0,75.5,0,Roland Garros_2023,0,0,462.25,8.429989685404848,71.06472609603213
1310,Roland Garros,2023,Clay,3,0,0,0,0,,0,0,0,0,0,0,1,1,0,0,1,1,21.0,0.01057318491443759,2.0,0,1,0,0,0,0,0,20.0,37.5,49.0,0,Roland Garros_2023,0,0,400.0,5.929989685404848,35.16477766900789
1311,Roland Garros,2023,Clay,3,0,0,0,0,,0,0,0,0,0,0,1,1,0,1,1,1,24.5,0.02310606060606069,3.0,0,1,0,0,0,0,0,12.5,33.5,53.5,0,Roland Garros_2023,0,0,156.25,1.9299896854048484,3.7248601857691055
1312,Roland Garros,2023,Clay,3,0,0,0,0,,0,0,0,0,0,0,1,1,0,0,0,0,26.0,0.01889632107023409,4.0,0,1,0,0,0,0,0,15.5,36.5,469.5,0,Roland Garros_2023,0,0,240.25,4.929989685404848,24.304798298198197
1313,Roland Garros,2023,Clay,3,0,0,0,0,,0,0,0,0,0,0,1,1,0,0,1,1,27.5,0.01544027954839367,17.0,0,1,0,0,0,0,0,16.5,36.5,55.0,0,Roland Garros_2023,0,0,272.25,4.929989685404848,24.304798298198197
1314,Roland Garros,2023,Clay,3,1,1,1,0,,0,0,0,1,0,0,1,1,0,1,1,1,27.5,0.01710058017649063,5.0,0,1,1,0,0,0,0,19.5,37.5,309.0,0,Roland Garros_2023,1,1,380.25,5.929989685404848,35.16477766900789
1315,Roland Garros,2023,Clay,3,0,0,0,0,,0,0,0,0,0,0,1,1,0,0,1,1,47.5,0.0328223270440251,19.0,0,1,0,0,0,0,0,8.0,26.5,97.0,0,Roland Garros_2023,0,0,64.0,-5.070010314595152,25.70500459010123
1316,Roland Garros,2023,Clay,3,0,0,0,0,,0,0,0,0,0,0,1,1,0,1,1,1,46.0,0.008230452674897193,2.0,0,1,0,0,0,0,0,1.0,30.5,152.5,0,Roland Garros_2023,0,0,1.0,-1.0700103145951516,1.1449220733400154
1317,Roland Garros,2023,Clay,3,0,0,0,0,,0,0,0,0,0,0,1,1,0,1,1,1,41.5,0.006165839829907926,1.0,0,1,0,0,0,0,0,9.5,31.0,100.5,0,Roland Garros_2023,0,0,90.25,-0.5700103145951516,0.3249117587448637
1318,Roland Garros,2023,Clay,3,1,1,1,0,,0,0,0,0,0,0,1,1,0,0,0,0,40.0,0.008171835575186859,6.0,0,1,1,0,0,0,0,18.5,37.5,13.0,0,Roland Garros_2023,1,1,342.25,5.929989685404848,35.16477766900789
1319,Roland Garros,2023,Clay,3,0,0,0,0,,0,0,0,1,0,0,1,1,0,0,0,0,70.5,0.08395839583958387,7.0,0,1,0,0,0,0,0,15.5,36.0,77.5,0,Roland Garros_2023,0,0,240.25,4.429989685404848,19.62480861279335
1320,Roland Garros,2023,Clay,4,0,0,0,0,,0,0,0,0,0,0,1,1,0,0,0,0,1.0,0.0005411255411255089,0.0,0,1,0,0,0,0,0,13.0,34.0,70.5,0,Roland Garros_2023,0,0,169.0,2.4299896854048484,5.904849871173954
1321,Roland Garros,2023,Clay,4,0,0,0,0,,0,0,0,0,0,0,1,1,0,0,0,0,6.0,0.05669137352422804,0.0,0,1,0,0,0,0,0,15.5,37.5,27.5,0,Roland Garros_2023,0,0,240.25,5.929989685404848,35.16477766900789
1322,Roland Garros,2023,Clay,4,1,1,1,0,,0,0,0,1,1,1,1,1,0,0,0,0,6.5,0.02692944392196983,3.0,0,1,0,0,0,0,0,15.0,35.5,47.5,1,Roland Garros_2023,0,0,225.0,3.9299896854048484,15.4448189273885
1323,Roland Garros,2023,Clay,4,0,0,0,0,,0,0,0,0,0,0,1,1,0,0,1,1,21.0,0.01057318491443759,2.0,0,1,0,0,0,0,0,20.0,37.5,40.0,0,Roland Garros_2023,0,0,400.0,5.929989685404848,35.16477766900789
1324,Roland Garros,2023,Clay,4,1,1,1,0,,0,0,0,0,0,0,1,1,0,1,1,1,24.5,0.02310606060606069,3.0,0,1,0,1,0,0,0,12.5,33.5,46.0,0,Roland Garros_2023,1,1,156.25,1.9299896854048484,3.7248601857691055
1325,Roland Garros,2023,Clay,4,0,0,0,0,,0,0,0,0,0,0,1,1,0,0,0,0,26.0,0.01889632107023409,4.0,0,1,0,0,0,0,0,15.5,36.5,10.0,0,Roland Garros_2023,0,0,240.25,4.929989685404848,24.304798298198197
1326,Roland Garros,2023,Clay,4,0,0,0,0,,0,0,0,1,0,0,1,1,0,1,1,1,27.5,0.01710058017649063,5.0,0,1,0,0,0,0,0,19.5,37.5,3.5,0,Roland Garros_2023,0,0,380.25,5.929989685404848,35.16477766900789
1327,Roland Garros,2023,Clay,4,1,1,1,0,,1,0,0,1,0,0,1,1,0,1,1,1,41.5,0.006165839829907926,1.0,0,1,0,0,1,0,0,9.5,31.0,17.0,0,Roland Garros_2023,0,1,90.25,-0.5700103145951516,0.3249117587448637
1328,Roland Garros,2023,Clay,5,1,1,1,0,,0,0,0,1,0,0,1,1,0,0,0,0,6.5,0.02692944392196983,3.0,0,1,1,0,0,0,0,15.0,35.5,24.5,0,Roland Garros_2023,1,1,225.0,3.9299896854048484,15.4448189273885
1329,Roland Garros,2023,Clay,5,1,1,1,0,,0,0,0,0,0,0,1,1,0,0,1,1,21.0,0.01057318491443759,2.0,0,1,0,1,0,0,0,20.0,37.5,1.0,0,Roland Garros_2023,1,1,400.0,5.929989685404848,35.16477766900789
1330,Roland Garros,2023,Clay,5,1,1,1,0,,0,0,0,0,0,0,1,1,0,0,0,0,26.0,0.01889632107023409,4.0,0,1,1,0,0,0,0,15.5,36.5,6.0,0,Roland Garros_2023,1,1,240.25,4.929989685404848,24.304798298198197
1331,Roland Garros,2023,Clay,5,1,1,1,0,,0,0,0,0,0,0,1,1,0,1,1,1,41.5,0.006165839829907926,1.0,0,1,0,1,0,0,0,9.5,31.0,27.5,0,Roland Garros_2023,1,1,90.25,-0.5700103145951516,0.3249117587448637
1332,Roland Garros,2023,Clay,6,1,1,1,0,,0,0,0,0,0,0,1,1,0,0,0,0,6.5,0.02692944392196983,3.0,0,1,0,1,0,0,0,15.0,35.5,21.0,0,Roland Garros_2023,1,1,225.0,3.9299896854048484,15.4448189273885
1333,Roland Garros,2023,Clay,6,0,0,0,0,,0,0,0,0,0,0,1,1,0,1,1,1,41.5,0.006165839829907926,1.0,0,1,0,0,0,0,0,9.5,31.0,26.0,0,Roland Garros_2023,0,0,90.25,-0.5700103145951516,0.3249117587448637
1334,Roland Garros,2023,Clay,7,0,0,0,0,,0,0,0,0,0,0,1,1,0,0,0,0,6.5,0.02692944392196983,3.0,0,1,0,0,0,0,0,15.0,35.5,41.5,0,Roland Garros_2023,0,0,225.0,3.9299896854048484,15.4448189273885
1335,US Open,2023,Hard,2,1,1,1,0,,0,0,0,0,0,0,1,1,0,0,0,0,1.5,0.0005411255411255089,1.0,0,1,0,1,0,0,0,13.0,34.0,168.0,0,US Open_2023,1,1,169.0,2.4299896854048484,5.904849871173954
1336,US Open,2023,Hard,2,0,0,0,0,,0,0,0,1,0,0,1,1,0,1,1,1,58.5,0.006430370146846442,19.0,0,1,0,0,0,0,0,15.5,36.5,460.5,0,US Open_2023,0,0,240.25,4.929989685404848,24.304798298198197
1337,US Open,2023,Hard,2,1,1,1,0,,1,0,0,1,0,0,1,1,0,0,0,0,57.0,0.04950617283950615,4.0,0,1,0,0,1,0,0,14.0,31.5,73.5,0,US Open_2023,0,1,196.0,-0.07001031459515161,0.004901444149712099
1338,US Open,2023,Hard,2,0,0,0,0,,0,0,0,0,0,0,1,1,0,1,1,1,30.5,0.002501202501202449,1.0,0,1,0,0,0,0,0,7.0,30.0,337.0,0,US Open_2023,0,0,49.0,-1.5700103145951516,2.464932387935167
1339,US Open,2023,Hard,2,1,1,0,0,,1,0,0,1,0,0,1,1,0,1,1,1,327.0,0.0184019370460049,234.0,1,1,0,0,1,0,0,11.0,28.0,18.5,0,US Open_2023,0,1,121.0,-3.5700103145951516,12.744973646315774
1340,US Open,2023,Hard,2,0,0,0,0,,0,0,0,0,0,0,1,1,0,1,1,1,60.0,0.03399052079535569,4.0,0,1,0,0,0,0,0,1.0,27.0,127.5,0,US Open_2023,0,0,1.0,-4.570010314595152,20.884994275506077
1341,US Open,2023,Hard,2,0,0,0,0,,0,0,0,0,0,0,1,1,0,0,0,0,437.5,,729.0,0,1,0,0,0,0,0,13.0,31.0,404.0,0,US Open_2023,0,0,169.0,-0.5700103145951516,0.3249117587448637
1342,US Open,2023,Hard,2,0,0,0,0,,0,0,0,0,0,0,1,1,0,0,1,1,12.5,0.02406384127065708,3.0,0,1,0,0,0,0,0,18.5,39.5,664.5,0,US Open_2023,0,0,342.25,7.929989685404848,62.88473641062728
1343,US Open,2023,Hard,2,0,0,0,0,,0,0,0,0,0,0,1,1,0,0,0,0,8.0,0.05669137352422804,0.0,0,1,0,0,0,0,0,15.5,37.5,75.5,0,US Open_2023,0,0,240.25,5.929989685404848,35.16477766900789
1344,US Open,2023,Hard,2,1,1,1,0,,0,0,0,0,0,0,1,1,0,0,0,0,203.0,,240.0,0,1,0,1,0,0,0,4.0,23.5,488.5,0,US Open_2023,1,1,16.0,-8.070010314595152,65.12506647767214
1345,US Open,2023,Hard,2,1,1,0,0,,1,0,0,1,0,0,1,1,0,0,0,0,64.0,0.01660877116804171,2.0,0,1,0,0,1,0,0,10.5,31.5,199.5,0,US Open_2023,0,1,110.25,-0.07001031459515161,0.004901444149712099
1346,US Open,2023,Hard,2,1,1,1,0,,0,0,0,0,0,0,1,1,0,0,0,0,26.0,0.02743182053526882,2.0,0,1,0,1,0,0,0,11.5,32.0,38.0,0,US Open_2023,1,1,132.25,0.4299896854048484,0.1848911295545605
1347,US Open,2023,Hard,2,1,1,1,0,,0,0,0,0,0,0,1,1,0,0,1,1,27.0,0.01544027954839367,2.0,0,1,1,1,0,0,0,16.5,36.5,48.0,0,US Open_2023,1,1,272.25,4.929989685404848,24.304798298198197
1348,US Open,2023,Hard,2,0,0,0,0,,0,0,0,0,0,0,1,1,0,1,1,1,126.5,0.0790823211875844,173.0,0,1,0,0,0,0,0,18.0,36.5,322.0,0,US Open_2023,0,0,324.0,4.929989685404848,24.304798298198197
1349,US Open,2023,Hard,2,0,0,0,0,,0,0,0,1,0,0,1,1,0,0,0,0,174.0,0.09999999999999998,88.0,1,1,0,0,0,0,0,7.0,25.0,76.5,0,US Open_2023,0,0,49.0,-6.570010314595152,43.16503553388668
1350,US Open,2023,Hard,2,0,0,0,0,,0,0,0,0,0,0,1,1,0,0,1,1,16.5,0.01057318491443759,1.0,0,1,0,0,0,0,0,20.0,37.5,467.0,0,US Open_2023,0,0,400.0,5.929989685404848,35.16477766900789
1351,US Open,2023,Hard,2,0,0,0,0,,0,0,0,0,0,0,1,1,0,1,1,1,9.5,0.01710058017649063,5.0,0,1,0,0,0,0,0,19.5,37.5,348.5,0,US Open_2023,0,0,380.25,5.929989685404848,35.16477766900789
1352,US Open,2023,Hard,2,0,0,0,0,,0,0,0,0,0,0,1,1,0,1,1,1,164.0,0.1291755508173419,80.0,0,1,0,0,0,0,0,12.0,31.5,502.5,0,US Open_2023,0,0,144.0,-0.07001031459515161,0.004901444149712099
1353,US Open,2023,Hard,2,0,0,0,0,,0,0,0,0,0,0,1,1,0,0,0,0,127.0,0.1427566807313642,32.0,0,1,0,0,0,0,0,9.0,27.0,1318.5,0,US Open_2023,0,0,81.0,-4.570010314595152,20.884994275506077
1354,US Open,2023,Hard,2,1,1,1,0,,0,0,0,1,1,1,1,1,0,0,1,1,50.5,0.0328223270440251,5.0,0,1,0,1,0,0,0,8.0,26.5,21.0,1,US Open_2023,1,1,64.0,-5.070010314595152,25.70500459010123
1355,US Open,2023,Hard,2,1,1,1,0,,1,0,0,1,0,0,1,1,0,0,0,0,32.5,0.1445843422114609,19.0,0,1,0,0,1,0,0,16.5,35.5,65.5,0,US Open_2023,0,1,272.25,3.9299896854048484,15.4448189273885
1356,US Open,2023,Hard,2,1,1,1,0,,0,0,0,0,0,0,1,1,0,0,0,0,44.5,0.09314903846153844,25.0,0,1,1,0,0,0,0,8.5,30.5,489.0,0,US Open_2023,1,1,72.25,-1.0700103145951516,1.1449220733400154
1357,US Open,2023,Hard,2,1,1,1,0,,0,0,0,1,1,1,1,1,0,1,1,1,206.5,0.1664133738601824,245.0,1,1,0,0,0,0,0,9.0,29.5,34.5,1,US Open_2023,0,0,81.0,-2.0700103145951516,4.284942702530318
1358,US Open,2023,Hard,2,1,1,1,0,,0,0,0,0,0,0,1,1,0,0,1,1,5.5,0.06283712425079746,1.0,0,1,0,1,0,0,0,14.0,35.0,42.0,0,US Open_2023,1,1,196.0,3.4299896854048484,11.764829241983652
1359,US Open,2023,Hard,2,0,0,0,0,,0,0,0,1,0,0,1,1,0,0,0,0,12.5,,5.0,0,1,0,0,0,0,0,22.0,40.0,51.5,0,US Open_2023,0,0,484.0,8.429989685404848,71.06472609603213
1360,US Open,2023,Hard,2,1,1,1,0,,0,0,0,0,0,0,1,1,0,0,0,0,69.5,0.0177748518762344,5.0,0,1,1,0,0,0,0,9.5,32.5,51.0,0,US Open_2023,1,1,90.25,0.9299896854048484,0.8648808149594088
1362,US Open,2023,Hard,2,0,0,0,0,,0,0,0,0,0,0,1,1,0,0,0,0,18.5,0.04232018933771908,1.0,0,1,0,0,0,0,0,8.5,29.5,59.0,0,US Open_2023,0,0,72.25,-2.0700103145951516,4.284942702530318
1363,US Open,2023,Hard,2,1,1,1,0,,0,0,0,1,0,0,1,1,0,0,0,0,28.5,0.1500550357732526,15.0,0,1,0,0,0,0,0,16.5,35.0,46.5,0,US Open_2023,0,0,272.25,3.4299896854048484,11.764829241983652
1364,US Open,2023,Hard,2,0,0,0,0,,0,0,0,0,0,0,1,1,0,1,1,1,621.0,0.1886043995672557,796.0,0,1,0,0,0,0,0,13.0,27.5,664.5,0,US Open_2023,0,0,169.0,-4.070010314595152,16.564983960910926
1365,US Open,2023,Hard,2,1,1,1,0,,0,0,0,0,0,0,1,1,0,1,1,1,187.0,0.1028622540250447,140.0,0,1,1,0,0,0,0,5.5,24.0,64.5,0,US Open_2023,1,1,30.25,-7.570010314595152,57.30505616307698
1366,US Open,2023,Hard,2,0,0,0,0,,0,0,0,1,1,1,1,1,0,0,0,0,3.5,0.02692944392196983,1.0,0,1,0,0,0,0,0,15.0,35.5,314.5,1,US Open_2023,0,0,225.0,3.9299896854048484,15.4448189273885
1367,US Open,2023,Hard,3,1,1,1,0,,0,0,0,1,0,0,1,1,0,0,0,0,1.5,0.0005411255411255089,1.0,0,1,1,0,0,0,0,13.0,34.0,58.5,0,US Open_2023,1,1,169.0,2.4299896854048484,5.904849871173954
1368,US Open,2023,Hard,3,1,1,1,0,,0,0,0,0,0,0,1,1,0,1,1,1,30.5,0.002501202501202449,1.0,0,1,1,0,0,0,0,7.0,30.0,57.0,0,US Open_2023,1,1,49.0,-1.5700103145951516,2.464932387935167
1369,US Open,2023,Hard,3,1,1,1,0,,0,0,0,0,0,0,1,1,0,1,1,1,60.0,0.03399052079535569,4.0,0,1,1,0,0,0,0,1.0,27.0,327.0,0,US Open_2023,1,1,1.0,-4.570010314595152,20.884994275506077
1370,US Open,2023,Hard,3,0,0,0,0,,0,0,0,0,0,0,1,1,0,0,1,1,12.5,0.02406384127065708,3.0,0,1,0,0,0,0,0,18.5,39.5,437.5,0,US Open_2023,0,0,342.25,7.929989685404848,62.88473641062728
1371,US Open,2023,Hard,3,0,0,0,0,,0,0,0,0,0,0,1,1,0,0,0,0,8.0,0.05669137352422804,0.0,0,1,0,0,0,0,0,15.5,37.5,203.0,0,US Open_2023,0,0,240.25,5.929989685404848,35.16477766900789
1372,US Open,2023,Hard,3,1,1,1,0,,0,0,0,0,0,0,1,1,0,0,0,0,64.0,0.01660877116804171,2.0,0,1,1,1,0,0,0,10.5,31.5,26.0,0,US Open_2023,1,1,110.25,-0.07001031459515161,0.004901444149712099
1373,US Open,2023,Hard,3,0,0,0,0,,0,0,0,0,0,0,1,1,0,1,1,1,126.5,0.0790823211875844,173.0,0,1,0,0,0,0,0,18.0,36.5,27.0,0,US Open_2023,0,0,324.0,4.929989685404848,24.304798298198197
1374,US Open,2023,Hard,3,0,0,0,0,,0,0,0,0,0,0,1,1,0,0,1,1,16.5,0.01057318491443759,1.0,0,1,0,0,0,0,0,20.0,37.5,174.0,0,US Open_2023,0,0,400.0,5.929989685404848,35.16477766900789
1375,US Open,2023,Hard,3,0,0,0,0,,0,0,0,0,0,0,1,1,0,1,1,1,9.5,0.01710058017649063,5.0,0,1,0,0,0,0,0,19.5,37.5,164.0,0,US Open_2023,0,0,380.25,5.929989685404848,35.16477766900789
1376,US Open,2023,Hard,3,0,0,0,0,,0,0,0,1,1,1,1,1,0,0,0,0,127.0,0.1427566807313642,32.0,0,1,0,0,0,0,0,9.0,27.0,50.5,1,US Open_2023,0,0,81.0,-4.570010314595152,20.884994275506077
1377,US Open,2023,Hard,3,0,0,0,0,,0,0,0,0,0,0,1,1,0,0,0,0,44.5,0.09314903846153844,25.0,0,1,0,0,0,0,0,8.5,30.5,32.5,0,US Open_2023,0,0,72.25,-1.0700103145951516,1.1449220733400154
1378,US Open,2023,Hard,3,1,1,1,0,,0,0,0,0,0,0,1,1,0,0,1,1,5.5,0.06283712425079746,1.0,0,1,0,1,0,0,0,14.0,35.0,206.5,0,US Open_2023,1,1,196.0,3.4299896854048484,11.764829241983652
1379,US Open,2023,Hard,3,1,1,1,0,,1,0,0,1,1,1,1,1,0,0,0,0,12.5,,5.0,0,1,0,1,1,0,0,22.0,40.0,69.5,1,US Open_2023,1,1,484.0,8.429989685404848,71.06472609603213
1381,US Open,2023,Hard,3,0,0,0,0,,0,0,0,1,0,0,1,1,0,1,1,1,621.0,0.1886043995672557,796.0,0,1,0,0,0,0,0,13.0,27.5,28.5,0,US Open_2023,0,0,169.0,-4.070010314595152,16.564983960910926
1382,US Open,2023,Hard,3,1,1,1,0,,0,0,0,1,0,0,1,1,0,0,0,0,3.5,0.02692944392196983,1.0,0,1,0,0,0,0,0,15.0,35.5,187.0,0,US Open_2023,0,0,225.0,3.9299896854048484,15.4448189273885
1383,US Open,2023,Hard,4,1,1,1,0,,0,0,0,0,0,0,1,1,0,1,1,1,30.5,0.002501202501202449,1.0,0,1,1,0,0,0,0,7.0,30.0,1.5,0,US Open_2023,1,1,49.0,-1.5700103145951516,2.464932387935167
1384,US Open,2023,Hard,4,1,1,1,0,,1,0,0,1,0,0,1,1,0,0,1,1,12.5,0.02406384127065708,3.0,0,1,0,0,1,0,0,18.5,39.5,60.0,0,US Open_2023,0,1,342.25,7.929989685404848,62.88473641062728
1385,US Open,2023,Hard,4,0,0,0,0,,0,0,0,1,1,1,1,1,0,0,0,0,64.0,0.01660877116804171,2.0,0,1,0,0,0,0,0,10.5,31.5,8.0,1,US Open_2023,0,0,110.25,-0.07001031459515161,0.004901444149712099
1386,US Open,2023,Hard,4,1,1,1,0,,0,0,0,1,0,0,1,1,0,1,1,1,126.5,0.0790823211875844,173.0,0,1,1,0,0,0,0,18.0,36.5,16.5,0,US Open_2023,1,1,324.0,4.929989685404848,24.304798298198197
1387,US Open,2023,Hard,4,1,1,1,0,,0,0,0,1,0,0,1,1,0,1,1,1,9.5,0.01710058017649063,5.0,0,1,1,0,0,0,0,19.5,37.5,127.0,0,US Open_2023,1,1,380.25,5.929989685404848,35.16477766900789
1388,US Open,2023,Hard,4,0,0,0,0,,0,0,0,1,0,0,1,1,0,0,1,1,5.5,0.06283712425079746,1.0,0,1,0,0,0,0,0,14.0,35.0,44.5,0,US Open_2023,0,0,196.0,3.4299896854048484,11.764829241983652
1389,US Open,2023,Hard,4,1,1,1,0,,0,0,0,1,1,1,1,1,0,0,0,0,18.5,0.04232018933771908,1.0,0,1,0,0,0,0,0,8.5,29.5,12.5,1,US Open_2023,0,0,72.25,-2.0700103145951516,4.284942702530318
1390,US Open,2023,Hard,4,0,0,0,0,,0,0,0,1,1,1,1,1,0,0,0,0,3.5,0.02692944392196983,1.0,0,1,0,0,0,0,0,15.0,35.5,621.0,1,US Open_2023,0,0,225.0,3.9299896854048484,15.4448189273885
1391,US Open,2023,Hard,5,1,1,1,0,,0,0,0,0,0,0,1,1,0,0,1,1,12.5,0.02406384127065708,3.0,0,1,1,0,0,0,0,18.5,39.5,30.5,0,US Open_2023,1,1,342.25,7.929989685404848,62.88473641062728
1392,US Open,2023,Hard,5,0,0,0,0,,0,0,0,0,0,0,1,1,0,1,1,1,126.5,0.0790823211875844,173.0,0,1,0,0,0,0,0,18.0,36.5,64.0,0,US Open_2023,0,0,324.0,4.929989685404848,24.304798298198197
1393,US Open,2023,Hard,5,0,0,0,0,,0,0,0,0,0,0,1,1,0,0,1,1,5.5,0.06283712425079746,1.0,0,1,0,0,0,0,0,14.0,35.0,9.5,0,US Open_2023,0,0,196.0,3.4299896854048484,11.764829241983652
1394,US Open,2023,Hard,5,0,0,0,0,,0,0,0,1,0,0,1,1,0,0,0,0,3.5,0.02692944392196983,1.0,0,1,0,0,0,0,0,15.0,35.5,18.5,0,US Open_2023,0,0,225.0,3.9299896854048484,15.4448189273885
1395,US Open,2023,Hard,6,1,1,1,0,,0,0,0,0,0,0,1,1,0,0,1,1,12.5,0.02406384127065708,3.0,0,1,1,0,0,0,0,18.5,39.5,126.5,0,US Open_2023,1,1,342.25,7.929989685404848,62.88473641062728
1396,US Open,2023,Hard,6,0,0,0,0,,0,0,0,1,0,0,1,1,0,0,1,1,5.5,0.06283712425079746,1.0,0,1,0,0,0,0,0,14.0,35.0,3.5,0,US Open_2023,0,0,196.0,3.4299896854048484,11.764829241983652
1397,US Open,2023,Hard,7,0,0,0,0,,0,0,0,1,1,1,1,1,0,0,1,1,5.5,0.06283712425079746,1.0,0,1,0,0,0,0,0,14.0,35.0,12.5,1,US Open_2023,0,0,196.0,3.4299896854048484,11.764829241983652
1398,Wimbledon,2023,Grass,2,0,0,0,0,,0,0,0,0,0,0,1,1,0,0,0,0,2.0,0.0005411255411255089,0.0,0,1,0,0,0,0,0,13.0,34.0,489.5,0,Wimbledon_2023,0,0,169.0,2.4299896854048484,5.904849871173954
1399,Wimbledon,2023,Grass,2,0,0,0,0,,0,0,0,0,0,0,1,1,0,1,1,1,34.0,0.03450549450549456,6.0,1,1,0,0,0,0,0,7.0,26.0,641.5,0,Wimbledon_2023,0,0,49.0,-5.570010314595152,31.02501490469638
1400,Wimbledon,2023,Grass,2,0,0,0,0,,0,0,0,0,0,0,1,1,0,1,1,1,112.5,0.04750475047504754,113.0,0,1,0,0,0,0,0,8.5,27.0,145.5,0,Wimbledon_2023,0,0,72.25,-4.570010314595152,20.884994275506077
1401,Wimbledon,2023,Grass,2,0,0,0,0,,0,0,0,1,1,1,1,1,0,1,1,1,28.0,0.01710058017649063,8.0,0,1,0,0,0,0,0,19.5,37.5,99.0,1,Wimbledon_2023,0,0,380.25,5.929989685404848,35.16477766900789
1402,Wimbledon,2023,Grass,2,1,1,1,0,,0,0,0,0,0,0,1,1,0,1,1,1,17.0,0.03741686333404848,0.0,0,1,1,0,0,0,0,13.5,32.5,40.5,0,Wimbledon_2023,1,1,182.25,0.9299896854048484,0.8648808149594088
1403,Wimbledon,2023,Grass,2,0,0,0,0,,0,0,0,0,0,0,1,1,0,0,1,1,46.5,0.0328223270440251,5.0,0,1,0,0,0,0,0,8.0,26.5,190.5,0,Wimbledon_2023,0,0,64.0,-5.070010314595152,25.70500459010123
1404,Wimbledon,2023,Grass,2,1,1,1,0,,0,0,0,0,0,0,1,1,0,0,0,0,71.0,0.04950617283950615,6.0,0,1,0,1,0,0,0,14.0,31.5,160.0,0,Wimbledon_2023,1,1,196.0,-0.07001031459515161,0.004901444149712099
1405,Wimbledon,2023,Grass,2,0,0,0,0,,0,0,0,0,0,0,1,1,0,0,0,0,21.5,0.03315368283521147,1.0,0,1,0,0,0,0,0,13.5,35.0,475.0,0,Wimbledon_2023,0,0,182.25,3.4299896854048484,11.764829241983652
1406,Wimbledon,2023,Grass,2,1,1,1,0,,0,0,0,1,1,1,1,1,0,1,1,1,146.0,0.06233062330623312,60.0,0,1,0,0,0,0,0,8.0,26.0,5.5,1,Wimbledon_2023,0,0,64.0,-5.570010314595152,31.02501490469638
1407,Wimbledon,2023,Grass,2,1,1,1,0,,0,0,0,0,0,0,1,1,0,1,1,1,42.5,0.03143728110001298,1.0,0,1,0,1,0,0,0,14.5,33.0,51.5,0,Wimbledon_2023,1,1,210.25,1.4299896854048484,2.044870500364257
1408,Wimbledon,2023,Grass,2,0,0,0,0,,0,0,0,0,0,0,1,1,0,1,1,1,45.5,0.008230452674897193,1.0,0,1,0,0,0,0,0,1.0,30.5,424.0,0,Wimbledon_2023,0,0,1.0,-1.0700103145951516,1.1449220733400154
1409,Wimbledon,2023,Grass,2,1,1,1,0,,0,0,0,1,1,1,1,1,0,0,0,0,32.5,0.008171835575186859,7.0,0,1,0,0,0,0,0,18.5,37.5,49.5,1,Wimbledon_2023,0,0,342.25,5.929989685404848,35.16477766900789
1410,Wimbledon,2023,Grass,2,1,1,1,0,,0,0,0,0,0,0,1,1,0,0,0,0,25.0,0.02810063499718674,32.0,0,1,0,1,0,0,0,15.5,35.5,83.0,0,Wimbledon_2023,1,1,240.25,3.9299896854048484,15.4448189273885
1411,Wimbledon,2023,Grass,2,0,0,0,0,,0,0,0,0,0,0,1,1,0,0,0,0,83.0,0.06779100529100529,6.0,0,1,0,0,0,0,0,4.0,29.5,564.5,0,Wimbledon_2023,0,0,16.0,-2.0700103145951516,4.284942702530318
1412,Wimbledon,2023,Grass,2,1,1,1,0,,0,0,0,1,1,1,1,1,0,1,1,1,353.0,0.06666666666666671,158.0,0,1,0,1,0,0,0,1.0,21.5,72.5,1,Wimbledon_2023,1,1,1.0,-10.070010314595152,101.40510773605274
1413,Wimbledon,2023,Grass,2,1,1,1,0,,1,0,0,1,0,0,1,1,0,0,1,1,14.0,0.02406384127065708,4.0,0,1,0,0,1,0,0,18.5,39.5,153.5,0,Wimbledon_2023,0,1,342.25,7.929989685404848,62.88473641062728
1414,Wimbledon,2023,Grass,2,1,1,0,0,,1,0,0,1,1,1,1,1,0,0,0,0,10.5,,1.0,0,1,0,0,1,0,0,22.0,40.0,321.5,1,Wimbledon_2023,0,1,484.0,8.429989685404848,71.06472609603213
1415,Wimbledon,2023,Grass,2,0,0,0,0,,0,0,0,0,0,0,1,1,0,1,1,1,602.5,0.1666666666666667,113.0,0,1,0,0,0,0,0,1.0,21.5,630.5,0,Wimbledon_2023,0,0,1.0,-10.070010314595152,101.40510773605274
1416,Wimbledon,2023,Grass,2,0,0,0,0,,0,0,0,0,0,0,1,1,0,0,0,0,324.5,0.1666666666666666,481.0,1,1,0,0,0,0,0,5.0,25.0,857.0,0,Wimbledon_2023,0,0,25.0,-6.570010314595152,43.16503553388668
1417,Wimbledon,2023,Grass,2,0,0,0,0,,0,0,0,0,0,0,1,1,0,1,1,1,24.5,0.02310606060606069,11.0,0,1,0,0,0,0,0,12.5,33.5,66.5,0,Wimbledon_2023,0,0,156.25,1.9299896854048484,3.7248601857691055
1418,Wimbledon,2023,Grass,2,0,0,0,0,,0,0,0,1,0,0,1,1,0,0,1,1,26.5,0.01544027954839367,13.0,0,1,0,0,0,0,0,16.5,36.5,56.0,0,Wimbledon_2023,0,0,272.25,4.929989685404848,24.304798298198197
1419,Wimbledon,2023,Grass,2,0,0,0,0,,0,0,0,0,0,0,1,1,0,1,1,1,39.0,0.01985049455307897,2.0,0,1,0,0,0,0,0,8.5,26.5,381.0,0,Wimbledon_2023,0,0,72.25,-5.070010314595152,25.70500459010123
1420,Wimbledon,2023,Grass,2,0,0,0,0,,0,0,0,1,0,0,1,1,0,0,0,0,368.0,,436.0,0,1,0,0,0,0,0,12.5,29.5,67.0,0,Wimbledon_2023,0,0,156.25,-2.0700103145951516,4.284942702530318
1421,Wimbledon,2023,Grass,2,0,0,0,0,,0,0,0,0,0,0,1,1,0,0,0,0,10.0,0.04232018933771908,6.0,0,1,0,0,0,0,0,8.5,29.5,103.5,0,Wimbledon_2023,0,0,72.25,-2.0700103145951516,4.284942702530318
1423,Wimbledon,2023,Grass,2,0,0,0,0,,0,0,0,0,0,0,1,1,0,1,1,1,36.5,0.002501202501202449,5.0,0,1,0,0,0,0,0,7.0,30.0,748.5,0,Wimbledon_2023,0,0,49.0,-1.5700103145951516,2.464932387935167
1424,Wimbledon,2023,Grass,2,0,0,0,0,,0,0,0,0,0,0,1,1,0,0,0,0,52.5,0.02483682781724711,1.0,0,1,0,0,0,0,0,14.0,31.5,771.0,0,Wimbledon_2023,0,0,196.0,-0.07001031459515161,0.004901444149712099
1425,Wimbledon,2023,Grass,2,0,0,0,0,,0,0,0,0,0,0,1,1,0,1,1,1,24.0,0.006165839829907926,2.0,0,1,0,0,0,0,0,9.5,31.0,710.5,0,Wimbledon_2023,0,0,90.25,-0.5700103145951516,0.3249117587448637
1426,Wimbledon,2023,Grass,2,1,1,1,0,,1,0,0,1,1,1,1,1,0,0,1,1,27.0,0.01057318491443759,2.0,0,1,0,1,1,0,0,20.0,37.5,56.0,1,Wimbledon_2023,1,1,400.0,5.929989685404848,35.16477766900789
1427,Wimbledon,2023,Grass,2,1,1,1,0,,0,0,0,1,1,1,1,1,0,1,1,1,795.0,0.1185770750988143,4.0,0,1,0,0,0,0,0,2.0,19.0,139.5,1,Wimbledon_2023,0,0,4.0,-12.570010314595152,158.0051593090285
1428,Wimbledon,2023,Grass,2,0,0,0,0,,0,0,0,0,0,0,1,1,0,0,1,1,122.0,0.01530612244897955,90.0,0,1,0,0,0,0,0,8.0,28.5,197.0,0,Wimbledon_2023,0,0,64.0,-3.0700103145951516,9.424963331720623
1429,Wimbledon,2023,Grass,2,1,1,1,0,,0,0,0,0,0,0,1,1,0,0,0,0,2.5,0.02692944392196983,3.0,0,1,1,0,0,0,0,15.0,35.5,93.5,0,Wimbledon_2023,1,1,225.0,3.9299896854048484,15.4448189273885
1430,Wimbledon,2023,Grass,3,1,1,1,0,,0,0,0,0,0,0,1,1,0,0,0,0,2.0,0.0005411255411255089,0.0,0,1,1,0,0,0,0,13.0,34.0,34.0,0,Wimbledon_2023,1,1,169.0,2.4299896854048484,5.904849871173954
1431,Wimbledon,2023,Grass,3,0,0,0,0,,0,0,0,1,0,0,1,1,0,1,1,1,112.5,0.04750475047504754,113.0,0,1,0,0,0,0,0,8.5,27.0,28.0,0,Wimbledon_2023,0,0,72.25,-4.570010314595152,20.884994275506077
1432,Wimbledon,2023,Grass,3,1,1,1,0,,0,0,0,0,0,0,1,1,0,1,1,1,17.0,0.03741686333404848,0.0,0,1,0,1,0,0,0,13.5,32.5,46.5,0,Wimbledon_2023,1,1,182.25,0.9299896854048484,0.8648808149594088
1433,Wimbledon,2023,Grass,3,1,1,1,0,,0,0,0,0,0,0,1,1,0,0,0,0,71.0,0.04950617283950615,6.0,0,1,1,0,0,0,0,14.0,31.5,21.5,0,Wimbledon_2023,1,1,196.0,-0.07001031459515161,0.004901444149712099
1434,Wimbledon,2023,Grass,3,1,1,1,0,,1,0,0,1,1,1,1,1,0,1,1,1,146.0,0.06233062330623312,60.0,0,1,0,1,1,0,0,8.0,26.0,42.5,1,Wimbledon_2023,1,1,64.0,-5.570010314595152,31.02501490469638
1435,Wimbledon,2023,Grass,3,0,0,0,0,,0,0,0,0,0,0,1,1,0,0,0,0,32.5,0.008171835575186859,7.0,0,1,0,0,0,0,0,18.5,37.5,45.5,0,Wimbledon_2023,0,0,342.25,5.929989685404848,35.16477766900789
1436,Wimbledon,2023,Grass,3,1,1,0,0,,1,0,0,1,1,1,1,1,0,0,0,0,83.0,0.06779100529100529,6.0,0,1,0,0,1,0,0,4.0,29.5,25.0,1,Wimbledon_2023,0,1,16.0,-2.0700103145951516,4.284942702530318
1437,Wimbledon,2023,Grass,3,0,0,0,0,,0,0,0,0,0,0,1,1,0,0,1,1,14.0,0.02406384127065708,4.0,0,1,0,0,0,0,0,18.5,39.5,353.0,0,Wimbledon_2023,0,0,342.25,7.929989685404848,62.88473641062728
1438,Wimbledon,2023,Grass,3,1,1,1,0,,0,0,0,0,0,0,1,1,0,0,0,0,10.5,,1.0,0,1,0,1,0,0,0,22.0,40.0,602.5,0,Wimbledon_2023,1,1,484.0,8.429989685404848,71.06472609603213
1440,Wimbledon,2023,Grass,3,1,1,1,0,,0,0,0,1,1,1,1,1,0,0,1,1,26.5,0.01544027954839367,13.0,0,1,0,1,0,0,0,16.5,36.5,39.0,1,Wimbledon_2023,1,1,272.25,4.929989685404848,24.304798298198197
1441,Wimbledon,2023,Grass,3,1,1,1,0,,0,0,0,0,0,0,1,1,0,0,0,0,10.0,0.04232018933771908,6.0,0,1,1,0,0,0,0,8.5,29.5,368.0,0,Wimbledon_2023,1,1,72.25,-2.0700103145951516,4.284942702530318
1442,Wimbledon,2023,Grass,3,1,1,1,0,,0,0,0,0,0,0,1,1,0,1,1,1,36.5,0.002501202501202449,5.0,0,1,0,1,0,0,0,7.0,30.0,14.0,0,Wimbledon_2023,1,1,49.0,-1.5700103145951516,2.464932387935167
1443,Wimbledon,2023,Grass,3,1,1,1,0,,0,0,0,0,0,0,1,1,0,1,1,1,24.0,0.006165839829907926,2.0,0,1,1,0,0,0,0,9.5,31.0,52.5,0,Wimbledon_2023,1,1,90.25,-0.5700103145951516,0.3249117587448637
1444,Wimbledon,2023,Grass,3,1,1,1,0,,0,0,0,1,0,0,1,1,0,0,1,1,27.0,0.01057318491443759,2.0,0,1,1,0,0,0,0,20.0,37.5,795.0,0,Wimbledon_2023,1,1,400.0,5.929989685404848,35.16477766900789
1445,Wimbledon,2023,Grass,3,1,1,1,0,,0,0,0,1,1,1,1,1,0,0,1,1,122.0,0.01530612244897955,90.0,0,1,0,1,0,0,0,8.0,28.5,2.5,1,Wimbledon_2023,1,1,64.0,-3.0700103145951516,9.424963331720623
1446,Wimbledon,2023,Grass,4,1,1,1,0,,0,0,0,0,0,0,1,1,0,0,0,0,2.0,0.0005411255411255089,0.0,0,1,0,1,0,0,0,13.0,34.0,112.5,0,Wimbledon_2023,1,1,169.0,2.4299896854048484,5.904849871173954
1447,Wimbledon,2023,Grass,4,0,0,0,0,,0,0,0,1,0,0,1,1,0,0,0,0,71.0,0.04950617283950615,6.0,0,1,0,0,0,0,0,14.0,31.5,17.0,0,Wimbledon_2023,0,0,196.0,-0.07001031459515161,0.004901444149712099
1448,Wimbledon,2023,Grass,4,0,0,0,0,,0,0,0,0,0,0,1,1,0,1,1,1,146.0,0.06233062330623312,60.0,0,1,0,0,0,0,0,8.0,26.0,32.5,0,Wimbledon_2023,0,0,64.0,-5.570010314595152,31.02501490469638
1449,Wimbledon,2023,Grass,4,1,1,0,0,,1,0,0,1,0,0,1,1,0,0,1,1,14.0,0.02406384127065708,4.0,0,1,0,0,1,0,0,18.5,39.5,83.0,0,Wimbledon_2023,0,1,342.25,7.929989685404848,62.88473641062728
1450,Wimbledon,2023,Grass,4,0,0,0,0,,0,0,0,1,0,0,1,1,0,1,1,1,24.5,0.02310606060606069,11.0,0,1,0,0,0,0,0,12.5,33.5,10.5,0,Wimbledon_2023,0,0,156.25,1.9299896854048484,3.7248601857691055
1451,Wimbledon,2023,Grass,4,0,0,0,0,,0,0,0,0,0,0,1,1,0,0,1,1,26.5,0.01544027954839367,13.0,0,1,0,0,0,0,0,16.5,36.5,10.0,0,Wimbledon_2023,0,0,272.25,4.929989685404848,24.304798298198197
1452,Wimbledon,2023,Grass,4,0,0,0,0,,0,0,0,0,0,0,1,1,0,1,1,1,36.5,0.002501202501202449,5.0,0,1,0,0,0,0,0,7.0,30.0,24.0,0,Wimbledon_2023,0,0,49.0,-1.5700103145951516,2.464932387935167
1453,Wimbledon,2023,Grass,4,1,1,1,0,,0,0,0,0,0,0,1,1,0,0,1,1,27.0,0.01057318491443759,2.0,0,1,1,1,0,0,0,20.0,37.5,122.0,0,Wimbledon_2023,1,1,400.0,5.929989685404848,35.16477766900789
1454,Wimbledon,2023,Grass,5,0,0,0,0,,0,0,0,1,1,1,1,1,0,0,0,0,2.0,0.0005411255411255089,0.0,0,1,0,0,0,0,0,13.0,34.0,71.0,1,Wimbledon_2023,0,0,169.0,2.4299896854048484,5.904849871173954
1455,Wimbledon,2023,Grass,5,1,1,1,0,,0,0,0,1,1,1,1,1,0,0,1,1,14.0,0.02406384127065708,4.0,0,1,0,0,0,0,0,18.5,39.5,146.0,1,Wimbledon_2023,0,0,342.25,7.929989685404848,62.88473641062728
1456,Wimbledon,2023,Grass,5,0,0,0,0,,0,0,0,0,0,0,1,1,0,1,1,1,24.5,0.02310606060606069,11.0,0,1,0,0,0,0,0,12.5,33.5,26.5,0,Wimbledon_2023,0,0,156.25,1.9299896854048484,3.7248601857691055
1457,Wimbledon,2023,Grass,5,0,0,0,0,,0,0,0,0,0,0,1,1,0,0,1,1,27.0,0.01057318491443759,2.0,0,1,0,0,0,0,0,20.0,37.5,36.5,0,Wimbledon_2023,0,0,400.0,5.929989685404848,35.16477766900789
1458,Wimbledon,2023,Grass,6,0,0,0,0,,0,0,0,0,0,0,1,1,0,0,0,0,2.0,0.0005411255411255089,0.0,0,1,0,0,0,0,0,13.0,34.0,14.0,0,Wimbledon_2023,0,0,169.0,2.4299896854048484,5.904849871173954
1459,Wimbledon,2023,Grass,6,0,0,0,0,,0,0,0,0,0,0,1,1,0,0,1,1,27.0,0.01057318491443759,2.0,0,1,0,0,0,0,0,20.0,37.5,24.5,0,Wimbledon_2023,0,0,400.0,5.929989685404848,35.16477766900789
1460,Wimbledon,2023,Grass,7,0,0,0,0,,0,0,0,0,0,0,1,1,0,0,0,0,2.0,0.0005411255411255089,0.0,0,1,0,0,0,0,0,13.0,34.0,27.0,0,Wimbledon_2023,0,0,169.0,2.4299896854048484,5.904849871173954
1461,Australian Open,2024,Hard,2,0,0,0,0,,0,0,0,1,1,1,1,1,0,0,0,0,1.5,0.02692944392196983,1.0,0,1,0,0,0,0,0,16.0,36.5,267.5,1,Australian Open_2024,0,0,256.0,4.929989685404848,24.304798298198197
1462,Australian Open,2024,Hard,2,0,0,0,0,,0,0,0,1,1,1,1,1,0,0,0,0,65.5,0.07423930450697791,3.0,0,1,0,0,0,0,0,17.0,35.5,166.5,1,Australian Open_2024,0,0,289.0,3.9299896854048484,15.4448189273885
1463,Australian Open,2024,Hard,2,1,1,0,0,,1,0,0,1,1,1,1,1,0,1,1,1,50.5,0.03143728110001298,11.0,0,1,0,0,1,0,0,15.5,34.0,52.5,1,Australian Open_2024,0,1,240.25,2.4299896854048484,5.904849871173954
1464,Australian Open,2024,Hard,2,0,0,0,0,,0,0,0,0,0,0,1,1,0,1,1,1,25.5,,29.0,0,1,0,0,0,0,0,24.0,42.0,742.0,0,Australian Open_2024,0,0,576.0,10.429989685404848,108.78468483765153
1465,Australian Open,2024,Hard,2,1,1,1,0,,0,0,0,0,0,0,1,1,0,0,0,0,25.5,0.04901135386713307,13.0,0,1,1,0,0,0,0,12.5,32.5,64.5,0,Australian Open_2024,1,1,156.25,0.9299896854048484,0.8648808149594088
1466,Australian Open,2024,Hard,2,0,0,0,0,,0,0,0,0,0,0,1,1,0,0,0,0,74.0,0.09202096680256261,10.0,0,1,0,0,0,0,0,1.0,32.5,326.0,0,Australian Open_2024,0,0,1.0,0.9299896854048484,0.8648808149594088
1467,Australian Open,2024,Hard,2,0,0,0,0,,0,0,0,0,0,0,1,1,0,0,0,0,579.0,0.0636363636363636,516.0,1,1,0,0,0,0,0,9.5,27.5,354.5,0,Australian Open_2024,0,0,90.25,-4.070010314595152,16.564983960910926
1468,Australian Open,2024,Hard,2,0,0,0,0,,0,0,0,0,0,0,1,1,0,1,1,1,19.0,0.02310606060606069,6.0,0,1,0,0,0,0,0,13.5,34.5,795.5,0,Australian Open_2024,0,0,182.25,2.9299896854048484,8.584839556578803
1469,Australian Open,2024,Hard,2,1,1,1,0,,0,0,0,0,0,0,1,1,0,0,1,1,8.0,0.01057318491443759,2.0,0,1,0,1,0,0,0,21.0,38.5,65.0,0,Australian Open_2024,1,1,441.0,6.929989685404848,48.02475703981759
1470,Australian Open,2024,Hard,2,1,1,1,0,,0,0,0,1,1,1,1,1,0,0,0,0,693.5,,1319.0,0,1,0,0,0,0,0,11.0,34.5,299.0,1,Australian Open_2024,0,0,121.0,2.9299896854048484,8.584839556578803
1471,Australian Open,2024,Hard,2,0,0,0,0,,0,0,0,0,0,0,1,1,0,1,1,1,634.0,0.0926535087719298,502.0,1,1,0,0,0,0,0,8.5,31.5,216.5,0,Australian Open_2024,0,0,72.25,-0.07001031459515161,0.004901444149712099
1472,Australian Open,2024,Hard,2,0,0,0,0,,0,0,0,0,0,0,1,1,0,1,1,1,27.0,0.03450549450549456,6.0,1,1,0,0,0,0,0,8.0,27.0,643.0,0,Australian Open_2024,0,0,64.0,-4.570010314595152,20.884994275506077
1473,Australian Open,2024,Hard,2,1,1,1,0,,0,0,0,0,0,0,1,1,0,0,0,0,24.5,0.06931131435219595,13.0,0,1,1,0,0,0,0,15.0,37.0,90.5,0,Australian Open_2024,1,1,225.0,5.429989685404848,29.484787983603045
1474,Australian Open,2024,Hard,2,0,0,0,0,,0,0,0,0,0,0,1,1,0,0,0,0,61.5,0.08030199039121488,13.0,0,1,0,0,0,0,0,10.0,31.5,162.0,0,Australian Open_2024,0,0,100.0,-0.07001031459515161,0.004901444149712099
1475,Australian Open,2024,Hard,2,1,1,1,0,,0,0,0,0,0,0,1,1,0,1,1,1,61.5,0.04750475047504754,57.0,1,1,0,1,0,0,0,9.5,28.0,39.0,0,Australian Open_2024,1,1,90.25,-3.5700103145951516,12.744973646315774
1476,Australian Open,2024,Hard,2,1,1,1,0,,0,0,0,1,1,1,1,1,0,0,0,0,16.0,0.04232018933771908,2.0,0,1,0,0,0,0,0,9.5,30.5,439.5,1,Australian Open_2024,0,0,90.25,-1.0700103145951516,1.1449220733400154
1477,Australian Open,2024,Hard,2,1,1,1,0,,0,0,0,0,0,0,1,1,0,0,0,0,10.5,0.08436235895252286,1.0,0,1,1,0,0,0,0,17.5,38.0,79.0,0,Australian Open_2024,1,1,306.25,6.429989685404848,41.34476735441274
1478,Australian Open,2024,Hard,2,1,1,1,0,,1,0,0,1,0,0,1,1,0,0,0,0,63.0,0.1164249539594843,20.0,0,1,0,0,1,0,0,9.0,27.5,169.5,0,Australian Open_2024,0,1,81.0,-4.070010314595152,16.564983960910926
1479,Australian Open,2024,Hard,2,1,1,1,0,,1,0,0,1,1,1,1,1,0,0,0,0,62.0,0.1155179052753177,6.0,0,1,0,1,1,0,0,15.0,32.5,50.0,1,Australian Open_2024,1,1,225.0,0.9299896854048484,0.8648808149594088
1480,Australian Open,2024,Hard,2,0,0,0,0,,0,0,0,0,0,0,1,1,0,0,0,0,52.5,0.04950617283950615,9.0,0,1,0,0,0,0,0,15.0,32.5,20.5,0,Australian Open_2024,0,0,225.0,0.9299896854048484,0.8648808149594088
1481,Australian Open,2024,Hard,2,0,0,0,0,,0,0,0,0,0,0,1,1,0,0,0,0,345.0,,560.0,0,1,0,0,0,0,0,9.5,26.0,26.0,0,Australian Open_2024,0,0,90.25,-5.570010314595152,31.02501490469638
1483,Australian Open,2024,Hard,2,0,0,0,0,,0,0,0,0,0,0,1,1,0,0,0,0,482.5,0.2273691654879774,805.0,0,1,0,0,0,0,0,12.0,31.5,103.5,0,Australian Open_2024,0,0,144.0,-0.07001031459515161,0.004901444149712099
1484,Australian Open,2024,Hard,2,1,1,1,0,,0,0,0,0,0,0,1,1,0,0,1,1,5.5,0.06283712425079746,1.0,0,1,1,0,0,0,0,15.0,36.0,46.0,0,Australian Open_2024,1,1,225.0,4.429989685404848,19.62480861279335
1485,Australian Open,2024,Hard,2,0,0,0,0,,0,0,0,0,0,0,1,1,0,1,1,1,13.0,0.01710058017649063,0.0,0,1,0,0,0,0,0,20.5,38.5,333.0,0,Australian Open_2024,0,0,420.25,6.929989685404848,48.02475703981759
1486,Australian Open,2024,Hard,2,1,1,1,0,,1,0,0,1,0,0,1,1,0,0,0,0,349.0,0.132063492063492,256.0,1,1,0,0,1,0,0,5.5,27.5,48.0,0,Australian Open_2024,0,1,30.25,-4.070010314595152,16.564983960910926
1487,Australian Open,2024,Hard,2,0,0,0,0,,0,0,0,1,1,1,1,1,0,1,1,1,320.0,0.1160209846650525,80.0,0,1,0,0,0,0,0,16.0,32.0,48.0,1,Australian Open_2024,0,0,256.0,0.4299896854048484,0.1848911295545605
1488,Australian Open,2024,Hard,2,0,0,0,0,,0,0,0,1,1,1,1,1,0,1,1,1,24.0,0.002501202501202449,2.0,0,1,0,0,0,0,0,8.0,31.0,124.0,1,Australian Open_2024,0,0,64.0,-0.5700103145951516,0.3249117587448637
1489,Australian Open,2024,Hard,2,1,1,1,0,,0,0,0,1,0,0,1,1,0,0,0,0,25.5,0.01910815173527036,35.0,0,1,1,0,0,0,0,16.0,35.5,35.5,0,Australian Open_2024,1,1,256.0,3.9299896854048484,15.4448189273885
1490,Australian Open,2024,Hard,2,1,1,1,0,,0,0,0,0,0,0,1,1,0,0,0,0,33.5,0.07588095438562725,9.0,0,1,0,1,0,0,0,14.5,35.5,159.0,0,Australian Open_2024,1,1,210.25,3.9299896854048484,15.4448189273885
1491,Australian Open,2024,Hard,2,1,1,1,0,,1,0,0,1,1,1,1,1,0,1,1,1,495.5,,151.0,0,1,0,0,1,0,0,18.0,27.5,570.0,1,Australian Open_2024,0,1,324.0,-4.070010314595152,16.564983960910926
1492,Australian Open,2024,Hard,2,1,1,1,0,,1,0,0,1,0,0,1,1,0,0,1,1,3.5,0.02406384127065708,1.0,0,1,1,0,1,0,0,19.5,40.5,734.5,0,Australian Open_2024,1,1,380.25,8.929989685404848,79.74471578143698
1493,Australian Open,2024,Hard,3,1,1,1,0,,1,0,0,1,0,0,1,1,0,0,0,0,65.5,0.07423930450697791,3.0,0,1,0,0,1,0,0,17.0,35.5,1.5,0,Australian Open_2024,0,1,289.0,3.9299896854048484,15.4448189273885
1494,Australian Open,2024,Hard,3,1,1,1,0,,0,0,0,1,0,0,1,1,0,1,1,1,50.5,0.03143728110001298,11.0,0,1,1,0,0,0,0,15.5,34.0,25.5,0,Australian Open_2024,1,1,240.25,2.4299896854048484,5.904849871173954
1495,Australian Open,2024,Hard,3,0,0,0,0,,0,0,0,0,0,0,1,1,0,0,0,0,25.5,0.04901135386713307,13.0,0,1,0,0,0,0,0,12.5,32.5,74.0,0,Australian Open_2024,0,0,156.25,0.9299896854048484,0.8648808149594088
1496,Australian Open,2024,Hard,3,0,0,0,0,,0,0,0,0,0,0,1,1,0,1,1,1,19.0,0.02310606060606069,6.0,0,1,0,0,0,0,0,13.5,34.5,579.0,0,Australian Open_2024,0,0,182.25,2.9299896854048484,8.584839556578803
1497,Australian Open,2024,Hard,3,0,0,0,0,,0,0,0,0,0,0,1,1,0,0,1,1,8.0,0.01057318491443759,2.0,0,1,0,0,0,0,0,21.0,38.5,693.5,0,Australian Open_2024,0,0,441.0,6.929989685404848,48.02475703981759
1498,Australian Open,2024,Hard,3,0,0,0,0,,0,0,0,1,0,0,1,1,0,1,1,1,634.0,0.0926535087719298,502.0,1,1,0,0,0,0,0,8.5,31.5,27.0,0,Australian Open_2024,0,0,72.25,-0.07001031459515161,0.004901444149712099
1499,Australian Open,2024,Hard,3,1,1,1,0,,0,0,0,1,0,0,1,1,0,0,0,0,24.5,0.06931131435219595,13.0,0,1,1,0,0,0,0,15.0,37.0,61.5,0,Australian Open_2024,1,1,225.0,5.429989685404848,29.484787983603045
1500,Australian Open,2024,Hard,3,1,1,1,0,,0,0,0,1,0,0,1,1,0,0,0,0,16.0,0.04232018933771908,2.0,0,1,0,0,0,0,0,9.5,30.5,61.5,0,Australian Open_2024,0,0,90.25,-1.0700103145951516,1.1449220733400154
1501,Australian Open,2024,Hard,3,0,0,0,0,,0,0,0,0,0,0,1,1,0,0,0,0,10.5,0.08436235895252286,1.0,0,1,0,0,0,0,0,17.5,38.0,63.0,0,Australian Open_2024,0,0,306.25,6.429989685404848,41.34476735441274
1502,Australian Open,2024,Hard,3,1,1,1,0,,0,0,0,0,0,0,1,1,0,0,0,0,52.5,0.04950617283950615,9.0,0,1,0,1,0,0,0,15.0,32.5,62.0,0,Australian Open_2024,1,1,225.0,0.9299896854048484,0.8648808149594088
1503,Australian Open,2024,Hard,3,1,1,1,0,,0,0,0,0,0,0,1,1,0,0,0,0,345.0,,560.0,0,1,1,0,0,0,0,9.5,26.0,977.0,0,Australian Open_2024,1,1,90.25,-5.570010314595152,31.02501490469638
1504,Australian Open,2024,Hard,3,0,0,0,0,,0,0,0,0,0,0,1,1,0,0,1,1,5.5,0.06283712425079746,1.0,0,1,0,0,0,0,0,15.0,36.0,482.5,0,Australian Open_2024,0,0,225.0,4.429989685404848,19.62480861279335
1507,Australian Open,2024,Hard,3,0,0,0,0,,0,0,0,0,0,0,1,1,0,0,0,0,25.5,0.01910815173527036,35.0,0,1,0,0,0,0,0,16.0,35.5,33.5,0,Australian Open_2024,0,0,256.0,3.9299896854048484,15.4448189273885
1508,Australian Open,2024,Hard,3,0,0,0,0,,0,0,0,0,0,0,1,1,0,0,1,1,3.5,0.02406384127065708,1.0,0,1,0,0,0,0,0,19.5,40.5,495.5,0,Australian Open_2024,0,0,380.25,8.929989685404848,79.74471578143698
1509,Australian Open,2024,Hard,4,0,0,0,0,,0,0,0,0,0,0,1,1,0,1,1,1,50.5,0.03143728110001298,11.0,0,1,0,0,0,0,0,15.5,34.0,65.5,0,Australian Open_2024,0,0,240.25,2.4299896854048484,5.904849871173954
1510,Australian Open,2024,Hard,4,0,0,0,0,,0,0,0,0,0,0,1,1,0,1,1,1,19.0,0.02310606060606069,6.0,0,1,0,0,0,0,0,13.5,34.5,25.5,0,Australian Open_2024,0,0,182.25,2.9299896854048484,8.584839556578803
1511,Australian Open,2024,Hard,4,1,1,1,0,,0,0,0,1,0,0,1,1,0,1,1,1,634.0,0.0926535087719298,502.0,1,1,1,0,0,0,0,8.5,31.5,8.0,0,Australian Open_2024,1,1,72.25,-0.07001031459515161,0.004901444149712099
1512,Australian Open,2024,Hard,4,1,1,0,0,,1,0,0,1,1,1,1,1,0,0,0,0,16.0,0.04232018933771908,2.0,0,1,0,0,1,0,0,9.5,30.5,24.5,1,Australian Open_2024,0,1,90.25,-1.0700103145951516,1.1449220733400154
1513,Australian Open,2024,Hard,4,1,1,1,0,,0,0,0,1,1,1,1,1,0,0,0,0,52.5,0.04950617283950615,9.0,0,1,0,1,0,0,0,15.0,32.5,10.5,1,Australian Open_2024,1,1,225.0,0.9299896854048484,0.8648808149594088
1514,Australian Open,2024,Hard,4,0,0,0,0,,0,0,0,1,1,1,1,1,0,0,0,0,345.0,,560.0,0,1,0,0,0,0,0,9.5,26.0,5.5,1,Australian Open_2024,0,0,90.25,-5.570010314595152,31.02501490469638
1515,Australian Open,2024,Hard,4,1,1,1,0,,1,0,0,1,0,0,1,1,0,1,1,1,13.0,0.01710058017649063,0.0,0,1,1,0,1,0,0,20.5,38.5,24.0,0,Australian Open_2024,1,1,420.25,6.929989685404848,48.02475703981759
1516,Australian Open,2024,Hard,4,1,1,1,0,,0,0,0,0,0,0,1,1,0,0,1,1,3.5,0.02406384127065708,1.0,0,1,1,1,0,0,0,19.5,40.5,25.5,0,Australian Open_2024,1,1,380.25,8.929989685404848,79.74471578143698
1517,Australian Open,2024,Hard,5,0,0,0,0,,0,0,0,0,0,0,1,1,0,1,1,1,50.5,0.03143728110001298,11.0,0,1,0,0,0,0,0,15.5,34.0,19.0,0,Australian Open_2024,0,0,240.25,2.4299896854048484,5.904849871173954
1518,Australian Open,2024,Hard,5,1,1,1,0,,0,0,0,0,0,0,1,1,0,1,1,1,634.0,0.0926535087719298,502.0,1,1,0,1,0,0,0,8.5,31.5,16.0,0,Australian Open_2024,1,1,72.25,-0.07001031459515161,0.004901444149712099
1519,Australian Open,2024,Hard,5,0,0,0,0,,0,0,0,0,0,0,1,1,0,0,0,0,345.0,,560.0,0,1,0,0,0,0,0,9.5,26.0,52.5,0,Australian Open_2024,0,0,90.25,-5.570010314595152,31.02501490469638
1520,Australian Open,2024,Hard,5,1,1,1,0,,0,0,0,0,0,0,1,1,0,0,1,1,3.5,0.02406384127065708,1.0,0,1,0,1,0,0,0,19.5,40.5,13.0,0,Australian Open_2024,1,1,380.25,8.929989685404848,79.74471578143698
1521,Australian Open,2024,Hard,6,1,1,0,0,,1,0,0,1,0,0,1,1,0,1,1,1,50.5,0.03143728110001298,11.0,0,1,0,0,1,0,0,15.5,34.0,634.0,0,Australian Open_2024,0,1,240.25,2.4299896854048484,5.904849871173954
1522,Australian Open,2024,Hard,6,1,1,0,0,,1,0,0,1,0,0,1,1,0,0,1,1,3.5,0.02406384127065708,1.0,0,1,0,0,1,0,0,19.5,40.5,345.0,0,Australian Open_2024,0,1,380.25,8.929989685404848,79.74471578143698
1523,Australian Open,2024,Hard,7,1,1,1,0,,0,0,0,0,0,0,1,1,0,0,1,1,3.5,0.02406384127065708,1.0,0,1,1,0,0,0,0,19.5,40.5,50.5,0,Australian Open_2024,1,1,380.25,8.929989685404848,79.74471578143698
1524,Olympics,2024,Hard,3,1,1,1,1,3.0,0,0,0,1,1,1,0,0,1,1,1,1,21.5,,41.0,0,1,0,1,0,0,0,21.0,35.5,9.5,1,Olympics_2024,1,1,441.0,3.9299896854048484,15.4448189273885
1525,Olympics,2024,Hard,3,1,1,1,0,,0,0,0,0,0,0,0,0,1,1,1,1,31.0,0.04087726725064311,56.0,0,1,1,0,0,0,0,15.5,36.5,341.5,0,Olympics_2024,1,1,240.25,4.929989685404848,24.304798298198197
1526,Olympics,2024,Hard,3,1,0,0,1,3.0,0,0,0,1,1,1,0,0,1,1,1,1,218.5,0.06001984126984139,273.0,0,1,0,0,0,0,0,7.0,27.0,80.0,1,Olympics_2024,0,1,49.0,-4.570010314595152,20.884994275506077
1527,Olympics,2024,Hard,3,1,1,1,1,3.0,0,0,0,1,0,0,0,0,1,1,1,1,104.0,0.07516497666183797,58.0,1,1,0,0,0,0,0,11.5,32.0,17.0,0,Olympics_2024,0,1,132.25,0.4299896854048484,0.1848911295545605
1528,Olympics,2024,Hard,3,1,1,1,0,,0,0,0,0,0,0,0,0,1,1,1,1,170.5,,17.0,0,1,1,0,0,0,0,9.0,27.0,459.5,0,Olympics_2024,1,1,81.0,-4.570010314595152,20.884994275506077
1529,Olympics,2024,Hard,3,1,1,1,0,,0,0,0,0,0,0,0,0,1,1,1,1,42.0,0.07629847815414825,30.0,0,1,1,1,0,0,0,20.0,40.0,585.0,0,Olympics_2024,1,1,400.0,8.429989685404848,71.06472609603213
1530,Olympics,2024,Hard,3,1,1,1,1,3.0,0,0,0,1,1,1,0,0,1,1,1,1,377.5,0.0625528317836011,73.0,1,1,0,1,0,0,0,18.5,35.5,608.0,1,Olympics_2024,1,1,342.25,3.9299896854048484,15.4448189273885
1531,Olympics,2024,Hard,3,0,0,0,0,,0,0,0,0,0,0,0,0,1,1,1,1,35.0,0.006165839829907926,0.0,0,1,0,0,0,0,0,10.5,32.0,460.5,0,Olympics_2024,0,0,110.25,0.4299896854048484,0.1848911295545605
1532,Olympics,2024,Hard,3,1,1,1,0,,0,0,0,0,0,0,0,0,1,1,1,1,699.5,,343.0,0,1,1,0,0,0,0,23.0,29.5,14.0,0,Olympics_2024,1,1,529.0,-2.0700103145951516,4.284942702530318
1533,Olympics,2024,Hard,3,0,0,0,0,,0,0,0,0,0,0,0,0,1,1,1,1,66.5,0.2242063492063492,93.0,1,1,0,0,0,0,0,12.5,31.5,566.0,0,Olympics_2024,0,0,156.25,-0.07001031459515161,0.004901444149712099
1534,Olympics,2024,Hard,3,0,0,0,0,,0,0,0,0,0,0,0,0,1,1,1,1,290.0,,258.0,1,1,0,0,0,0,0,6.0,27.0,92.0,0,Olympics_2024,0,0,36.0,-4.570010314595152,20.884994275506077
1535,Olympics,2024,Hard,3,0,0,0,0,,0,0,0,0,0,0,0,0,1,1,1,1,11.5,0.01677122628266325,13.0,0,1,0,0,0,0,0,16.0,37.0,611.0,0,Olympics_2024,0,0,256.0,5.429989685404848,29.484787983603045
1536,Olympics,2024,Hard,3,1,0,0,1,3.0,0,0,0,1,1,1,0,0,1,1,1,1,47.5,0.01495392105720739,11.0,0,1,0,0,0,0,0,9.5,27.0,15.5,1,Olympics_2024,0,1,90.25,-4.570010314595152,20.884994275506077
1537,Olympics,2024,Hard,3,1,1,1,1,3.0,0,0,0,1,0,0,0,0,1,1,1,1,259.0,,162.0,1,1,0,0,0,0,0,9.5,28.0,207.0,0,Olympics_2024,0,1,90.25,-3.5700103145951516,12.744973646315774
1538,Olympics,2024,Hard,3,0,0,0,0,,0,0,0,0,0,0,0,0,1,1,1,1,124.0,,226.0,0,1,0,0,0,0,0,1.0,38.0,35.5,0,Olympics_2024,0,0,1.0,6.429989685404848,41.34476735441274
1539,Olympics,2024,Hard,3,0,0,0,0,,0,0,0,0,0,0,0,0,1,1,1,1,21.0,0.02310606060606069,0.0,0,1,0,0,0,0,0,13.5,34.5,272.0,0,Olympics_2024,0,0,182.25,2.9299896854048484,8.584839556578803
1540,Olympics,2024,Hard,4,0,0,0,0,,0,0,0,0,0,0,0,0,1,1,1,1,31.0,0.04087726725064311,56.0,0,1,0,0,0,0,0,15.5,36.5,21.5,0,Olympics_2024,0,0,240.25,4.929989685404848,24.304798298198197
1541,Olympics,2024,Hard,4,0,0,0,0,,0,0,0,0,0,0,0,0,1,1,1,1,104.0,0.07516497666183797,58.0,1,1,0,0,0,0,0,11.5,32.0,218.5,0,Olympics_2024,0,0,132.25,0.4299896854048484,0.1848911295545605
1542,Olympics,2024,Hard,4,0,0,0,0,,0,0,0,0,0,0,0,0,1,1,1,1,170.5,,17.0,0,1,0,0,0,0,0,9.0,27.0,42.0,0,Olympics_2024,0,0,81.0,-4.570010314595152,20.884994275506077
1543,Olympics,2024,Hard,4,1,1,1,1,3.0,0,0,0,1,0,0,0,0,1,1,1,1,377.5,0.0625528317836011,73.0,1,1,0,0,0,0,0,18.5,35.5,35.0,0,Olympics_2024,0,1,342.25,3.9299896854048484,15.4448189273885
1544,Olympics,2024,Hard,4,1,1,1,1,3.0,0,0,0,1,0,0,0,0,1,1,1,1,699.5,,343.0,0,1,0,0,0,0,0,23.0,29.5,66.5,0,Olympics_2024,0,1,529.0,-2.0700103145951516,4.284942702530318
1545,Olympics,2024,Hard,4,1,1,1,0,,0,0,0,0,0,0,0,0,1,1,1,1,11.5,0.01677122628266325,13.0,0,1,0,1,0,0,0,16.0,37.0,290.0,0,Olympics_2024,1,1,256.0,5.429989685404848,29.484787983603045
1546,Olympics,2024,Hard,4,1,1,1,1,3.0,0,0,0,1,1,1,0,0,1,1,1,1,47.5,0.01495392105720739,11.0,0,1,0,1,0,0,0,9.5,27.0,259.0,1,Olympics_2024,1,1,90.25,-4.570010314595152,20.884994275506077
1547,Olympics,2024,Hard,4,0,0,0,0,,0,0,0,0,0,0,0,0,1,1,1,1,21.0,0.02310606060606069,0.0,0,1,0,0,0,0,0,13.5,34.5,124.0,0,Olympics_2024,0,0,182.25,2.9299896854048484,8.584839556578803
1548,Olympics,2024,Hard,6,0,0,0,0,,0,0,0,0,0,0,0,0,1,1,1,1,170.5,,17.0,0,1,0,0,0,0,0,9.0,27.0,47.5,0,Olympics_2024,0,0,81.0,-4.570010314595152,20.884994275506077
1549,Olympics,2024,Hard,5,1,1,1,0,,0,0,0,0,0,0,0,0,1,1,1,1,31.0,0.04087726725064311,56.0,0,1,1,1,0,0,0,15.5,36.5,104.0,0,Olympics_2024,1,1,240.25,4.929989685404848,24.304798298198197
1550,Olympics,2024,Hard,5,0,0,0,0,,0,0,0,0,0,0,0,0,1,1,1,1,170.5,,17.0,0,1,0,0,0,0,0,9.0,27.0,377.5,0,Olympics_2024,0,0,81.0,-4.570010314595152,20.884994275506077
1551,Olympics,2024,Hard,5,0,0,0,0,,0,0,0,0,0,0,0,0,1,1,1,1,11.5,0.01677122628266325,13.0,0,1,0,0,0,0,0,16.0,37.0,699.5,0,Olympics_2024,0,0,256.0,5.429989685404848,29.484787983603045
1552,Olympics,2024,Hard,5,1,0,0,1,3.0,0,0,0,1,1,1,0,0,1,1,1,1,47.5,0.01495392105720739,11.0,0,1,0,0,0,0,0,9.5,27.0,21.0,1,Olympics_2024,0,1,90.25,-4.570010314595152,20.884994275506077
1553,Olympics,2024,Hard,6,0,0,0,0,,0,0,0,0,0,0,0,0,1,1,1,1,31.0,0.04087726725064311,56.0,0,1,0,0,0,0,0,15.5,36.5,170.5,0,Olympics_2024,0,0,240.25,4.929989685404848,24.304798298198197
1554,Olympics,2024,Hard,6,0,0,0,0,,0,0,0,0,0,0,0,0,1,1,1,1,11.5,0.01677122628266325,13.0,0,1,0,0,0,0,0,16.0,37.0,47.5,0,Olympics_2024,0,0,256.0,5.429989685404848,29.484787983603045
1555,Olympics,2024,Hard,7,1,1,1,1,3.0,0,0,0,1,1,1,0,0,1,1,1,1,31.0,0.04087726725064311,56.0,0,1,0,1,0,0,0,15.5,36.5,11.5,1,Olympics_2024,1,1,240.25,4.929989685404848,24.304798298198197
1556,Roland Garros,2024,Clay,2,0,0,0,0,,0,0,0,0,0,0,1,1,0,0,1,1,1.0,0.01057318491443759,0.0,0,1,0,0,0,0,0,21.0,38.5,221.5,0,Roland Garros_2024,0,0,441.0,6.929989685404848,48.02475703981759
1557,Roland Garros,2024,Clay,2,0,0,0,0,,0,0,0,0,0,0,1,1,0,1,1,1,45.0,0.01985049455307897,0.0,0,1,0,0,0,0,0,9.5,27.5,193.0,0,Roland Garros_2024,0,0,90.25,-4.070010314595152,16.564983960910926
1558,Roland Garros,2024,Clay,2,0,0,0,0,,0,0,0,0,0,0,1,1,0,1,1,1,161.5,0.01435574229691866,151.0,1,1,0,0,0,0,0,9.0,30.0,516.5,0,Roland Garros_2024,0,0,81.0,-1.5700103145951516,2.464932387935167
1559,Roland Garros,2024,Clay,2,1,1,1,0,,0,0,0,1,1,1,1,1,0,0,0,0,29.5,0.04232018933771908,1.0,0,1,0,0,0,0,0,9.5,30.5,139.5,1,Roland Garros_2024,0,0,90.25,-1.0700103145951516,1.1449220733400154
1560,Roland Garros,2024,Clay,2,0,0,0,0,,0,0,0,1,1,1,1,1,0,0,0,0,62.0,0.05446009389671358,6.0,0,1,0,0,0,0,0,9.5,26.0,26.0,1,Roland Garros_2024,0,0,90.25,-5.570010314595152,31.02501490469638
1561,Roland Garros,2024,Clay,2,0,0,0,0,,0,0,0,0,0,0,1,1,0,1,1,1,117.5,0.03869674185463656,123.0,0,1,0,0,0,0,0,13.5,33.0,213.0,0,Roland Garros_2024,0,0,182.25,1.4299896854048484,2.044870500364257
1562,Roland Garros,2024,Clay,2,0,0,0,0,,0,0,0,1,0,0,1,1,0,1,1,1,431.0,,566.0,0,1,0,0,0,0,0,8.0,27.0,429.5,0,Roland Garros_2024,0,0,64.0,-4.570010314595152,20.884994275506077
1563,Roland Garros,2024,Clay,2,1,1,1,0,,0,0,0,0,0,0,1,1,0,1,1,1,16.5,0.01710058017649063,1.0,0,1,1,0,0,0,0,20.5,38.5,31.5,0,Roland Garros_2024,1,1,420.25,6.929989685404848,48.02475703981759
1564,Roland Garros,2024,Clay,2,0,0,0,0,,0,0,0,1,0,0,1,1,0,0,0,0,7.5,0.02692944392196983,1.0,0,1,0,0,0,0,0,16.0,36.5,45.5,0,Roland Garros_2024,0,0,256.0,4.929989685404848,24.304798298198197
1565,Roland Garros,2024,Clay,2,1,1,1,0,,0,0,0,0,0,0,1,1,0,1,1,1,107.5,0.1028622540250447,69.0,0,1,1,0,0,0,0,6.5,25.0,65.5,0,Roland Garros_2024,1,1,42.25,-6.570010314595152,43.16503553388668
1566,Roland Garros,2024,Clay,2,1,1,1,0,,0,0,0,0,0,0,1,1,0,0,0,0,66.0,0.02250549450549455,22.0,0,1,1,0,0,0,0,8.5,28.0,55.5,0,Roland Garros_2024,1,1,72.25,-3.5700103145951516,12.744973646315774
1567,Roland Garros,2024,Clay,2,1,1,1,0,,0,0,0,0,0,0,1,1,0,1,1,1,104.5,0.1578947368421052,9.0,0,1,1,0,0,0,0,8.0,30.5,25.0,0,Roland Garros_2024,1,1,64.0,-1.0700103145951516,1.1449220733400154
1568,Roland Garros,2024,Clay,2,0,0,0,0,,0,0,0,0,0,0,1,1,0,0,0,0,17.0,0.04901135386713307,8.0,0,1,0,0,0,0,0,12.5,32.5,639.5,0,Roland Garros_2024,0,0,156.25,0.9299896854048484,0.8648808149594088
1569,Roland Garros,2024,Clay,2,1,1,1,0,,0,0,0,0,0,0,1,1,0,0,1,1,394.0,0.06742635350318471,522.0,1,1,1,0,0,0,0,12.0,32.0,663.0,0,Roland Garros_2024,1,1,144.0,0.4299896854048484,0.1848911295545605
1570,Roland Garros,2024,Clay,2,1,1,0,0,,1,0,0,1,0,0,1,1,0,1,1,1,101.5,0.0926535087719298,21.0,1,1,0,0,1,0,0,8.5,31.5,728.0,0,Roland Garros_2024,0,1,72.25,-0.07001031459515161,0.004901444149712099
1571,Roland Garros,2024,Clay,2,0,0,0,0,,0,0,0,0,0,0,1,1,0,1,1,1,14.0,0.02310606060606069,0.0,0,1,0,0,0,0,0,13.5,34.5,167.0,0,Roland Garros_2024,0,0,182.25,2.9299896854048484,8.584839556578803
1572,Roland Garros,2024,Clay,2,1,1,1,0,,0,0,0,1,0,0,1,1,0,0,0,0,15.5,0.01910815173527036,13.0,0,1,0,0,0,0,0,16.0,35.5,63.0,0,Roland Garros_2024,0,0,256.0,3.9299896854048484,15.4448189273885
1573,Roland Garros,2024,Clay,2,1,1,1,0,,0,0,0,1,1,1,1,1,0,1,1,1,34.5,0.04750475047504754,3.0,1,1,0,0,0,0,0,9.5,28.0,124.0,1,Roland Garros_2024,0,0,90.25,-3.5700103145951516,12.744973646315774
1574,Roland Garros,2024,Clay,2,1,1,1,0,,1,0,0,1,0,0,1,1,0,1,1,1,40.5,0.008045881472861782,7.0,0,1,1,0,1,0,0,26.0,34.5,60.5,0,Roland Garros_2024,1,1,676.0,2.9299896854048484,8.584839556578803
1575,Roland Garros,2024,Clay,2,0,0,0,0,,0,0,0,0,0,0,1,1,0,1,1,1,21.5,0.03143728110001298,3.0,0,1,0,0,0,0,0,15.5,34.0,331.5,0,Roland Garros_2024,0,0,240.25,2.4299896854048484,5.904849871173954
1576,Roland Garros,2024,Clay,2,0,0,0,0,,0,0,0,0,0,0,1,1,0,0,1,1,27.5,0.01544027954839367,1.0,0,1,0,0,0,0,0,17.5,37.5,352.5,0,Roland Garros_2024,0,0,306.25,5.929989685404848,35.16477766900789
1577,Roland Garros,2024,Clay,2,0,0,0,0,,0,0,0,0,0,0,1,1,0,1,1,1,659.5,0.04175824175824167,457.0,1,1,0,0,0,0,0,12.0,30.0,537.0,0,Roland Garros_2024,0,0,144.0,-1.5700103145951516,2.464932387935167
1578,Roland Garros,2024,Clay,2,1,1,1,0,,0,0,0,0,0,0,1,1,0,0,0,0,43.5,0.0276107377274693,7.0,0,1,1,0,0,0,0,15.0,36.0,74.5,0,Roland Garros_2024,1,1,225.0,4.429989685404848,19.62480861279335
1579,Roland Garros,2024,Clay,2,0,0,0,0,,0,0,0,0,0,0,1,1,0,0,1,1,5.5,0.06283712425079746,1.0,0,1,0,0,0,0,0,15.0,36.0,34.5,0,Roland Garros_2024,0,0,225.0,4.429989685404848,19.62480861279335
1580,Roland Garros,2024,Clay,2,0,0,0,0,,0,0,0,1,0,0,1,1,0,0,0,0,43.5,0.00784762663215699,11.0,0,1,0,0,0,0,0,16.0,31.5,11.5,0,Roland Garros_2024,0,0,256.0,-0.07001031459515161,0.004901444149712099
1581,Roland Garros,2024,Clay,2,0,0,0,0,,0,0,0,0,0,0,1,1,0,0,0,0,70.0,0.01964285714285718,8.0,0,1,0,0,0,0,0,1.0,29.5,68.0,0,Roland Garros_2024,0,0,1.0,-2.0700103145951516,4.284942702530318
1582,Roland Garros,2024,Clay,2,1,1,1,0,,0,0,0,0,0,0,1,1,0,0,0,0,189.0,0.2144093359046631,292.0,1,1,0,1,0,0,0,11.0,31.5,50.0,0,Roland Garros_2024,1,1,121.0,-0.07001031459515161,0.004901444149712099
1583,Roland Garros,2024,Clay,2,1,1,1,0,,0,0,0,1,0,0,1,1,0,1,1,1,18.0,0.006165839829907926,0.0,0,1,1,0,0,0,0,10.5,32.0,369.0,0,Roland Garros_2024,1,1,110.25,0.4299896854048484,0.1848911295545605
1584,Roland Garros,2024,Clay,2,1,1,1,0,,0,0,0,1,1,1,1,1,0,1,1,1,98.5,0.1473684210526316,57.0,0,1,0,1,0,0,0,1.0,24.5,31.5,1,Roland Garros_2024,1,1,1.0,-7.070010314595152,49.98504584848183
1585,Roland Garros,2024,Clay,2,0,0,0,0,,0,0,0,0,0,0,1,1,0,0,0,0,81.5,0.01980198019801993,5.0,0,1,0,0,0,0,0,14.0,35.5,73.5,0,Roland Garros_2024,0,0,196.0,3.9299896854048484,15.4448189273885
1586,Roland Garros,2024,Clay,2,1,1,1,0,,0,0,0,0,0,0,1,1,0,0,0,0,435.0,0.1437444543034605,2.0,1,1,1,1,0,0,0,6.0,24.0,316.5,0,Roland Garros_2024,1,1,36.0,-7.570010314595152,57.30505616307698
1587,Roland Garros,2024,Clay,2,0,0,0,0,,0,0,0,1,0,0,1,1,0,0,1,1,3.5,0.02406384127065708,1.0,0,1,0,0,0,0,0,19.5,40.5,97.5,0,Roland Garros_2024,0,0,380.25,8.929989685404848,79.74471578143698
1588,Roland Garros,2024,Clay,3,1,1,1,0,,0,0,0,0,0,0,1,1,0,0,1,1,1.0,0.01057318491443759,0.0,0,1,1,0,0,0,0,21.0,38.5,45.0,0,Roland Garros_2024,1,1,441.0,6.929989685404848,48.02475703981759
1589,Roland Garros,2024,Clay,3,0,0,0,0,,0,0,0,1,1,1,1,1,0,0,0,0,29.5,0.04232018933771908,1.0,0,1,0,0,0,0,0,9.5,30.5,161.5,1,Roland Garros_2024,0,0,90.25,-1.0700103145951516,1.1449220733400154
1590,Roland Garros,2024,Clay,3,0,0,0,0,,0,0,0,0,0,0,1,1,0,0,0,0,62.0,0.05446009389671358,6.0,0,1,0,0,0,0,0,9.5,26.0,117.5,0,Roland Garros_2024,0,0,90.25,-5.570010314595152,31.02501490469638
1592,Roland Garros,2024,Clay,3,0,0,0,0,,0,0,0,1,1,1,1,1,0,1,1,1,107.5,0.1028622540250447,69.0,0,1,0,0,0,0,0,6.5,25.0,7.5,1,Roland Garros_2024,0,0,42.25,-6.570010314595152,43.16503553388668
1593,Roland Garros,2024,Clay,3,1,1,1,0,,0,0,0,0,0,0,1,1,0,1,1,1,104.5,0.1578947368421052,9.0,0,1,0,1,0,0,0,8.0,30.5,66.0,0,Roland Garros_2024,1,1,64.0,-1.0700103145951516,1.1449220733400154
1596,Roland Garros,2024,Clay,3,0,0,0,0,,0,0,0,1,1,1,1,1,0,1,1,1,34.5,0.04750475047504754,3.0,1,1,0,0,0,0,0,9.5,28.0,15.5,1,Roland Garros_2024,0,0,90.25,-3.5700103145951516,12.744973646315774
1597,Roland Garros,2024,Clay,3,0,0,0,0,,0,0,0,0,0,0,1,1,0,1,1,1,21.5,0.03143728110001298,3.0,0,1,0,0,0,0,0,15.5,34.0,40.5,0,Roland Garros_2024,0,0,240.25,2.4299896854048484,5.904849871173954
1598,Roland Garros,2024,Clay,3,1,1,1,0,,0,0,0,0,0,0,1,1,0,1,1,1,659.5,0.04175824175824167,457.0,1,1,0,1,0,0,0,12.0,30.0,27.5,0,Roland Garros_2024,1,1,144.0,-1.5700103145951516,2.464932387935167
1599,Roland Garros,2024,Clay,3,0,0,0,0,,0,0,0,0,0,0,1,1,0,0,1,1,5.5,0.06283712425079746,1.0,0,1,0,0,0,0,0,15.0,36.0,43.5,0,Roland Garros_2024,0,0,225.0,4.429989685404848,19.62480861279335
1600,Roland Garros,2024,Clay,3,0,0,0,0,,0,0,0,0,0,0,1,1,0,0,0,0,43.5,0.00784762663215699,11.0,0,1,0,0,0,0,0,16.0,31.5,70.0,0,Roland Garros_2024,0,0,256.0,-0.07001031459515161,0.004901444149712099
1601,Roland Garros,2024,Clay,3,0,0,0,0,,0,0,0,0,0,0,1,1,0,1,1,1,18.0,0.006165839829907926,0.0,0,1,0,0,0,0,0,10.5,32.0,189.0,0,Roland Garros_2024,0,0,110.25,0.4299896854048484,0.1848911295545605
1602,Roland Garros,2024,Clay,3,0,0,0,0,,0,0,0,1,0,0,1,1,0,0,0,0,81.5,0.01980198019801993,5.0,0,1,0,0,0,0,0,14.0,35.5,98.5,0,Roland Garros_2024,0,0,196.0,3.9299896854048484,15.4448189273885
1604,Roland Garros,2024,Clay,4,0,0,0,0,,0,0,0,0,0,0,1,1,0,0,1,1,1.0,0.01057318491443759,0.0,0,1,0,0,0,0,0,21.0,38.5,29.5,0,Roland Garros_2024,0,0,441.0,6.929989685404848,48.02475703981759
1605,Roland Garros,2024,Clay,4,0,0,0,0,,0,0,0,0,0,0,1,1,0,0,0,0,62.0,0.05446009389671358,6.0,0,1,0,0,0,0,0,9.5,26.0,16.5,0,Roland Garros_2024,0,0,90.25,-5.570010314595152,31.02501490469638
1606,Roland Garros,2024,Clay,4,1,1,1,0,,0,0,0,0,0,0,1,1,0,1,1,1,107.5,0.1028622540250447,69.0,0,1,1,0,0,0,0,6.5,25.0,104.5,0,Roland Garros_2024,1,1,42.25,-6.570010314595152,43.16503553388668
1607,Roland Garros,2024,Clay,4,1,1,1,0,,0,0,0,0,0,0,1,1,0,0,0,0,17.0,0.04901135386713307,8.0,0,1,1,1,0,0,0,12.5,32.5,14.0,0,Roland Garros_2024,1,1,156.25,0.9299896854048484,0.8648808149594088
1608,Roland Garros,2024,Clay,4,0,0,0,0,,0,0,0,0,0,0,1,1,0,1,1,1,21.5,0.03143728110001298,3.0,0,1,0,0,0,0,0,15.5,34.0,34.5,0,Roland Garros_2024,0,0,240.25,2.4299896854048484,5.904849871173954
1609,Roland Garros,2024,Clay,4,0,0,0,0,,0,0,0,0,0,0,1,1,0,0,1,1,5.5,0.06283712425079746,1.0,0,1,0,0,0,0,0,15.0,36.0,659.5,0,Roland Garros_2024,0,0,225.0,4.429989685404848,19.62480861279335
1611,Roland Garros,2024,Clay,4,1,1,1,0,,1,0,0,1,1,1,1,1,0,0,1,1,3.5,0.02406384127065708,1.0,0,1,0,0,1,0,0,19.5,40.5,81.5,1,Roland Garros_2024,0,1,380.25,8.929989685404848,79.74471578143698
1612,Roland Garros,2024,Clay,5,0,0,0,0,,0,0,0,0,0,0,1,1,0,0,1,1,1.0,0.01057318491443759,0.0,0,1,0,0,0,0,0,21.0,38.5,62.0,0,Roland Garros_2024,0,0,441.0,6.929989685404848,48.02475703981759
1613,Roland Garros,2024,Clay,5,0,0,0,0,,0,0,0,0,0,0,1,1,0,0,0,0,17.0,0.04901135386713307,8.0,0,1,0,0,0,0,0,12.5,32.5,107.5,0,Roland Garros_2024,0,0,156.25,0.9299896854048484,0.8648808149594088
1614,Roland Garros,2024,Clay,5,0,0,0,0,,0,0,0,1,1,1,1,1,0,1,1,1,21.5,0.03143728110001298,3.0,0,1,0,0,0,0,0,15.5,34.0,5.5,1,Roland Garros_2024,0,0,240.25,2.4299896854048484,5.904849871173954
1615,Roland Garros,2024,Clay,5,1,1,1,0,,0,0,0,1,0,0,1,1,0,0,1,1,3.5,0.02406384127065708,1.0,0,1,1,0,0,0,0,19.5,40.5,18.0,0,Roland Garros_2024,1,1,380.25,8.929989685404848,79.74471578143698
1616,Roland Garros,2024,Clay,6,0,0,0,0,,0,0,0,1,1,1,1,1,0,0,0,0,17.0,0.04901135386713307,8.0,0,1,0,0,0,0,0,12.5,32.5,1.0,1,Roland Garros_2024,0,0,156.25,0.9299896854048484,0.8648808149594088
1617,Roland Garros,2024,Clay,6,0,0,0,0,,0,0,0,1,0,0,1,1,0,1,1,1,21.5,0.03143728110001298,3.0,0,1,0,0,0,0,0,15.5,34.0,3.5,0,Roland Garros_2024,0,0,240.25,2.4299896854048484,5.904849871173954
1618,Roland Garros,2024,Clay,7,0,0,0,0,,0,0,0,0,0,0,1,1,0,0,0,0,17.0,0.04901135386713307,8.0,0,1,0,0,0,0,0,12.5,32.5,21.5,0,Roland Garros_2024,0,0,156.25,0.9299896854048484,0.8648808149594088
1619,US Open,2024,Hard,2,0,0,0,0,,0,0,0,0,0,0,0,1,0,0,1,1,1.0,0.01057318491443759,0.0,0,1,0,0,0,0,0,21.0,38.5,401.0,0,US Open_2024,0,0,441.0,6.929989685404848,48.02475703981759
1620,US Open,2024,Hard,2,0,0,0,0,,0,0,0,0,0,0,0,1,0,0,0,0,65.0,0.01926973406500632,32.0,0,1,0,0,0,0,0,15.5,34.0,56.0,0,US Open_2024,0,0,240.25,2.4299896854048484,5.904849871173954
1621,US Open,2024,Hard,2,0,0,0,0,,0,0,0,0,0,0,0,1,0,0,0,0,44.5,0.005719514985129237,7.0,0,1,0,0,0,0,0,15.0,32.5,91.0,0,US Open_2024,0,0,225.0,0.9299896854048484,0.8648808149594088
1622,US Open,2024,Hard,2,1,1,1,0,,0,0,0,1,1,1,0,1,0,0,0,0,31.0,0.002161769380989109,18.0,0,1,0,0,0,0,0,16.5,38.5,45.0,1,US Open_2024,0,0,272.25,6.929989685404848,48.02475703981759
1623,US Open,2024,Hard,2,1,1,1,0,,0,0,0,0,0,0,0,1,0,0,0,0,24.5,0.04232018933771908,1.0,0,1,1,0,0,0,0,9.5,30.5,259.5,0,US Open_2024,1,1,90.25,-1.0700103145951516,1.1449220733400154
1624,US Open,2024,Hard,2,1,1,1,0,,0,0,0,0,0,0,0,1,0,1,1,1,215.0,0.06001984126984139,262.0,0,1,1,0,0,0,0,7.0,27.0,585.5,0,US Open_2024,1,1,49.0,-4.570010314595152,20.884994275506077
1625,US Open,2024,Hard,2,0,0,0,0,,0,0,0,0,0,0,0,1,0,0,0,0,60.0,0.09519912711402073,8.0,0,1,0,0,0,0,0,11.0,34.5,277.5,0,US Open_2024,0,0,121.0,2.9299896854048484,8.584839556578803
1626,US Open,2024,Hard,2,0,0,0,0,,0,0,0,0,0,0,0,1,0,1,1,1,15.5,0.04750475047504754,5.0,1,1,0,0,0,0,0,9.5,28.0,351.5,0,US Open_2024,0,0,90.25,-3.5700103145951516,12.744973646315774
1627,US Open,2024,Hard,2,1,1,1,0,,0,0,0,1,1,1,0,1,0,0,1,1,5.5,0.06283712425079746,1.0,0,1,0,0,0,0,0,15.0,36.0,187.0,1,US Open_2024,0,0,225.0,4.429989685404848,19.62480861279335
1628,US Open,2024,Hard,2,1,1,1,0,,0,0,0,1,0,0,0,1,0,0,1,1,46.5,0.1277343346308863,9.0,1,1,0,0,0,0,0,6.0,27.0,114.0,0,US Open_2024,0,0,36.0,-4.570010314595152,20.884994275506077
1629,US Open,2024,Hard,2,1,1,1,0,,0,0,0,0,0,0,0,1,0,1,1,1,128.0,0.1876607968027976,58.0,0,1,1,0,0,0,0,17.0,36.0,494.5,0,US Open_2024,1,1,289.0,4.429989685404848,19.62480861279335
1630,US Open,2024,Hard,2,1,1,1,0,,0,0,0,1,1,1,0,1,0,1,1,1,26.0,0.002501202501202449,0.0,0,1,0,0,0,0,0,8.0,31.0,185.0,1,US Open_2024,0,0,64.0,-0.5700103145951516,0.3249117587448637
1631,US Open,2024,Hard,2,1,1,1,0,,0,0,0,0,0,0,0,1,0,0,0,0,21.0,0.01910815173527036,14.0,0,1,0,1,0,0,0,16.0,35.5,170.5,0,US Open_2024,1,1,256.0,3.9299896854048484,15.4448189273885
1632,US Open,2024,Hard,2,0,0,0,0,,0,0,0,0,0,0,0,1,0,1,1,1,36.0,0.008045881472861782,4.0,0,1,0,0,0,0,0,26.0,34.5,76.0,0,US Open_2024,0,0,676.0,2.9299896854048484,8.584839556578803
1633,US Open,2024,Hard,2,0,0,0,0,,0,0,0,0,0,0,0,1,0,0,0,0,811.5,0.3121693121693122,681.0,1,1,0,0,0,0,0,4.0,22.0,684.0,0,US Open_2024,0,0,16.0,-9.570010314595152,91.58509742145759
1634,US Open,2024,Hard,2,0,0,0,0,,0,0,0,0,0,0,0,1,0,0,0,0,11.5,0.00784762663215699,1.0,0,1,0,0,0,0,0,16.0,31.5,53.0,0,US Open_2024,0,0,256.0,-0.07001031459515161,0.004901444149712099
1635,US Open,2024,Hard,2,0,0,0,0,,0,0,0,0,0,0,0,1,0,0,1,1,18.0,0.02017841971112999,2.0,0,1,0,0,0,0,0,13.5,36.0,661.5,0,US Open_2024,0,0,182.25,4.429989685404848,19.62480861279335
1636,US Open,2024,Hard,2,1,1,0,0,,1,0,0,1,1,1,0,1,0,0,0,0,64.0,0.1418613861386139,4.0,0,1,0,0,1,0,0,14.0,33.5,144.0,1,US Open_2024,0,1,196.0,1.9299896854048484,3.7248601857691055
1637,US Open,2024,Hard,2,1,1,1,0,,0,0,0,0,0,0,0,1,0,0,1,1,38.0,0.1192116440484824,2.0,0,1,1,0,0,0,0,9.0,30.0,95.0,0,US Open_2024,1,1,81.0,-1.5700103145951516,2.464932387935167
1638,US Open,2024,Hard,2,0,0,0,0,,0,0,0,1,0,0,0,1,0,1,1,1,407.0,0.1666666666666667,60.0,0,1,0,0,0,0,0,6.0,27.5,19.0,0,US Open_2024,0,0,36.0,-4.070010314595152,16.564983960910926
1639,US Open,2024,Hard,2,0,0,0,0,,0,0,0,0,0,0,0,1,0,0,0,0,29.5,0.08683589956998194,27.0,0,1,0,0,0,0,0,16.0,34.5,118.5,0,US Open_2024,0,0,256.0,2.9299896854048484,8.584839556578803
1640,US Open,2024,Hard,2,0,0,0,0,,0,0,0,0,0,0,0,1,0,0,0,0,58.5,0.01275510204081642,13.0,0,1,0,0,0,0,0,15.0,33.0,1395.0,0,US Open_2024,0,0,225.0,1.4299896854048484,2.044870500364257
1641,US Open,2024,Hard,2,1,1,1,0,,0,0,0,1,0,0,0,1,0,1,1,1,35.0,0.006165839829907926,0.0,0,1,0,0,0,0,0,10.5,32.0,279.0,0,US Open_2024,0,0,110.25,0.4299896854048484,0.1848911295545605
1642,US Open,2024,Hard,2,0,0,0,0,,0,0,0,0,0,0,0,1,0,0,0,0,7.5,0.04901135386713307,1.0,0,1,0,0,0,0,0,12.5,32.5,299.5,0,US Open_2024,0,0,156.25,0.9299896854048484,0.8648808149594088
1643,US Open,2024,Hard,2,0,0,0,0,,0,0,0,0,0,0,0,1,0,1,1,1,9.5,0.03143728110001298,1.0,0,1,0,0,0,0,0,15.5,34.0,259.5,0,US Open_2024,0,0,240.25,2.4299896854048484,5.904849871173954
1644,US Open,2024,Hard,2,1,1,1,0,,1,0,0,1,1,1,0,1,0,0,0,0,61.0,0.02150537634408611,12.0,0,1,0,1,1,0,0,6.0,30.0,43.0,1,US Open_2024,1,1,36.0,-1.5700103145951516,2.464932387935167
1645,US Open,2024,Hard,2,0,0,0,0,,0,0,0,0,0,0,0,1,0,0,0,0,517.0,,712.0,1,1,0,0,0,0,0,1.0,26.5,334.0,0,US Open_2024,0,0,1.0,-5.070010314595152,25.70500459010123
1646,US Open,2024,Hard,2,1,1,1,0,,0,0,0,0,0,0,0,1,0,1,1,1,20.0,0.02310606060606069,0.0,0,1,1,0,0,0,0,13.5,34.5,55.0,0,US Open_2024,1,1,182.25,2.9299896854048484,8.584839556578803
1647,US Open,2024,Hard,2,0,0,0,0,,0,0,0,0,0,0,0,1,0,1,1,1,31.5,0.01710058017649063,3.0,0,1,0,0,0,0,0,20.5,38.5,226.0,0,US Open_2024,0,0,420.25,6.929989685404848,48.02475703981759
1648,US Open,2024,Hard,2,0,0,0,0,,0,0,0,0,0,0,0,1,0,1,1,1,231.0,0.006071645415907767,38.0,0,1,0,0,0,0,0,1.0,22.5,476.5,0,US Open_2024,0,0,1.0,-9.070010314595152,82.26508710686244
1649,US Open,2024,Hard,2,0,0,0,0,,0,0,0,0,0,0,0,1,0,0,1,1,638.5,0.08015640273704791,461.0,0,1,0,0,0,0,0,13.5,31.5,639.5,0,US Open_2024,0,0,182.25,-0.07001031459515161,0.004901444149712099
1650,US Open,2024,Hard,2,0,0,0,0,,0,0,0,0,0,0,0,1,0,0,1,1,3.5,0.02406384127065708,1.0,0,1,0,0,0,0,0,19.5,40.5,63.5,0,US Open_2024,0,0,380.25,8.929989685404848,79.74471578143698
1651,US Open,2024,Hard,3,1,1,1,0,,0,0,0,0,0,0,0,1,0,0,1,1,1.0,0.01057318491443759,0.0,0,1,0,1,0,0,0,21.0,38.5,65.0,0,US Open_2024,1,1,441.0,6.929989685404848,48.02475703981759
1652,US Open,2024,Hard,3,0,0,0,0,,0,0,0,1,1,1,0,1,0,0,0,0,44.5,0.005719514985129237,7.0,0,1,0,0,0,0,0,15.0,32.5,31.0,1,US Open_2024,0,0,225.0,0.9299896854048484,0.8648808149594088
1653,US Open,2024,Hard,3,1,1,1,0,,0,0,0,0,0,0,0,1,0,1,1,1,215.0,0.06001984126984139,262.0,0,1,1,0,0,0,0,7.0,27.0,24.5,0,US Open_2024,1,1,49.0,-4.570010314595152,20.884994275506077
1654,US Open,2024,Hard,3,1,1,1,0,,0,0,0,1,1,1,0,1,0,1,1,1,15.5,0.04750475047504754,5.0,1,1,0,1,0,0,0,9.5,28.0,60.0,1,US Open_2024,1,1,90.25,-3.5700103145951516,12.744973646315774
1655,US Open,2024,Hard,3,1,1,1,0,,0,0,0,0,0,0,0,1,0,0,1,1,5.5,0.06283712425079746,1.0,0,1,0,1,0,0,0,15.0,36.0,46.5,0,US Open_2024,1,1,225.0,4.429989685404848,19.62480861279335
1656,US Open,2024,Hard,3,0,0,0,0,,0,0,0,1,1,1,0,1,0,1,1,1,26.0,0.002501202501202449,0.0,0,1,0,0,0,0,0,8.0,31.0,128.0,1,US Open_2024,0,0,64.0,-0.5700103145951516,0.3249117587448637
1657,US Open,2024,Hard,3,1,1,1,0,,0,0,0,1,0,0,0,1,0,0,0,0,21.0,0.01910815173527036,14.0,0,1,0,0,0,0,0,16.0,35.5,36.0,0,US Open_2024,0,0,256.0,3.9299896854048484,15.4448189273885
1658,US Open,2024,Hard,3,0,0,0,0,,0,0,0,0,0,0,0,1,0,0,0,0,11.5,0.00784762663215699,1.0,0,1,0,0,0,0,0,16.0,31.5,811.5,0,US Open_2024,0,0,256.0,-0.07001031459515161,0.004901444149712099
1659,US Open,2024,Hard,3,1,1,1,0,,0,0,0,0,0,0,0,1,0,0,1,1,18.0,0.02017841971112999,2.0,0,1,1,0,0,0,0,13.5,36.0,64.0,0,US Open_2024,1,1,182.25,4.429989685404848,19.62480861279335
1660,US Open,2024,Hard,3,1,1,1,0,,0,0,0,1,1,1,0,1,0,1,1,1,407.0,0.1666666666666667,60.0,0,1,0,0,0,0,0,6.0,27.5,38.0,1,US Open_2024,0,0,36.0,-4.070010314595152,16.564983960910926
1661,US Open,2024,Hard,3,1,1,1,0,,0,0,0,1,0,0,0,1,0,0,0,0,29.5,0.08683589956998194,27.0,0,1,0,0,0,0,0,16.0,34.5,58.5,0,US Open_2024,0,0,256.0,2.9299896854048484,8.584839556578803
1662,US Open,2024,Hard,3,1,1,1,0,,0,0,0,1,0,0,0,1,0,0,0,0,7.5,0.04901135386713307,1.0,0,1,1,0,0,0,0,12.5,32.5,35.0,0,US Open_2024,1,1,156.25,0.9299896854048484,0.8648808149594088
1663,US Open,2024,Hard,3,1,1,1,0,,0,0,0,0,0,0,0,1,0,1,1,1,9.5,0.03143728110001298,1.0,0,1,0,1,0,0,0,15.5,34.0,61.0,0,US Open_2024,1,1,240.25,2.4299896854048484,5.904849871173954
1664,US Open,2024,Hard,3,0,0,0,0,,0,0,0,0,0,0,0,1,0,1,1,1,20.0,0.02310606060606069,0.0,0,1,0,0,0,0,0,13.5,34.5,517.0,0,US Open_2024,0,0,182.25,2.9299896854048484,8.584839556578803
1665,US Open,2024,Hard,3,1,1,1,0,,0,0,0,1,1,1,0,1,0,1,1,1,31.5,0.01710058017649063,3.0,0,1,0,1,0,0,0,20.5,38.5,231.0,1,US Open_2024,1,1,420.25,6.929989685404848,48.02475703981759
1666,US Open,2024,Hard,3,0,0,0,0,,0,0,0,0,0,0,0,1,0,0,1,1,3.5,0.02406384127065708,1.0,0,1,0,0,0,0,0,19.5,40.5,638.5,0,US Open_2024,0,0,380.25,8.929989685404848,79.74471578143698
1667,US Open,2024,Hard,4,0,0,0,0,,0,0,0,0,0,0,0,1,0,0,1,1,1.0,0.01057318491443759,0.0,0,1,0,0,0,0,0,21.0,38.5,44.5,0,US Open_2024,0,0,441.0,6.929989685404848,48.02475703981759
1668,US Open,2024,Hard,4,1,1,1,0,,0,0,0,0,0,0,0,1,0,1,1,1,15.5,0.04750475047504754,5.0,1,1,1,0,0,0,0,9.5,28.0,215.0,0,US Open_2024,1,1,90.25,-3.5700103145951516,12.744973646315774
1669,US Open,2024,Hard,4,1,1,1,0,,0,0,0,0,0,0,0,1,0,1,1,1,26.0,0.002501202501202449,0.0,0,1,1,0,0,0,0,8.0,31.0,5.5,0,US Open_2024,1,1,64.0,-0.5700103145951516,0.3249117587448637
1670,US Open,2024,Hard,4,0,0,0,0,,0,0,0,0,0,0,0,1,0,0,0,0,21.0,0.01910815173527036,14.0,0,1,0,0,0,0,0,16.0,35.5,11.5,0,US Open_2024,0,0,256.0,3.9299896854048484,15.4448189273885
1671,US Open,2024,Hard,4,1,1,1,0,,0,0,0,1,1,1,0,1,0,0,1,1,18.0,0.02017841971112999,2.0,0,1,0,1,0,0,0,13.5,36.0,407.0,1,US Open_2024,1,1,182.25,4.429989685404848,19.62480861279335
1672,US Open,2024,Hard,4,1,1,1,0,,0,0,0,0,0,0,0,1,0,0,0,0,7.5,0.04901135386713307,1.0,0,1,0,1,0,0,0,12.5,32.5,29.5,0,US Open_2024,1,1,156.25,0.9299896854048484,0.8648808149594088
1673,US Open,2024,Hard,4,1,1,0,0,,1,0,0,1,0,0,0,1,0,1,1,1,20.0,0.02310606060606069,0.0,0,1,0,0,1,0,0,13.5,34.5,9.5,0,US Open_2024,0,1,182.25,2.9299896854048484,8.584839556578803
1674,US Open,2024,Hard,4,0,0,0,0,,0,0,0,0,0,0,0,1,0,1,1,1,31.5,0.01710058017649063,3.0,0,1,0,0,0,0,0,20.5,38.5,3.5,0,US Open_2024,0,0,420.25,6.929989685404848,48.02475703981759
1675,US Open,2024,Hard,5,1,1,1,0,,0,0,0,0,0,0,0,1,0,1,1,1,15.5,0.04750475047504754,5.0,1,1,1,0,0,0,0,9.5,28.0,1.0,0,US Open_2024,1,1,90.25,-3.5700103145951516,12.744973646315774
1676,US Open,2024,Hard,5,1,1,1,0,,0,0,0,1,0,0,0,1,0,1,1,1,26.0,0.002501202501202449,0.0,0,1,0,0,0,0,0,8.0,31.0,21.0,0,US Open_2024,0,0,64.0,-0.5700103145951516,0.3249117587448637
1677,US Open,2024,Hard,5,1,1,1,0,,0,0,0,0,0,0,0,1,0,0,0,0,7.5,0.04901135386713307,1.0,0,1,1,0,0,0,0,12.5,32.5,18.0,0,US Open_2024,1,1,156.25,0.9299896854048484,0.8648808149594088
1678,US Open,2024,Hard,5,1,1,1,0,,0,0,0,1,1,1,0,1,0,1,1,1,20.0,0.02310606060606069,0.0,0,1,0,0,0,0,0,13.5,34.5,31.5,1,US Open_2024,0,0,182.25,2.9299896854048484,8.584839556578803
1679,US Open,2024,Hard,6,1,1,1,0,,0,0,0,0,0,0,0,1,0,1,1,1,15.5,0.04750475047504754,5.0,1,1,0,1,0,0,0,9.5,28.0,26.0,0,US Open_2024,1,1,90.25,-3.5700103145951516,12.744973646315774
1680,US Open,2024,Hard,6,1,1,1,0,,0,0,0,1,0,0,0,1,0,1,1,1,20.0,0.02310606060606069,0.0,0,1,0,0,0,0,0,13.5,34.5,7.5,0,US Open_2024,0,0,182.25,2.9299896854048484,8.584839556578803
1681,US Open,2024,Hard,7,1,1,1,0,,0,0,0,0,0,0,0,1,0,1,1,1,15.5,0.04750475047504754,5.0,1,1,0,1,0,0,0,9.5,28.0,20.0,0,US Open_2024,1,1,90.25,-3.5700103145951516,12.744973646315774
1682,Wimbledon,2024,Grass,2,0,0,0,0,,0,0,0,0,0,0,1,1,0,0,1,1,2.0,0.01057318491443759,0.0,0,1,0,0,0,0,0,21.0,38.5,499.0,0,Wimbledon_2024,0,0,441.0,6.929989685404848,48.02475703981759
1683,Wimbledon,2024,Grass,2,1,1,1,0,,0,0,0,0,0,0,1,1,0,0,1,0,56.5,0.1229853479853479,7.0,0,1,0,1,0,0,0,24.0,35.5,323.5,0,Wimbledon_2024,1,1,576.0,3.9299896854048484,15.4448189273885
1684,Wimbledon,2024,Grass,2,0,0,0,0,,0,0,0,0,0,0,1,1,0,1,1,1,212.0,0.2659352142110763,278.0,1,1,0,0,0,0,0,12.0,30.5,121.0,0,Wimbledon_2024,0,0,144.0,-1.0700103145951516,1.1449220733400154
1685,Wimbledon,2024,Grass,2,1,1,0,0,,1,0,0,1,1,1,1,1,0,0,0,0,612.0,0.2344210411437302,520.0,1,1,0,0,1,0,0,14.0,32.0,27.5,1,Wimbledon_2024,0,1,196.0,0.4299896854048484,0.1848911295545605
1686,Wimbledon,2024,Grass,2,0,0,0,0,,0,0,0,0,0,0,1,1,0,1,1,1,23.0,0.002501202501202449,0.0,0,1,0,0,0,0,0,8.0,31.0,811.5,0,Wimbledon_2024,0,0,64.0,-0.5700103145951516,0.3249117587448637
1687,Wimbledon,2024,Grass,2,1,1,1,0,,0,0,0,1,0,0,1,1,0,1,1,1,98.0,0.03661521084337349,44.0,1,1,0,0,0,0,0,5.0,25.5,778.5,0,Wimbledon_2024,0,0,25.0,-6.070010314595152,36.84502521929153
1688,Wimbledon,2024,Grass,2,0,0,0,0,,0,0,0,0,0,0,1,1,0,0,0,0,50.5,0.005719514985129237,9.0,0,1,0,0,0,0,0,15.0,32.5,504.5,0,Wimbledon_2024,0,0,225.0,0.9299896854048484,0.8648808149594088
1689,Wimbledon,2024,Grass,2,0,0,0,0,,0,0,0,0,0,0,1,1,0,1,1,1,15.0,0.02310606060606069,0.0,0,1,0,0,0,0,0,13.5,34.5,176.5,0,Wimbledon_2024,0,0,182.25,2.9299896854048484,8.584839556578803
1690,Wimbledon,2024,Grass,2,0,0,0,0,,0,0,0,0,0,0,1,1,0,0,1,1,5.5,0.06283712425079746,1.0,0,1,0,0,0,0,0,15.0,36.0,327.5,0,Wimbledon_2024,0,0,225.0,4.429989685404848,19.62480861279335
1691,Wimbledon,2024,Grass,2,0,0,0,0,,0,0,0,0,0,0,1,1,0,0,0,0,63.5,0.09519912711402073,3.0,0,1,0,0,0,0,0,11.0,34.5,313.5,0,Wimbledon_2024,0,0,121.0,2.9299896854048484,8.584839556578803
1692,Wimbledon,2024,Grass,2,0,0,0,0,,0,0,0,0,0,0,1,1,0,0,0,0,123.5,0.01425736176497738,85.0,0,1,0,0,0,0,0,20.0,39.5,85.0,0,Wimbledon_2024,0,0,400.0,7.929989685404848,62.88473641062728
1693,Wimbledon,2024,Grass,2,0,0,0,0,,0,0,0,0,0,0,1,1,0,1,1,1,31.5,0.04750475047504754,1.0,1,1,0,0,0,0,0,9.5,28.0,186.0,0,Wimbledon_2024,0,0,90.25,-3.5700103145951516,12.744973646315774
1694,Wimbledon,2024,Grass,2,1,1,1,0,,0,0,0,0,0,0,1,1,0,1,1,1,19.5,0.01710058017649063,3.0,0,1,1,0,0,0,0,20.5,38.5,85.0,0,Wimbledon_2024,1,1,420.25,6.929989685404848,48.02475703981759
1695,Wimbledon,2024,Grass,2,0,0,0,0,,0,0,0,1,1,1,1,1,0,0,0,0,51.5,0.05446009389671358,5.0,0,1,0,0,0,0,0,9.5,26.0,37.0,1,Wimbledon_2024,0,0,90.25,-5.570010314595152,31.02501490469638
1696,Wimbledon,2024,Grass,2,0,0,0,0,,0,0,0,0,0,0,1,1,0,1,1,1,286.5,0.2,203.0,0,1,0,0,0,0,0,1.0,24.0,304.5,0,Wimbledon_2024,0,0,1.0,-7.570010314595152,57.30505616307698
1697,Wimbledon,2024,Grass,2,0,0,0,0,,0,0,0,0,0,0,1,1,0,0,0,0,15.0,0.01910815173527036,14.0,0,1,0,0,0,0,0,16.0,35.5,875.5,0,Wimbledon_2024,0,0,256.0,3.9299896854048484,15.4448189273885
1698,Wimbledon,2024,Grass,2,0,0,0,0,,0,0,0,0,0,0,1,1,0,0,0,0,39.5,0.00784762663215699,5.0,0,1,0,0,0,0,0,16.0,31.5,10.5,0,Wimbledon_2024,0,0,256.0,-0.07001031459515161,0.004901444149712099
1699,Wimbledon,2024,Grass,2,0,0,0,0,,0,0,0,0,0,0,1,1,0,1,1,1,406.5,0.00661785412559851,321.0,0,1,0,0,0,0,0,9.0,27.0,649.5,0,Wimbledon_2024,0,0,81.0,-4.570010314595152,20.884994275506077
1700,Wimbledon,2024,Grass,2,1,1,1,0,,0,0,0,0,0,0,1,1,0,1,1,1,40.5,0.008045881472861782,1.0,0,1,0,1,0,0,0,26.0,34.5,901.5,0,Wimbledon_2024,1,1,676.0,2.9299896854048484,8.584839556578803
1701,Wimbledon,2024,Grass,2,1,1,1,0,,0,0,0,0,0,0,1,1,0,0,0,0,59.0,0.08269557823129259,14.0,0,1,1,1,0,0,0,12.0,32.0,18.0,0,Wimbledon_2024,1,1,144.0,0.4299896854048484,0.1848911295545605
1702,Wimbledon,2024,Grass,2,1,1,1,0,,0,0,0,0,0,0,1,1,0,1,1,1,33.5,0.008230452674897193,1.0,0,1,0,1,0,0,0,1.0,31.5,696.5,0,Wimbledon_2024,1,1,1.0,-0.07001031459515161,0.004901444149712099
1703,Wimbledon,2024,Grass,2,1,1,1,0,,0,0,0,0,0,0,1,1,0,0,1,1,37.0,0.1192116440484824,4.0,0,1,1,0,0,0,0,9.0,30.0,189.0,0,Wimbledon_2024,1,1,81.0,-1.5700103145951516,2.464932387935167
1704,Wimbledon,2024,Grass,2,0,0,0,0,,0,0,0,1,1,1,1,1,0,0,0,0,76.0,0.04598260117793268,2.0,0,1,0,0,0,0,0,1.0,31.0,47.5,1,Wimbledon_2024,0,0,1.0,-0.5700103145951516,0.3249117587448637
1705,Wimbledon,2024,Grass,2,0,0,0,0,,0,0,0,0,0,0,1,1,0,0,0,0,8.0,0.04901135386713307,2.0,0,1,0,0,0,0,0,12.5,32.5,65.5,0,Wimbledon_2024,0,0,156.25,0.9299896854048484,0.8648808149594088
1706,Wimbledon,2024,Grass,2,0,0,0,0,,0,0,0,1,0,0,1,1,0,0,0,0,13.5,,1.0,0,1,0,0,0,0,0,23.0,41.0,696.0,0,Wimbledon_2024,0,0,529.0,9.429989685404848,88.92470546684183
1707,Wimbledon,2024,Grass,2,0,0,0,0,,0,0,0,0,0,0,1,1,0,1,1,1,136.5,0.01435574229691866,113.0,1,1,0,0,0,0,0,9.0,30.0,577.0,0,Wimbledon_2024,0,0,81.0,-1.5700103145951516,2.464932387935167
1708,Wimbledon,2024,Grass,2,1,1,1,0,,0,0,0,0,0,0,1,1,0,1,1,1,50.5,0.07928520078052792,1.0,0,1,1,0,0,0,0,8.0,29.5,185.5,0,Wimbledon_2024,1,1,64.0,-2.0700103145951516,4.284942702530318
1709,Wimbledon,2024,Grass,2,1,1,1,0,,1,0,0,1,1,1,1,1,0,0,1,1,16.0,0.02017841971112999,8.0,0,1,0,0,1,0,0,13.5,36.0,43.5,1,Wimbledon_2024,0,1,182.25,4.429989685404848,19.62480861279335
1710,Wimbledon,2024,Grass,2,0,0,0,0,,0,0,0,0,0,0,1,1,0,1,1,1,29.0,0.006165839829907926,0.0,0,1,0,0,0,0,0,10.5,32.0,799.0,0,Wimbledon_2024,0,0,110.25,0.4299896854048484,0.1848911295545605
1711,Wimbledon,2024,Grass,2,0,0,0,0,,0,0,0,0,0,0,1,1,0,0,0,0,35.5,0.06931131435219595,19.0,0,1,0,0,0,0,0,15.0,37.0,71.0,0,Wimbledon_2024,0,0,225.0,5.429989685404848,29.484787983603045
1712,Wimbledon,2024,Grass,2,1,1,1,0,,0,0,0,0,0,0,1,1,0,1,1,1,58.5,0.0595611285266458,1.0,0,1,1,1,0,0,0,1.0,27.5,476.0,0,Wimbledon_2024,1,1,1.0,-4.070010314595152,16.564983960910926
1713,Wimbledon,2024,Grass,2,0,0,0,0,,0,0,0,0,0,0,1,1,0,0,1,1,2.5,0.02406384127065708,3.0,0,1,0,0,0,0,0,19.5,40.5,67.0,0,Wimbledon_2024,0,0,380.25,8.929989685404848,79.74471578143698
1716,Wimbledon,2024,Grass,3,0,0,0,0,,0,0,0,0,0,0,1,1,0,1,1,1,23.0,0.002501202501202449,0.0,0,1,0,0,0,0,0,8.0,31.0,98.0,0,Wimbledon_2024,0,0,64.0,-0.5700103145951516,0.3249117587448637
1717,Wimbledon,2024,Grass,3,0,0,0,0,,0,0,0,1,1,1,1,1,0,1,1,1,15.0,0.02310606060606069,0.0,0,1,0,0,0,0,0,13.5,34.5,50.5,1,Wimbledon_2024,0,0,182.25,2.9299896854048484,8.584839556578803
1718,Wimbledon,2024,Grass,3,0,0,0,0,,0,0,0,1,1,1,1,1,0,0,0,0,63.5,0.09519912711402073,3.0,0,1,0,0,0,0,0,11.0,34.5,5.5,1,Wimbledon_2024,0,0,121.0,2.9299896854048484,8.584839556578803
1719,Wimbledon,2024,Grass,3,0,0,0,0,,0,0,0,0,0,0,1,1,0,1,1,1,31.5,0.04750475047504754,1.0,1,1,0,0,0,0,0,9.5,28.0,123.5,0,Wimbledon_2024,0,0,90.25,-3.5700103145951516,12.744973646315774
1720,Wimbledon,2024,Grass,3,1,1,1,0,,0,0,0,0,0,0,1,1,0,1,1,1,19.5,0.01710058017649063,3.0,0,1,1,0,0,0,0,20.5,38.5,51.5,0,Wimbledon_2024,1,1,420.25,6.929989685404848,48.02475703981759
1721,Wimbledon,2024,Grass,3,1,1,1,0,,0,0,0,0,0,0,1,1,0,1,1,1,286.5,0.2,203.0,0,1,1,1,0,0,0,1.0,24.0,15.0,0,Wimbledon_2024,1,1,1.0,-7.570010314595152,57.30505616307698
1722,Wimbledon,2024,Grass,3,1,1,1,0,,0,0,0,0,0,0,1,1,0,0,0,0,39.5,0.00784762663215699,5.0,0,1,1,0,0,0,0,16.0,31.5,406.5,0,Wimbledon_2024,1,1,256.0,-0.07001031459515161,0.004901444149712099
1723,Wimbledon,2024,Grass,3,1,1,1,0,,1,0,0,1,1,1,1,1,0,1,1,1,40.5,0.008045881472861782,1.0,0,1,0,1,1,0,0,26.0,34.5,59.0,1,Wimbledon_2024,1,1,676.0,2.9299896854048484,8.584839556578803
1724,Wimbledon,2024,Grass,3,1,1,1,0,,1,0,0,1,1,1,1,1,0,1,1,1,33.5,0.008230452674897193,1.0,0,1,0,0,1,0,0,1.0,31.5,37.0,1,Wimbledon_2024,0,1,1.0,-0.07001031459515161,0.004901444149712099
1725,Wimbledon,2024,Grass,3,0,0,0,0,,0,0,0,0,0,0,1,1,0,0,0,0,8.0,0.04901135386713307,2.0,0,1,0,0,0,0,0,12.5,32.5,76.0,0,Wimbledon_2024,0,0,156.25,0.9299896854048484,0.8648808149594088
1726,Wimbledon,2024,Grass,3,1,1,1,0,,0,0,0,0,0,0,1,1,0,1,1,1,136.5,0.01435574229691866,113.0,1,1,0,1,0,0,0,9.0,30.0,13.5,0,Wimbledon_2024,1,1,81.0,-1.5700103145951516,2.464932387935167
1727,Wimbledon,2024,Grass,3,1,1,1,0,,0,0,0,1,0,0,1,1,0,0,1,1,16.0,0.02017841971112999,8.0,0,1,0,0,0,0,0,13.5,36.0,50.5,0,Wimbledon_2024,0,0,182.25,4.429989685404848,19.62480861279335
1728,Wimbledon,2024,Grass,3,1,1,1,0,,0,0,0,0,0,0,1,1,0,0,0,0,35.5,0.06931131435219595,19.0,0,1,1,1,0,0,0,15.0,37.0,29.0,0,Wimbledon_2024,1,1,225.0,5.429989685404848,29.484787983603045
1729,Wimbledon,2024,Grass,3,1,1,1,0,,0,0,0,0,0,0,1,1,0,1,1,1,58.5,0.0595611285266458,1.0,0,1,0,1,0,0,0,1.0,27.5,2.5,0,Wimbledon_2024,1,1,1.0,-4.070010314595152,16.564983960910926
1730,Wimbledon,2024,Grass,4,0,0,0,0,,0,0,0,0,0,0,1,1,0,0,1,1,2.0,0.01057318491443759,0.0,0,1,0,0,0,0,0,21.0,38.5,612.0,0,Wimbledon_2024,0,0,441.0,6.929989685404848,48.02475703981759
1731,Wimbledon,2024,Grass,4,0,0,0,0,,0,0,0,0,0,0,1,1,0,1,1,1,15.0,0.02310606060606069,0.0,0,1,0,0,0,0,0,13.5,34.5,23.0,0,Wimbledon_2024,0,0,182.25,2.9299896854048484,8.584839556578803
1732,Wimbledon,2024,Grass,4,0,0,0,0,,0,0,0,0,0,0,1,1,0,1,1,1,31.5,0.04750475047504754,1.0,1,1,0,0,0,0,0,9.5,28.0,63.5,0,Wimbledon_2024,0,0,90.25,-3.5700103145951516,12.744973646315774
1733,Wimbledon,2024,Grass,4,1,1,1,0,,0,0,0,1,0,0,1,1,0,1,1,1,19.5,0.01710058017649063,3.0,0,1,0,0,0,0,0,20.5,38.5,286.5,0,Wimbledon_2024,0,0,420.25,6.929989685404848,48.02475703981759
1734,Wimbledon,2024,Grass,4,1,1,1,0,,0,0,0,0,0,0,1,1,0,0,0,0,39.5,0.00784762663215699,5.0,0,1,1,0,0,0,0,16.0,31.5,40.5,0,Wimbledon_2024,1,1,256.0,-0.07001031459515161,0.004901444149712099
1735,Wimbledon,2024,Grass,4,1,1,1,0,,0,0,0,0,0,0,1,1,0,0,0,0,8.0,0.04901135386713307,2.0,0,1,0,1,0,0,0,12.5,32.5,33.5,0,Wimbledon_2024,1,1,156.25,0.9299896854048484,0.8648808149594088
1736,Wimbledon,2024,Grass,4,0,0,0,0,,0,0,0,0,0,0,1,1,0,0,1,1,16.0,0.02017841971112999,8.0,0,1,0,0,0,0,0,13.5,36.0,136.5,0,Wimbledon_2024,0,0,182.25,4.429989685404848,19.62480861279335
1737,Wimbledon,2024,Grass,4,1,1,1,0,,0,0,0,0,0,0,1,1,0,1,1,1,58.5,0.0595611285266458,1.0,0,1,1,1,0,0,0,1.0,27.5,35.5,0,Wimbledon_2024,1,1,1.0,-4.070010314595152,16.564983960910926
1738,Wimbledon,2024,Grass,5,1,1,1,0,,0,0,0,0,0,0,1,1,0,0,1,1,2.0,0.01057318491443759,0.0,0,1,0,1,0,0,0,21.0,38.5,15.0,0,Wimbledon_2024,1,1,441.0,6.929989685404848,48.02475703981759
1739,Wimbledon,2024,Grass,5,1,1,1,0,,0,0,0,1,0,0,1,1,0,1,1,1,31.5,0.04750475047504754,1.0,1,1,0,0,0,0,0,9.5,28.0,19.5,0,Wimbledon_2024,0,0,90.25,-3.5700103145951516,12.744973646315774
1740,Wimbledon,2024,Grass,5,1,1,1,0,,1,0,0,1,1,1,1,1,0,0,0,0,39.5,0.00784762663215699,5.0,0,1,0,1,1,0,0,16.0,31.5,8.0,1,Wimbledon_2024,1,1,256.0,-0.07001031459515161,0.004901444149712099
1741,Wimbledon,2024,Grass,5,1,1,1,0,,0,0,0,0,0,0,1,1,0,0,1,1,16.0,0.02017841971112999,8.0,0,1,1,1,0,0,0,13.5,36.0,58.5,0,Wimbledon_2024,1,1,182.25,4.429989685404848,19.62480861279335
1742,Wimbledon,2024,Grass,6,0,0,0,0,,0,0,0,0,0,0,1,1,0,1,1,1,31.5,0.04750475047504754,1.0,1,1,0,0,0,0,0,9.5,28.0,2.0,0,Wimbledon_2024,0,0,90.25,-3.5700103145951516,12.744973646315774
1743,Wimbledon,2024,Grass,6,1,1,1,0,,0,0,0,0,0,0,1,1,0,0,0,0,39.5,0.00784762663215699,5.0,0,1,0,1,0,0,0,16.0,31.5,16.0,0,Wimbledon_2024,1,1,256.0,-0.07001031459515161,0.004901444149712099
1744,Wimbledon,2024,Grass,7,1,1,1,0,,1,0,0,1,1,1,1,1,0,0,0,0,39.5,0.00784762663215699,5.0,0,1,0,1,1,0,0,16.0,31.5,31.5,1,Wimbledon_2024,1,1,256.0,-0.07001031459515161,0.004901444149712099
1745,Australian Open,2025,Hard,2,0,0,0,0,,0,0,0,0,0,0,0,1,0,0,0,0,1.0,0.04901135386713307,0.0,0,1,0,0,0,0,0,13.5,33.5,257.0,0,Australian Open_2025,0,0,182.25,1.9299896854048484,3.7248601857691055
1746,Australian Open,2025,Hard,2,1,1,1,0,,1,0,0,1,0,0,0,1,0,0,0,0,429.5,0.02285395763656631,649.0,0,1,1,0,1,0,0,10.0,29.0,106.0,0,Australian Open_2025,1,1,100.0,-2.5700103145951516,6.60495301712547
1747,Australian Open,2025,Hard,2,1,1,1,0,,0,0,0,1,1,1,0,1,0,0,0,0,52.5,0.003737113402061898,1.0,0,1,0,0,0,0,0,1.0,32.5,484.5,1,Australian Open_2025,0,0,1.0,0.9299896854048484,0.8648808149594088
1748,Australian Open,2025,Hard,2,0,0,0,0,,0,0,0,1,0,0,0,1,0,1,1,1,32.0,0.008230452674897193,8.0,0,1,0,0,0,0,0,1.0,32.5,73.5,0,Australian Open_2025,0,0,1.0,0.9299896854048484,0.8648808149594088
1749,Australian Open,2025,Hard,2,1,1,1,0,,0,0,0,0,0,0,0,1,0,1,1,1,29.0,0.03205128205128205,22.0,0,1,1,0,0,0,0,12.0,34.5,545.0,0,Australian Open_2025,1,1,144.0,2.9299896854048484,8.584839556578803
1750,Australian Open,2025,Hard,2,0,0,0,0,,0,0,0,0,0,0,0,1,0,0,0,0,61.5,0.02150537634408611,13.0,0,1,0,0,0,0,0,7.0,31.0,51.0,0,Australian Open_2025,0,0,49.0,-0.5700103145951516,0.3249117587448637
1752,Australian Open,2025,Hard,2,0,0,0,0,,0,0,0,0,0,0,0,1,0,1,1,1,214.5,0.1263368983957219,151.0,0,1,0,0,0,0,0,13.0,30.0,20.5,0,Australian Open_2025,0,0,169.0,-1.5700103145951516,2.464932387935167
1753,Australian Open,2025,Hard,2,0,0,0,0,,0,0,0,0,0,0,0,1,0,1,1,1,6.5,0.03143728110001298,1.0,0,1,0,0,0,0,0,16.5,35.0,57.0,0,Australian Open_2025,0,0,272.25,3.4299896854048484,11.764829241983652
1754,Australian Open,2025,Hard,2,0,0,0,0,,0,0,0,0,0,0,0,1,0,0,0,0,153.0,0.1058278981695771,130.0,0,1,0,0,0,0,0,1.0,27.5,179.0,0,Australian Open_2025,0,0,1.0,-4.070010314595152,16.564983960910926
1755,Australian Open,2025,Hard,2,1,1,1,0,,0,0,0,1,0,0,0,1,0,0,0,0,40.5,0.057744686267023,21.0,0,1,0,0,0,0,0,17.5,37.5,333.5,0,Australian Open_2025,0,0,306.25,5.929989685404848,35.16477766900789
1756,Australian Open,2025,Hard,2,1,1,1,0,,0,0,0,0,0,0,0,1,0,1,1,1,276.5,0.00661785412559851,81.0,0,1,0,1,0,0,0,10.0,28.0,32.0,0,Australian Open_2025,1,1,100.0,-3.5700103145951516,12.744973646315774
1757,Australian Open,2025,Hard,2,1,1,1,0,,0,0,0,1,0,0,0,1,0,0,1,1,30.0,0.006762041898193405,6.0,0,1,0,0,0,0,0,17.5,38.0,410.5,0,Australian Open_2025,0,0,306.25,6.429989685404848,41.34476735441274
1758,Australian Open,2025,Hard,2,0,0,0,0,,0,0,0,1,0,0,0,1,0,1,1,1,168.0,0.1374269005847953,50.0,0,1,0,0,0,0,0,9.5,29.5,735.0,0,Australian Open_2025,0,0,90.25,-2.0700103145951516,4.284942702530318
1759,Australian Open,2025,Hard,2,0,0,0,0,,0,0,0,0,0,0,0,1,0,0,0,0,62.0,0.01980198019801993,6.0,0,1,0,0,0,0,0,15.0,36.5,65.5,0,Australian Open_2025,0,0,225.0,4.929989685404848,24.304798298198197
1760,Australian Open,2025,Hard,2,1,1,1,0,,0,0,0,0,0,0,0,1,0,1,1,1,164.0,0.06001984126984139,176.0,1,1,1,0,0,0,0,8.0,28.0,12.5,0,Australian Open_2025,1,1,64.0,-3.5700103145951516,12.744973646315774
1761,Australian Open,2025,Hard,2,1,1,1,0,,0,0,0,1,1,1,0,1,0,1,1,1,20.0,0.002501202501202449,0.0,0,1,0,1,0,0,0,9.0,32.0,331.5,1,Australian Open_2025,1,1,81.0,0.4299896854048484,0.1848911295545605
1762,Australian Open,2025,Hard,2,0,0,0,0,,0,0,0,0,0,0,0,1,0,0,0,1,37.0,0.05863945578231283,10.0,0,1,0,0,0,0,0,14.5,34.5,490.0,0,Australian Open_2025,0,0,210.25,2.9299896854048484,8.584839556578803
1763,Australian Open,2025,Hard,2,0,0,0,0,,0,0,0,1,1,1,0,1,0,0,0,0,45.5,0.02941144132554885,1.0,0,1,0,0,0,0,0,17.5,35.5,155.5,1,Australian Open_2025,0,0,306.25,3.9299896854048484,15.4448189273885
1764,Australian Open,2025,Hard,2,1,1,1,0,,0,0,0,0,0,0,0,1,0,1,1,1,27.0,0.001288926372070121,8.0,0,1,1,0,0,0,0,10.0,30.5,229.5,0,Australian Open_2025,1,1,100.0,-1.0700103145951516,1.1449220733400154
1765,Australian Open,2025,Hard,2,0,0,0,0,,0,0,0,0,0,0,0,1,0,0,0,0,31.0,0.07397573815518416,12.0,0,1,0,0,0,0,0,9.0,31.5,512.0,0,Australian Open_2025,0,0,81.0,-0.07001031459515161,0.004901444149712099
1767,Australian Open,2025,Hard,2,1,1,1,0,,0,0,0,0,0,0,0,1,0,0,0,0,182.5,0.05370843989769819,183.0,1,1,0,1,0,0,0,1.0,28.0,106.0,0,Australian Open_2025,1,1,1.0,-3.5700103145951516,12.744973646315774
1768,Australian Open,2025,Hard,2,0,0,0,0,,0,0,0,0,0,0,0,1,0,1,1,1,9.5,0.02310606060606069,1.0,0,1,0,0,0,0,0,14.5,35.5,559.0,0,Australian Open_2025,0,0,210.25,3.9299896854048484,15.4448189273885
1769,Australian Open,2025,Hard,2,1,1,1,0,,0,0,0,0,0,0,0,1,0,0,0,0,13.5,0.00784762663215699,1.0,0,1,1,0,0,0,0,17.0,32.5,75.0,0,Australian Open_2025,1,1,289.0,0.9299896854048484,0.8648808149594088
1770,Australian Open,2025,Hard,2,1,1,1,0,,0,0,0,1,0,0,0,1,0,1,1,1,301.5,0.149092970521542,409.0,0,1,1,0,0,0,0,10.0,27.0,236.5,0,Australian Open_2025,1,1,100.0,-4.570010314595152,20.884994275506077
1771,Australian Open,2025,Hard,2,1,1,1,0,,0,0,0,0,0,0,0,1,0,1,1,1,164.0,0.0315789473684211,52.0,0,1,0,1,0,0,0,3.0,25.0,45.5,0,Australian Open_2025,1,1,9.0,-6.570010314595152,43.16503553388668
1772,Australian Open,2025,Hard,2,0,0,0,0,,0,0,0,0,0,0,0,1,0,1,1,1,36.0,0.01677122628266325,14.0,0,1,0,0,0,0,0,17.0,38.0,24.5,0,Australian Open_2025,0,0,289.0,6.429989685404848,41.34476735441274
1773,Australian Open,2025,Hard,2,0,0,0,0,,0,0,0,1,0,0,0,1,0,0,1,1,31.5,,15.0,0,1,0,0,0,0,0,15.0,34.0,36.5,0,Australian Open_2025,0,0,225.0,2.4299896854048484,5.904849871173954
1774,Australian Open,2025,Hard,2,0,0,0,0,,0,0,0,0,0,0,0,1,0,0,0,0,40.0,0.1108658819332976,28.0,0,1,0,0,0,0,0,21.0,35.0,130.0,0,Australian Open_2025,0,0,441.0,3.4299896854048484,11.764829241983652
1775,Australian Open,2025,Hard,2,0,0,0,0,,0,0,0,0,0,0,0,1,0,0,0,0,49.5,0.05446009389671358,1.0,1,1,0,0,0,0,0,10.5,27.0,59.5,0,Australian Open_2025,0,0,110.25,-4.570010314595152,20.884994275506077
1776,Australian Open,2025,Hard,2,1,1,0,0,,1,0,0,1,1,1,0,1,0,1,1,1,80.0,0.0,0.0,0,1,0,0,1,0,0,1.0,27.5,96.5,1,Australian Open_2025,0,1,1.0,-4.070010314595152,16.564983960910926
1777,Australian Open,2025,Hard,3,0,0,0,0,,0,0,0,0,0,0,0,1,0,0,0,0,1.0,0.04901135386713307,0.0,0,1,0,0,0,0,0,13.5,33.5,429.5,0,Australian Open_2025,0,0,182.25,1.9299896854048484,3.7248601857691055
1778,Australian Open,2025,Hard,3,1,1,1,0,,0,0,0,0,0,0,0,1,0,1,1,1,32.0,0.008230452674897193,8.0,0,1,1,1,0,0,0,1.0,32.5,52.5,0,Australian Open_2025,1,1,1.0,0.9299896854048484,0.8648808149594088
1779,Australian Open,2025,Hard,3,0,0,0,0,,0,0,0,0,0,0,0,1,0,0,0,0,61.5,0.02150537634408611,13.0,0,1,0,0,0,0,0,7.0,31.0,29.0,0,Australian Open_2025,0,0,49.0,-0.5700103145951516,0.3249117587448637
1780,Australian Open,2025,Hard,3,0,0,0,0,,0,0,0,0,0,0,0,1,0,1,1,1,214.5,0.1263368983957219,151.0,0,1,0,0,0,0,0,13.0,30.0,882.5,0,Australian Open_2025,0,0,169.0,-1.5700103145951516,2.464932387935167
1781,Australian Open,2025,Hard,3,1,1,1,0,,0,0,0,0,0,0,0,1,0,1,1,1,6.5,0.03143728110001298,1.0,0,1,1,1,0,0,0,16.5,35.0,153.0,0,Australian Open_2025,1,1,272.25,3.4299896854048484,11.764829241983652
1782,Australian Open,2025,Hard,3,0,0,0,0,,0,0,0,0,0,0,0,1,0,1,1,1,276.5,0.00661785412559851,81.0,0,1,0,0,0,0,0,10.0,28.0,40.5,0,Australian Open_2025,0,0,100.0,-3.5700103145951516,12.744973646315774
1783,Australian Open,2025,Hard,3,0,0,0,0,,0,0,0,0,0,0,0,1,0,1,1,1,168.0,0.1374269005847953,50.0,0,1,0,0,0,0,0,9.5,29.5,30.0,0,Australian Open_2025,0,0,90.25,-2.0700103145951516,4.284942702530318
1784,Australian Open,2025,Hard,3,1,1,1,0,,0,0,0,1,0,0,0,1,0,1,1,1,164.0,0.06001984126984139,176.0,1,1,1,0,0,0,0,8.0,28.0,62.0,0,Australian Open_2025,1,1,64.0,-3.5700103145951516,12.744973646315774
1785,Australian Open,2025,Hard,3,1,1,1,0,,0,0,0,1,0,0,0,1,0,0,0,1,37.0,0.05863945578231283,10.0,0,1,0,0,0,0,0,14.5,34.5,20.0,0,Australian Open_2025,0,0,210.25,2.9299896854048484,8.584839556578803
1786,Australian Open,2025,Hard,3,0,0,0,0,,0,0,0,1,0,0,0,1,0,1,1,1,27.0,0.001288926372070121,8.0,0,1,0,0,0,0,0,10.0,30.5,45.5,0,Australian Open_2025,0,0,100.0,-1.0700103145951516,1.1449220733400154
1787,Australian Open,2025,Hard,3,1,1,1,0,,0,0,0,1,0,0,0,1,0,0,0,0,31.0,0.07397573815518416,12.0,0,1,1,0,0,0,0,9.0,31.5,65.0,0,Australian Open_2025,1,1,81.0,-0.07001031459515161,0.004901444149712099
1788,Australian Open,2025,Hard,3,0,0,0,0,,0,0,0,1,1,1,0,1,0,1,1,1,9.5,0.02310606060606069,1.0,0,1,0,0,0,0,0,14.5,35.5,182.5,1,Australian Open_2025,0,0,210.25,3.9299896854048484,15.4448189273885
1789,Australian Open,2025,Hard,3,1,1,1,0,,0,0,0,0,0,0,0,1,0,0,0,0,13.5,0.00784762663215699,1.0,0,1,1,0,0,0,0,17.0,32.5,301.5,0,Australian Open_2025,1,1,289.0,0.9299896854048484,0.8648808149594088
1790,Australian Open,2025,Hard,3,0,0,0,0,,0,0,0,0,0,0,0,1,0,1,1,1,36.0,0.01677122628266325,14.0,0,1,0,0,0,0,0,17.0,38.0,164.0,0,Australian Open_2025,0,0,289.0,6.429989685404848,41.34476735441274
1791,Australian Open,2025,Hard,3,1,1,1,0,,0,0,0,1,1,1,0,1,0,0,1,1,31.5,,15.0,0,1,0,0,0,0,0,15.0,34.0,40.0,1,Australian Open_2025,0,0,225.0,2.4299896854048484,5.904849871173954
1792,Australian Open,2025,Hard,3,0,0,0,0,,0,0,0,1,1,1,0,1,0,0,0,0,49.5,0.05446009389671358,1.0,1,1,0,0,0,0,0,10.5,27.0,80.0,1,Australian Open_2025,0,0,110.25,-4.570010314595152,20.884994275506077
1793,Australian Open,2025,Hard,4,1,1,1,0,,0,0,0,0,0,0,0,1,0,0,0,0,1.0,0.04901135386713307,0.0,0,1,0,1,0,0,0,13.5,33.5,32.0,0,Australian Open_2025,1,1,182.25,1.9299896854048484,3.7248601857691055
1794,Australian Open,2025,Hard,4,0,0,0,0,,0,0,0,0,0,0,0,1,0,0,0,0,61.5,0.02150537634408611,13.0,0,1,0,0,0,0,0,7.0,31.0,214.5,0,Australian Open_2025,0,0,49.0,-0.5700103145951516,0.3249117587448637
1795,Australian Open,2025,Hard,4,1,1,1,0,,0,0,0,0,0,0,0,1,0,1,1,1,6.5,0.03143728110001298,1.0,0,1,0,1,0,0,0,16.5,35.0,276.5,0,Australian Open_2025,1,1,272.25,3.4299896854048484,11.764829241983652
1796,Australian Open,2025,Hard,4,1,1,1,0,,0,0,0,1,0,0,0,1,0,1,1,1,164.0,0.06001984126984139,176.0,1,1,1,0,0,0,0,8.0,28.0,168.0,0,Australian Open_2025,1,1,64.0,-3.5700103145951516,12.744973646315774
1797,Australian Open,2025,Hard,4,1,1,0,0,,1,0,0,1,0,0,0,1,0,1,1,1,27.0,0.001288926372070121,8.0,0,1,0,0,1,0,0,10.0,30.5,37.0,0,Australian Open_2025,0,1,100.0,-1.0700103145951516,1.1449220733400154
1798,Australian Open,2025,Hard,4,1,1,1,0,,0,0,0,1,1,1,0,1,0,1,1,1,9.5,0.02310606060606069,1.0,0,1,0,0,0,0,0,14.5,35.5,31.0,1,Australian Open_2025,0,0,210.25,3.9299896854048484,15.4448189273885
1799,Australian Open,2025,Hard,4,1,1,1,0,,0,0,0,0,0,0,0,1,0,0,0,0,13.5,0.00784762663215699,1.0,0,1,0,1,0,0,0,17.0,32.5,36.0,0,Australian Open_2025,1,1,289.0,0.9299896854048484,0.8648808149594088
1800,Australian Open,2025,Hard,4,0,0,0,0,,0,0,0,1,0,0,0,1,0,0,1,1,31.5,,15.0,0,1,0,0,0,0,0,15.0,34.0,49.5,0,Australian Open_2025,0,0,225.0,2.4299896854048484,5.904849871173954
1801,Australian Open,2025,Hard,5,0,0,0,0,,0,0,0,1,0,0,0,1,0,0,0,0,61.5,0.02150537634408611,13.0,0,1,0,0,0,0,0,7.0,31.0,1.0,0,Australian Open_2025,0,0,49.0,-0.5700103145951516,0.3249117587448637
1802,Australian Open,2025,Hard,5,1,1,1,0,,0,0,0,0,0,0,0,1,0,1,1,1,6.5,0.03143728110001298,1.0,0,1,0,1,0,0,0,16.5,35.0,164.0,0,Australian Open_2025,1,1,272.25,3.4299896854048484,11.764829241983652
1803,Australian Open,2025,Hard,5,1,1,1,0,,0,0,0,0,0,0,0,1,0,1,1,1,9.5,0.02310606060606069,1.0,0,1,1,1,0,0,0,14.5,35.5,27.0,0,Australian Open_2025,1,1,210.25,3.9299896854048484,15.4448189273885
1804,Australian Open,2025,Hard,5,0,0,0,0,,0,0,0,0,0,0,0,1,0,0,0,0,13.5,0.00784762663215699,1.0,0,1,0,0,0,0,0,17.0,32.5,31.5,0,Australian Open_2025,0,0,289.0,0.9299896854048484,0.8648808149594088
1805,Australian Open,2025,Hard,6,0,0,0,0,,0,0,0,1,1,1,0,1,0,1,1,1,6.5,0.03143728110001298,1.0,0,1,0,0,0,0,0,16.5,35.0,61.5,1,Australian Open_2025,0,0,272.25,3.4299896854048484,11.764829241983652
1806,Australian Open,2025,Hard,6,1,1,0,0,,1,0,0,1,0,0,0,1,0,0,0,0,13.5,0.00784762663215699,1.0,0,1,0,0,1,0,0,17.0,32.5,9.5,0,Australian Open_2025,0,1,289.0,0.9299896854048484,0.8648808149594088
1807,Australian Open,2025,Hard,7,1,1,1,0,,0,0,0,1,1,1,0,1,0,0,0,0,13.5,0.00784762663215699,1.0,0,1,0,1,0,0,0,17.0,32.5,6.5,1,Australian Open_2025,1,1,289.0,0.9299896854048484,0.8648808149594088
1808,Roland Garros,2025,Clay,2,0,0,0,0,,0,0,0,0,0,0,0,1,0,0,0,0,1.0,0.04901135386713307,0.0,0,1,0,0,0,0,0,13.5,33.5,92.5,0,Roland Garros_2025,0,0,182.25,1.9299896854048484,3.7248601857691055
1809,Roland Garros,2025,Clay,2,0,0,0,0,,0,0,0,0,0,0,0,1,0,0,0,0,596.5,,521.0,0,1,0,0,0,0,0,8.0,25.0,1002.5,0,Roland Garros_2025,0,0,64.0,-6.570010314595152,43.16503553388668
1810,Roland Garros,2025,Clay,2,1,1,1,0,,0,0,0,0,0,0,0,1,0,1,1,1,403.5,0.04421052631578948,169.0,0,1,1,0,0,0,0,11.0,31.0,76.5,0,Roland Garros_2025,1,1,121.0,-0.5700103145951516,0.3249117587448637
1811,Roland Garros,2025,Clay,2,1,1,1,0,,0,0,0,1,1,1,0,1,0,0,1,1,35.5,,7.0,0,1,0,1,0,0,0,15.0,34.0,50.5,1,Roland Garros_2025,1,1,225.0,2.4299896854048484,5.904849871173954
1812,Roland Garros,2025,Clay,2,1,1,1,0,,0,0,0,0,0,0,0,1,0,0,0,0,86.5,0.0803571428571428,3.0,0,1,1,0,0,0,0,1.0,30.0,22.0,0,Roland Garros_2025,1,1,1.0,-1.5700103145951516,2.464932387935167
1813,Roland Garros,2025,Clay,2,1,1,0,0,,1,0,0,1,1,1,0,1,0,0,0,0,39.5,0.003737113402061898,5.0,0,1,0,0,1,0,0,1.0,32.5,150.5,1,Roland Garros_2025,0,1,1.0,0.9299896854048484,0.8648808149594088
1814,Roland Garros,2025,Clay,2,0,0,0,0,,0,0,0,1,0,0,0,1,0,1,1,1,412.5,0.1902439024390244,659.0,0,1,0,0,0,0,0,2.0,23.0,710.0,0,Roland Garros_2025,0,0,4.0,-8.570010314595152,73.44507679226729
1815,Roland Garros,2025,Clay,2,0,0,0,0,,0,0,0,1,1,1,0,1,0,1,1,1,15.0,0.001288926372070121,2.0,0,1,0,0,0,0,0,10.0,30.5,198.5,1,Roland Garros_2025,0,0,100.0,-1.0700103145951516,1.1449220733400154
1816,Roland Garros,2025,Clay,2,0,0,0,0,,0,0,0,0,0,0,0,1,0,1,1,1,5.5,0.02310606060606069,1.0,0,1,0,0,0,0,0,14.5,35.5,81.0,0,Roland Garros_2025,0,0,210.25,3.9299896854048484,15.4448189273885
1817,Roland Garros,2025,Clay,2,0,0,0,0,,0,0,0,1,1,1,0,1,0,0,0,0,61.0,0.0272192653919443,6.0,0,1,0,0,0,0,0,21.0,33.5,452.0,1,Roland Garros_2025,0,0,441.0,1.9299896854048484,3.7248601857691055
1818,Roland Garros,2025,Clay,2,0,0,0,0,,0,0,0,1,0,0,0,1,0,0,0,0,59.0,0.0632624113475177,6.0,0,1,0,0,0,0,0,16.0,36.0,132.5,0,Roland Garros_2025,0,0,256.0,4.429989685404848,19.62480861279335
1819,Roland Garros,2025,Clay,2,0,0,0,0,,0,0,0,0,0,0,0,1,0,1,1,1,532.5,,95.0,0,1,0,0,0,0,0,5.0,23.0,29.5,0,Roland Garros_2025,0,0,25.0,-8.570010314595152,73.44507679226729
1820,Roland Garros,2025,Clay,2,0,0,0,0,,0,0,0,1,1,1,0,1,0,0,0,1,63.0,0.0368052904703442,20.0,0,1,0,0,0,0,0,18.5,38.5,23.5,1,Roland Garros_2025,0,0,342.25,6.929989685404848,48.02475703981759
1821,Roland Garros,2025,Clay,2,1,1,1,0,,0,0,0,0,0,0,0,1,0,1,1,1,224.5,0.142084385142445,327.0,0,1,1,1,0,0,0,14.0,31.5,437.5,0,Roland Garros_2025,1,1,196.0,-0.07001031459515161,0.004901444149712099
1822,Roland Garros,2025,Clay,2,1,1,0,0,,1,0,0,1,1,1,0,1,0,0,0,0,47.0,0.04745564111148304,6.0,0,1,0,0,1,0,0,10.0,27.5,108.5,1,Roland Garros_2025,0,1,100.0,-4.070010314595152,16.564983960910926
1823,Roland Garros,2025,Clay,2,1,1,1,0,,0,0,0,0,0,0,0,1,0,0,1,1,10.5,0.01057318491443759,1.0,0,1,1,0,0,0,0,22.0,39.5,50.0,0,Roland Garros_2025,1,1,484.0,7.929989685404848,62.88473641062728
1824,Roland Garros,2025,Clay,2,0,0,0,0,,0,0,0,0,0,0,0,1,0,1,1,1,17.5,0.03205128205128205,5.0,0,1,0,0,0,0,0,12.0,34.5,160.0,0,Roland Garros_2025,0,0,144.0,2.9299896854048484,8.584839556578803
1825,Roland Garros,2025,Clay,2,0,0,0,0,,0,0,0,0,0,0,0,1,0,0,0,0,50.5,0.01936842105263159,7.0,0,1,0,0,0,0,0,15.0,29.5,591.5,0,Roland Garros_2025,0,0,225.0,-2.0700103145951516,4.284942702530318
1826,Roland Garros,2025,Clay,2,0,0,0,0,,0,0,0,1,1,1,0,1,0,0,0,0,700.0,0.08907841743662626,1198.0,1,1,0,0,0,0,0,6.5,29.0,441.0,1,Roland Garros_2025,0,0,42.25,-2.5700103145951516,6.60495301712547
1827,Roland Garros,2025,Clay,2,1,1,1,0,,0,0,0,0,0,0,0,1,0,0,0,0,29.0,0.02150537634408611,4.0,0,1,0,1,0,0,0,7.0,31.0,396.0,0,Roland Garros_2025,1,1,49.0,-0.5700103145951516,0.3249117587448637
1828,Roland Garros,2025,Clay,2,1,1,0,0,,1,0,0,1,1,1,0,1,0,1,1,1,32.0,0.04087726725064311,8.0,0,1,0,0,1,0,0,16.5,37.5,917.0,1,Roland Garros_2025,0,1,272.25,5.929989685404848,35.16477766900789
1829,Roland Garros,2025,Clay,2,0,0,0,0,,0,0,0,1,0,0,0,1,0,1,1,1,59.0,0.0,0.0,0,1,0,0,0,0,0,1.0,27.5,119.5,0,Roland Garros_2025,0,0,1.0,-4.070010314595152,16.564983960910926
1830,Roland Garros,2025,Clay,2,0,0,0,0,,0,0,0,0,0,0,0,1,0,0,0,0,66.5,0.01980198019801993,3.0,0,1,0,0,0,0,0,15.0,36.5,971.5,0,Roland Garros_2025,0,0,225.0,4.929989685404848,24.304798298198197
1831,Roland Garros,2025,Clay,2,1,1,1,0,,0,0,0,0,0,0,0,1,0,1,1,1,7.5,0.03143728110001298,1.0,0,1,1,0,0,0,0,16.5,35.0,306.5,0,Roland Garros_2025,1,1,272.25,3.4299896854048484,11.764829241983652
1832,Roland Garros,2025,Clay,2,0,0,0,0,,0,0,0,1,0,0,0,1,0,0,0,0,15.0,0.03874544590527484,4.0,0,1,0,0,0,0,0,16.5,37.5,67.5,0,Roland Garros_2025,0,0,272.25,5.929989685404848,35.16477766900789
1833,Roland Garros,2025,Clay,2,1,1,1,0,,0,0,0,1,0,0,0,1,0,0,1,1,39.5,0.02232828615317095,3.0,0,1,0,0,0,0,0,13.5,33.0,65.5,0,Roland Garros_2025,0,0,182.25,1.4299896854048484,2.044870500364257
1834,Roland Garros,2025,Clay,2,0,0,0,0,,0,0,0,0,0,0,0,1,0,0,1,1,44.0,0.1307590584501454,8.0,0,1,0,0,0,0,0,9.0,31.5,39.5,0,Roland Garros_2025,0,0,81.0,-0.07001031459515161,0.004901444149712099
1835,Roland Garros,2025,Clay,2,0,0,0,0,,0,0,0,0,0,0,0,1,0,1,1,1,19.5,0.1355042016806723,3.0,0,1,0,0,0,0,0,15.0,32.0,39.0,0,Roland Garros_2025,0,0,225.0,0.4299896854048484,0.1848911295545605
1836,Roland Garros,2025,Clay,2,0,0,0,0,,0,0,0,0,0,0,0,1,0,1,1,1,24.0,0.008230452674897193,4.0,0,1,0,0,0,0,0,1.0,32.5,596.5,0,Roland Garros_2025,0,0,1.0,0.9299896854048484,0.8648808149594088
1837,Roland Garros,2025,Clay,2,1,1,1,0,,0,0,0,1,0,0,0,1,0,0,0,0,42.5,0.0617934407888745,19.0,0,1,1,0,0,0,0,17.5,38.0,69.0,0,Roland Garros_2025,1,1,306.25,6.429989685404848,41.34476735441274
1838,Roland Garros,2025,Clay,2,0,0,0,0,,0,0,0,0,0,0,0,1,0,0,1,1,977.5,0.2,619.0,0,1,0,0,0,0,0,2.0,24.0,70.5,0,Roland Garros_2025,0,0,4.0,-7.570010314595152,57.30505616307698
1839,Roland Garros,2025,Clay,2,0,0,0,0,,0,0,0,0,0,0,0,1,0,0,0,0,3.5,0.00784762663215699,1.0,0,1,0,0,0,0,0,17.0,32.5,69.5,0,Roland Garros_2025,0,0,289.0,0.9299896854048484,0.8648808149594088
1840,Roland Garros,2025,Clay,3,0,0,0,0,,0,0,0,0,0,0,0,1,0,0,0,0,1.0,0.04901135386713307,0.0,0,1,0,0,0,0,0,13.5,33.5,596.5,0,Roland Garros_2025,0,0,182.25,1.9299896854048484,3.7248601857691055
1841,Roland Garros,2025,Clay,3,0,0,0,0,,0,0,0,0,0,0,0,1,0,0,1,1,35.5,,7.0,0,1,0,0,0,0,0,15.0,34.0,403.5,0,Roland Garros_2025,0,0,225.0,2.4299896854048484,5.904849871173954
1842,Roland Garros,2025,Clay,3,0,0,0,0,,0,0,0,0,0,0,0,1,0,0,0,0,39.5,0.003737113402061898,5.0,0,1,0,0,0,0,0,1.0,32.5,86.5,0,Roland Garros_2025,0,0,1.0,0.9299896854048484,0.8648808149594088
1843,Roland Garros,2025,Clay,3,1,1,1,0,,0,0,0,0,0,0,0,1,0,1,1,1,15.0,0.001288926372070121,2.0,0,1,0,1,0,0,0,10.0,30.5,412.5,0,Roland Garros_2025,1,1,100.0,-1.0700103145951516,1.1449220733400154
1844,Roland Garros,2025,Clay,3,1,1,1,0,,0,0,0,1,1,1,0,1,0,0,0,0,61.0,0.0272192653919443,6.0,0,1,0,1,0,0,0,21.0,33.5,5.5,1,Roland Garros_2025,1,1,441.0,1.9299896854048484,3.7248601857691055
1845,Roland Garros,2025,Clay,3,1,1,1,0,,0,0,0,1,0,0,0,1,0,0,0,0,59.0,0.0632624113475177,6.0,0,1,0,0,0,0,0,16.0,36.0,532.5,0,Roland Garros_2025,0,0,256.0,4.429989685404848,19.62480861279335
1846,Roland Garros,2025,Clay,3,1,1,1,0,,0,0,0,0,0,0,0,1,0,0,0,1,63.0,0.0368052904703442,20.0,0,1,1,0,0,0,0,18.5,38.5,224.5,0,Roland Garros_2025,1,1,342.25,6.929989685404848,48.02475703981759
1847,Roland Garros,2025,Clay,3,0,0,0,0,,0,0,0,0,0,0,0,1,0,0,1,1,10.5,0.01057318491443759,1.0,0,1,0,0,0,0,0,22.0,39.5,47.0,0,Roland Garros_2025,0,0,484.0,7.929989685404848,62.88473641062728
1848,Roland Garros,2025,Clay,3,0,0,0,0,,0,0,0,0,0,0,0,1,0,1,1,1,17.5,0.03205128205128205,5.0,0,1,0,0,0,0,0,12.0,34.5,50.5,0,Roland Garros_2025,0,0,144.0,2.9299896854048484,8.584839556578803
1849,Roland Garros,2025,Clay,3,0,0,0,0,,0,0,0,0,0,0,0,1,0,0,0,0,700.0,0.08907841743662626,1198.0,1,1,0,0,0,0,0,6.5,29.0,29.0,0,Roland Garros_2025,0,0,42.25,-2.5700103145951516,6.60495301712547
1850,Roland Garros,2025,Clay,3,1,1,1,0,,0,0,0,0,0,0,0,1,0,1,1,1,32.0,0.04087726725064311,8.0,0,1,1,0,0,0,0,16.5,37.5,59.0,0,Roland Garros_2025,1,1,272.25,5.929989685404848,35.16477766900789
1851,Roland Garros,2025,Clay,3,0,0,0,0,,0,0,0,0,0,0,0,1,0,1,1,1,7.5,0.03143728110001298,1.0,0,1,0,0,0,0,0,16.5,35.0,66.5,0,Roland Garros_2025,0,0,272.25,3.4299896854048484,11.764829241983652
1852,Roland Garros,2025,Clay,3,1,1,1,0,,0,0,0,1,1,1,0,1,0,0,1,1,39.5,0.02232828615317095,3.0,0,1,0,1,0,0,0,13.5,33.0,15.0,1,Roland Garros_2025,1,1,182.25,1.4299896854048484,2.044870500364257
1853,Roland Garros,2025,Clay,3,0,0,0,0,,0,0,0,0,0,0,0,1,0,1,1,1,19.5,0.1355042016806723,3.0,0,1,0,0,0,0,0,15.0,32.0,44.0,0,Roland Garros_2025,0,0,225.0,0.4299896854048484,0.1848911295545605
1854,Roland Garros,2025,Clay,3,1,1,1,0,,0,0,0,1,1,1,0,1,0,0,0,0,42.5,0.0617934407888745,19.0,0,1,0,1,0,0,0,17.5,38.0,24.0,1,Roland Garros_2025,1,1,306.25,6.429989685404848,41.34476735441274
1855,Roland Garros,2025,Clay,3,0,0,0,0,,0,0,0,0,0,0,0,1,0,0,0,0,3.5,0.00784762663215699,1.0,0,1,0,0,0,0,0,17.0,32.5,977.5,0,Roland Garros_2025,0,0,289.0,0.9299896854048484,0.8648808149594088
1856,Roland Garros,2025,Clay,4,0,0,0,0,,0,0,0,1,1,1,0,1,0,0,1,1,35.5,,7.0,0,1,0,0,0,0,0,15.0,34.0,1.0,1,Roland Garros_2025,0,0,225.0,2.4299896854048484,5.904849871173954
1857,Roland Garros,2025,Clay,4,1,1,0,0,,1,0,0,1,0,0,0,1,0,0,0,0,39.5,0.003737113402061898,5.0,0,1,0,0,1,0,0,1.0,32.5,15.0,0,Roland Garros_2025,0,1,1.0,0.9299896854048484,0.8648808149594088
1858,Roland Garros,2025,Clay,4,1,1,1,0,,0,0,0,1,1,1,0,1,0,0,0,0,61.0,0.0272192653919443,6.0,0,1,0,1,0,0,0,21.0,33.5,59.0,1,Roland Garros_2025,1,1,441.0,1.9299896854048484,3.7248601857691055
1859,Roland Garros,2025,Clay,4,0,0,0,0,,0,0,0,0,0,0,0,1,0,0,1,1,10.5,0.01057318491443759,1.0,0,1,0,0,0,0,0,22.0,39.5,63.0,0,Roland Garros_2025,0,0,484.0,7.929989685404848,62.88473641062728
1860,Roland Garros,2025,Clay,4,1,1,1,0,,0,0,0,0,0,0,0,1,0,1,1,1,17.5,0.03205128205128205,5.0,0,1,1,0,0,0,0,12.0,34.5,700.0,0,Roland Garros_2025,1,1,144.0,2.9299896854048484,8.584839556578803
1861,Roland Garros,2025,Clay,4,1,1,1,0,,0,0,0,0,0,0,0,1,0,1,1,1,32.0,0.04087726725064311,8.0,0,1,0,1,0,0,0,16.5,37.5,7.5,0,Roland Garros_2025,1,1,272.25,5.929989685404848,35.16477766900789
1862,Roland Garros,2025,Clay,4,0,0,0,0,,0,0,0,0,0,0,0,1,0,1,1,1,19.5,0.1355042016806723,3.0,0,1,0,0,0,0,0,15.0,32.0,39.5,0,Roland Garros_2025,0,0,225.0,0.4299896854048484,0.1848911295545605
1863,Roland Garros,2025,Clay,4,1,1,1,0,,0,0,0,0,0,0,0,1,0,0,0,0,3.5,0.00784762663215699,1.0,0,1,0,1,0,0,0,17.0,32.5,42.5,0,Roland Garros_2025,1,1,289.0,0.9299896854048484,0.8648808149594088
1864,Roland Garros,2025,Clay,5,0,0,0,0,,0,0,0,1,0,0,0,1,0,0,1,1,35.5,,7.0,0,1,0,0,0,0,0,15.0,34.0,39.5,0,Roland Garros_2025,0,0,225.0,2.4299896854048484,5.904849871173954
1865,Roland Garros,2025,Clay,5,1,1,1,0,,0,0,0,0,0,0,0,1,0,0,1,1,10.5,0.01057318491443759,1.0,0,1,0,1,0,0,0,22.0,39.5,61.0,0,Roland Garros_2025,1,1,484.0,7.929989685404848,62.88473641062728
1866,Roland Garros,2025,Clay,5,1,1,1,0,,0,0,0,1,1,1,0,1,0,1,1,1,17.5,0.03205128205128205,5.0,0,1,0,0,0,0,0,12.0,34.5,32.0,1,Roland Garros_2025,0,0,144.0,2.9299896854048484,8.584839556578803
1867,Roland Garros,2025,Clay,5,0,0,0,0,,0,0,0,0,0,0,0,1,0,1,1,1,19.5,0.1355042016806723,3.0,0,1,0,0,0,0,0,15.0,32.0,3.5,0,Roland Garros_2025,0,0,225.0,0.4299896854048484,0.1848911295545605
1868,Roland Garros,2025,Clay,6,1,1,1,0,,0,0,0,1,1,1,0,1,0,0,1,1,10.5,0.01057318491443759,1.0,0,1,0,0,0,0,0,22.0,39.5,35.5,1,Roland Garros_2025,0,0,484.0,7.929989685404848,62.88473641062728
1869,Roland Garros,2025,Clay,6,1,1,1,0,,1,0,0,1,1,1,0,1,0,1,1,1,17.5,0.03205128205128205,5.0,0,1,0,0,1,0,0,12.0,34.5,19.5,1,Roland Garros_2025,0,1,144.0,2.9299896854048484,8.584839556578803
1870,Roland Garros,2025,Clay,7,1,1,1,0,,0,0,0,1,0,0,0,1,0,0,1,1,10.5,0.01057318491443759,1.0,0,1,0,0,0,0,0,22.0,39.5,17.5,0,Roland Garros_2025,0,0,484.0,7.929989685404848,62.88473641062728
1871,US Open,2025,Hard,2,1,1,1,0,,0,0,0,0,0,0,0,1,0,0,0,0,38.0,0.02352882900733111,8.0,0,1,1,1,0,0,0,10.0,30.5,1.5,0,US Open_2025,1,1,100.0,-1.0700103145951516,1.1449220733400154
1872,US Open,2025,Hard,2,1,1,1,0,,0,0,0,0,0,0,0,1,0,1,1,1,62.0,0.0,0.0,0,1,1,0,0,0,0,1.0,27.5,129.0,0,US Open_2025,1,1,1.0,-4.070010314595152,16.564983960910926
1873,US Open,2025,Hard,2,0,0,0,0,,0,0,0,0,0,0,0,1,0,1,1,1,50.0,0.008045881472861782,4.0,0,1,0,0,0,0,0,27.0,35.5,54.0,0,US Open_2025,0,0,729.0,3.9299896854048484,15.4448189273885
1874,US Open,2025,Hard,2,0,0,0,0,,0,0,0,0,0,0,0,1,0,1,1,1,29.5,0.008230452674897193,1.0,0,1,0,0,0,0,0,1.0,32.5,38.0,0,US Open_2025,0,0,1.0,0.9299896854048484,0.8648808149594088
1875,US Open,2025,Hard,2,0,0,0,0,,0,0,0,0,0,0,0,1,0,1,1,1,21.0,0.01710058017649063,2.0,0,1,0,0,0,0,0,21.5,39.5,45.0,0,US Open_2025,0,0,462.25,7.929989685404848,62.88473641062728
1876,US Open,2025,Hard,2,1,1,1,0,,1,0,0,1,1,1,0,1,0,0,0,0,86.0,0.2911902530459232,2.0,0,1,0,0,1,0,0,22.0,34.5,120.5,1,US Open_2025,0,1,484.0,2.9299896854048484,8.584839556578803
1877,US Open,2025,Hard,2,0,0,0,0,,0,0,0,0,0,0,0,1,0,1,1,1,58.5,0.006071645415907767,3.0,0,1,0,0,0,0,0,1.0,23.5,46.0,0,US Open_2025,0,0,1.0,-8.070010314595152,65.12506647767214
1878,US Open,2025,Hard,2,1,1,1,0,,0,0,0,1,0,0,0,1,0,1,1,1,12.5,0.03143728110001298,1.0,0,1,1,0,0,0,0,16.5,35.0,97.0,0,US Open_2025,1,1,272.25,3.4299896854048484,11.764829241983652
1879,US Open,2025,Hard,2,1,1,1,0,,0,0,0,1,1,1,0,1,0,0,0,0,76.0,0.003760262725780006,14.0,0,1,0,1,0,0,0,20.0,32.5,5.0,1,US Open_2025,1,1,400.0,0.9299896854048484,0.8648808149594088
1880,US Open,2025,Hard,2,0,0,0,0,,0,0,0,1,1,1,0,1,0,0,0,0,64.5,0.03387458006718924,1.0,0,1,0,0,0,0,0,15.0,30.5,963.5,1,US Open_2025,0,0,225.0,-1.0700103145951516,1.1449220733400154
1881,US Open,2025,Hard,2,1,1,1,0,,0,0,0,1,0,0,0,1,0,1,1,1,539.5,0.01190476190476189,235.0,1,1,0,0,0,0,0,8.5,26.0,624.5,0,US Open_2025,0,0,72.25,-5.570010314595152,31.02501490469638
1882,US Open,2025,Hard,2,0,0,0,0,,0,0,0,0,0,0,0,1,0,0,0,0,27.5,0.003737113402061898,7.0,0,1,0,0,0,0,0,1.0,32.5,312.0,0,US Open_2025,0,0,1.0,0.9299896854048484,0.8648808149594088
1883,US Open,2025,Hard,2,1,1,1,0,,0,0,0,0,0,0,0,1,0,0,0,0,27.0,0.00660211267605626,2.0,0,1,1,0,0,0,0,10.5,28.5,70.5,0,US Open_2025,1,1,110.25,-3.0700103145951516,9.424963331720623
1884,US Open,2025,Hard,2,1,1,1,0,,0,0,0,0,0,0,0,1,0,0,0,0,41.0,0.0619205457078349,10.0,0,1,1,1,0,0,0,9.5,30.0,55.5,0,US Open_2025,1,1,90.25,-1.5700103145951516,2.464932387935167
1885,US Open,2025,Hard,2,1,1,1,0,,0,0,0,1,1,1,0,1,0,1,1,1,425.5,0.1953125,235.0,0,1,0,1,0,0,0,5.5,25.5,99.5,1,US Open_2025,1,1,30.25,-6.070010314595152,36.84502521929153
1886,US Open,2025,Hard,2,1,1,1,0,,0,0,0,0,0,0,0,1,0,0,1,1,12.5,0.01057318491443759,3.0,0,1,0,1,0,0,0,22.0,39.5,766.0,0,US Open_2025,1,1,484.0,7.929989685404848,62.88473641062728
1888,US Open,2025,Hard,2,0,0,0,0,,0,0,0,0,0,0,0,1,0,0,0,0,49.0,0.0632624113475177,4.0,0,1,0,0,0,0,0,16.0,36.0,337.0,0,US Open_2025,0,0,256.0,4.429989685404848,19.62480861279335
1889,US Open,2025,Hard,2,1,1,1,0,,1,0,0,1,1,1,0,1,0,0,0,0,80.5,0.008181818181818179,1.0,0,1,0,1,1,0,0,1.0,27.5,259.5,1,US Open_2025,1,1,1.0,-4.070010314595152,16.564983960910926
1890,US Open,2025,Hard,2,1,1,1,0,,0,0,0,0,0,0,0,1,0,0,0,0,22.0,0.04935286839366027,26.0,0,1,0,1,0,0,0,19.0,39.0,42.5,0,US Open_2025,1,1,361.0,7.429989685404848,55.204746725222435
1891,US Open,2025,Hard,2,0,0,0,0,,0,0,0,0,0,0,0,1,0,0,1,1,28.5,0.05582353532308315,7.0,0,1,0,0,0,0,0,16.5,35.5,463.5,0,US Open_2025,0,0,272.25,3.9299896854048484,15.4448189273885
1892,US Open,2025,Hard,2,1,1,1,0,,0,0,0,0,0,0,0,1,0,0,1,1,95.5,0.1115691335670532,5.0,0,1,0,1,0,0,0,13.5,37.0,751.5,0,US Open_2025,1,1,182.25,5.429989685404848,29.484787983603045
1893,US Open,2025,Hard,2,1,1,1,0,,0,0,0,0,0,0,0,1,0,1,1,1,702.5,0.1666666666666667,771.0,0,1,1,0,0,0,0,1.0,22.0,58.0,0,US Open_2025,1,1,1.0,-9.570010314595152,91.58509742145759
1894,US Open,2025,Hard,2,1,1,1,0,,0,0,0,0,0,0,0,1,0,1,1,1,7.5,0.02310606060606069,1.0,0,1,1,0,0,0,0,14.5,35.5,656.0,0,US Open_2025,1,1,210.25,3.9299896854048484,15.4448189273885
1895,US Open,2025,Hard,2,0,0,0,0,,0,0,0,0,0,0,0,1,0,1,1,1,12.5,0.03205128205128205,5.0,0,1,0,0,0,0,0,12.0,34.5,104.5,0,US Open_2025,0,0,144.0,2.9299896854048484,8.584839556578803
1897,US Open,2025,Hard,2,1,1,1,0,,0,0,0,1,1,1,0,1,0,0,0,0,75.0,0.05941878567721837,2.0,0,1,0,1,0,0,0,1.0,26.5,72.5,1,US Open_2025,1,1,1.0,-5.070010314595152,25.70500459010123
1898,US Open,2025,Hard,2,1,1,1,0,,0,0,0,0,0,0,0,1,0,0,1,1,20.0,,2.0,0,1,1,1,0,0,0,15.0,34.0,47.5,0,US Open_2025,1,1,225.0,2.4299896854048484,5.904849871173954
1899,US Open,2025,Hard,2,1,1,1,0,,0,0,0,0,0,0,0,1,0,0,0,0,87.0,0.09090909090909088,6.0,0,1,1,0,0,0,0,18.0,32.5,33.0,0,US Open_2025,1,1,324.0,0.9299896854048484,0.8648808149594088
1900,US Open,2025,Hard,2,1,1,1,0,,1,0,0,1,0,0,0,1,0,0,1,1,44.0,0.07299519449052161,34.0,0,1,1,0,1,0,0,11.5,34.5,707.5,0,US Open_2025,1,1,132.25,2.9299896854048484,8.584839556578803
1901,US Open,2025,Hard,2,1,1,1,0,,0,0,0,1,0,0,0,1,0,1,1,1,132.5,0.04137323943661975,35.0,1,1,1,0,0,0,0,8.0,26.5,71.0,0,US Open_2025,1,1,64.0,-5.070010314595152,25.70500459010123
1902,US Open,2025,Hard,2,1,1,1,0,,0,0,0,1,1,1,0,1,0,0,0,0,3.0,0.04901135386713307,0.0,0,1,0,1,0,0,0,13.5,33.5,98.5,1,US Open_2025,1,1,182.25,1.9299896854048484,3.7248601857691055
1903,US Open,2025,Hard,3,1,1,1,0,,1,0,0,1,0,0,0,1,0,1,1,1,62.0,0.0,0.0,0,1,1,0,1,0,0,1.0,27.5,38.0,0,US Open_2025,1,1,1.0,-4.070010314595152,16.564983960910926
1904,US Open,2025,Hard,3,0,0,0,0,,0,0,0,0,0,0,0,1,0,1,1,1,29.5,0.008230452674897193,1.0,0,1,0,0,0,0,0,1.0,32.5,50.0,0,US Open_2025,0,0,1.0,0.9299896854048484,0.8648808149594088
1905,US Open,2025,Hard,3,0,0,0,0,,0,0,0,0,0,0,0,1,0,1,1,1,21.0,0.01710058017649063,2.0,0,1,0,0,0,0,0,21.5,39.5,86.0,0,US Open_2025,0,0,462.25,7.929989685404848,62.88473641062728
1906,US Open,2025,Hard,3,1,1,1,0,,1,0,0,1,1,1,0,1,0,1,1,1,58.5,0.006071645415907767,3.0,0,1,0,1,1,0,0,1.0,23.5,12.5,1,US Open_2025,1,1,1.0,-8.070010314595152,65.12506647767214
1907,US Open,2025,Hard,3,1,1,1,0,,0,0,0,1,1,1,0,1,0,0,0,0,76.0,0.003760262725780006,14.0,0,1,0,1,0,0,0,20.0,32.5,64.5,1,US Open_2025,1,1,400.0,0.9299896854048484,0.8648808149594088
1908,US Open,2025,Hard,3,1,1,1,0,,0,0,0,0,0,0,0,1,0,1,1,1,539.5,0.01190476190476189,235.0,1,1,0,1,0,0,0,8.5,26.0,27.5,0,US Open_2025,1,1,72.25,-5.570010314595152,31.02501490469638
1909,US Open,2025,Hard,3,0,0,0,0,,0,0,0,0,0,0,0,1,0,0,0,0,41.0,0.0619205457078349,10.0,0,1,0,0,0,0,0,9.5,30.0,27.0,0,US Open_2025,0,0,90.25,-1.5700103145951516,2.464932387935167
1910,US Open,2025,Hard,3,0,0,0,0,,0,0,0,0,0,0,0,1,0,0,1,1,12.5,0.01057318491443759,3.0,0,1,0,0,0,0,0,22.0,39.5,425.5,0,US Open_2025,0,0,484.0,7.929989685404848,62.88473641062728
1912,US Open,2025,Hard,3,1,1,1,0,,0,0,0,1,1,1,0,1,0,0,0,0,22.0,0.04935286839366027,26.0,0,1,0,1,0,0,0,19.0,39.0,80.5,1,US Open_2025,1,1,361.0,7.429989685404848,55.204746725222435
1913,US Open,2025,Hard,3,0,0,0,0,,0,0,0,0,0,0,0,1,0,0,1,1,28.5,0.05582353532308315,7.0,0,1,0,0,0,0,0,16.5,35.5,95.5,0,US Open_2025,0,0,272.25,3.9299896854048484,15.4448189273885
1914,US Open,2025,Hard,3,1,1,1,0,,0,0,0,0,0,0,0,1,0,1,1,1,7.5,0.02310606060606069,1.0,0,1,1,1,0,0,0,14.5,35.5,702.5,0,US Open_2025,1,1,210.25,3.9299896854048484,15.4448189273885
1916,US Open,2025,Hard,3,0,0,0,0,,0,0,0,0,0,0,0,1,0,0,1,1,20.0,,2.0,0,1,0,0,0,0,0,15.0,34.0,75.0,0,US Open_2025,0,0,225.0,2.4299896854048484,5.904849871173954
1917,US Open,2025,Hard,3,1,1,0,0,,1,0,0,1,1,1,0,1,0,0,0,0,87.0,0.09090909090909088,6.0,0,1,0,0,1,0,0,18.0,32.5,44.0,1,US Open_2025,0,1,324.0,0.9299896854048484,0.8648808149594088
1918,US Open,2025,Hard,3,1,1,1,0,,0,0,0,1,1,1,0,1,0,1,1,1,132.5,0.04137323943661975,35.0,1,1,0,1,0,0,0,8.0,26.5,3.0,1,US Open_2025,1,1,64.0,-5.070010314595152,25.70500459010123
1919,US Open,2025,Hard,4,1,1,1,0,,0,0,0,1,0,0,0,1,0,1,1,1,29.5,0.008230452674897193,1.0,0,1,1,0,0,0,0,1.0,32.5,62.0,0,US Open_2025,1,1,1.0,0.9299896854048484,0.8648808149594088
1920,US Open,2025,Hard,4,0,0,0,0,,0,0,0,0,0,0,0,1,0,1,1,1,58.5,0.006071645415907767,3.0,0,1,0,0,0,0,0,1.0,23.5,21.0,0,US Open_2025,0,0,1.0,-8.070010314595152,65.12506647767214
1921,US Open,2025,Hard,4,0,0,0,0,,0,0,0,0,0,0,0,1,0,0,0,0,76.0,0.003760262725780006,14.0,0,1,0,0,0,0,0,20.0,32.5,539.5,0,US Open_2025,0,0,400.0,0.9299896854048484,0.8648808149594088
1922,US Open,2025,Hard,4,1,1,1,0,,1,0,0,1,1,1,0,1,0,0,1,1,12.5,0.01057318491443759,3.0,0,1,0,0,1,0,0,22.0,39.5,41.0,1,US Open_2025,0,1,484.0,7.929989685404848,62.88473641062728
1923,US Open,2025,Hard,4,1,1,1,0,,0,0,0,1,1,1,0,1,0,0,0,0,22.0,0.04935286839366027,26.0,0,1,0,0,0,0,0,19.0,39.0,49.0,1,US Open_2025,0,0,361.0,7.429989685404848,55.204746725222435
1924,US Open,2025,Hard,4,0,0,0,0,,0,0,0,0,0,0,0,1,0,0,1,1,28.5,0.05582353532308315,7.0,0,1,0,0,0,0,0,16.5,35.5,7.5,0,US Open_2025,0,0,272.25,3.9299896854048484,15.4448189273885
1925,US Open,2025,Hard,4,1,1,1,0,,0,0,0,1,1,1,0,1,0,1,1,1,12.5,0.03205128205128205,5.0,0,1,0,1,0,0,0,12.0,34.5,20.0,1,US Open_2025,1,1,144.0,2.9299896854048484,8.584839556578803
1926,US Open,2025,Hard,4,0,0,0,0,,0,0,0,1,1,1,0,1,0,1,1,1,132.5,0.04137323943661975,35.0,1,1,0,0,0,0,0,8.0,26.5,87.0,1,US Open_2025,0,0,64.0,-5.070010314595152,25.70500459010123
1927,US Open,2025,Hard,5,1,1,1,0,,0,0,0,0,0,0,0,1,0,1,1,1,58.5,0.006071645415907767,3.0,0,1,0,1,0,0,0,1.0,23.5,29.5,0,US Open_2025,1,1,1.0,-8.070010314595152,65.12506647767214
1928,US Open,2025,Hard,5,0,0,0,0,,0,0,0,1,0,0,0,1,0,0,1,1,12.5,0.01057318491443759,3.0,0,1,0,0,0,0,0,22.0,39.5,76.0,0,US Open_2025,0,0,484.0,7.929989685404848,62.88473641062728
1929,US Open,2025,Hard,5,1,1,1,0,,0,0,0,1,0,0,0,1,0,0,1,1,28.5,0.05582353532308315,7.0,0,1,0,0,0,0,0,16.5,35.5,22.0,0,US Open_2025,0,0,272.25,3.9299896854048484,15.4448189273885
1930,US Open,2025,Hard,5,1,1,1,0,,0,0,0,0,0,0,0,1,0,1,1,1,12.5,0.03205128205128205,5.0,0,1,1,0,0,0,0,12.0,34.5,132.5,0,US Open_2025,1,1,144.0,2.9299896854048484,8.584839556578803
1931,US Open,2025,Hard,6,0,0,0,0,,0,0,0,1,0,0,0,1,0,0,1,1,12.5,0.01057318491443759,3.0,0,1,0,0,0,0,0,22.0,39.5,58.5,0,US Open_2025,0,0,484.0,7.929989685404848,62.88473641062728
1932,US Open,2025,Hard,6,1,1,1,0,,0,0,0,1,1,1,0,1,0,1,1,1,12.5,0.03205128205128205,5.0,0,1,0,1,0,0,0,12.0,34.5,28.5,1,US Open_2025,1,1,144.0,2.9299896854048484,8.584839556578803
1933,US Open,2025,Hard,7,1,1,1,0,,0,0,0,1,1,1,0,1,0,0,1,1,12.5,0.01057318491443759,3.0,0,1,0,1,0,0,0,22.0,39.5,12.5,1,US Open_2025,1,1,484.0,7.929989685404848,62.88473641062728
1934,Wimbledon,2025,Grass,2,0,0,0,0,,0,0,0,0,0,0,0,1,0,0,0,0,1.0,0.04901135386713307,0.0,0,1,0,0,0,0,0,13.5,33.5,471.5,0,Wimbledon_2025,0,0,182.25,1.9299896854048484,3.7248601857691055
1935,Wimbledon,2025,Grass,2,0,0,0,0,,0,0,0,1,0,0,0,1,0,1,1,1,96.5,0.00661785412559851,13.0,1,1,0,0,0,0,0,10.0,28.0,260.0,0,Wimbledon_2025,0,0,100.0,-3.5700103145951516,12.744973646315774
1936,Wimbledon,2025,Grass,2,1,1,1,0,,0,0,0,0,0,0,0,1,0,0,0,0,43.5,0.00660211267605626,7.0,0,1,1,0,0,0,0,10.5,28.5,36.0,0,Wimbledon_2025,1,1,110.25,-3.0700103145951516,9.424963331720623
1937,Wimbledon,2025,Grass,2,0,0,0,0,,0,0,0,0,0,0,0,1,0,1,1,1,65.0,0.0423728813559322,0.0,0,1,0,0,0,0,0,1.0,26.5,36.5,0,Wimbledon_2025,0,0,1.0,-5.070010314595152,25.70500459010123
1938,Wimbledon,2025,Grass,2,1,1,1,0,,0,0,0,0,0,0,0,1,0,0,1,1,22.5,,3.0,0,1,1,0,0,0,0,15.0,34.0,127.0,0,Wimbledon_2025,1,1,225.0,2.4299896854048484,5.904849871173954
1939,Wimbledon,2025,Grass,2,1,1,1,0,,0,0,0,0,0,0,0,1,0,1,1,1,60.0,0.0,0.0,0,1,0,1,0,0,0,1.0,27.5,615.5,0,Wimbledon_2025,1,1,1.0,-4.070010314595152,16.564983960910926
1940,Wimbledon,2025,Grass,2,1,1,1,0,,0,0,0,0,0,0,0,1,0,0,0,0,43.5,0.0619205457078349,5.0,0,1,1,1,0,0,0,9.5,30.0,46.0,0,Wimbledon_2025,1,1,90.25,-1.5700103145951516,2.464932387935167
1941,Wimbledon,2025,Grass,2,1,1,1,0,,0,0,0,0,0,0,0,1,0,1,1,1,14.5,0.03143728110001298,1.0,0,1,1,1,0,0,0,16.5,35.0,53.0,0,Wimbledon_2025,1,1,272.25,3.4299896854048484,11.764829241983652
1942,Wimbledon,2025,Grass,2,0,0,0,0,,0,0,0,0,0,0,0,1,0,1,1,1,5.5,0.02310606060606069,1.0,0,1,0,0,0,0,0,14.5,35.5,51.5,0,Wimbledon_2025,0,0,210.25,3.9299896854048484,15.4448189273885
1943,Wimbledon,2025,Grass,2,0,0,0,0,,0,0,0,0,0,0,0,1,0,0,1,1,70.5,0.0291327913279133,3.0,0,1,0,0,0,0,0,1.0,26.0,344.0,0,Wimbledon_2025,0,0,1.0,-5.570010314595152,31.02501490469638
1944,Wimbledon,2025,Grass,2,1,1,1,0,,0,0,0,0,0,0,0,1,0,1,1,1,69.5,0.006071645415907767,3.0,0,1,0,1,0,0,0,1.0,23.5,83.0,0,Wimbledon_2025,1,1,1.0,-8.070010314595152,65.12506647767214
1945,Wimbledon,2025,Grass,2,1,1,1,0,,1,0,0,1,1,1,0,1,0,0,0,0,115.5,0.08585164835164827,67.0,1,1,0,1,1,0,0,4.0,29.0,29.0,1,Wimbledon_2025,1,1,16.0,-2.5700103145951516,6.60495301712547
1946,Wimbledon,2025,Grass,2,1,1,1,0,,0,0,0,1,0,0,0,1,0,1,1,1,24.5,0.008230452674897193,3.0,0,1,0,0,0,0,0,1.0,32.5,690.5,0,Wimbledon_2025,0,0,1.0,0.9299896854048484,0.8648808149594088
1947,Wimbledon,2025,Grass,2,1,1,1,0,,0,0,0,0,0,0,0,1,0,0,0,0,47.0,0.04745564111148304,10.0,0,1,1,0,0,0,0,10.0,27.5,800.0,0,Wimbledon_2025,1,1,100.0,-4.070010314595152,16.564983960910926
1948,Wimbledon,2025,Grass,2,1,1,1,0,,0,0,0,1,1,1,0,1,0,1,1,1,51.0,0.008045881472861782,14.0,0,1,0,1,0,0,0,27.0,35.5,55.0,1,Wimbledon_2025,1,1,729.0,3.9299896854048484,15.4448189273885
1949,Wimbledon,2025,Grass,2,1,1,1,0,,0,0,0,0,0,0,0,1,0,0,0,0,16.5,0.03874544590527484,7.0,0,1,0,1,0,0,0,16.5,37.5,1086.0,0,Wimbledon_2025,1,1,272.25,5.929989685404848,35.16477766900789
1950,Wimbledon,2025,Grass,2,0,0,0,0,,0,0,0,1,0,0,0,1,0,1,1,1,14.0,0.03205128205128205,6.0,0,1,0,0,0,0,0,12.0,34.5,131.5,0,Wimbledon_2025,0,0,144.0,2.9299896854048484,8.584839556578803
1951,Wimbledon,2025,Grass,2,1,1,0,0,,1,0,0,1,1,1,0,1,0,0,0,0,74.5,0.01224489795918371,9.0,0,1,0,0,1,0,0,16.0,31.0,725.5,1,Wimbledon_2025,0,1,256.0,-0.5700103145951516,0.3249117587448637
1952,Wimbledon,2025,Grass,2,1,1,0,0,,1,0,0,1,1,1,0,1,0,0,0,0,73.5,0.1335753176043557,37.0,0,1,0,0,1,0,0,1.0,26.0,418.0,1,Wimbledon_2025,0,1,1.0,-5.570010314595152,31.02501490469638
1953,Wimbledon,2025,Grass,2,0,0,0,0,,0,0,0,0,0,0,0,1,0,1,1,1,26.0,0.01710058017649063,8.0,0,1,0,0,0,0,0,21.5,39.5,230.5,0,Wimbledon_2025,0,0,462.25,7.929989685404848,62.88473641062728
1954,Wimbledon,2025,Grass,2,1,1,1,0,,0,0,0,0,0,0,0,1,0,0,1,1,36.0,0.02232828615317095,2.0,0,1,1,0,0,0,0,13.5,33.0,42.0,0,Wimbledon_2025,1,1,182.25,1.4299896854048484,2.044870500364257
1955,Wimbledon,2025,Grass,2,1,1,1,0,,0,0,0,0,0,0,0,1,0,0,0,0,336.0,,496.0,1,1,1,0,0,0,0,8.5,30.0,76.0,0,Wimbledon_2025,1,1,72.25,-1.5700103145951516,2.464932387935167
1956,Wimbledon,2025,Grass,2,0,0,0,0,,0,0,0,0,0,0,0,1,0,0,0,0,75.0,0.01980198019801993,2.0,0,1,0,0,0,0,0,15.0,36.5,609.0,0,Wimbledon_2025,0,0,225.0,4.929989685404848,24.304798298198197
1957,Wimbledon,2025,Grass,2,1,1,1,0,,0,0,0,0,0,0,0,1,0,0,1,1,7.5,0.01057318491443759,1.0,0,1,1,0,0,0,0,22.0,39.5,489.0,0,Wimbledon_2025,1,1,484.0,7.929989685404848,62.88473641062728
1958,Wimbledon,2025,Grass,2,1,1,1,0,,0,0,0,0,0,0,0,1,0,1,1,1,11.0,0.001288926372070121,2.0,0,1,1,0,0,0,0,10.0,30.5,80.5,0,Wimbledon_2025,1,1,100.0,-1.0700103145951516,1.1449220733400154
1959,Wimbledon,2025,Grass,2,0,0,0,0,,0,0,0,0,0,0,0,1,0,0,0,0,63.0,0.1000967117988394,2.0,0,1,0,0,0,0,0,15.0,32.0,721.0,0,Wimbledon_2025,0,0,225.0,0.4299896854048484,0.1848911295545605
1960,Wimbledon,2025,Grass,2,0,0,0,0,,0,0,0,0,0,0,0,1,0,0,0,0,54.5,0.0632624113475177,9.0,0,1,0,0,0,0,0,16.0,36.0,78.0,0,Wimbledon_2025,0,0,256.0,4.429989685404848,19.62480861279335
1961,Wimbledon,2025,Grass,2,1,1,1,0,,0,0,0,0,0,0,0,1,0,0,0,0,69.0,0.07013483146067412,36.0,0,1,0,1,0,0,0,17.0,35.0,18.5,0,Wimbledon_2025,1,1,289.0,3.4299896854048484,11.764829241983652
1962,Wimbledon,2025,Grass,2,1,1,1,0,,0,0,0,0,0,0,0,1,0,0,0,0,78.5,0.0832004253056885,139.0,1,1,0,1,0,0,0,13.5,32.5,30.0,0,Wimbledon_2025,1,1,182.25,0.9299896854048484,0.8648808149594088
1963,Wimbledon,2025,Grass,2,1,1,1,0,,0,0,0,0,0,0,0,1,0,0,0,0,510.5,0.008333333333333304,157.0,0,1,1,0,0,0,0,8.0,25.0,207.5,0,Wimbledon_2025,1,1,64.0,-6.570010314595152,43.16503553388668
1964,Wimbledon,2025,Grass,2,1,1,1,0,,0,0,0,0,0,0,0,1,0,1,1,1,499.5,0.25,781.0,0,1,1,1,0,0,0,18.0,32.5,266.0,0,Wimbledon_2025,1,1,324.0,0.9299896854048484,0.8648808149594088
1965,Wimbledon,2025,Grass,2,1,1,1,0,,0,0,0,0,0,0,0,1,0,0,0,0,3.0,0.00784762663215699,0.0,0,1,1,0,0,0,0,17.0,32.5,1174.0,0,Wimbledon_2025,1,1,289.0,0.9299896854048484,0.8648808149594088
1966,Wimbledon,2025,Grass,3,0,0,0,0,,0,0,0,0,0,0,0,1,0,0,0,0,1.0,0.04901135386713307,0.0,0,1,0,0,0,0,0,13.5,33.5,96.5,0,Wimbledon_2025,0,0,182.25,1.9299896854048484,3.7248601857691055
1967,Wimbledon,2025,Grass,3,1,1,1,0,,0,0,0,0,0,0,0,1,0,1,1,1,65.0,0.0423728813559322,0.0,0,1,0,1,0,0,0,1.0,26.5,43.5,0,Wimbledon_2025,1,1,1.0,-5.070010314595152,25.70500459010123
1968,Wimbledon,2025,Grass,3,0,0,0,0,,0,0,0,0,0,0,0,1,0,0,1,1,22.5,,3.0,0,1,0,0,0,0,0,15.0,34.0,60.0,0,Wimbledon_2025,0,0,225.0,2.4299896854048484,5.904849871173954
1969,Wimbledon,2025,Grass,3,1,1,1,0,,0,0,0,0,0,0,0,1,0,0,0,0,43.5,0.0619205457078349,5.0,0,1,1,1,0,0,0,9.5,30.0,14.5,0,Wimbledon_2025,1,1,90.25,-1.5700103145951516,2.464932387935167
1970,Wimbledon,2025,Grass,3,1,1,1,0,,0,0,0,0,0,0,0,1,0,1,1,1,5.5,0.02310606060606069,1.0,0,1,0,1,0,0,0,14.5,35.5,70.5,0,Wimbledon_2025,1,1,210.25,3.9299896854048484,15.4448189273885
1971,Wimbledon,2025,Grass,3,1,1,1,0,,1,0,0,1,0,0,0,1,0,0,0,0,115.5,0.08585164835164827,67.0,1,1,0,0,1,0,0,4.0,29.0,69.5,0,Wimbledon_2025,0,1,16.0,-2.5700103145951516,6.60495301712547
1972,Wimbledon,2025,Grass,3,1,1,1,0,,0,0,0,1,1,1,0,1,0,0,0,0,47.0,0.04745564111148304,10.0,0,1,0,1,0,0,0,10.0,27.5,24.5,1,Wimbledon_2025,1,1,100.0,-4.070010314595152,16.564983960910926
1973,Wimbledon,2025,Grass,3,1,1,1,0,,1,0,0,1,0,0,0,1,0,1,1,1,51.0,0.008045881472861782,14.0,0,1,1,0,1,0,0,27.0,35.5,16.5,0,Wimbledon_2025,1,1,729.0,3.9299896854048484,15.4448189273885
1974,Wimbledon,2025,Grass,3,1,1,1,0,,0,0,0,0,0,0,0,1,0,1,1,1,14.0,0.03205128205128205,6.0,0,1,0,1,0,0,0,12.0,34.5,74.5,0,Wimbledon_2025,1,1,144.0,2.9299896854048484,8.584839556578803
1975,Wimbledon,2025,Grass,3,1,1,1,0,,0,0,0,1,0,0,0,1,0,1,1,1,26.0,0.01710058017649063,8.0,0,1,0,0,0,0,0,21.5,39.5,73.5,0,Wimbledon_2025,0,0,462.25,7.929989685404848,62.88473641062728
1976,Wimbledon,2025,Grass,3,1,1,1,0,,0,0,0,0,0,0,0,1,0,0,1,1,36.0,0.02232828615317095,2.0,0,1,0,1,0,0,0,13.5,33.0,336.0,0,Wimbledon_2025,1,1,182.25,1.4299896854048484,2.044870500364257
1977,Wimbledon,2025,Grass,3,0,0,0,0,,0,0,0,0,0,0,0,1,0,0,1,1,7.5,0.01057318491443759,1.0,0,1,0,0,0,0,0,22.0,39.5,75.0,0,Wimbledon_2025,0,0,484.0,7.929989685404848,62.88473641062728
1978,Wimbledon,2025,Grass,3,0,0,0,0,,0,0,0,0,0,0,0,1,0,1,1,1,11.0,0.001288926372070121,2.0,0,1,0,0,0,0,0,10.0,30.5,63.0,0,Wimbledon_2025,0,0,100.0,-1.0700103145951516,1.1449220733400154
1979,Wimbledon,2025,Grass,3,0,0,0,0,,0,0,0,0,0,0,0,1,0,0,0,0,69.0,0.07013483146067412,36.0,0,1,0,0,0,0,0,17.0,35.0,54.5,0,Wimbledon_2025,0,0,289.0,3.4299896854048484,11.764829241983652
1980,Wimbledon,2025,Grass,3,1,1,1,0,,0,0,0,1,0,0,0,1,0,0,0,0,78.5,0.0832004253056885,139.0,1,1,0,0,0,0,0,13.5,32.5,510.5,0,Wimbledon_2025,0,0,182.25,0.9299896854048484,0.8648808149594088
1981,Wimbledon,2025,Grass,3,1,1,1,0,,0,0,0,0,0,0,0,1,0,0,0,0,3.0,0.00784762663215699,0.0,0,1,1,0,0,0,0,17.0,32.5,499.5,0,Wimbledon_2025,1,1,289.0,0.9299896854048484,0.8648808149594088
1982,Wimbledon,2025,Grass,4,1,1,1,0,,0,0,0,0,0,0,0,1,0,0,0,0,1.0,0.04901135386713307,0.0,0,1,0,1,0,0,0,13.5,33.5,65.0,0,Wimbledon_2025,1,1,182.25,1.9299896854048484,3.7248601857691055
1983,Wimbledon,2025,Grass,4,1,1,1,0,,0,0,0,1,1,1,0,1,0,0,1,1,22.5,,3.0,0,1,0,1,0,0,0,15.0,34.0,43.5,1,Wimbledon_2025,1,1,225.0,2.4299896854048484,5.904849871173954
1984,Wimbledon,2025,Grass,4,0,0,0,0,,0,0,0,0,0,0,0,1,0,0,0,0,115.5,0.08585164835164827,67.0,1,1,0,0,0,0,0,4.0,29.0,5.5,0,Wimbledon_2025,0,0,16.0,-2.5700103145951516,6.60495301712547
1985,Wimbledon,2025,Grass,4,0,0,0,0,,0,0,0,1,0,0,0,1,0,1,1,1,51.0,0.008045881472861782,14.0,0,1,0,0,0,0,0,27.0,35.5,47.0,0,Wimbledon_2025,0,0,729.0,3.9299896854048484,15.4448189273885
1986,Wimbledon,2025,Grass,4,1,1,1,0,,1,0,0,1,0,0,0,1,0,1,1,1,14.0,0.03205128205128205,6.0,0,1,0,0,1,0,0,12.0,34.5,26.0,0,Wimbledon_2025,0,1,144.0,2.9299896854048484,8.584839556578803
1987,Wimbledon,2025,Grass,4,1,1,0,0,,1,0,0,1,0,0,0,1,0,0,1,1,7.5,0.01057318491443759,1.0,0,1,0,0,1,0,0,22.0,39.5,36.0,0,Wimbledon_2025,0,1,484.0,7.929989685404848,62.88473641062728
1988,Wimbledon,2025,Grass,4,0,0,0,0,,0,0,0,0,0,0,0,1,0,1,1,1,11.0,0.001288926372070121,2.0,0,1,0,0,0,0,0,10.0,30.5,69.0,0,Wimbledon_2025,0,0,100.0,-1.0700103145951516,1.1449220733400154
1990,Wimbledon,2025,Grass,5,1,1,1,0,,1,0,0,1,0,0,0,1,0,0,0,0,1.0,0.04901135386713307,0.0,0,1,0,0,1,0,0,13.5,33.5,22.5,0,Wimbledon_2025,0,1,182.25,1.9299896854048484,3.7248601857691055
1991,Wimbledon,2025,Grass,5,1,1,1,0,,0,0,0,0,0,0,0,1,0,0,0,0,115.5,0.08585164835164827,67.0,1,1,1,0,0,0,0,4.0,29.0,51.0,0,Wimbledon_2025,1,1,16.0,-2.5700103145951516,6.60495301712547
1992,Wimbledon,2025,Grass,5,1,1,1,0,,0,0,0,0,0,0,0,1,0,0,1,1,7.5,0.01057318491443759,1.0,0,1,1,1,0,0,0,22.0,39.5,14.0,0,Wimbledon_2025,1,1,484.0,7.929989685404848,62.88473641062728
1993,Wimbledon,2025,Grass,5,1,1,0,0,,1,0,0,1,0,0,0,1,0,1,1,1,11.0,0.001288926372070121,2.0,0,1,0,0,1,0,0,10.0,30.5,3.0,0,Wimbledon_2025,0,1,100.0,-1.0700103145951516,1.1449220733400154
1994,Wimbledon,2025,Grass,6,1,1,1,0,,1,0,0,1,1,1,0,1,0,0,0,0,115.5,0.08585164835164827,67.0,1,1,0,1,1,0,0,4.0,29.0,1.0,1,Wimbledon_2025,1,1,16.0,-2.5700103145951516,6.60495301712547
1995,Wimbledon,2025,Grass,6,0,0,0,0,,0,0,0,0,0,0,0,1,0,1,1,1,11.0,0.001288926372070121,2.0,0,1,0,0,0,0,0,10.0,30.5,7.5,0,Wimbledon_2025,0,0,100.0,-1.0700103145951516,1.1449220733400154
1996,Wimbledon,2025,Grass,7,1,1,1,0,,0,0,0,0,0,0,0,1,0,1,1,1,11.0,0.001288926372070121,2.0,0,1,0,1,0,0,0,10.0,30.5,115.5,0,Wimbledon_2025,1,1,100.0,-1.0700103145951516,1.1449220733400154
0,Australian Open,2018,Hard,2,0,0,0,0,,0,0,0,0,0,0,0,0,0,0,0,0,67.5,0.1231476750127747,35.0,1,0,0,0,0,0,0,14.0,34.0,1.0,1,Australian Open_2018,0,0,196.0,2.4299896854048484,5.904849871173954
1,Australian Open,2018,Hard,2,0,0,0,0,,0,0,0,0,0,0,0,0,0,1,1,1,204.0,0.1016483516483516,228.0,0,0,0,0,0,0,0,12.0,29.0,166.5,1,Australian Open_2018,0,0,144.0,-2.5700103145951516,6.60495301712547
2,Australian Open,2018,Hard,2,1,1,1,0,,0,0,0,1,0,1,0,0,0,1,1,1,87.5,0.05743243243243251,13.0,0,0,1,0,0,0,0,5.0,23.5,55.5,0,Australian Open_2018,1,1,25.0,-8.070010314595152,65.12506647767214
3,Australian Open,2018,Hard,2,1,1,1,0,,0,0,0,0,0,0,0,0,0,0,0,0,472.5,0.0935314685314686,749.0,0,0,0,0,0,0,0,11.0,30.0,35.0,1,Australian Open_2018,0,0,121.0,-1.5700103145951516,2.464932387935167
4,Australian Open,2018,Hard,2,0,0,0,0,,0,0,0,0,0,0,0,0,0,0,0,0,47.0,0.06562677841585185,20.0,0,0,0,0,0,0,0,19.0,37.5,22.0,1,Australian Open_2018,0,0,361.0,5.929989685404848,35.16477766900789
5,Australian Open,2018,Hard,2,0,0,0,0,,0,0,0,0,0,0,0,0,0,1,1,1,268.5,0.06936453138984788,333.0,0,0,0,0,0,0,0,5.0,23.0,115.0,1,Australian Open_2018,0,0,25.0,-8.570010314595152,73.44507679226729
6,Australian Open,2018,Hard,2,0,0,0,0,,0,0,0,1,0,1,0,0,0,1,1,1,50.0,0.03194616977225673,28.0,0,0,0,0,0,0,0,14.5,33.0,60.0,0,Australian Open_2018,0,0,210.25,1.4299896854048484,2.044870500364257
7,Australian Open,2018,Hard,2,1,1,1,0,,0,0,0,0,0,0,0,0,0,0,1,1,20.0,0.01088081143884523,10.0,0,0,0,0,0,0,0,12.5,33.5,79.5,1,Australian Open_2018,0,0,156.25,1.9299896854048484,3.7248601857691055
8,Australian Open,2018,Hard,2,1,1,1,0,,0,0,0,0,0,0,0,0,0,1,1,1,198.0,0.2557668458040513,8.0,0,0,0,0,0,0,0,12.0,30.0,8.5,1,Australian Open_2018,0,0,144.0,-1.5700103145951516,2.464932387935167
9,Australian Open,2018,Hard,2,1,1,0,0,,1,0,0,1,0,1,0,0,0,1,1,1,493.5,0.01666666666666672,647.0,0,0,0,0,0,0,0,9.5,27.0,58.5,0,Australian Open_2018,0,1,90.25,-4.570010314595152,20.884994275506077
10,Australian Open,2018,Hard,2,0,0,0,0,,0,0,0,1,0,0,0,0,0,0,1,1,62.5,0.1974201474201475,5.0,0,0,0,0,0,0,0,8.0,32.5,46.0,1,Australian Open_2018,0,0,64.0,0.9299896854048484,0.8648808149594088
11,Australian Open,2018,Hard,2,0,0,0,0,,0,0,0,1,0,0,0,0,0,0,1,1,28.5,0.0350117096018735,1.0,0,0,0,0,0,0,0,17.0,36.0,124.5,1,Australian Open_2018,0,0,289.0,4.429989685404848,19.62480861279335
12,Australian Open,2018,Hard,2,1,1,1,0,,0,0,0,0,0,0,0,0,0,0,1,1,143.5,0.03242524916943523,251.0,1,0,0,0,0,0,0,11.0,27.0,22.5,1,Australian Open_2018,0,0,121.0,-4.570010314595152,20.884994275506077
13,Australian Open,2018,Hard,2,1,1,1,0,,0,0,0,0,0,0,0,0,0,0,1,1,85.5,0.09855116785809864,3.0,0,0,0,0,0,0,0,12.0,36.0,181.0,1,Australian Open_2018,0,0,144.0,4.429989685404848,19.62480861279335
14,Australian Open,2018,Hard,2,0,0,0,0,,0,0,0,0,0,0,0,0,0,1,1,1,533.0,,606.0,0,0,0,0,0,0,0,14.5,32.0,54.5,1,Australian Open_2018,0,0,210.25,0.4299896854048484,0.1848911295545605
15,Australian Open,2018,Hard,2,0,0,0,0,,0,0,0,0,0,0,0,0,0,0,0,0,369.5,0.03231292517006801,59.0,0,0,0,0,0,0,0,13.5,33.0,16.5,1,Australian Open_2018,0,0,182.25,1.4299896854048484,2.044870500364257
16,Australian Open,2018,Hard,2,0,0,0,0,,0,0,0,1,0,1,0,0,0,1,1,1,207.0,0.01634527089072535,322.0,0,0,0,0,0,0,0,8.5,24.5,9.5,0,Australian Open_2018,0,0,72.25,-7.070010314595152,49.98504584848183
17,Australian Open,2018,Hard,2,0,0,0,0,,0,0,0,0,0,0,0,0,0,0,0,0,818.5,0.08395522388059701,7.0,0,0,0,0,0,0,0,11.5,28.5,64.5,1,Australian Open_2018,0,0,132.25,-3.0700103145951516,9.424963331720623
18,Australian Open,2018,Hard,2,0,0,0,0,,0,0,0,0,0,0,0,0,0,1,1,1,67.0,0.2584398976982097,44.0,0,0,0,0,0,0,0,14.0,32.5,41.5,1,Australian Open_2018,0,0,196.0,0.9299896854048484,0.8648808149594088
19,Australian Open,2018,Hard,2,1,1,1,0,,0,0,0,0,0,0,0,0,0,1,1,1,73.0,0.03979591836734697,2.0,0,0,0,0,0,0,0,3.0,23.0,25.0,1,Australian Open_2018,0,0,9.0,-8.570010314595152,73.44507679226729
20,Australian Open,2018,Hard,2,0,0,0,0,,0,0,0,0,0,0,0,0,0,0,0,0,36.0,0.09179219406398931,62.0,0,0,0,0,0,0,0,15.5,34.0,113.0,1,Australian Open_2018,0,0,240.25,2.4299896854048484,5.904849871173954
21,Australian Open,2018,Hard,2,0,0,0,0,,0,0,0,0,0,0,0,0,0,1,1,1,95.0,0.0,0.0,0,0,0,0,0,0,0,14.0,36.0,238.0,1,Australian Open_2018,0,0,196.0,4.429989685404848,19.62480861279335
22,Australian Open,2018,Hard,2,0,0,0,0,,0,0,0,0,0,0,0,0,0,0,0,0,609.0,0.08259587020648967,424.0,0,0,0,0,0,0,0,13.0,31.5,129.0,1,Australian Open_2018,0,0,169.0,-0.07001031459515161,0.004901444149712099
23,Australian Open,2018,Hard,2,0,0,0,0,,0,0,0,0,0,0,0,0,0,1,1,1,60.0,0.1341719077568134,22.0,0,0,0,0,0,0,0,11.0,30.0,7.5,1,Australian Open_2018,0,0,121.0,-1.5700103145951516,2.464932387935167
24,Australian Open,2018,Hard,2,0,0,0,0,,0,0,0,1,0,1,0,0,0,0,0,0,443.5,,149.0,0,0,0,0,0,0,0,6.0,24.5,12.0,0,Australian Open_2018,0,0,36.0,-7.070010314595152,49.98504584848183
25,Australian Open,2018,Hard,2,1,1,1,0,,1,0,0,1,0,0,0,0,0,0,0,0,336.0,0.1013513513513514,324.0,1,0,0,0,0,0,0,14.5,31.0,41.5,1,Australian Open_2018,0,1,210.25,-0.5700103145951516,0.3249117587448637
26,Australian Open,2018,Hard,2,1,1,0,0,,1,0,0,1,0,0,0,0,0,0,1,1,49.5,0.02478415047795252,39.0,0,0,0,0,0,0,0,10.0,32.5,81.0,1,Australian Open_2018,0,1,100.0,0.9299896854048484,0.8648808149594088
27,Australian Open,2018,Hard,2,1,1,1,0,,1,0,0,1,0,0,0,0,0,0,1,1,27.0,0.08616165560327993,12.0,0,0,0,1,0,0,0,14.5,32.5,73.5,1,Australian Open_2018,1,1,210.25,0.9299896854048484,0.8648808149594088
28,Australian Open,2018,Hard,2,1,1,1,0,,0,0,0,0,0,0,0,0,0,0,0,0,49.0,0.06816222872094801,28.0,0,0,0,0,0,0,0,11.0,31.0,39.5,1,Australian Open_2018,0,0,121.0,-0.5700103145951516,0.3249117587448637
29,Australian Open,2018,Hard,2,0,0,0,0,,0,0,0,0,0,0,0,0,0,1,1,1,90.0,0.08205980066445179,78.0,0,0,0,0,0,0,0,9.0,27.0,53.5,1,Australian Open_2018,0,0,81.0,-4.570010314595152,20.884994275506077
30,Australian Open,2018,Hard,2,1,1,1,0,,0,0,0,0,0,0,0,0,0,0,1,1,69.0,0.1433858334035206,28.0,0,0,0,0,0,0,0,24.5,43.5,304.0,1,Australian Open_2018,0,0,600.25,11.929989685404848,142.32465389386607
31,Australian Open,2018,Hard,2,0,0,0,0,,0,0,0,1,0,1,0,0,0,0,1,1,310.0,0.09436392914653777,20.0,0,0,0,0,0,0,0,9.0,27.0,3.5,0,Australian Open_2018,0,0,81.0,-4.570010314595152,20.884994275506077
32,Australian Open,2018,Hard,3,1,1,1,0,,0,0,0,0,0,0,0,0,0,1,1,1,166.5,0.2293972044263251,73.0,0,0,0,0,0,0,0,4.0,22.0,1.0,1,Australian Open_2018,0,0,16.0,-9.570010314595152,91.58509742145759
33,Australian Open,2018,Hard,3,1,1,1,0,,0,0,0,1,0,1,0,0,0,0,0,0,55.5,0.1229791054917854,83.0,0,0,0,0,0,0,0,14.5,31.5,35.0,0,Australian Open_2018,0,0,210.25,-0.07001031459515161,0.004901444149712099
34,Australian Open,2018,Hard,3,0,0,0,0,,0,0,0,1,0,1,0,0,0,1,1,1,22.0,0.09247104247104243,4.0,0,0,0,0,0,0,0,20.0,36.5,115.0,0,Australian Open_2018,0,0,400.0,4.929989685404848,24.304798298198197
35,Australian Open,2018,Hard,3,1,1,1,0,,0,0,0,1,0,1,0,0,0,0,0,1,79.5,0.02777389976102296,5.0,0,0,0,0,0,0,0,16.0,37.5,60.0,0,Australian Open_2018,0,0,256.0,5.929989685404848,35.16477766900789
36,Australian Open,2018,Hard,3,1,1,1,0,,1,0,0,1,0,0,0,0,0,1,1,1,8.5,0.0790823211875844,5.0,0,0,0,0,0,0,0,13.0,31.5,58.5,1,Australian Open_2018,0,1,169.0,-0.07001031459515161,0.004901444149712099
37,Australian Open,2018,Hard,3,0,0,0,0,,0,0,0,0,0,0,0,0,0,0,1,1,124.5,0.1789263490294418,89.0,0,0,0,0,0,0,0,9.5,28.0,46.0,1,Australian Open_2018,0,0,90.25,-3.5700103145951516,12.744973646315774
38,Australian Open,2018,Hard,3,1,1,1,0,,0,0,0,0,0,0,0,0,0,0,0,0,181.0,0.01754186341999969,100.0,0,0,0,0,0,0,0,12.5,30.0,22.5,1,Australian Open_2018,0,0,156.25,-1.5700103145951516,2.464932387935167
39,Australian Open,2018,Hard,3,1,1,1,0,,0,0,0,1,0,1,0,0,0,0,0,0,54.5,0.1403679653679654,3.0,0,0,1,0,0,0,0,13.5,30.5,16.5,0,Australian Open_2018,1,1,182.25,-1.0700103145951516,1.1449220733400154
40,Australian Open,2018,Hard,3,1,1,1,0,,1,0,0,1,0,0,0,0,0,0,0,0,9.5,0.04913998809726816,1.0,0,0,0,0,0,0,0,15.5,34.0,64.5,1,Australian Open_2018,0,1,240.25,2.4299896854048484,5.904849871173954
41,Australian Open,2018,Hard,3,1,1,1,0,,0,0,0,0,0,0,0,0,0,0,0,0,41.5,0.05176174945195955,21.0,0,0,0,0,0,0,0,15.0,34.0,25.0,1,Australian Open_2018,0,0,225.0,2.4299896854048484,5.904849871173954
42,Australian Open,2018,Hard,3,0,0,0,0,,0,0,0,0,0,0,0,0,0,1,1,1,113.0,0.003331403948807043,102.0,0,0,0,0,0,0,0,9.0,30.0,238.0,1,Australian Open_2018,0,0,81.0,-1.5700103145951516,2.464932387935167
43,Australian Open,2018,Hard,3,1,1,1,0,,0,0,0,1,0,0,0,0,0,0,0,0,7.5,0.05927088002390557,1.0,0,0,0,0,0,0,0,15.0,35.0,129.0,1,Australian Open_2018,0,0,225.0,3.4299896854048484,11.764829241983652
44,Australian Open,2018,Hard,3,1,1,1,0,,0,0,0,1,0,1,0,0,0,0,0,0,41.5,0.1579317013588478,5.0,0,0,1,0,0,0,0,18.5,36.5,12.0,0,Australian Open_2018,1,1,342.25,4.929989685404848,24.304798298198197
46,Australian Open,2018,Hard,3,1,1,1,0,,0,0,0,0,0,0,0,0,0,0,0,0,53.5,0.05798503611971101,25.0,0,0,0,0,0,0,0,20.0,36.0,39.5,1,Australian Open_2018,0,0,400.0,4.429989685404848,19.62480861279335
47,Australian Open,2018,Hard,3,1,1,1,0,,0,0,0,0,0,0,0,0,0,0,0,0,3.5,0.03954461804929088,1.0,0,0,0,0,0,0,0,8.5,29.0,304.0,1,Australian Open_2018,0,0,72.25,-2.5700103145951516,6.60495301712547
48,Australian Open,2018,Hard,4,1,1,1,0,,0,0,0,1,0,1,0,0,0,0,1,1,35.0,0.1044022455747792,26.0,0,0,0,0,0,0,0,14.0,33.0,1.0,0,Australian Open_2018,0,0,196.0,1.4299896854048484,2.044870500364257
49,Australian Open,2018,Hard,4,1,1,1,0,,0,0,0,0,0,0,0,0,0,1,1,1,60.0,,36.0,1,0,0,0,0,0,0,12.5,27.0,115.0,1,Australian Open_2018,0,0,156.25,-4.570010314595152,20.884994275506077
50,Australian Open,2018,Hard,4,0,0,0,0,,0,0,0,0,0,0,0,0,0,0,0,0,58.5,0.004561746497230401,1.0,0,0,0,0,0,0,0,11.0,28.5,46.0,1,Australian Open_2018,0,0,121.0,-3.0700103145951516,9.424963331720623
51,Australian Open,2018,Hard,4,1,1,1,0,,0,0,0,1,0,0,0,0,0,0,0,0,22.5,,7.0,0,0,0,1,0,0,0,15.0,38.0,16.5,1,Australian Open_2018,1,1,225.0,6.429989685404848,41.34476735441274
52,Australian Open,2018,Hard,4,0,0,0,0,,0,0,0,0,0,0,0,0,0,1,1,1,64.5,0.1924819272007537,7.0,0,0,0,0,0,0,0,20.0,39.0,25.0,1,Australian Open_2018,0,0,400.0,7.429989685404848,55.204746725222435
54,Australian Open,2018,Hard,4,1,1,1,0,,0,0,0,1,0,1,0,0,0,1,1,1,73.5,0.02179137210984344,79.0,0,0,1,0,0,0,0,12.5,31.5,12.0,0,Australian Open_2018,1,1,156.25,-0.07001031459515161,0.004901444149712099
56,Australian Open,2018,Hard,5,1,1,1,0,,1,0,0,1,0,0,0,0,0,0,0,0,1.0,0.005113704012382425,0.0,0,0,0,1,0,0,0,18.0,35.5,115.0,1,Australian Open_2018,1,1,324.0,3.9299896854048484,15.4448189273885
57,Australian Open,2018,Hard,5,1,1,1,0,,1,0,0,1,0,0,0,0,0,0,1,1,46.0,0.02856549432290223,16.0,0,0,0,1,0,0,0,10.0,30.5,16.5,1,Australian Open_2018,1,1,100.0,-1.0700103145951516,1.1449220733400154
58,Australian Open,2018,Hard,5,0,0,0,0,,0,0,0,0,0,0,0,0,0,1,1,1,129.0,,86.0,0,0,0,0,0,0,0,16.0,34.0,25.0,1,Australian Open_2018,0,0,256.0,2.4299896854048484,5.904849871173954
59,Australian Open,2018,Hard,5,0,0,0,0,,0,0,0,0,0,0,0,0,0,0,0,0,39.5,0.02560345599565228,15.0,0,0,0,0,0,0,0,17.5,37.5,12.0,1,Australian Open_2018,0,0,306.25,5.929989685404848,35.16477766900789
60,Australian Open,2018,Hard,6,1,1,0,0,,1,0,0,1,0,1,0,0,0,0,0,0,115.0,0.02195281782437752,84.0,0,0,0,0,0,0,0,6.5,27.0,16.5,0,Australian Open_2018,0,1,42.25,-4.570010314595152,20.884994275506077
61,Australian Open,2018,Hard,6,1,1,1,0,,0,0,0,0,0,0,0,0,0,1,1,1,12.0,0.0003609504402074526,0.0,0,0,0,0,0,0,0,20.0,40.0,25.0,1,Australian Open_2018,0,0,400.0,8.429989685404848,71.06472609603213
62,Australian Open,2018,Hard,7,0,0,0,0,,0,0,0,0,0,0,0,0,0,1,1,1,25.0,0.006430370146846442,4.0,0,0,0,0,0,0,0,10.5,31.5,16.5,1,Australian Open_2018,0,0,110.25,-0.07001031459515161,0.004901444149712099
63,Roland Garros,2018,Clay,2,0,0,0,0,,0,0,0,0,0,0,0,0,0,0,0,0,328.0,0.1181818181818182,6.0,0,0,0,0,0,0,0,8.0,26.0,2.5,1,Roland Garros_2018,0,0,64.0,-5.570010314595152,31.02501490469638
64,Roland Garros,2018,Clay,2,0,0,0,0,,0,0,0,0,0,0,0,0,0,0,0,0,71.5,0.04254667038172194,13.0,0,0,0,0,0,0,0,10.0,31.5,2.5,1,Roland Garros_2018,0,0,100.0,-0.07001031459515161,0.004901444149712099
65,Roland Garros,2018,Clay,2,0,0,0,0,,0,0,0,0,0,0,0,0,0,0,0,0,368.5,0.2409022556390977,609.0,0,0,0,0,0,0,0,5.0,23.0,7.5,1,Roland Garros_2018,0,0,25.0,-8.570010314595152,73.44507679226729
66,Roland Garros,2018,Clay,2,0,0,0,0,,0,0,0,0,0,0,0,0,0,0,0,0,354.5,0.02592592592592585,109.0,0,0,0,0,0,0,0,14.0,31.5,11.5,1,Roland Garros_2018,0,0,196.0,-0.07001031459515161,0.004901444149712099
67,Roland Garros,2018,Clay,2,1,1,1,0,,0,0,0,0,0,0,0,0,0,0,0,0,40.0,0.1579317013588478,4.0,0,0,0,0,0,0,0,18.5,36.5,12.0,1,Roland Garros_2018,0,0,342.25,4.929989685404848,24.304798298198197
68,Roland Garros,2018,Clay,2,1,1,0,0,,1,0,0,1,0,0,0,0,0,0,0,0,50.0,0.009034958570156904,14.0,0,0,0,0,0,0,0,17.5,39.0,18.5,1,Roland Garros_2018,0,1,306.25,7.429989685404848,55.204746725222435
69,Roland Garros,2018,Clay,2,0,0,0,0,,0,0,0,0,0,0,0,0,0,0,0,0,43.5,0.05884820747520975,5.0,0,0,0,0,0,0,0,1.0,31.5,22.0,1,Roland Garros_2018,0,0,1.0,-0.07001031459515161,0.004901444149712099
70,Roland Garros,2018,Clay,2,0,0,0,0,,0,0,0,1,0,1,0,0,0,0,0,1,61.5,0.1031823612468774,27.0,0,0,0,0,0,0,0,7.5,27.5,22.5,0,Roland Garros_2018,0,0,56.25,-4.070010314595152,16.564983960910926
71,Roland Garros,2018,Clay,2,0,0,0,0,,0,0,0,0,0,0,0,0,0,1,1,1,578.5,0.2,165.0,0,0,0,0,0,0,0,3.5,21.0,23.0,1,Roland Garros_2018,0,0,12.25,-10.570010314595152,111.7251180506479
72,Roland Garros,2018,Clay,2,0,0,0,0,,0,0,0,0,0,0,0,0,0,0,1,1,130.5,0.2016448068060971,47.0,0,0,0,0,0,0,0,20.0,38.5,23.5,1,Roland Garros_2018,0,0,400.0,6.929989685404848,48.02475703981759
73,Roland Garros,2018,Clay,2,0,0,0,0,,0,0,0,0,0,0,0,0,0,1,1,1,57.0,0.1341719077568134,34.0,0,0,0,0,0,0,0,11.0,30.0,24.0,1,Roland Garros_2018,0,0,121.0,-1.5700103145951516,2.464932387935167
74,Roland Garros,2018,Clay,2,0,0,0,0,,0,0,0,0,0,0,0,0,0,1,1,1,442.5,0.1230769230769231,41.0,0,0,0,0,0,0,0,3.0,20.5,26.0,1,Roland Garros_2018,0,0,9.0,-11.070010314595152,122.54512836524304
75,Roland Garros,2018,Clay,2,0,0,0,0,,0,0,0,0,0,0,0,0,0,1,1,1,927.5,0.2380952380952381,435.0,0,0,0,0,0,0,0,1.0,18.0,35.5,1,Roland Garros_2018,0,0,1.0,-13.570010314595152,184.1451799382188
76,Roland Garros,2018,Clay,2,1,1,1,0,,0,0,0,1,0,1,0,0,0,0,0,0,30.5,0.02195281782437752,11.0,0,0,1,0,0,0,0,6.5,27.0,74.5,0,Roland Garros_2018,1,1,42.25,-4.570010314595152,20.884994275506077
77,Roland Garros,2018,Clay,2,0,0,0,0,,0,0,0,0,0,0,0,0,0,0,0,0,164.5,0.2123376623376623,17.0,0,0,0,0,0,0,0,10.0,27.5,324.0,1,Roland Garros_2018,0,0,100.0,-4.070010314595152,16.564983960910926
78,Roland Garros,2018,Clay,2,0,0,0,0,,0,0,0,1,0,0,0,0,0,1,1,1,588.0,0.4029850746268657,640.0,0,0,0,0,0,0,0,1.0,23.0,237.5,1,Roland Garros_2018,0,0,1.0,-8.570010314595152,73.44507679226729
79,Roland Garros,2018,Clay,2,0,0,0,0,,0,0,0,1,0,0,0,0,0,0,0,0,63.5,0.07024292056139197,17.0,0,0,0,0,0,0,0,12.5,32.5,172.0,1,Roland Garros_2018,0,0,156.25,0.9299896854048484,0.8648808149594088
80,Roland Garros,2018,Clay,2,0,0,0,0,,0,0,0,0,0,0,0,0,0,1,1,1,388.5,0.133610398797418,609.0,0,0,0,0,0,0,0,11.0,32.0,337.5,1,Roland Garros_2018,0,0,121.0,0.4299896854048484,0.1848911295545605
81,Roland Garros,2018,Clay,2,1,1,1,0,,0,0,0,1,0,1,0,0,0,1,1,1,259.0,0.232987012987013,290.0,0,0,0,0,0,0,0,10.0,28.5,721.0,0,Roland Garros_2018,0,0,100.0,-3.0700103145951516,9.424963331720623
82,Roland Garros,2018,Clay,2,0,0,0,0,,0,0,0,1,0,1,0,0,0,1,1,1,101.5,0.07673039392159464,49.0,0,0,0,0,0,0,0,14.5,32.0,345.5,0,Roland Garros_2018,0,0,210.25,0.4299896854048484,0.1848911295545605
83,Roland Garros,2018,Clay,2,0,0,0,0,,0,0,0,0,0,0,0,0,0,0,1,1,255.0,0.03242524916943523,476.0,1,0,0,0,0,0,0,11.0,27.0,167.5,1,Roland Garros_2018,0,0,121.0,-4.570010314595152,20.884994275506077
84,Roland Garros,2018,Clay,2,1,1,1,0,,1,0,0,1,0,0,0,0,0,0,0,0,66.5,0.0494479680526192,7.0,0,0,0,1,0,0,0,9.0,28.0,43.0,1,Roland Garros_2018,1,1,81.0,-3.5700103145951516,12.744973646315774
85,Roland Garros,2018,Clay,2,1,1,1,0,,0,0,0,1,0,1,0,0,0,0,0,0,21.0,0.04004484672810305,24.0,0,0,1,0,0,0,0,17.5,37.5,242.0,0,Roland Garros_2018,1,1,306.25,5.929989685404848,35.16477766900789
86,Roland Garros,2018,Clay,2,0,0,0,0,,0,0,0,0,0,0,0,0,0,1,1,1,45.5,0.03226077680208939,3.0,0,0,0,0,0,0,0,17.0,36.5,76.5,1,Roland Garros_2018,0,0,289.0,4.929989685404848,24.304798298198197
87,Roland Garros,2018,Clay,2,0,0,0,0,,0,0,0,0,0,0,0,0,0,0,0,0,98.5,0.1231476750127747,3.0,1,0,0,0,0,0,0,14.0,34.0,94.5,1,Roland Garros_2018,0,0,196.0,2.4299896854048484,5.904849871173954
88,Roland Garros,2018,Clay,2,0,0,0,0,,0,0,0,0,0,0,0,0,0,1,1,1,730.0,,424.0,0,0,0,0,0,0,0,8.0,26.5,45.0,1,Roland Garros_2018,0,0,64.0,-5.070010314595152,25.70500459010123
89,Roland Garros,2018,Clay,2,1,1,0,0,,1,0,0,1,0,0,0,0,0,0,1,1,112.0,0.1720016125781093,118.0,0,0,0,0,0,0,0,13.0,30.0,501.5,1,Roland Garros_2018,0,1,169.0,-1.5700103145951516,2.464932387935167
90,Roland Garros,2018,Clay,2,1,1,1,0,,0,0,0,0,0,0,0,0,0,0,1,1,54.0,0.02478415047795252,8.0,0,0,0,0,0,0,0,10.0,32.5,74.0,1,Roland Garros_2018,0,0,100.0,0.9299896854048484,0.8648808149594088
91,Roland Garros,2018,Clay,2,1,1,1,0,,0,0,0,1,0,1,0,0,0,0,0,0,74.5,0.05838389817966549,15.0,0,0,1,0,0,0,0,10.0,32.0,54.5,0,Roland Garros_2018,1,1,100.0,0.4299896854048484,0.1848911295545605
92,Roland Garros,2018,Clay,2,1,1,1,0,,0,0,0,0,0,0,0,0,0,1,1,1,437.0,0.04999999999999999,186.0,0,0,0,0,0,0,0,4.0,23.0,86.0,1,Roland Garros_2018,0,0,16.0,-8.570010314595152,73.44507679226729
93,Roland Garros,2018,Clay,2,0,0,0,0,,0,0,0,0,0,0,0,0,0,1,1,1,514.5,0.2410329985652797,347.0,0,0,0,0,0,0,0,2.0,21.5,159.0,1,Roland Garros_2018,0,0,4.0,-10.070010314595152,101.40510773605274
94,Roland Garros,2018,Clay,2,0,0,0,0,,0,0,0,0,0,0,0,0,0,1,1,1,37.0,0.2701571339911314,64.0,1,0,0,0,0,0,0,16.0,35.5,56.5,1,Roland Garros_2018,0,0,256.0,3.9299896854048484,15.4448189273885
95,Roland Garros,2018,Clay,3,0,0,0,0,,0,0,0,0,0,0,0,0,0,1,1,1,345.5,0.08572385310860586,309.0,0,0,0,0,0,0,0,11.5,30.0,2.5,1,Roland Garros_2018,0,0,132.25,-1.5700103145951516,2.464932387935167
96,Roland Garros,2018,Clay,3,0,0,0,0,,0,0,0,0,0,0,0,0,0,1,1,1,172.0,0.0591861327400815,254.0,1,0,0,0,0,0,0,10.0,29.0,2.5,1,Roland Garros_2018,0,0,100.0,-2.5700103145951516,6.60495301712547
97,Roland Garros,2018,Clay,3,0,0,0,0,,0,0,0,0,0,0,0,0,0,1,1,1,324.0,0.3211907559733647,356.0,1,0,0,0,0,0,0,6.5,26.5,7.5,1,Roland Garros_2018,0,0,42.25,-5.070010314595152,25.70500459010123
98,Roland Garros,2018,Clay,3,1,1,1,0,,0,0,0,0,0,0,0,0,0,1,1,1,159.0,0.01666666666666672,128.0,0,0,0,0,0,0,0,9.5,27.0,12.0,1,Roland Garros_2018,0,0,90.25,-4.570010314595152,20.884994275506077
99,Roland Garros,2018,Clay,3,1,1,1,0,,0,0,0,0,0,0,0,0,0,1,1,1,45.0,0.03194616977225673,12.0,0,0,0,0,0,0,0,14.5,33.0,18.5,1,Roland Garros_2018,0,0,210.25,1.4299896854048484,2.044870500364257
100,Roland Garros,2018,Clay,3,0,0,0,0,,0,0,0,0,0,0,0,0,0,0,0,0,237.5,0.07918036933974198,87.0,0,0,0,0,0,0,0,11.0,27.5,22.0,1,Roland Garros_2018,0,0,121.0,-4.070010314595152,16.564983960910926
101,Roland Garros,2018,Clay,3,1,1,1,0,,0,0,0,0,0,0,0,0,0,0,1,1,76.5,0.2081261370527593,7.0,0,0,0,0,0,0,0,9.0,27.5,23.0,1,Roland Garros_2018,0,0,81.0,-4.070010314595152,16.564983960910926
102,Roland Garros,2018,Clay,3,0,0,0,0,,0,0,0,0,0,0,0,0,0,0,0,0,43.0,0.07140883614451488,26.0,0,0,0,0,0,0,0,14.5,32.0,24.0,1,Roland Garros_2018,0,0,210.25,0.4299896854048484,0.1848911295545605
103,Roland Garros,2018,Clay,3,0,0,0,0,,0,0,0,0,0,0,0,0,0,1,1,1,337.5,0.1636363636363636,161.0,0,0,0,0,0,0,0,3.0,24.0,26.0,1,Roland Garros_2018,0,0,9.0,-7.570010314595152,57.30505616307698
104,Roland Garros,2018,Clay,3,1,1,1,0,,0,0,0,0,0,0,0,0,0,0,0,0,167.5,0.0613164184592756,63.0,0,0,0,0,0,0,0,11.0,28.5,74.5,1,Roland Garros_2018,0,0,121.0,-3.0700103145951516,9.424963331720623
105,Roland Garros,2018,Clay,3,0,0,0,0,,0,0,0,1,0,1,0,0,0,1,1,1,56.5,0.1482898289828982,9.0,0,0,0,0,0,0,0,8.5,32.0,721.0,0,Roland Garros_2018,0,0,72.25,0.4299896854048484,0.1848911295545605
106,Roland Garros,2018,Clay,3,0,0,0,0,,0,0,0,1,0,0,0,0,0,0,0,0,11.5,0.04913998809726816,1.0,0,0,0,0,0,0,0,15.5,34.0,94.5,1,Roland Garros_2018,0,0,240.25,2.4299896854048484,5.904849871173954
107,Roland Garros,2018,Clay,3,0,0,0,0,,0,0,0,1,0,1,0,0,0,0,1,1,35.5,0.07263736263736265,3.0,0,0,0,0,0,0,0,15.0,35.0,501.5,0,Roland Garros_2018,0,0,225.0,3.4299896854048484,11.764829241983652
108,Roland Garros,2018,Clay,3,0,0,0,0,,0,0,0,0,0,0,0,0,0,0,1,1,23.5,0.07558847068884234,7.0,0,0,0,0,0,0,0,14.5,32.0,74.0,1,Roland Garros_2018,0,0,210.25,0.4299896854048484,0.1848911295545605
109,Roland Garros,2018,Clay,3,0,0,0,0,,0,0,0,1,0,1,0,0,0,0,0,0,22.5,0.01015821763930658,13.0,0,0,0,0,0,0,0,14.0,33.5,54.5,0,Roland Garros_2018,0,0,196.0,1.9299896854048484,3.7248601857691055
110,Roland Garros,2018,Clay,3,0,0,0,0,,0,0,0,0,0,0,0,0,0,0,0,0,242.0,0.08594059405940602,332.0,0,0,0,0,0,0,0,9.5,29.5,86.0,1,Roland Garros_2018,0,0,90.25,-2.0700103145951516,4.284942702530318
111,Roland Garros,2018,Clay,4,0,0,0,0,,0,0,0,1,0,0,0,0,0,0,0,1,74.5,0.2538135325020571,13.0,0,0,0,0,0,0,0,9.5,32.5,2.5,1,Roland Garros_2018,0,0,90.25,0.9299896854048484,0.8648808149594088
112,Roland Garros,2018,Clay,4,1,1,1,0,,0,0,0,0,0,0,0,0,0,1,1,1,721.0,0.176056338028169,910.0,0,0,0,0,0,0,0,19.5,37.0,7.5,1,Roland Garros_2018,0,0,380.25,5.429989685404848,29.484787983603045
113,Roland Garros,2018,Clay,4,0,0,0,0,,0,0,0,1,0,1,0,0,0,0,0,0,54.5,0.1403679653679654,11.0,0,0,0,0,0,0,0,13.5,30.5,12.0,0,Roland Garros_2018,0,0,182.25,-1.0700103145951516,1.1449220733400154
114,Roland Garros,2018,Clay,4,0,0,0,0,,0,0,0,0,0,0,0,0,0,1,1,1,74.0,0.186978246758148,84.0,1,0,0,0,0,0,0,6.5,27.5,18.5,1,Roland Garros_2018,0,0,42.25,-4.070010314595152,16.564983960910926
115,Roland Garros,2018,Clay,4,1,1,1,0,,0,0,0,0,0,0,0,0,0,0,1,1,23.0,0.01088081143884523,16.0,0,0,0,0,0,0,0,12.5,33.5,22.0,1,Roland Garros_2018,0,0,156.25,1.9299896854048484,3.7248601857691055
116,Roland Garros,2018,Clay,4,0,0,0,0,,0,0,0,0,0,0,0,0,0,0,0,0,86.0,0.01754186341999969,2.0,0,0,0,0,0,0,0,12.5,30.0,24.0,1,Roland Garros_2018,0,0,156.25,-1.5700103145951516,2.464932387935167
117,Roland Garros,2018,Clay,4,1,1,1,0,,0,0,0,0,0,0,0,0,0,0,0,0,2.5,0.005113704012382425,1.0,0,0,0,0,0,0,0,18.0,35.5,26.0,1,Roland Garros_2018,0,0,324.0,3.9299896854048484,15.4448189273885
118,Roland Garros,2018,Clay,4,0,0,0,0,,0,0,0,0,0,0,0,0,0,1,1,1,501.5,0.02790697674418613,371.0,0,0,0,0,0,0,0,11.0,30.5,94.5,1,Roland Garros_2018,0,0,121.0,-1.0700103145951516,1.1449220733400154
119,Roland Garros,2018,Clay,5,0,0,0,0,,0,0,0,1,0,1,0,0,0,1,1,1,12.0,0.006430370146846442,4.0,0,0,0,0,0,0,0,10.5,31.5,2.5,0,Roland Garros_2018,0,0,110.25,-0.07001031459515161,0.004901444149712099
120,Roland Garros,2018,Clay,5,1,1,1,0,,0,0,0,0,0,0,0,0,0,0,1,1,94.5,0.06007751937984496,31.0,0,0,0,0,0,0,0,10.0,29.0,18.5,1,Roland Garros_2018,0,0,100.0,-2.5700103145951516,6.60495301712547
121,Roland Garros,2018,Clay,5,1,1,1,0,,0,0,0,0,0,0,0,0,0,0,0,0,26.0,0.02621829619041405,4.0,0,0,0,0,0,0,0,15.5,36.5,22.0,1,Roland Garros_2018,0,0,240.25,4.929989685404848,24.304798298198197
122,Roland Garros,2018,Clay,5,1,1,1,0,,1,0,0,1,0,0,0,0,0,0,0,0,7.5,0.03954461804929088,1.0,0,0,0,1,0,0,0,8.5,29.0,24.0,1,Roland Garros_2018,1,1,72.25,-2.5700103145951516,6.60495301712547
123,Roland Garros,2018,Clay,6,0,0,0,0,,0,0,0,0,0,0,0,0,0,1,1,1,24.0,0.09247104247104243,4.0,0,0,0,0,0,0,0,20.0,36.5,2.5,1,Roland Garros_2018,0,0,400.0,4.929989685404848,24.304798298198197
124,Roland Garros,2018,Clay,6,0,0,0,0,,0,0,0,0,0,0,0,0,0,0,0,0,22.0,0.05176174945195955,2.0,0,0,0,0,0,0,0,15.0,34.0,18.5,1,Roland Garros_2018,0,0,225.0,2.4299896854048484,5.904849871173954
125,Roland Garros,2018,Clay,7,1,1,1,0,,0,0,0,0,0,0,0,0,0,0,0,0,2.5,0.1054227223003594,3.0,0,0,0,0,0,0,0,13.5,31.5,18.5,1,Roland Garros_2018,0,0,182.25,-0.07001031459515161,0.004901444149712099
126,US Open,2018,Hard,2,1,1,1,0,,1,0,0,1,0,1,0,0,0,0,1,1,58.5,0.2146683052380179,1.0,0,0,0,0,0,0,0,7.0,29.5,7.5,0,US Open_2018,0,1,49.0,-2.0700103145951516,4.284942702530318
127,US Open,2018,Hard,2,0,0,0,0,,0,0,0,0,0,0,0,0,0,1,1,1,681.0,0.3,1164.0,0,0,0,0,0,0,0,15.5,33.0,1.5,1,US Open_2018,0,0,240.25,1.4299896854048484,2.044870500364257
128,US Open,2018,Hard,2,0,0,0,0,,0,0,0,0,0,0,0,0,0,0,1,1,222.0,0.202020202020202,112.0,0,0,0,0,0,0,0,11.0,29.0,11.5,1,US Open_2018,0,0,121.0,-2.5700103145951516,6.60495301712547
129,US Open,2018,Hard,2,0,0,0,0,,0,0,0,0,0,0,0,0,0,0,0,0,231.0,,288.0,0,0,0,0,0,0,0,14.0,32.0,9.5,1,US Open_2018,0,0,196.0,0.4299896854048484,0.1848911295545605
130,US Open,2018,Hard,2,0,0,0,0,,0,0,0,0,0,0,0,0,0,0,0,0,78.5,0.06221116246000713,15.0,0,0,0,0,0,0,0,10.0,28.5,22.5,1,US Open_2018,0,0,100.0,-3.0700103145951516,9.424963331720623
131,US Open,2018,Hard,2,1,1,1,0,,0,0,0,0,0,0,0,0,0,0,0,0,189.5,0.00795079507950791,21.0,0,0,0,0,0,0,0,5.0,33.0,5.5,1,US Open_2018,0,0,25.0,1.4299896854048484,2.044870500364257
132,US Open,2018,Hard,2,0,0,0,0,,0,0,0,0,0,0,0,0,0,0,0,0,665.5,0.1302408563782337,723.0,0,0,0,0,0,0,0,12.5,30.0,17.0,1,US Open_2018,0,0,156.25,-1.5700103145951516,2.464932387935167
133,US Open,2018,Hard,2,1,1,0,0,,1,0,0,1,0,0,0,0,0,0,1,1,72.0,0.02478415047795252,24.0,0,0,0,0,0,0,0,10.0,32.5,17.0,1,US Open_2018,0,1,100.0,0.9299896854048484,0.8648808149594088
134,US Open,2018,Hard,2,0,0,0,0,,0,0,0,1,0,1,0,0,0,1,1,1,990.0,0.0,1082.0,0,0,0,0,0,0,0,1.0,19.0,27.5,0,US Open_2018,0,0,1.0,-12.570010314595152,158.0051593090285
135,US Open,2018,Hard,2,1,1,1,0,,0,0,0,1,0,0,0,0,0,0,0,0,82.0,0.08163625143260161,12.0,0,0,0,1,0,0,0,5.0,24.5,23.0,1,US Open_2018,1,1,25.0,-7.070010314595152,49.98504584848183
136,US Open,2018,Hard,2,0,0,0,0,,0,0,0,0,0,0,0,0,0,0,0,0,55.0,0.1362536834234948,26.0,0,0,0,0,0,0,0,10.5,30.5,32.5,1,US Open_2018,0,0,110.25,-1.0700103145951516,1.1449220733400154
137,US Open,2018,Hard,2,1,1,0,0,,1,0,0,1,0,0,0,0,0,1,1,1,250.0,0.03286107831562385,76.0,0,0,0,0,0,0,0,7.5,25.5,35.5,1,US Open_2018,0,1,56.25,-6.070010314595152,36.84502521929153
138,US Open,2018,Hard,2,0,0,0,0,,0,0,0,1,0,1,0,0,0,0,0,0,253.0,,290.0,0,0,0,0,0,0,0,14.0,32.0,28.0,0,US Open_2018,0,0,196.0,0.4299896854048484,0.1848911295545605
139,US Open,2018,Hard,2,1,1,1,0,,0,0,0,0,0,0,0,0,0,0,0,0,49.0,0.04240934496626003,32.0,0,0,0,0,0,0,0,17.0,37.5,30.5,1,US Open_2018,0,0,289.0,5.929989685404848,35.16477766900789
140,US Open,2018,Hard,2,1,1,1,0,,0,0,0,0,0,0,0,0,0,1,1,1,49.0,0.1482898289828982,12.0,0,0,0,0,0,0,0,8.5,32.0,82.0,1,US Open_2018,0,0,72.25,0.4299896854048484,0.1848911295545605
141,US Open,2018,Hard,2,1,1,1,0,,0,0,0,1,0,0,0,0,0,0,0,0,25.0,0.02195281782437752,8.0,0,0,0,0,0,0,0,6.5,27.0,180.5,1,US Open_2018,0,0,42.25,-4.570010314595152,20.884994275506077
142,US Open,2018,Hard,2,0,0,0,0,,0,0,0,1,0,0,0,0,0,1,1,1,195.0,0.35,236.0,1,0,0,0,0,0,0,5.5,24.5,83.5,1,US Open_2018,0,0,30.25,-7.070010314595152,49.98504584848183
143,US Open,2018,Hard,2,0,0,0,0,,0,0,0,0,0,0,0,0,0,0,1,1,70.5,0.2607514954703219,9.0,0,0,0,0,0,0,0,20.0,41.0,101.0,1,US Open_2018,0,0,400.0,9.429989685404848,88.92470546684183
144,US Open,2018,Hard,2,1,1,1,0,,0,0,0,0,0,0,0,0,0,0,0,0,50.5,0.1579317013588478,3.0,0,0,0,0,0,0,0,18.5,36.5,45.0,1,US Open_2018,0,0,342.25,4.929989685404848,24.304798298198197
145,US Open,2018,Hard,2,1,1,1,0,,0,0,0,0,0,0,0,0,0,0,1,1,112.0,0.1789263490294418,64.0,0,0,0,0,0,0,0,9.5,28.0,49.5,1,US Open_2018,0,0,90.25,-3.5700103145951516,12.744973646315774
146,US Open,2018,Hard,2,0,0,0,0,,0,0,0,0,0,0,0,0,0,1,1,1,277.0,0.08712121212121221,68.0,1,0,0,0,0,0,0,11.0,29.0,105.0,1,US Open_2018,0,0,121.0,-2.5700103145951516,6.60495301712547
147,US Open,2018,Hard,2,0,0,0,0,,0,0,0,0,0,0,0,0,0,1,1,1,1001.0,0.2649903288201161,50.0,0,0,0,0,0,0,0,4.0,24.0,123.5,1,US Open_2018,0,0,16.0,-7.570010314595152,57.30505616307698
148,US Open,2018,Hard,2,0,0,0,0,,0,0,0,0,0,0,0,0,0,0,0,0,71.0,0.01599881322649022,4.0,0,0,0,0,0,0,0,16.0,37.5,45.5,1,US Open_2018,0,0,256.0,5.929989685404848,35.16477766900789
149,US Open,2018,Hard,2,0,0,0,0,,0,0,0,0,0,0,0,0,0,0,1,1,190.0,0.3518279569892473,86.0,0,0,0,0,0,0,0,16.5,37.0,155.5,1,US Open_2018,0,0,272.25,5.429989685404848,29.484787983603045
150,US Open,2018,Hard,2,0,0,0,0,,0,0,0,0,0,0,0,0,0,1,1,1,134.0,0.4191176470588235,18.0,0,0,0,0,0,0,0,5.0,26.0,48.5,1,US Open_2018,0,0,25.0,-5.570010314595152,31.02501490469638
151,US Open,2018,Hard,2,0,0,0,0,,0,0,0,0,0,0,0,0,0,0,0,0,57.5,0.01790277787396721,33.0,0,0,0,0,0,0,0,21.0,39.5,118.0,1,US Open_2018,0,0,441.0,7.929989685404848,62.88473641062728
152,US Open,2018,Hard,2,0,0,0,0,,0,0,0,1,0,1,0,0,0,0,0,0,155.0,0.06178266178266179,108.0,0,0,0,0,0,0,0,4.5,24.5,353.5,0,US Open_2018,0,0,20.25,-7.070010314595152,49.98504584848183
153,US Open,2018,Hard,2,1,1,1,0,,0,0,0,1,0,1,0,0,0,0,0,0,3.5,0.1054227223003594,1.0,0,0,0,0,0,0,0,13.5,31.5,60.0,0,US Open_2018,0,0,182.25,-0.07001031459515161,0.004901444149712099
154,US Open,2018,Hard,2,0,0,0,0,,0,0,0,0,0,0,0,0,0,1,1,1,176.5,0.3211907559733647,111.0,1,0,0,0,0,0,0,6.5,26.5,370.0,1,US Open_2018,0,0,42.25,-5.070010314595152,25.70500459010123
155,US Open,2018,Hard,2,1,1,1,0,,0,0,0,0,0,0,0,0,0,0,0,0,306.0,0.1741953698475437,426.0,1,0,0,0,0,0,0,12.5,31.0,87.0,1,US Open_2018,0,0,156.25,-0.5700103145951516,0.3249117587448637
156,US Open,2018,Hard,2,0,0,0,0,,0,0,0,0,0,0,0,0,0,0,0,0,170.5,0.0005347593582887833,157.0,0,0,0,0,0,0,0,9.0,27.0,72.5,1,US Open_2018,0,0,81.0,-4.570010314595152,20.884994275506077
157,US Open,2018,Hard,2,0,0,0,0,,0,0,0,0,0,0,0,0,0,1,1,1,613.0,0.0,20.0,0,0,0,0,0,0,0,1.0,21.5,38.0,1,US Open_2018,0,0,1.0,-10.070010314595152,101.40510773605274
158,US Open,2018,Hard,3,0,0,0,0,,0,0,0,0,0,0,0,0,0,0,0,0,370.0,0.1474401595744681,296.0,0,0,0,0,0,0,0,3.0,23.0,1.5,1,US Open_2018,0,0,9.0,-8.570010314595152,73.44507679226729
159,US Open,2018,Hard,3,0,0,0,0,,0,0,0,0,0,0,0,0,0,0,0,0,45.0,0.1003563845920534,2.0,0,0,0,0,0,0,0,10.0,29.0,11.5,1,US Open_2018,0,0,100.0,-2.5700103145951516,6.60495301712547
160,US Open,2018,Hard,3,1,1,1,0,,0,0,0,0,0,0,0,0,0,0,0,0,49.5,0.07140883614451488,9.0,0,0,0,0,0,0,0,14.5,32.0,9.5,1,US Open_2018,0,0,210.25,0.4299896854048484,0.1848911295545605
161,US Open,2018,Hard,3,0,0,0,0,,0,0,0,1,0,0,0,0,0,0,1,1,38.0,0.005721003134796288,2.0,0,0,0,0,0,0,0,17.0,32.0,5.5,1,US Open_2018,0,0,289.0,0.4299896854048484,0.1848911295545605
162,US Open,2018,Hard,3,0,0,0,0,,0,0,0,0,0,0,0,0,0,1,1,1,83.5,0.07673039392159464,41.0,0,0,0,0,0,0,0,14.5,32.0,17.0,1,US Open_2018,0,0,210.25,0.4299896854048484,0.1848911295545605
163,US Open,2018,Hard,3,1,1,1,0,,0,0,0,0,0,0,0,0,0,1,1,1,123.5,0.001020408163265318,1.0,0,0,0,0,0,0,0,2.5,25.5,23.0,1,US Open_2018,0,0,6.25,-6.070010314595152,36.84502521929153
164,US Open,2018,Hard,3,0,0,0,0,,0,0,0,1,0,0,0,0,0,1,1,1,72.5,0.1401190476190477,21.0,0,0,0,0,0,0,0,12.0,32.5,35.5,1,US Open_2018,0,0,144.0,0.9299896854048484,0.8648808149594088
165,US Open,2018,Hard,3,0,0,0,0,,0,0,0,0,0,0,0,0,0,0,1,1,105.0,0.0321179272398785,46.0,0,0,0,0,0,0,0,7.0,28.0,28.0,1,US Open_2018,0,0,49.0,-3.5700103145951516,12.744973646315774
166,US Open,2018,Hard,3,1,1,1,0,,0,0,0,1,0,1,0,0,0,0,0,0,353.5,0.03135228251507322,153.0,0,0,1,0,0,0,0,6.5,24.0,30.5,0,US Open_2018,1,1,42.25,-7.570010314595152,57.30505616307698
167,US Open,2018,Hard,3,1,1,1,0,,0,0,0,1,0,1,0,0,0,0,0,0,22.5,0.05927088002390557,5.0,0,0,0,0,0,0,0,15.0,35.0,82.0,0,US Open_2018,0,0,225.0,3.4299896854048484,11.764829241983652
168,US Open,2018,Hard,3,1,1,1,0,,1,0,0,1,0,0,0,0,0,0,0,0,7.5,0.03954461804929088,1.0,0,0,0,0,0,0,0,8.5,29.0,101.0,1,US Open_2018,0,1,72.25,-2.5700103145951516,6.60495301712547
169,US Open,2018,Hard,3,1,1,1,0,,0,0,0,0,0,0,0,0,0,0,1,1,17.0,0.01088081143884523,4.0,0,0,0,0,0,0,0,12.5,33.5,45.5,1,US Open_2018,0,0,156.25,1.9299896854048484,3.7248601857691055
170,US Open,2018,Hard,3,0,0,0,0,,0,0,0,1,0,0,0,0,0,1,1,1,27.5,0.09247104247104243,1.0,0,0,0,0,0,0,0,20.0,36.5,155.5,1,US Open_2018,0,0,400.0,4.929989685404848,24.304798298198197
171,US Open,2018,Hard,3,1,1,1,0,,0,0,0,0,0,0,0,0,0,1,1,1,180.5,0.1854903002923199,109.0,0,0,0,0,0,0,0,9.5,28.0,48.5,1,US Open_2018,0,0,90.25,-3.5700103145951516,12.744973646315774
172,US Open,2018,Hard,3,1,1,1,0,,0,0,0,0,0,0,0,0,0,0,1,1,32.5,0.07263736263736265,3.0,0,0,0,0,0,0,0,15.0,35.0,118.0,1,US Open_2018,0,0,225.0,3.4299896854048484,11.764829241983652
173,US Open,2018,Hard,3,0,0,0,0,,0,0,0,0,0,0,0,0,0,0,0,0,60.0,0.01754186341999969,24.0,0,0,0,0,0,0,0,12.5,30.0,87.0,1,US Open_2018,0,0,156.25,-1.5700103145951516,2.464932387935167
174,US Open,2018,Hard,4,0,0,0,0,,0,0,0,0,0,0,0,0,0,0,0,0,30.5,0.05884820747520975,15.0,0,0,0,0,0,0,0,1.0,31.5,1.5,1,US Open_2018,0,0,1.0,-0.07001031459515161,0.004901444149712099
175,US Open,2018,Hard,4,1,1,1,0,,0,0,0,0,0,0,0,0,0,1,1,1,35.5,0.03194616977225673,1.0,0,0,0,0,0,0,0,14.5,33.0,11.5,1,US Open_2018,0,0,210.25,1.4299896854048484,2.044870500364257
176,US Open,2018,Hard,4,0,0,0,0,,0,0,0,1,0,0,0,0,0,0,0,0,23.0,0.03334115293248452,2.0,0,0,0,0,0,0,0,14.5,32.5,9.5,1,US Open_2018,0,0,210.25,0.9299896854048484,0.8648808149594088
177,US Open,2018,Hard,4,0,0,0,0,,0,0,0,1,0,0,0,0,0,1,1,1,17.0,0.0790823211875844,2.0,0,0,0,0,0,0,0,13.0,31.5,5.5,1,US Open_2018,0,0,169.0,-0.07001031459515161,0.004901444149712099
178,US Open,2018,Hard,4,1,1,1,0,,0,0,0,1,0,0,0,0,0,1,1,1,101.0,0.02179137210984344,62.0,0,0,0,0,0,0,0,12.5,31.5,28.0,1,US Open_2018,0,0,156.25,-0.07001031459515161,0.004901444149712099
179,US Open,2018,Hard,4,1,1,0,0,,1,0,0,1,0,0,0,0,0,1,1,1,155.5,0.02890756302521014,205.0,0,0,0,0,0,0,0,11.0,25.0,82.0,1,US Open_2018,0,1,121.0,-6.570010314595152,43.16503553388668
180,US Open,2018,Hard,4,0,0,0,0,,0,0,0,0,0,0,0,0,0,0,0,0,48.5,0.08948856711033115,3.0,0,0,0,0,0,0,0,11.0,29.5,45.5,1,US Open_2018,0,0,121.0,-2.0700103145951516,4.284942702530318
181,US Open,2018,Hard,4,0,0,0,0,,0,0,0,0,0,0,0,0,0,0,0,0,87.0,0.0741676755447942,140.0,0,0,0,0,0,0,0,14.5,33.5,118.0,1,US Open_2018,0,0,210.25,1.9299896854048484,3.7248601857691055
182,US Open,2018,Hard,5,1,1,1,0,,0,0,0,0,0,0,0,0,0,0,1,1,45.5,0.06007751937984496,11.0,0,0,0,0,0,0,0,10.0,29.0,1.5,1,US Open_2018,0,0,100.0,-2.5700103145951516,6.60495301712547
183,US Open,2018,Hard,5,0,0,0,0,,0,0,0,0,0,0,0,0,0,0,0,0,28.0,0.02621829619041405,4.0,0,0,0,0,0,0,0,15.5,36.5,9.5,1,US Open_2018,0,0,240.25,4.929989685404848,24.304798298198197
184,US Open,2018,Hard,5,0,0,0,0,,0,0,0,0,0,0,0,0,0,1,1,1,118.0,0.1939862718983711,114.0,0,0,0,0,0,0,0,6.5,27.5,5.5,1,US Open_2018,0,0,42.25,-4.070010314595152,16.564983960910926
185,US Open,2018,Hard,5,0,0,0,0,,0,0,0,0,0,0,0,0,0,0,0,0,11.5,0.04913998809726816,1.0,0,0,0,0,0,0,0,15.5,34.0,82.0,1,US Open_2018,0,0,240.25,2.4299896854048484,5.904849871173954
186,US Open,2018,Hard,6,1,1,1,0,,0,0,0,1,0,0,0,0,0,1,1,1,9.5,0.006430370146846442,1.0,0,0,0,1,0,0,0,10.5,31.5,1.5,1,US Open_2018,1,1,110.25,-0.07001031459515161,0.004901444149712099
187,US Open,2018,Hard,6,1,1,1,0,,0,0,0,1,0,0,0,0,0,0,0,0,82.0,0.06720430107526876,36.0,0,0,0,0,0,0,0,12.5,31.5,5.5,1,US Open_2018,0,0,156.25,-0.07001031459515161,0.004901444149712099
188,US Open,2018,Hard,7,0,0,0,0,,0,0,0,0,0,0,0,0,0,0,0,0,5.5,0.005113704012382425,1.0,0,0,0,0,0,0,0,18.0,35.5,1.5,1,US Open_2018,0,0,324.0,3.9299896854048484,15.4448189273885
189,Wimbledon,2018,Grass,1,1,1,1,1,3.0,0,0,0,1,0,0,0,0,0,0,0,0,99.5,0.1995238095238096,11.0,0,0,0,1,0,0,0,10.0,28.0,112.5,1,Wimbledon_2018,1,1,100.0,-3.5700103145951516,12.744973646315774
190,Wimbledon,2018,Grass,1,1,1,1,0,,0,0,0,0,0,0,0,0,0,1,1,1,873.0,0.6332288401253918,744.0,0,0,0,0,0,0,0,3.0,27.5,93.5,1,Wimbledon_2018,0,0,9.0,-4.070010314595152,16.564983960910926
191,Wimbledon,2018,Grass,1,1,1,1,0,,0,0,0,0,0,0,0,0,0,1,1,1,98.0,0.006165839829907926,10.0,0,0,0,0,0,0,0,4.5,26.0,102.5,1,Wimbledon_2018,0,0,20.25,-5.570010314595152,31.02501490469638
192,Wimbledon,2018,Grass,1,0,0,0,0,,0,0,0,0,0,0,0,0,0,0,0,0,91.5,0.003307706061147886,7.0,0,0,0,0,0,0,0,1.0,33.5,108.5,1,Wimbledon_2018,0,0,1.0,1.9299896854048484,3.7248601857691055
193,Wimbledon,2018,Grass,0,1,0,0,1,3.0,0,0,0,1,0,1,0,0,0,0,0,0,222.0,0.09732094040459266,118.0,0,0,0,0,0,0,0,10.0,28.0,91.5,0,Wimbledon_2018,0,1,100.0,-3.5700103145951516,12.744973646315774
194,Wimbledon,2018,Grass,0,0,0,0,0,,0,0,0,0,0,0,0,0,0,1,1,1,109.0,0.0,0.0,0,0,0,0,0,0,0,14.0,36.0,98.0,1,Wimbledon_2018,0,0,196.0,4.429989685404848,19.62480861279335
195,Wimbledon,2018,Grass,0,1,1,1,0,,0,0,0,0,0,0,0,0,0,0,1,1,202.5,0.2310267857142857,103.0,0,0,0,0,0,0,0,6.5,26.5,112.5,1,Wimbledon_2018,0,0,42.25,-5.070010314595152,25.70500459010123
196,Wimbledon,2018,Grass,0,1,1,1,0,,0,0,0,0,0,0,0,0,0,1,1,1,484.5,,499.0,0,0,0,0,0,0,0,11.0,23.0,93.5,1,Wimbledon_2018,0,0,121.0,-8.570010314595152,73.44507679226729
197,Wimbledon,2018,Grass,0,0,0,0,0,,0,0,0,1,0,0,0,0,0,0,0,0,187.0,0.3725490196078431,126.0,0,0,0,0,0,0,0,7.5,24.0,102.5,1,Wimbledon_2018,0,0,56.25,-7.570010314595152,57.30505616307698
198,Wimbledon,2018,Grass,0,0,0,0,0,,0,0,0,0,0,0,0,0,0,0,0,0,235.5,0.1616541353383459,225.0,0,0,0,0,0,0,0,10.5,28.0,108.5,1,Wimbledon_2018,0,0,110.25,-3.5700103145951516,12.744973646315774
199,Wimbledon,2018,Grass,0,0,0,0,0,,0,0,0,1,0,0,0,0,0,0,0,0,116.0,0.1424242424242424,8.0,0,0,0,0,0,0,0,1.0,30.0,99.5,1,Wimbledon_2018,0,0,1.0,-1.5700103145951516,2.464932387935167
200,Wimbledon,2018,Grass,0,1,0,0,1,3.0,0,0,0,1,0,1,0,0,0,0,0,0,109.5,,15.0,0,0,0,0,0,0,0,9.0,27.0,873.0,0,Wimbledon_2018,0,1,81.0,-4.570010314595152,20.884994275506077
201,Wimbledon,2018,Grass,2,0,0,0,0,,0,0,0,1,0,0,0,0,0,1,1,1,79.5,0.001418988648090869,3.0,0,0,0,0,0,0,0,5.0,23.0,3.5,1,Wimbledon_2018,0,0,25.0,-8.570010314595152,73.44507679226729
202,Wimbledon,2018,Grass,2,0,0,0,0,,0,0,0,1,0,0,0,0,0,0,0,0,381.0,0.1225806451612903,42.0,0,0,0,0,0,0,0,7.5,25.5,9.5,1,Wimbledon_2018,0,0,56.25,-6.070010314595152,36.84502521929153
203,Wimbledon,2018,Grass,2,0,0,0,0,,0,0,0,1,0,0,0,0,0,0,0,0,195.0,0.1303827751196172,38.0,0,0,0,0,0,0,0,13.0,33.5,13.5,1,Wimbledon_2018,0,0,169.0,1.9299896854048484,3.7248601857691055
204,Wimbledon,2018,Grass,2,1,1,1,0,,0,0,0,1,0,0,0,0,0,1,1,1,100.0,0.0941830639191586,70.0,1,0,0,0,0,0,0,12.5,31.0,14.0,1,Wimbledon_2018,0,0,156.25,-0.5700103145951516,0.3249117587448637
206,Wimbledon,2018,Grass,2,0,0,0,0,,0,0,0,1,0,0,0,0,0,0,0,0,401.0,0.1271255760368664,600.0,0,0,0,0,0,0,0,23.0,41.5,18.5,1,Wimbledon_2018,0,0,529.0,9.929989685404848,98.60469515224668
207,Wimbledon,2018,Grass,2,1,1,1,0,,0,0,0,1,0,0,0,0,0,1,1,1,287.5,,535.0,0,0,0,0,0,0,0,18.5,36.0,23.5,1,Wimbledon_2018,0,0,342.25,4.429989685404848,19.62480861279335
208,Wimbledon,2018,Grass,2,1,1,0,0,,0,1,0,1,0,0,0,0,0,0,0,0,112.5,0.1216022889842632,3.0,0,0,0,0,0,0,0,8.5,30.0,25.0,1,Wimbledon_2018,0,0,72.25,-1.5700103145951516,2.464932387935167
209,Wimbledon,2018,Grass,2,0,0,0,0,,0,0,0,1,0,0,0,0,0,1,1,1,397.5,0.07820104044302728,423.0,0,0,0,0,0,0,0,7.5,24.0,25.0,1,Wimbledon_2018,0,0,56.25,-7.570010314595152,57.30505616307698
210,Wimbledon,2018,Grass,2,0,0,0,0,,0,0,0,1,0,0,0,0,0,1,1,1,124.0,0.112283014722039,40.0,0,0,0,0,0,0,0,13.5,31.0,26.5,1,Wimbledon_2018,0,0,182.25,-0.5700103145951516,0.3249117587448637
211,Wimbledon,2018,Grass,2,0,0,0,0,,0,0,0,1,0,0,0,0,0,0,1,1,51.0,0.02478415047795252,8.0,0,0,0,0,0,0,0,10.0,32.5,29.5,1,Wimbledon_2018,0,0,100.0,0.9299896854048484,0.8648808149594088
212,Wimbledon,2018,Grass,2,0,0,0,0,,0,0,0,1,0,0,0,0,0,0,0,0,155.0,0.09443954104148283,116.0,1,0,0,0,0,0,0,10.5,28.5,33.5,1,Wimbledon_2018,0,0,110.25,-3.0700103145951516,9.424963331720623
213,Wimbledon,2018,Grass,2,1,1,1,0,,1,0,0,1,0,0,0,0,0,0,1,1,93.5,,5.0,0,0,0,0,0,0,0,6.0,28.0,45.5,1,Wimbledon_2018,0,1,36.0,-3.5700103145951516,12.744973646315774
214,Wimbledon,2018,Grass,2,1,1,1,1,5.0,0,0,0,1,0,0,0,0,0,1,1,1,229.0,0.1895604395604396,40.0,0,0,0,1,0,0,0,1.5,21.5,59.5,1,Wimbledon_2018,1,1,2.25,-10.070010314595152,101.40510773605274
215,Wimbledon,2018,Grass,2,1,1,1,0,,1,0,0,1,0,0,0,0,0,0,0,0,44.0,0.1003563845920534,2.0,0,0,0,0,0,0,0,10.0,29.0,108.5,1,Wimbledon_2018,0,1,100.0,-2.5700103145951516,6.60495301712547
216,Wimbledon,2018,Grass,2,1,1,0,1,5.0,1,0,0,1,0,0,0,0,0,0,0,0,64.5,0.07024292056139197,23.0,0,0,0,0,1,0,0,12.5,32.5,355.0,1,Wimbledon_2018,0,1,156.25,0.9299896854048484,0.8648808149594088
217,Wimbledon,2018,Grass,2,0,0,0,0,,0,0,0,1,0,0,0,0,0,1,1,1,266.0,0.1562289562289562,390.0,0,0,0,0,0,0,0,2.5,22.5,242.0,1,Wimbledon_2018,0,0,6.25,-9.070010314595152,82.26508710686244
218,Wimbledon,2018,Grass,2,1,1,1,0,,0,0,0,1,0,1,0,0,0,0,0,0,1.5,0.1054227223003594,1.0,0,0,0,1,0,0,0,13.5,31.5,124.0,0,Wimbledon_2018,1,1,182.25,-0.07001031459515161,0.004901444149712099
219,Wimbledon,2018,Grass,2,0,0,0,0,,0,0,0,1,0,0,0,0,0,0,0,0,725.5,0.04516994633273697,255.0,0,0,0,0,0,0,0,6.0,24.0,52.5,1,Wimbledon_2018,0,0,36.0,-7.570010314595152,57.30505616307698
220,Wimbledon,2018,Grass,2,0,0,0,0,,0,0,0,1,0,0,0,0,0,0,0,0,470.5,0.08597728162945562,699.0,1,0,0,0,0,0,0,11.5,29.0,295.5,1,Wimbledon_2018,0,0,132.25,-2.5700103145951516,6.60495301712547
221,Wimbledon,2018,Grass,2,1,1,1,0,,1,0,0,1,0,0,0,0,0,0,1,1,66.5,0.2081261370527593,11.0,0,0,0,0,0,0,0,9.0,27.5,75.5,1,Wimbledon_2018,0,1,81.0,-4.070010314595152,16.564983960910926
222,Wimbledon,2018,Grass,2,1,0,0,1,5.0,0,0,0,1,0,0,0,0,0,0,0,0,5.5,0.03954461804929088,1.0,0,0,0,0,0,0,0,8.5,29.0,67.5,1,Wimbledon_2018,0,1,72.25,-2.5700103145951516,6.60495301712547
223,Wimbledon,2018,Grass,2,1,1,1,0,,0,0,0,1,0,0,0,0,0,0,0,0,23.0,0.01015821763930658,12.0,0,0,0,0,0,0,0,14.0,33.5,51.0,1,Wimbledon_2018,0,0,196.0,1.9299896854048484,3.7248601857691055
224,Wimbledon,2018,Grass,2,0,0,0,0,,0,0,0,1,0,0,0,0,0,0,0,0,493.0,0.2367066895368782,176.0,0,0,0,0,0,0,0,3.0,22.5,64.5,1,Wimbledon_2018,0,0,9.0,-9.070010314595152,82.26508710686244
225,Wimbledon,2018,Grass,2,1,1,1,0,,0,0,0,1,0,0,0,0,0,0,0,0,74.0,0.06034031159659303,30.0,0,0,0,0,0,0,0,13.0,31.5,102.5,1,Wimbledon_2018,0,0,169.0,-0.07001031459515161,0.004901444149712099
226,Wimbledon,2018,Grass,2,1,1,1,0,,1,0,0,1,0,0,0,0,0,1,1,1,69.0,0.03226077680208939,30.0,0,0,0,0,1,0,0,17.0,36.5,76.0,1,Wimbledon_2018,0,1,289.0,4.929989685404848,24.304798298198197
228,Wimbledon,2018,Grass,2,1,1,1,0,,0,1,0,1,0,0,0,0,0,0,0,0,36.5,0.1579317013588478,3.0,0,0,0,1,0,0,0,18.5,36.5,39.0,1,Wimbledon_2018,1,1,342.25,4.929989685404848,24.304798298198197
229,Wimbledon,2018,Grass,2,1,1,1,0,,0,0,0,1,0,0,0,0,0,0,1,1,265.5,0.03242524916943523,451.0,1,0,0,0,0,0,0,11.0,27.0,87.0,1,Wimbledon_2018,0,0,121.0,-4.570010314595152,20.884994275506077
230,Wimbledon,2018,Grass,2,0,0,0,0,,0,0,0,1,0,0,0,0,0,1,1,1,854.0,,672.0,0,0,0,0,0,0,0,6.0,24.0,64.5,1,Wimbledon_2018,0,0,36.0,-7.570010314595152,57.30505616307698
231,Wimbledon,2018,Grass,2,1,1,1,0,,0,0,0,1,0,0,0,0,0,0,0,0,239.5,0.06720430107526876,189.0,0,0,0,1,0,0,0,12.5,31.5,41.5,1,Wimbledon_2018,1,1,156.25,-0.07001031459515161,0.004901444149712099
232,Wimbledon,2018,Grass,2,0,0,0,0,,0,0,0,1,0,0,0,0,0,0,1,1,305.5,0.0869565217391304,367.0,1,0,0,0,0,0,0,11.5,29.5,45.5,1,Wimbledon_2018,0,0,132.25,-2.0700103145951516,4.284942702530318
233,Wimbledon,2018,Grass,3,0,0,0,0,,0,0,0,1,0,0,0,0,0,0,1,1,295.5,0.06526996039191157,257.0,0,0,0,0,0,0,0,7.5,26.0,13.5,1,Wimbledon_2018,0,0,56.25,-5.570010314595152,31.02501490469638
234,Wimbledon,2018,Grass,3,0,0,0,0,,0,0,0,1,0,0,0,0,0,0,0,0,64.5,0.08948856711033115,5.0,0,0,0,0,0,0,0,11.0,29.5,14.0,1,Wimbledon_2018,0,0,121.0,-2.0700103145951516,4.284942702530318
235,Wimbledon,2018,Grass,3,1,1,1,0,,1,1,0,1,0,1,0,0,0,1,1,1,45.5,0.06080233079336622,29.0,0,0,1,0,0,0,0,16.0,31.0,16.5,0,Wimbledon_2018,1,1,256.0,-0.5700103145951516,0.3249117587448637
236,Wimbledon,2018,Grass,3,1,1,1,0,,0,0,0,1,0,1,0,0,0,0,1,1,355.0,0.2268268268268269,120.0,1,0,1,0,0,0,0,8.5,27.5,18.5,0,Wimbledon_2018,1,1,72.25,-4.070010314595152,16.564983960910926
237,Wimbledon,2018,Grass,3,0,0,0,0,,0,0,0,1,0,0,0,0,0,0,1,1,59.5,0.2120067487597895,19.0,0,0,0,0,0,0,0,9.5,29.0,26.5,1,Wimbledon_2018,0,0,90.25,-2.5700103145951516,6.60495301712547
238,Wimbledon,2018,Grass,3,1,1,1,0,,1,0,0,1,0,0,0,0,0,1,1,1,108.5,0.1361386138613861,3.0,0,0,0,1,0,0,0,10.0,29.5,29.5,1,Wimbledon_2018,1,1,100.0,-2.0700103145951516,4.284942702530318
239,Wimbledon,2018,Grass,3,1,1,0,0,,1,0,0,1,0,0,0,0,0,0,0,0,52.5,0.07140883614451488,9.0,0,0,0,0,0,0,0,14.5,32.0,33.5,1,Wimbledon_2018,0,1,210.25,0.4299896854048484,0.1848911295545605
240,Wimbledon,2018,Grass,3,1,1,1,0,,1,1,0,1,0,1,0,0,0,0,0,0,3.5,0.005113704012382425,1.0,0,0,1,0,0,0,0,18.0,35.5,75.5,0,Wimbledon_2018,1,1,324.0,3.9299896854048484,15.4448189273885
241,Wimbledon,2018,Grass,3,1,1,1,0,,0,0,0,1,0,0,0,0,0,1,1,1,242.0,0.1228070175438596,268.0,0,0,0,0,0,0,0,4.0,24.0,67.5,1,Wimbledon_2018,0,0,16.0,-7.570010314595152,57.30505616307698
242,Wimbledon,2018,Grass,3,1,1,1,0,,1,0,0,1,0,0,0,0,0,0,0,0,64.5,0.007488679902472983,3.0,0,0,0,0,0,0,0,9.5,28.5,51.0,1,Wimbledon_2018,0,1,90.25,-3.0700103145951516,9.424963331720623
243,Wimbledon,2018,Grass,3,1,1,0,0,,1,0,0,1,0,0,0,0,0,0,1,1,25.0,0.07558847068884234,6.0,0,0,0,0,0,0,0,14.5,32.0,102.5,1,Wimbledon_2018,0,1,210.25,0.4299896854048484,0.1848911295545605
244,Wimbledon,2018,Grass,3,1,1,1,0,,0,0,0,1,0,0,0,0,0,0,1,1,124.0,0.00222267124671649,120.0,0,0,0,0,0,0,0,9.5,29.5,76.0,1,Wimbledon_2018,0,0,90.25,-2.0700103145951516,4.284942702530318
245,Wimbledon,2018,Grass,3,1,1,1,0,,0,0,0,1,0,0,0,0,0,0,0,0,25.0,0.02621829619041405,2.0,0,0,0,0,0,0,0,15.5,36.5,109.5,1,Wimbledon_2018,0,0,240.25,4.929989685404848,24.304798298198197
246,Wimbledon,2018,Grass,3,1,1,1,0,,1,0,0,1,0,0,0,0,0,1,1,1,9.5,0.0790823211875844,1.0,0,0,0,1,0,0,0,13.0,31.5,87.0,1,Wimbledon_2018,1,1,169.0,-0.07001031459515161,0.004901444149712099
247,Wimbledon,2018,Grass,3,1,1,1,0,,0,1,0,1,0,1,0,0,0,0,1,1,39.0,0.07263736263736265,4.0,0,0,1,0,0,0,0,15.0,35.0,41.5,0,Wimbledon_2018,1,1,225.0,3.4299896854048484,11.764829241983652
248,Wimbledon,2018,Grass,3,1,1,0,0,,1,0,0,1,0,0,0,0,0,0,0,0,23.5,0.04004484672810305,25.0,0,0,0,0,0,0,0,17.5,37.5,45.5,1,Wimbledon_2018,0,1,306.25,5.929989685404848,35.16477766900789
249,Wimbledon,2018,Grass,4,0,0,0,0,,0,0,0,1,0,0,0,0,0,1,1,1,45.5,0.1482898289828982,7.0,0,0,0,0,0,0,0,8.5,32.0,13.5,1,Wimbledon_2018,0,0,72.25,0.4299896854048484,0.1848911295545605
250,Wimbledon,2018,Grass,4,1,1,1,0,,0,1,0,1,0,0,0,0,0,1,1,1,102.5,0.08426573426573425,33.0,0,0,0,1,0,1,0,6.5,27.0,16.5,1,Wimbledon_2018,1,1,42.25,-4.570010314595152,20.884994275506077
251,Wimbledon,2018,Grass,4,1,1,1,0,,1,1,0,1,0,0,0,0,0,0,0,0,76.0,0.01754186341999969,6.0,0,0,0,0,1,1,0,12.5,30.0,26.5,1,Wimbledon_2018,0,1,156.25,-1.5700103145951516,2.464932387935167
252,Wimbledon,2018,Grass,4,1,1,0,0,,1,0,0,1,0,0,0,0,0,1,1,1,87.0,0.1401190476190477,10.0,0,0,0,0,0,0,0,12.0,32.5,29.5,1,Wimbledon_2018,0,1,144.0,0.9299896854048484,0.8648808149594088
253,Wimbledon,2018,Grass,4,1,1,1,0,,1,0,0,1,0,1,0,0,0,0,1,1,67.5,0.06007751937984496,19.0,0,0,0,0,0,0,0,10.0,29.0,33.5,0,Wimbledon_2018,0,1,100.0,-2.5700103145951516,6.60495301712547
254,Wimbledon,2018,Grass,4,1,0,0,1,5.0,0,0,0,1,0,0,0,0,0,0,0,0,18.5,0.05176174945195955,1.0,0,0,0,0,0,0,0,15.0,34.0,51.0,1,Wimbledon_2018,0,1,225.0,2.4299896854048484,5.904849871173954
255,Wimbledon,2018,Grass,4,1,1,1,0,,0,1,0,1,0,1,0,0,0,1,1,1,14.0,0.006430370146846442,4.0,0,0,0,0,0,0,0,10.5,31.5,109.5,0,Wimbledon_2018,0,0,110.25,-0.07001031459515161,0.004901444149712099
256,Wimbledon,2018,Grass,4,1,1,1,0,,0,0,0,1,0,1,0,0,0,0,0,0,75.5,0.007700678121685067,49.0,0,0,0,1,0,0,0,18.5,39.0,41.5,0,Wimbledon_2018,1,1,342.25,7.429989685404848,55.204746725222435
257,Wimbledon,2018,Grass,5,1,1,1,0,,1,0,0,1,0,0,0,0,0,0,1,1,41.5,0.005721003134796288,5.0,0,0,0,0,1,0,0,17.0,32.0,16.5,1,Wimbledon_2018,0,1,289.0,0.4299896854048484,0.1848911295545605
258,Wimbledon,2018,Grass,5,1,1,1,0,,0,1,0,1,0,1,0,0,0,0,0,0,13.5,0.04913998809726816,1.0,0,0,1,0,0,0,0,15.5,34.0,26.5,0,Wimbledon_2018,1,1,240.25,2.4299896854048484,5.904849871173954
259,Wimbledon,2018,Grass,5,1,1,1,0,,1,0,0,1,0,0,0,0,0,0,0,0,51.0,0.05282212885154058,10.0,0,0,0,1,0,0,0,16.5,36.0,33.5,1,Wimbledon_2018,1,1,272.25,4.429989685404848,19.62480861279335
260,Wimbledon,2018,Grass,5,1,1,1,0,,1,1,0,1,0,0,0,0,0,0,0,0,29.5,0.02195281782437752,5.0,0,0,0,0,0,0,0,6.5,27.0,109.5,1,Wimbledon_2018,0,1,42.25,-4.570010314595152,20.884994275506077
261,Wimbledon,2018,Grass,6,1,1,0,0,,1,1,0,1,0,0,0,0,0,0,0,0,33.5,0.05884820747520975,1.0,0,0,0,0,1,1,0,1.0,31.5,16.5,1,Wimbledon_2018,0,1,1.0,-0.07001031459515161,0.004901444149712099
262,Wimbledon,2018,Grass,6,1,1,1,0,,0,0,0,1,0,0,0,0,0,0,0,0,109.5,0.1362536834234948,59.0,0,0,0,0,0,0,0,10.5,30.5,26.5,1,Wimbledon_2018,0,0,110.25,-1.0700103145951516,1.1449220733400154
263,Wimbledon,2018,Grass,7,1,1,1,0,,0,0,0,1,0,0,0,0,0,0,1,1,26.5,0.01088081143884523,7.0,0,0,0,1,0,0,0,12.5,33.5,16.5,1,Wimbledon_2018,1,1,156.25,1.9299896854048484,3.7248601857691055
264,Australian Open,2019,Hard,2,1,1,1,0,,0,0,0,1,0,0,0,0,0,1,1,1,156.0,0.2561575184666176,136.0,0,0,0,1,0,0,0,16.5,34.5,3.5,1,Australian Open_2019,1,1,272.25,2.9299896854048484,8.584839556578803
265,Australian Open,2019,Hard,2,1,1,1,0,,0,0,0,0,0,0,0,0,0,0,0,0,50.5,0.08948856711033115,3.0,0,0,0,0,0,0,0,12.0,30.5,7.0,1,Australian Open_2019,0,0,144.0,-1.0700103145951516,1.1449220733400154
266,Australian Open,2019,Hard,2,1,1,1,0,,0,0,0,0,0,0,0,0,0,1,1,1,236.5,0.07777164920022056,17.0,0,0,0,0,0,0,0,6.0,24.0,7.0,1,Australian Open_2019,0,0,36.0,-7.570010314595152,57.30505616307698
267,Australian Open,2019,Hard,2,1,1,1,0,,0,0,0,0,0,0,0,0,0,0,0,0,77.0,0.1208559625909539,30.0,0,0,0,0,0,0,0,16.0,35.5,11.5,1,Australian Open_2019,0,0,256.0,3.9299896854048484,15.4448189273885
268,Australian Open,2019,Hard,2,0,0,0,0,,0,0,0,1,0,1,0,0,0,0,0,0,342.5,0.0,225.0,0,0,0,0,0,0,0,10.0,30.5,15.0,0,Australian Open_2019,0,0,100.0,-1.0700103145951516,1.1449220733400154
269,Australian Open,2019,Hard,2,0,0,0,0,,0,0,0,1,0,0,0,0,0,0,0,0,369.5,,167.0,1,0,0,0,0,0,0,7.5,27.0,20.0,1,Australian Open_2019,0,0,56.25,-4.570010314595152,20.884994275506077
270,Australian Open,2019,Hard,2,0,0,0,0,,0,0,0,0,0,0,0,0,0,0,0,0,356.0,0.1770244821092279,212.0,1,0,0,0,0,0,0,11.0,28.0,22.5,1,Australian Open_2019,0,0,121.0,-3.5700103145951516,12.744973646315774
271,Australian Open,2019,Hard,2,0,0,0,0,,0,0,0,0,0,0,0,0,0,0,1,1,98.5,0.04749103942652327,47.0,0,0,0,0,0,0,0,13.0,30.0,24.5,1,Australian Open_2019,0,0,169.0,-1.5700103145951516,2.464932387935167
273,Australian Open,2019,Hard,2,1,1,1,0,,0,0,0,0,0,0,0,0,0,1,1,1,130.0,0.1497357604227834,30.0,0,0,0,0,0,0,0,8.0,26.5,30.0,1,Australian Open_2019,0,0,64.0,-5.070010314595152,25.70500459010123
274,Australian Open,2019,Hard,2,1,1,0,0,,1,0,0,1,0,0,0,0,0,0,0,0,19.5,0.02195281782437752,3.0,0,0,0,0,0,0,0,7.5,28.0,84.0,1,Australian Open_2019,0,1,56.25,-3.5700103145951516,12.744973646315774
275,Australian Open,2019,Hard,2,1,1,1,0,,0,0,0,1,0,0,0,0,0,0,0,0,22.5,0.05927088002390557,7.0,0,0,0,1,0,0,0,16.0,36.0,59.5,1,Australian Open_2019,1,1,256.0,4.429989685404848,19.62480861279335
276,Australian Open,2019,Hard,2,0,0,0,0,,0,0,0,0,0,0,0,0,0,0,0,0,384.5,0.00874125874125875,323.0,0,0,0,0,0,0,0,10.0,28.0,53.0,1,Australian Open_2019,0,0,100.0,-3.5700103145951516,12.744973646315774
277,Australian Open,2019,Hard,2,1,1,1,0,,0,0,0,0,0,0,0,0,0,0,1,1,109.0,0.1789263490294418,60.0,0,0,0,0,0,0,0,10.5,29.0,203.0,1,Australian Open_2019,0,0,110.25,-2.5700103145951516,6.60495301712547
278,Australian Open,2019,Hard,2,0,0,0,0,,0,0,0,1,0,0,0,0,0,1,1,1,35.5,0.08951800443297836,3.0,0,0,0,0,0,0,0,16.0,36.0,116.0,1,Australian Open_2019,0,0,256.0,4.429989685404848,19.62480861279335
279,Australian Open,2019,Hard,2,0,0,0,0,,0,0,0,0,0,0,0,0,0,1,1,1,216.0,0.07321947674418611,128.0,1,0,0,0,0,0,0,5.5,26.0,114.0,1,Australian Open_2019,0,0,30.25,-5.570010314595152,31.02501490469638
280,Australian Open,2019,Hard,2,0,0,0,0,,0,0,0,0,0,0,0,0,0,0,0,0,63.5,0.1670303408146302,5.0,0,0,0,0,0,0,0,11.0,32.5,65.5,1,Australian Open_2019,0,0,121.0,0.9299896854048484,0.8648808149594088
281,Australian Open,2019,Hard,2,0,0,0,0,,0,0,0,1,0,1,0,0,0,1,1,1,100.5,0.1014530358069538,53.0,0,0,0,0,0,0,0,14.0,34.0,42.0,0,Australian Open_2019,0,0,196.0,2.4299896854048484,5.904849871173954
282,Australian Open,2019,Hard,2,0,0,0,0,,0,0,0,1,0,1,0,0,0,1,1,1,58.0,0.3463498920086393,70.0,0,0,0,0,0,0,0,16.0,31.5,63.0,0,Australian Open_2019,0,0,256.0,-0.07001031459515161,0.004901444149712099
283,Australian Open,2019,Hard,2,1,1,1,0,,0,0,0,0,0,0,0,0,0,1,1,1,101.0,0.03102725366876308,4.0,0,0,0,0,0,0,0,9.5,29.0,373.0,1,Australian Open_2019,0,0,90.25,-2.5700103145951516,6.60495301712547
284,Australian Open,2019,Hard,2,1,1,1,0,,0,0,0,0,0,0,0,0,0,1,1,1,188.0,0.3211907559733647,78.0,1,0,0,0,0,0,0,7.5,27.5,198.0,1,Australian Open_2019,0,0,56.25,-4.070010314595152,16.564983960910926
285,Australian Open,2019,Hard,2,0,0,0,0,,0,0,0,1,0,0,0,0,0,0,0,0,153.0,0.1536428017074118,152.0,0,0,0,0,0,0,0,14.0,34.0,99.0,1,Australian Open_2019,0,0,196.0,2.4299896854048484,5.904849871173954
286,Australian Open,2019,Hard,2,0,0,0,0,,0,0,0,1,0,1,0,0,0,1,1,1,120.0,0.2293972044263251,2.0,0,0,0,0,0,0,0,5.0,23.0,46.5,0,Australian Open_2019,0,0,25.0,-8.570010314595152,73.44507679226729
287,Australian Open,2019,Hard,2,0,0,0,0,,0,0,0,1,0,0,0,0,0,1,1,1,38.5,0.03194616977225673,1.0,0,0,0,0,0,0,0,15.5,34.0,90.0,1,Australian Open_2019,0,0,240.25,2.4299896854048484,5.904849871173954
288,Australian Open,2019,Hard,2,0,0,0,0,,0,0,0,0,0,0,0,0,0,0,0,0,76.0,0.00346126255380208,60.0,1,0,0,0,0,0,0,17.0,37.0,138.5,1,Australian Open_2019,0,0,289.0,5.429989685404848,29.484787983603045
289,Australian Open,2019,Hard,2,1,1,1,0,,0,0,0,0,0,0,0,0,0,0,0,0,58.5,0.2216062682062827,1.0,0,0,0,0,0,0,0,18.5,39.0,38.5,1,Australian Open_2019,0,0,342.25,7.429989685404848,55.204746725222435
290,Australian Open,2019,Hard,2,1,1,1,0,,0,0,0,1,0,1,0,0,0,0,1,1,69.0,,8.0,0,0,0,0,0,0,0,15.0,37.0,42.0,0,Australian Open_2019,0,0,225.0,5.429989685404848,29.484787983603045
291,Australian Open,2019,Hard,2,0,0,0,0,,0,0,0,0,0,0,0,0,0,0,0,0,315.0,0.1017786561264822,80.0,1,0,0,0,0,0,0,12.5,30.5,173.5,1,Australian Open_2019,0,0,156.25,-1.0700103145951516,1.1449220733400154
292,Australian Open,2019,Hard,2,1,1,1,0,,0,0,0,1,0,0,0,0,0,1,1,1,32.0,0.09247104247104243,2.0,0,0,0,1,0,0,0,21.0,37.5,65.5,1,Australian Open_2019,1,1,441.0,5.929989685404848,35.16477766900789
293,Australian Open,2019,Hard,2,0,0,0,0,,0,0,0,1,0,1,0,0,0,1,1,1,242.0,,222.0,0,0,0,0,0,0,0,6.5,25.0,65.5,0,Australian Open_2019,0,0,42.25,-6.570010314595152,43.16503553388668
294,Australian Open,2019,Hard,2,0,0,0,0,,0,0,0,0,0,0,0,0,0,1,1,1,284.5,0.2852206273258905,135.0,0,0,0,0,0,0,0,7.5,26.0,43.0,1,Australian Open_2019,0,0,56.25,-5.570010314595152,31.02501490469638
295,Australian Open,2019,Hard,2,1,1,1,0,,0,0,0,1,0,1,0,0,0,1,1,1,5.0,0.006430370146846442,0.0,0,0,1,0,0,0,0,11.5,32.5,45.5,0,Australian Open_2019,1,1,132.25,0.9299896854048484,0.8648808149594088
296,Australian Open,2019,Hard,3,0,0,0,0,,0,0,0,1,0,1,0,0,0,1,1,1,53.0,0.001418988648090869,4.0,0,0,0,0,0,0,0,6.0,24.0,7.0,0,Australian Open_2019,0,0,36.0,-7.570010314595152,57.30505616307698
297,Australian Open,2019,Hard,3,0,0,0,0,,0,0,0,1,0,0,0,0,0,0,0,0,173.5,0.2646520146520147,205.0,0,0,0,0,0,0,0,10.5,30.0,7.0,1,Australian Open_2019,0,0,110.25,-1.5700103145951516,2.464932387935167
298,Australian Open,2019,Hard,3,1,1,1,0,,0,0,0,1,0,0,0,0,0,0,0,0,65.5,0.003307706061147886,3.0,0,0,0,1,0,0,0,1.0,34.5,11.5,1,Australian Open_2019,1,1,1.0,2.9299896854048484,8.584839556578803
299,Australian Open,2019,Hard,3,1,1,1,0,,0,0,0,0,0,0,0,0,0,0,0,0,42.0,0.1003563845920534,4.0,0,0,0,0,0,0,0,11.0,30.0,15.0,1,Australian Open_2019,0,0,121.0,-1.5700103145951516,2.464932387935167
300,Australian Open,2019,Hard,3,0,0,0,0,,0,0,0,1,0,0,0,0,0,1,1,1,114.0,0.02179137210984344,48.0,0,0,0,0,0,0,0,13.5,32.5,20.0,1,Australian Open_2019,0,0,182.25,0.9299896854048484,0.8648808149594088
301,Australian Open,2019,Hard,3,0,0,0,0,,0,0,0,0,0,0,0,0,0,0,1,1,65.5,0.04954487630763149,35.0,0,0,0,0,0,0,0,16.5,34.5,24.5,1,Australian Open_2019,0,0,272.25,2.9299896854048484,8.584839556578803
302,Australian Open,2019,Hard,3,0,0,0,0,,0,0,0,0,0,0,0,0,0,1,1,1,43.0,0.1482898289828982,22.0,0,0,0,0,0,0,0,9.5,33.0,28.0,1,Australian Open_2019,0,0,90.25,1.4299896854048484,2.044870500364257
303,Australian Open,2019,Hard,3,0,0,0,0,,0,0,0,1,0,1,0,0,0,1,1,1,138.5,0.1662290124930374,89.0,0,0,0,0,0,0,0,8.0,28.5,84.0,0,Australian Open_2019,0,0,64.0,-3.0700103145951516,9.424963331720623
304,Australian Open,2019,Hard,3,0,0,0,0,,0,0,0,1,0,0,0,0,0,1,1,1,99.0,0.02142857142857152,4.0,0,0,0,0,0,0,0,12.0,27.5,116.0,1,Australian Open_2019,0,0,144.0,-4.070010314595152,16.564983960910926
305,Australian Open,2019,Hard,3,0,0,0,0,,0,0,0,0,0,0,0,0,0,0,0,0,22.5,0.05884820747520975,5.0,0,0,0,0,0,0,0,1.0,32.5,63.0,1,Australian Open_2019,0,0,1.0,0.9299896854048484,0.8648808149594088
306,Australian Open,2019,Hard,3,1,1,1,0,,0,0,0,1,0,1,0,0,0,0,0,1,59.5,0.2538135325020571,7.0,0,0,0,0,0,0,0,10.5,33.5,373.0,0,Australian Open_2019,0,0,110.25,1.9299896854048484,3.7248601857691055
307,Australian Open,2019,Hard,3,0,0,0,0,,0,0,0,0,0,0,0,0,0,0,0,0,3.5,0.1054227223003594,1.0,0,0,0,0,0,0,0,14.5,32.5,46.5,1,Australian Open_2019,0,0,210.25,0.9299896854048484,0.8648808149594088
308,Australian Open,2019,Hard,3,1,1,1,0,,0,0,0,0,0,0,0,0,0,0,1,1,38.5,0.09335202242691226,7.0,0,0,0,0,0,0,0,12.5,31.0,90.0,1,Australian Open_2019,0,0,156.25,-0.5700103145951516,0.3249117587448637
309,Australian Open,2019,Hard,3,1,1,1,0,,0,0,0,0,0,0,0,0,0,0,0,0,30.0,0.001175837409306602,12.0,0,0,0,0,0,0,0,16.0,35.0,42.0,1,Australian Open_2019,0,0,256.0,3.4299896854048484,11.764829241983652
310,Australian Open,2019,Hard,3,1,1,1,0,,0,0,0,0,0,0,0,0,0,0,0,0,203.0,0.1829138603332152,142.0,0,0,0,0,0,0,0,6.5,24.0,65.5,1,Australian Open_2019,0,0,42.25,-7.570010314595152,57.30505616307698
311,Australian Open,2019,Hard,3,1,1,1,0,,1,0,0,1,0,1,0,0,0,0,1,1,198.0,0.0390720390720391,22.0,0,0,1,0,0,0,0,3.0,23.0,45.5,0,Australian Open_2019,1,1,9.0,-8.570010314595152,73.44507679226729
312,Australian Open,2019,Hard,4,1,1,1,0,,0,0,0,1,0,1,0,0,0,0,0,0,42.0,0.009476117103235815,56.0,0,0,1,0,0,0,0,10.0,29.0,7.0,0,Australian Open_2019,1,1,100.0,-2.5700103145951516,6.60495301712547
313,Australian Open,2019,Hard,4,1,1,1,0,,0,0,0,0,0,0,0,0,0,1,1,1,116.0,0.0941830639191586,64.0,0,0,0,0,0,0,0,13.5,32.0,7.0,1,Australian Open_2019,0,0,182.25,0.4299896854048484,0.1848911295545605
314,Australian Open,2019,Hard,4,1,1,1,0,,0,0,0,1,0,1,0,0,0,0,1,1,24.5,0.06283712425079746,5.0,0,0,0,0,0,0,0,10.0,31.0,11.5,0,Australian Open_2019,0,0,100.0,-0.5700103145951516,0.3249117587448637
315,Australian Open,2019,Hard,4,0,0,0,0,,0,0,0,0,0,0,0,0,0,0,0,0,63.0,0.05156879372482503,12.0,0,0,0,0,0,0,0,15.5,33.0,15.0,1,Australian Open_2019,0,0,240.25,1.4299896854048484,2.044870500364257
316,Australian Open,2019,Hard,4,1,1,1,0,,0,0,0,0,0,0,0,0,0,1,1,1,373.0,,238.0,0,0,0,0,0,0,0,2.0,20.0,20.0,1,Australian Open_2019,0,0,4.0,-11.570010314595152,133.8651386798382
317,Australian Open,2019,Hard,4,1,1,1,0,,0,0,0,0,0,0,0,0,0,0,0,0,84.0,0.06720430107526876,32.0,1,0,0,0,0,0,0,13.5,32.5,28.0,1,Australian Open_2019,0,0,182.25,0.9299896854048484,0.8648808149594088
318,Australian Open,2019,Hard,4,0,0,0,0,,0,0,0,1,0,1,0,0,0,1,1,1,45.5,0.1634566457717583,87.0,0,0,0,0,0,0,0,5.5,26.5,90.0,0,Australian Open_2019,0,0,30.25,-5.070010314595152,25.70500459010123
319,Australian Open,2019,Hard,4,0,0,0,0,,0,0,0,0,0,0,0,0,0,0,1,1,46.5,0.06007751937984496,7.0,0,0,0,0,0,0,0,11.0,30.0,65.5,1,Australian Open_2019,0,0,121.0,-1.5700103145951516,2.464932387935167
320,Australian Open,2019,Hard,5,1,1,1,0,,0,0,0,0,0,0,0,0,0,1,1,1,7.0,0.0003609504402074526,12.0,0,0,0,0,0,0,0,21.0,41.0,11.5,1,Australian Open_2019,0,0,441.0,9.429989685404848,88.92470546684183
321,Australian Open,2019,Hard,5,0,0,0,0,,0,0,0,0,0,0,0,0,0,0,0,0,7.0,0.04913998809726816,0.0,0,0,0,0,0,0,0,16.5,35.0,28.0,1,Australian Open_2019,0,0,272.25,3.4299896854048484,11.764829241983652
322,Australian Open,2019,Hard,5,1,1,1,0,,0,0,0,1,0,1,0,0,0,0,0,0,20.0,0.0490852390852391,20.0,0,0,0,0,0,0,0,16.5,35.5,90.0,0,Australian Open_2019,0,0,272.25,3.9299896854048484,15.4448189273885
323,Australian Open,2019,Hard,5,1,1,1,0,,0,0,0,0,0,0,0,0,0,0,1,1,15.0,0.01088081143884523,0.0,0,0,0,0,0,0,0,13.5,34.5,65.5,1,Australian Open_2019,0,0,182.25,2.9299896854048484,8.584839556578803
324,Australian Open,2019,Hard,6,0,0,0,0,,0,0,0,0,0,0,0,0,0,1,1,1,90.0,0.04078277886497061,36.0,1,0,0,0,0,0,0,12.5,29.5,11.5,1,Australian Open_2019,0,0,156.25,-2.0700103145951516,4.284942702530318
325,Australian Open,2019,Hard,6,1,1,1,0,,0,0,0,0,0,0,0,0,0,0,0,0,65.5,0.01754186341999969,41.0,0,0,0,0,0,0,0,13.5,31.0,28.0,1,Australian Open_2019,0,0,182.25,-0.5700103145951516,0.3249117587448637
326,Australian Open,2019,Hard,7,1,1,1,0,,0,0,0,0,0,0,0,0,0,0,0,0,28.0,0.03954461804929088,0.0,0,0,0,0,0,0,0,9.5,30.0,11.5,1,Australian Open_2019,0,0,90.25,-1.5700103145951516,2.464932387935167
327,Roland Garros,2019,Clay,2,1,1,1,0,,0,0,0,0,0,0,0,0,0,1,1,1,178.5,0.1019476567255022,13.0,0,0,0,0,0,0,0,6.5,24.0,3.5,1,Roland Garros_2019,0,0,42.25,-7.570010314595152,57.30505616307698
328,Roland Garros,2019,Clay,2,0,0,0,0,,0,0,0,0,0,0,0,0,0,1,1,1,116.5,0.1006400276768726,35.0,1,0,0,0,0,0,0,10.0,31.0,10.0,1,Roland Garros_2019,0,0,100.0,-0.5700103145951516,0.3249117587448637
329,Roland Garros,2019,Clay,2,1,1,1,0,,0,0,0,0,0,0,0,0,0,0,0,0,69.0,,6.0,0,0,0,0,0,0,0,14.0,32.0,13.0,1,Roland Garros_2019,0,0,196.0,0.4299896854048484,0.1848911295545605
330,Roland Garros,2019,Clay,2,0,0,0,0,,0,0,0,1,0,1,0,0,0,1,1,1,120.5,0.2224875621890547,53.0,0,0,0,0,0,0,0,10.0,29.0,17.5,0,Roland Garros_2019,0,0,100.0,-2.5700103145951516,6.60495301712547
331,Roland Garros,2019,Clay,2,0,0,0,0,,0,0,0,0,0,0,0,0,0,0,0,0,51.0,0.01754186341999969,38.0,0,0,0,0,0,0,0,13.5,31.0,17.5,1,Roland Garros_2019,0,0,182.25,-0.5700103145951516,0.3249117587448637
332,Roland Garros,2019,Clay,2,1,1,1,0,,0,0,0,0,0,0,0,0,0,0,1,1,348.5,0.03039513677811551,117.0,0,0,0,0,0,0,0,8.5,24.5,20.5,1,Roland Garros_2019,0,0,72.25,-7.070010314595152,49.98504584848183
334,Roland Garros,2019,Clay,2,0,0,0,0,,0,0,0,0,0,0,0,0,0,1,1,1,269.5,0.123943661971831,167.0,1,0,0,0,0,0,0,13.0,31.0,30.0,1,Roland Garros_2019,0,0,169.0,-0.5700103145951516,0.3249117587448637
335,Roland Garros,2019,Clay,2,1,1,1,0,,0,0,0,1,0,1,0,0,0,0,1,1,67.5,0.2146683052380179,11.0,0,0,0,0,0,0,0,8.0,30.5,32.5,0,Roland Garros_2019,0,0,64.0,-1.0700103145951516,1.1449220733400154
336,Roland Garros,2019,Clay,2,1,1,1,0,,0,0,0,0,0,0,0,0,0,0,0,0,132.5,,47.0,0,0,0,0,0,0,0,4.0,22.5,258.0,1,Roland Garros_2019,0,0,16.0,-9.070010314595152,82.26508710686244
337,Roland Garros,2019,Clay,2,0,0,0,0,,0,0,0,1,0,1,0,0,0,1,1,1,433.5,,587.0,0,0,0,0,0,0,0,11.0,27.0,225.5,0,Roland Garros_2019,0,0,121.0,-4.570010314595152,20.884994275506077
339,Roland Garros,2019,Clay,2,1,1,0,0,,1,0,0,1,0,1,0,0,0,0,0,0,7.5,0.04913998809726816,1.0,0,0,0,0,0,0,0,16.5,35.0,378.5,0,Roland Garros_2019,0,1,272.25,3.4299896854048484,11.764829241983652
340,Roland Garros,2019,Clay,2,1,1,1,0,,0,0,0,0,0,0,0,0,0,1,1,1,342.0,0.1030778164924506,280.0,0,0,0,0,0,0,0,9.0,26.0,209.5,1,Roland Garros_2019,0,0,81.0,-5.570010314595152,31.02501490469638
341,Roland Garros,2019,Clay,2,1,1,1,0,,0,0,0,0,0,0,0,0,0,0,1,1,14.0,0.01088081143884523,2.0,0,0,0,0,0,0,0,13.5,34.5,292.0,1,Roland Garros_2019,0,0,182.25,2.9299896854048484,8.584839556578803
342,Roland Garros,2019,Clay,2,0,0,0,0,,0,0,0,0,0,0,0,0,0,0,0,0,34.5,0.02195281782437752,7.0,0,0,0,0,0,0,0,7.5,28.0,58.5,1,Roland Garros_2019,0,0,56.25,-3.5700103145951516,12.744973646315774
343,Roland Garros,2019,Clay,2,0,0,0,0,,0,0,0,0,0,0,0,0,0,1,1,1,230.5,0.312874507789762,11.0,1,0,0,0,0,0,0,9.5,27.5,287.5,1,Roland Garros_2019,0,0,90.25,-4.070010314595152,16.564983960910926
344,Roland Garros,2019,Clay,2,0,0,0,0,,0,0,0,1,0,0,0,0,0,1,1,1,13.5,0.1497472494796313,9.0,0,0,0,0,0,0,0,11.0,31.5,84.0,1,Roland Garros_2019,0,0,121.0,-0.07001031459515161,0.004901444149712099
345,Roland Garros,2019,Clay,2,0,0,0,0,,0,0,0,0,0,0,0,0,0,0,0,0,437.0,0.1621848739495799,32.0,0,0,0,0,0,0,0,7.5,26.0,40.5,1,Roland Garros_2019,0,0,56.25,-5.570010314595152,31.02501490469638
346,Roland Garros,2019,Clay,2,0,0,0,0,,0,0,0,1,0,0,0,0,0,0,0,0,137.5,0.22225935828877,153.0,1,0,0,0,0,0,0,15.0,34.5,43.5,1,Roland Garros_2019,0,0,225.0,2.9299896854048484,8.584839556578803
348,Roland Garros,2019,Clay,2,0,0,0,0,,0,0,0,1,0,1,0,0,0,1,1,1,195.5,0.1662290124930374,23.0,0,0,0,0,0,0,0,8.0,28.5,377.5,0,Roland Garros_2019,0,0,64.0,-3.0700103145951516,9.424963331720623
349,Roland Garros,2019,Clay,2,0,0,0,0,,0,0,0,0,0,0,0,0,0,0,1,1,36.5,0.09335202242691226,1.0,0,0,0,0,0,0,0,12.5,31.0,71.5,1,Roland Garros_2019,0,0,156.25,-0.5700103145951516,0.3249117587448637
350,Roland Garros,2019,Clay,2,0,0,0,0,,0,0,0,1,0,1,0,0,0,0,0,0,29.5,0.001175837409306602,7.0,0,0,0,0,0,0,0,16.0,35.0,355.0,0,Roland Garros_2019,0,0,256.0,3.4299896854048484,11.764829241983652
351,Roland Garros,2019,Clay,2,0,0,0,0,,0,0,0,0,0,0,0,0,0,1,1,1,410.5,0.1549096622152395,37.0,0,0,0,0,0,0,0,2.0,24.0,52.5,1,Roland Garros_2019,0,0,4.0,-7.570010314595152,57.30505616307698
352,Roland Garros,2019,Clay,2,0,0,0,0,,0,0,0,1,0,0,0,0,0,0,0,0,68.5,0.06720430107526876,17.0,1,0,0,0,0,0,0,13.5,32.5,115.5,1,Roland Garros_2019,0,0,182.25,0.9299896854048484,0.8648808149594088
353,Roland Garros,2019,Clay,2,1,1,0,0,,1,0,0,1,0,0,0,0,0,0,0,0,55.0,0.005401325638747956,18.0,0,0,0,0,0,0,0,19.5,37.5,190.0,1,Roland Garros_2019,0,1,380.25,5.929989685404848,35.16477766900789
354,Roland Garros,2019,Clay,2,0,0,0,0,,0,0,0,0,0,0,0,0,0,0,0,0,51.0,0.08948856711033115,12.0,0,0,0,0,0,0,0,12.0,30.5,52.0,1,Roland Garros_2019,0,0,144.0,-1.0700103145951516,1.1449220733400154
355,Roland Garros,2019,Clay,2,1,1,1,0,,0,0,0,1,0,0,0,0,0,1,1,1,19.5,0.07684555754323197,5.0,0,0,0,0,0,0,0,16.5,35.0,68.5,1,Roland Garros_2019,0,0,272.25,3.4299896854048484,11.764829241983652
356,Roland Garros,2019,Clay,2,0,0,0,0,,0,0,0,0,0,0,0,0,0,0,0,0,136.5,0.1454710144927536,217.0,0,0,0,0,0,0,0,12.0,31.5,106.0,1,Roland Garros_2019,0,0,144.0,-0.07001031459515161,0.004901444149712099
357,Roland Garros,2019,Clay,2,0,0,0,0,,0,0,0,1,0,1,0,0,0,1,1,1,722.5,,265.0,0,0,0,0,0,0,0,1.0,19.0,83.5,0,Roland Garros_2019,0,0,1.0,-12.570010314595152,158.0051593090285
358,Roland Garros,2019,Clay,2,0,0,0,0,,0,0,0,0,0,0,0,0,0,1,1,1,43.0,0.001418988648090869,2.0,0,0,0,0,0,0,0,6.0,24.0,38.0,1,Roland Garros_2019,0,0,36.0,-7.570010314595152,57.30505616307698
359,Roland Garros,2019,Clay,3,0,0,0,0,,0,0,0,1,0,1,0,0,0,0,0,0,40.5,0.1003563845920534,31.0,0,0,0,0,0,0,0,11.0,30.0,3.5,0,Roland Garros_2019,0,0,121.0,-1.5700103145951516,2.464932387935167
360,Roland Garros,2019,Clay,3,0,0,0,0,,0,0,0,1,0,0,0,0,0,0,0,0,106.0,0.2807000154188418,48.0,0,0,0,0,0,0,0,20.0,38.0,10.0,1,Roland Garros_2019,0,0,400.0,6.429989685404848,41.34476735441274
361,Roland Garros,2019,Clay,3,0,0,0,0,,0,0,0,0,0,0,0,0,0,0,0,0,225.5,0.125,13.0,0,0,0,0,0,0,0,3.0,21.0,13.0,1,Roland Garros_2019,0,0,9.0,-10.570010314595152,111.7251180506479
362,Roland Garros,2019,Clay,3,1,1,1,0,,0,0,0,0,0,0,0,0,0,1,1,1,38.0,0.1482898289828982,22.0,0,0,0,0,0,0,0,9.5,33.0,17.5,1,Roland Garros_2019,0,0,90.25,1.4299896854048484,2.044870500364257
363,Roland Garros,2019,Clay,3,0,0,0,0,,0,0,0,0,0,0,0,0,0,0,0,0,43.5,0.0205831073227431,9.0,0,0,0,0,0,0,0,13.0,31.5,17.5,1,Roland Garros_2019,0,0,169.0,-0.07001031459515161,0.004901444149712099
364,Roland Garros,2019,Clay,3,0,0,0,0,,0,0,0,0,0,0,0,0,0,0,0,0,301.0,,92.0,0,0,0,0,0,0,0,8.5,26.5,20.5,1,Roland Garros_2019,0,0,72.25,-5.070010314595152,25.70500459010123
365,Roland Garros,2019,Clay,3,1,1,1,0,,0,0,0,1,0,0,0,0,0,1,1,1,287.5,0.08571428571428569,39.0,0,0,0,1,0,0,0,7.5,25.0,23.5,1,Roland Garros_2019,1,1,56.25,-6.570010314595152,43.16503553388668
366,Roland Garros,2019,Clay,3,0,0,0,0,,0,0,0,1,0,1,0,0,0,1,1,1,377.5,0.01098901098901112,287.0,0,0,0,0,0,0,0,7.5,26.5,32.5,0,Roland Garros_2019,0,0,56.25,-5.070010314595152,25.70500459010123
367,Roland Garros,2019,Clay,3,1,1,1,0,,0,0,0,1,0,0,0,0,0,0,0,0,71.5,,13.0,0,0,0,0,0,0,0,9.0,28.0,258.0,1,Roland Garros_2019,0,0,81.0,-3.5700103145951516,12.744973646315774
368,Roland Garros,2019,Clay,3,0,0,0,0,,0,0,0,0,0,0,0,0,0,1,1,1,209.5,0.1518716577540107,57.0,0,0,0,0,0,0,0,3.5,23.5,292.0,1,Roland Garros_2019,0,0,12.25,-8.070010314595152,65.12506647767214
369,Roland Garros,2019,Clay,3,1,1,1,0,,0,0,0,0,0,0,0,0,0,0,0,0,52.0,0.126268115942029,22.0,0,0,0,0,0,0,0,12.5,34.0,58.5,1,Roland Garros_2019,0,0,156.25,2.4299896854048484,5.904849871173954
370,Roland Garros,2019,Clay,3,0,0,0,0,,0,0,0,1,0,0,0,0,0,0,0,0,355.0,0.0,196.0,0,0,0,0,0,0,0,3.0,20.5,109.0,1,Roland Garros_2019,0,0,9.0,-11.070010314595152,122.54512836524304
371,Roland Garros,2019,Clay,3,0,0,0,0,,0,0,0,0,0,0,0,0,0,0,0,0,30.0,0.04709249084249079,50.0,0,0,0,0,0,0,0,19.5,37.5,52.5,1,Roland Garros_2019,0,0,380.25,5.929989685404848,35.16477766900789
372,Roland Garros,2019,Clay,3,0,0,0,0,,0,0,0,1,0,0,0,0,0,0,1,1,84.0,0.0864757070340827,64.0,0,0,0,0,0,0,0,18.5,35.5,115.5,1,Roland Garros_2019,0,0,342.25,3.9299896854048484,15.4448189273885
373,Roland Garros,2019,Clay,3,1,1,1,0,,0,0,0,0,0,0,0,0,0,0,0,0,68.5,0.003307706061147886,1.0,0,0,0,0,0,0,0,1.0,34.5,190.0,1,Roland Garros_2019,0,0,1.0,2.9299896854048484,8.584839556578803
374,Roland Garros,2019,Clay,3,0,0,0,0,,0,0,0,0,0,0,0,0,0,1,1,1,378.5,0.01428833119618972,491.0,0,0,0,0,0,0,0,5.0,23.5,83.5,1,Roland Garros_2019,0,0,25.0,-8.070010314595152,65.12506647767214
375,Roland Garros,2019,Clay,4,0,0,0,0,,0,0,0,0,0,0,0,0,0,0,0,0,32.5,0.02181491464510332,5.0,0,0,0,0,0,0,0,16.0,34.0,10.0,1,Roland Garros_2019,0,0,256.0,2.4299896854048484,5.904849871173954
376,Roland Garros,2019,Clay,4,0,0,0,0,,0,0,0,1,0,1,0,0,0,1,1,1,17.5,0.0003609504402074526,33.0,0,0,0,0,0,0,0,21.0,41.0,20.5,0,Roland Garros_2019,0,0,441.0,9.429989685404848,88.92470546684183
377,Roland Garros,2019,Clay,4,1,1,0,0,,1,0,0,1,0,1,0,0,0,0,0,0,17.5,0.03954461804929088,3.0,0,0,0,0,0,0,0,9.5,30.0,23.5,0,Roland Garros_2019,0,1,90.25,-1.5700103145951516,2.464932387935167
378,Roland Garros,2019,Clay,4,0,0,0,0,,0,0,0,1,0,1,0,0,0,0,0,0,3.5,0.005113704012382425,1.0,0,0,0,0,0,0,0,19.0,36.5,58.5,0,Roland Garros_2019,0,0,361.0,4.929989685404848,24.304798298198197
379,Roland Garros,2019,Clay,4,0,0,0,0,,0,0,0,1,0,1,0,0,0,0,0,0,13.0,0.1054227223003594,2.0,0,0,0,0,0,0,0,14.5,32.5,52.5,0,Roland Garros_2019,0,0,210.25,0.9299896854048484,0.8648808149594088
380,Roland Garros,2019,Clay,4,1,1,1,0,,0,0,0,1,0,1,0,0,0,1,1,1,109.0,0.0006417661404183872,52.0,0,0,0,0,0,0,0,11.0,30.0,115.5,0,Roland Garros_2019,0,0,121.0,-1.5700103145951516,2.464932387935167
381,Roland Garros,2019,Clay,4,1,1,0,0,,1,0,0,1,0,1,0,0,0,0,0,0,292.0,0.2410432033719704,504.0,1,0,0,0,0,0,0,13.5,34.0,190.0,0,Roland Garros_2019,0,1,182.25,2.4299896854048484,5.904849871173954
382,Roland Garros,2019,Clay,4,0,0,0,0,,0,0,0,0,0,0,0,0,0,1,1,1,258.0,0.0184019370460049,86.0,0,0,0,0,0,0,0,7.0,24.0,83.5,1,Roland Garros_2019,0,0,49.0,-7.570010314595152,57.30505616307698
383,Roland Garros,2019,Clay,5,0,0,0,0,,0,0,0,0,0,0,0,0,0,0,0,0,115.5,,59.0,0,0,0,0,0,0,0,9.0,29.0,10.0,1,Roland Garros_2019,0,0,81.0,-2.5700103145951516,6.60495301712547
384,Roland Garros,2019,Clay,5,1,1,1,0,,0,0,0,0,0,0,0,0,0,0,1,1,23.5,0.06283712425079746,1.0,0,0,0,0,0,0,0,10.0,31.0,58.5,1,Roland Garros_2019,0,0,100.0,-0.5700103145951516,0.3249117587448637
385,Roland Garros,2019,Clay,5,1,1,1,0,,1,0,0,1,0,0,0,0,0,1,1,1,190.0,,22.0,1,0,0,1,0,0,0,14.5,32.0,52.5,1,Roland Garros_2019,1,1,210.25,0.4299896854048484,0.1848911295545605
386,Roland Garros,2019,Clay,5,0,0,0,0,,0,0,0,0,0,0,0,0,0,0,0,0,20.5,0.05927088002390557,1.0,0,0,0,0,0,0,0,16.0,36.0,83.5,1,Roland Garros_2019,0,0,256.0,4.429989685404848,19.62480861279335
387,Roland Garros,2019,Clay,6,0,0,0,0,,0,0,0,0,0,0,0,0,0,1,1,1,10.0,0.006430370146846442,0.0,0,0,0,0,0,0,0,11.5,32.5,58.5,1,Roland Garros_2019,0,0,132.25,0.9299896854048484,0.8648808149594088
388,Roland Garros,2019,Clay,6,0,0,0,0,,0,0,0,0,0,0,0,0,0,1,1,1,83.5,0.01666666666666672,25.0,0,0,0,0,0,0,0,10.5,28.0,52.5,1,Roland Garros_2019,0,0,110.25,-3.5700103145951516,12.744973646315774
389,Roland Garros,2019,Clay,7,1,1,1,0,,0,0,0,0,0,0,0,0,0,1,1,1,58.5,0.02179137210984344,1.0,0,0,0,0,0,0,0,13.5,32.5,52.5,1,Roland Garros_2019,0,0,182.25,0.9299896854048484,0.8648808149594088
390,US Open,2019,Hard,2,0,0,0,0,,0,0,0,0,0,0,0,0,0,0,0,1,293.0,0.06249851052167488,324.0,0,0,0,0,0,0,0,11.0,31.5,1.0,1,US Open_2019,0,0,121.0,-0.07001031459515161,0.004901444149712099
391,US Open,2019,Hard,2,0,0,0,0,,0,0,0,1,0,0,0,0,0,1,1,1,61.5,0.1595948012232415,11.0,0,0,0,0,0,0,0,9.0,30.5,180.0,1,US Open_2019,0,0,81.0,-1.0700103145951516,1.1449220733400154
392,US Open,2019,Hard,2,1,1,1,0,,0,0,0,0,0,0,0,0,0,0,0,0,68.0,,4.0,0,0,0,0,0,0,0,9.0,28.0,84.5,1,US Open_2019,0,0,81.0,-3.5700103145951516,12.744973646315774
393,US Open,2019,Hard,2,0,0,0,0,,0,0,0,0,0,0,0,0,0,0,0,0,58.5,0.06607684529828117,3.0,0,0,0,0,0,0,0,13.5,33.0,24.5,1,US Open_2019,0,0,182.25,1.4299896854048484,2.044870500364257
394,US Open,2019,Hard,2,0,0,0,0,,0,0,0,1,0,1,0,0,0,1,1,1,128.0,0.1577476896625833,60.0,0,0,0,0,0,0,0,6.5,27.5,21.0,0,US Open_2019,0,0,42.25,-4.070010314595152,16.564983960910926
395,US Open,2019,Hard,2,1,1,0,0,,1,0,0,1,0,1,0,0,0,1,1,1,256.0,0.0,16.0,0,0,0,0,0,0,0,3.0,23.5,48.5,0,US Open_2019,0,1,9.0,-8.070010314595152,65.12506647767214
396,US Open,2019,Hard,2,0,0,0,0,,0,0,0,1,0,0,0,0,0,1,1,1,113.5,0.0463852376137513,23.0,1,0,0,0,0,0,0,11.5,32.5,68.0,1,US Open_2019,0,0,132.25,0.9299896854048484,0.8648808149594088
397,US Open,2019,Hard,2,1,1,1,0,,0,0,0,0,0,0,0,0,0,0,0,0,18.0,0.05927088002390557,4.0,0,0,0,0,0,0,0,16.0,36.0,34.0,1,US Open_2019,0,0,256.0,4.429989685404848,19.62480861279335
398,US Open,2019,Hard,2,0,0,0,0,,0,0,0,0,0,0,0,0,0,1,1,1,12.0,0.0790823211875844,12.0,1,0,0,0,0,0,0,14.0,32.5,62.5,1,US Open_2019,0,0,196.0,0.9299896854048484,0.8648808149594088
399,US Open,2019,Hard,2,1,1,1,0,,0,0,0,0,0,0,0,0,0,1,1,1,224.5,,83.0,0,0,0,0,0,0,0,17.0,34.5,370.0,1,US Open_2019,0,0,289.0,2.9299896854048484,8.584839556578803
400,US Open,2019,Hard,2,0,0,0,0,,0,0,0,1,0,0,0,0,0,1,1,1,657.0,0.3,848.0,0,0,0,0,0,0,0,1.0,21.5,410.5,1,US Open_2019,0,0,1.0,-10.070010314595152,101.40510773605274
401,US Open,2019,Hard,2,0,0,0,0,,0,0,0,0,0,0,0,0,0,1,1,1,104.5,0.001020408163265318,11.0,0,0,0,0,0,0,0,3.5,26.5,28.5,1,US Open_2019,0,0,12.25,-5.070010314595152,25.70500459010123
402,US Open,2019,Hard,2,1,1,1,0,,0,0,0,0,0,0,0,0,0,0,0,0,21.5,0.004037674425954929,17.0,0,0,0,0,0,0,0,14.5,34.0,58.0,1,US Open_2019,0,0,210.25,2.4299896854048484,5.904849871173954
403,US Open,2019,Hard,2,1,1,1,0,,0,0,0,1,0,0,0,0,0,1,1,1,265.5,,167.0,0,0,0,0,0,0,0,17.0,29.5,29.5,1,US Open_2019,0,0,289.0,-2.0700103145951516,4.284942702530318
404,US Open,2019,Hard,2,0,0,0,0,,0,0,0,0,0,0,0,0,0,0,0,0,62.0,0.04732492001421967,30.0,0,0,0,0,0,0,0,9.0,30.5,160.0,1,US Open_2019,0,0,81.0,-1.0700103145951516,1.1449220733400154
405,US Open,2019,Hard,2,1,1,1,0,,0,0,0,0,0,0,0,0,0,0,0,0,538.5,0.09595466093414101,201.0,0,0,0,0,0,0,0,8.0,25.5,16.0,1,US Open_2019,0,0,64.0,-6.070010314595152,36.84502521929153
406,US Open,2019,Hard,2,1,1,1,0,,0,0,0,0,0,0,0,0,0,1,1,1,47.0,0.006165839829907926,8.0,0,0,0,0,0,0,0,5.5,27.0,17.0,1,US Open_2019,0,0,30.25,-4.570010314595152,20.884994275506077
407,US Open,2019,Hard,2,1,1,1,0,,1,0,0,1,0,0,0,0,0,0,0,0,318.0,0.03539381854436691,38.0,1,0,0,1,0,0,0,8.0,26.0,121.5,1,US Open_2019,1,1,64.0,-5.570010314595152,31.02501490469638
409,US Open,2019,Hard,2,0,0,0,0,,0,0,0,0,0,0,0,0,0,1,1,1,86.5,0.04078277886497061,13.0,0,0,0,0,0,0,0,12.5,29.5,21.0,1,US Open_2019,0,0,156.25,-2.0700103145951516,4.284942702530318
410,US Open,2019,Hard,2,1,1,1,0,,0,0,0,1,0,1,0,0,0,0,0,0,185.0,0.1721611721611722,80.0,1,0,1,0,0,0,0,9.0,27.0,28.5,0,US Open_2019,1,1,81.0,-4.570010314595152,20.884994275506077
411,US Open,2019,Hard,2,1,1,1,0,,1,0,0,1,0,1,0,0,0,0,1,1,48.0,0.04739231884971928,8.0,0,0,1,0,0,0,0,11.5,33.0,213.0,0,US Open_2019,1,1,132.25,1.4299896854048484,2.044870500364257
412,US Open,2019,Hard,2,0,0,0,0,,0,0,0,0,0,0,0,0,0,0,0,0,70.0,0.2187418308191478,10.0,0,0,0,0,0,0,0,19.0,38.5,330.5,1,US Open_2019,0,0,361.0,6.929989685404848,48.02475703981759
413,US Open,2019,Hard,2,0,0,0,0,,0,0,0,0,0,0,0,0,0,1,1,1,213.0,0.05275689223057639,26.0,0,0,0,0,0,0,0,16.0,33.0,8.5,1,US Open_2019,0,0,256.0,1.4299896854048484,2.044870500364257
414,US Open,2019,Hard,2,0,0,0,0,,0,0,0,1,0,1,0,0,0,1,1,1,190.0,0.2446808510638298,256.0,0,0,0,0,0,0,0,6.5,23.5,13.0,0,US Open_2019,0,0,42.25,-8.070010314595152,65.12506647767214
415,US Open,2019,Hard,2,0,0,0,0,,0,0,0,1,0,1,0,0,0,0,0,0,93.5,0.0657745123764541,23.0,0,0,0,0,0,0,0,13.0,31.0,64.5,0,US Open_2019,0,0,169.0,-0.5700103145951516,0.3249117587448637
416,US Open,2019,Hard,2,1,1,1,0,,0,0,0,0,0,0,0,0,0,1,1,1,499.0,,80.0,0,0,0,0,0,0,0,10.0,28.5,351.0,1,US Open_2019,0,0,100.0,-3.0700103145951516,9.424963331720623
417,US Open,2019,Hard,2,0,0,0,0,,0,0,0,0,0,0,0,0,0,0,0,0,44.5,0.08343917928676103,7.0,0,0,0,0,0,0,0,13.0,31.5,23.5,1,US Open_2019,0,0,169.0,-0.07001031459515161,0.004901444149712099
418,US Open,2019,Hard,2,1,1,1,0,,0,0,0,1,0,1,0,0,0,0,0,0,60.0,0.005401325638747956,2.0,0,0,0,0,0,0,0,19.5,37.5,27.0,0,US Open_2019,0,0,380.25,5.929989685404848,35.16477766900789
419,US Open,2019,Hard,2,0,0,0,0,,0,0,0,0,0,0,0,0,0,0,0,0,66.5,0.1354139139932704,5.0,0,0,0,0,0,0,0,14.0,34.0,60.0,1,US Open_2019,0,0,196.0,2.4299896854048484,5.904849871173954
420,US Open,2019,Hard,2,1,1,0,0,,1,0,0,1,0,1,0,0,0,0,0,0,58.5,0.06163818395188503,27.0,0,0,0,0,0,0,0,17.5,37.5,769.5,0,US Open_2019,0,1,306.25,5.929989685404848,35.16477766900789
421,US Open,2019,Hard,2,0,0,0,0,,0,0,0,0,0,0,0,0,0,0,0,0,62.5,0.06847195357833663,17.0,0,0,0,0,0,0,0,18.0,32.5,4.5,1,US Open_2019,0,0,324.0,0.9299896854048484,0.8648808149594088
422,US Open,2019,Hard,3,0,0,0,0,,0,0,0,1,0,1,0,0,0,1,1,1,180.0,0.01098901098901112,18.0,0,0,0,0,0,0,0,7.5,26.5,1.0,0,US Open_2019,0,0,56.25,-5.070010314595152,25.70500459010123
423,US Open,2019,Hard,3,1,1,1,0,,0,0,0,0,0,0,0,0,0,1,1,1,84.5,0.03820184790334047,69.0,0,0,0,0,0,0,0,16.0,33.0,24.5,1,US Open_2019,0,0,256.0,1.4299896854048484,2.044870500364257
424,US Open,2019,Hard,3,1,1,1,0,,0,0,0,1,0,0,0,0,0,1,1,1,21.0,0.1497472494796313,20.0,0,0,0,1,0,0,0,11.0,31.5,48.5,1,US Open_2019,1,1,121.0,-0.07001031459515161,0.004901444149712099
425,US Open,2019,Hard,3,0,0,0,0,,0,0,0,0,0,0,0,0,0,0,0,0,68.0,0.06720430107526876,10.0,1,0,0,0,0,0,0,13.5,32.5,34.0,1,US Open_2019,0,0,182.25,0.9299896854048484,0.8648808149594088
427,US Open,2019,Hard,3,0,0,0,0,,0,0,0,0,0,0,0,0,0,0,0,0,410.5,0.1142857142857143,75.0,0,0,0,0,0,0,0,10.5,27.5,28.5,1,US Open_2019,0,0,110.25,-4.070010314595152,16.564983960910926
428,US Open,2019,Hard,3,1,1,1,0,,0,0,0,1,0,0,0,0,0,0,0,0,29.5,,15.0,0,0,0,0,0,0,0,7.0,29.0,58.0,1,US Open_2019,0,0,49.0,-2.5700103145951516,6.60495301712547
429,US Open,2019,Hard,3,0,0,0,0,,0,0,0,1,0,1,0,0,0,0,1,1,160.0,0.0855826201448322,48.0,0,0,0,0,0,0,0,10.0,27.5,16.0,0,US Open_2019,0,0,100.0,-4.070010314595152,16.564983960910926
430,US Open,2019,Hard,3,0,0,0,0,,0,0,0,0,0,0,0,0,0,1,1,1,121.5,0.03613892365456817,3.0,0,0,0,0,0,0,0,5.0,26.5,17.0,1,US Open_2019,0,0,25.0,-5.070010314595152,25.70500459010123
431,US Open,2019,Hard,3,0,0,0,0,,0,0,0,0,0,0,0,0,0,1,1,1,124.0,0.01827875095201831,64.0,0,0,0,0,0,0,0,7.0,24.5,21.0,1,US Open_2019,0,0,49.0,-7.070010314595152,49.98504584848183
433,US Open,2019,Hard,3,0,0,0,0,,0,0,0,1,0,0,0,0,0,0,1,1,8.5,0.01088081143884523,1.0,0,0,0,0,0,0,0,13.5,34.5,330.5,1,US Open_2019,0,0,182.25,2.9299896854048484,8.584839556578803
434,US Open,2019,Hard,3,1,1,1,0,,0,0,0,0,0,0,0,0,0,0,0,0,13.0,0.04246260069044883,2.0,0,0,0,0,0,0,0,13.0,31.5,64.5,1,US Open_2019,0,0,169.0,-0.07001031459515161,0.004901444149712099
435,US Open,2019,Hard,3,0,0,0,0,,0,0,0,0,0,0,0,0,0,1,1,1,351.0,,36.0,0,0,0,0,0,0,0,1.0,16.0,23.5,1,US Open_2019,0,0,1.0,-15.570010314595152,242.4252211965994
436,US Open,2019,Hard,3,1,1,0,0,,1,0,0,1,0,1,0,0,0,0,0,0,27.0,0.03954461804929088,2.0,0,0,0,0,0,0,0,9.5,30.0,60.0,0,US Open_2019,0,1,90.25,-1.5700103145951516,2.464932387935167
437,US Open,2019,Hard,3,0,0,0,0,,0,0,0,0,0,0,0,0,0,0,0,0,769.5,0.09090909090909091,645.0,1,0,0,0,0,0,0,10.5,29.0,4.5,1,US Open_2019,0,0,110.25,-2.5700103145951516,6.60495301712547
438,US Open,2019,Hard,4,0,0,0,0,,0,0,0,0,0,0,0,0,0,1,1,1,24.5,0.1254761904761905,19.0,0,0,0,0,0,0,0,12.5,31.0,1.0,1,US Open_2019,0,0,156.25,-0.5700103145951516,0.3249117587448637
439,US Open,2019,Hard,4,1,1,1,0,,0,0,0,0,0,0,0,0,0,1,1,1,34.0,0.02179137210984344,2.0,0,0,0,0,0,0,0,13.5,32.5,48.5,1,US Open_2019,0,0,182.25,0.9299896854048484,0.8648808149594088
440,US Open,2019,Hard,4,0,0,0,0,,0,0,0,0,0,0,0,0,0,0,1,1,62.5,0.05556958608017137,47.0,0,0,0,0,0,0,0,9.0,29.5,28.5,1,US Open_2019,0,0,81.0,-2.0700103145951516,4.284942702530318
441,US Open,2019,Hard,4,0,0,0,0,,0,0,0,0,0,0,0,0,0,1,1,1,16.0,0.0003609504402074526,26.0,0,0,0,0,0,0,0,21.0,41.0,58.0,1,US Open_2019,0,0,441.0,9.429989685404848,88.92470546684183
442,US Open,2019,Hard,4,1,1,0,0,,1,0,0,1,0,0,0,0,0,0,1,1,21.0,0.06283712425079746,8.0,0,0,0,0,0,0,0,10.0,31.0,17.0,1,US Open_2019,0,1,100.0,-0.5700103145951516,0.3249117587448637
443,US Open,2019,Hard,4,0,0,0,0,,0,0,0,0,0,0,0,0,0,0,0,0,330.5,0.0,229.0,0,0,0,0,0,0,0,3.0,20.5,28.5,1,US Open_2019,0,0,9.0,-11.070010314595152,122.54512836524304
444,US Open,2019,Hard,4,0,0,0,0,,0,0,0,1,0,1,0,0,0,0,0,0,64.5,0.1132559581209533,23.0,0,0,0,0,0,0,0,7.0,26.5,23.5,0,US Open_2019,0,0,49.0,-5.070010314595152,25.70500459010123
445,US Open,2019,Hard,4,1,1,1,0,,0,0,0,0,0,0,0,0,0,0,0,0,4.5,0.005113704012382425,1.0,0,0,0,0,0,0,0,19.0,36.5,60.0,1,US Open_2019,0,0,361.0,4.929989685404848,24.304798298198197
446,US Open,2019,Hard,5,0,0,0,0,,0,0,0,0,0,0,0,0,0,0,0,0,48.5,0.04448621553884713,13.0,0,0,0,0,0,0,0,5.5,25.5,1.0,1,US Open_2019,0,0,30.25,-6.070010314595152,36.84502521929153
447,US Open,2019,Hard,5,1,1,0,0,,1,0,0,1,0,1,0,0,0,1,1,1,58.0,0.1634566457717583,96.0,0,0,0,0,0,0,0,5.5,26.5,28.5,0,US Open_2019,0,1,30.25,-5.070010314595152,25.70500459010123
448,US Open,2019,Hard,5,1,1,1,0,,0,0,0,0,0,0,0,0,0,1,1,1,28.5,0.006161816578483248,19.0,0,0,0,0,0,0,0,20.5,38.5,17.0,1,US Open_2019,0,0,420.25,6.929989685404848,48.02475703981759
449,US Open,2019,Hard,5,1,1,1,0,,0,0,0,0,0,0,0,0,0,0,0,0,60.0,0.01754186341999969,28.0,0,0,0,0,0,0,0,13.5,31.0,23.5,1,US Open_2019,0,0,182.25,-0.5700103145951516,0.3249117587448637
450,US Open,2019,Hard,6,1,1,1,0,,0,0,0,0,0,0,0,0,0,1,1,1,28.5,0.03561869925952366,15.0,0,0,0,0,0,0,0,11.0,31.5,1.0,1,US Open_2019,0,0,121.0,-0.07001031459515161,0.004901444149712099
451,US Open,2019,Hard,6,1,1,1,0,,0,0,0,0,0,0,0,0,0,1,1,1,23.5,0.08426573426573425,1.0,0,0,0,0,0,0,0,7.5,28.0,17.0,1,US Open_2019,0,0,56.25,-3.5700103145951516,12.744973646315774
452,US Open,2019,Hard,7,0,0,0,0,,0,0,0,0,0,0,0,0,0,0,1,1,17.0,0.01057318491443759,20.0,0,0,0,0,0,0,0,16.0,33.5,1.0,1,US Open_2019,0,0,256.0,1.9299896854048484,3.7248601857691055
453,Wimbledon,2019,Grass,2,0,0,0,0,,0,0,0,1,0,1,0,0,0,0,0,0,37.5,0.02195281782437752,5.0,0,0,0,0,0,0,0,7.5,28.0,3.0,0,Wimbledon_2019,0,0,56.25,-3.5700103145951516,12.744973646315774
454,Wimbledon,2019,Grass,2,0,0,0,0,,0,0,0,1,0,0,0,0,0,1,1,1,1292.0,,418.0,0,0,0,0,0,0,0,1.0,19.0,5.0,1,Wimbledon_2019,0,0,1.0,-12.570010314595152,158.0051593090285
455,Wimbledon,2019,Grass,2,1,1,1,0,,0,0,0,1,0,0,0,0,0,1,1,1,54.0,0.001418988648090869,4.0,0,0,0,0,0,0,0,6.0,24.0,9.5,1,Wimbledon_2019,0,0,36.0,-7.570010314595152,57.30505616307698
456,Wimbledon,2019,Grass,2,1,1,0,0,,0,1,0,1,0,1,0,0,0,1,1,1,72.5,0.06080233079336622,55.0,0,0,0,0,0,1,0,17.0,32.0,11.5,0,Wimbledon_2019,0,0,289.0,0.4299896854048484,0.1848911295545605
457,Wimbledon,2019,Grass,2,0,0,0,0,,0,0,0,1,0,0,0,0,0,1,1,1,310.5,0.123943661971831,99.0,1,0,0,0,0,0,0,13.0,31.0,15.5,1,Wimbledon_2019,0,0,169.0,-0.5700103145951516,0.3249117587448637
458,Wimbledon,2019,Grass,2,0,0,0,0,,0,0,0,1,0,0,0,0,0,0,0,0,303.5,0.08181818181818185,87.0,1,0,0,0,0,0,0,10.5,28.0,15.5,1,Wimbledon_2019,0,0,110.25,-3.5700103145951516,12.744973646315774
459,Wimbledon,2019,Grass,2,1,1,1,0,,0,0,0,1,0,0,0,0,0,0,0,0,65.5,0.003307706061147886,1.0,0,0,0,0,0,0,0,1.0,34.5,16.0,1,Wimbledon_2019,0,0,1.0,2.9299896854048484,8.584839556578803
460,Wimbledon,2019,Grass,2,0,0,0,0,,0,0,0,1,0,0,0,0,0,1,1,1,64.0,0.3463498920086393,56.0,0,0,0,0,0,0,0,16.0,31.5,18.5,1,Wimbledon_2019,0,0,256.0,-0.07001031459515161,0.004901444149712099
461,Wimbledon,2019,Grass,2,1,1,1,0,,0,0,0,1,0,0,0,0,0,0,1,1,60.0,0.06904818419178732,36.0,0,0,0,0,0,0,0,20.5,37.5,19.0,1,Wimbledon_2019,0,0,420.25,5.929989685404848,35.16477766900789
462,Wimbledon,2019,Grass,2,0,0,0,0,,0,0,0,1,0,0,0,0,0,1,1,1,209.5,0.1228070175438596,73.0,0,0,0,0,0,0,0,5.0,25.0,21.5,1,Wimbledon_2019,0,0,25.0,-6.570010314595152,43.16503553388668
463,Wimbledon,2019,Grass,2,0,0,0,0,,0,0,0,1,0,0,0,0,0,0,0,0,71.0,0.06720430107526876,18.0,1,0,0,0,0,0,0,13.5,32.5,22.0,1,Wimbledon_2019,0,0,182.25,0.9299896854048484,0.8648808149594088
464,Wimbledon,2019,Grass,2,1,0,0,1,5.0,0,0,0,1,0,0,0,0,0,0,0,0,66.0,,6.0,0,0,0,0,0,0,0,9.0,28.0,32.0,1,Wimbledon_2019,0,1,81.0,-3.5700103145951516,12.744973646315774
465,Wimbledon,2019,Grass,2,0,0,0,0,,0,0,0,1,0,0,0,0,0,0,0,0,280.5,0.1807588667977569,373.0,1,0,0,0,0,0,0,8.0,27.0,37.5,1,Wimbledon_2019,0,0,64.0,-4.570010314595152,20.884994275506077
466,Wimbledon,2019,Grass,2,1,1,1,0,,0,0,0,1,0,1,0,0,0,0,0,0,277.5,0.09999999999999998,19.0,0,0,1,0,0,0,0,4.0,21.5,72.5,0,Wimbledon_2019,1,1,16.0,-10.070010314595152,101.40510773605274
467,Wimbledon,2019,Grass,2,1,1,1,1,5.0,0,1,0,1,0,1,0,0,0,0,0,0,93.0,0.2807000154188418,40.0,0,0,0,1,0,0,0,20.0,38.0,232.5,0,Wimbledon_2019,1,1,400.0,6.429989685404848,41.34476735441274
468,Wimbledon,2019,Grass,2,1,1,0,0,,0,1,0,1,0,1,0,0,0,1,1,1,240.0,0.2446808510638298,364.0,0,0,0,0,0,0,0,6.5,23.5,102.0,0,Wimbledon_2019,0,0,42.25,-8.070010314595152,65.12506647767214
469,Wimbledon,2019,Grass,2,1,1,0,0,,0,1,0,1,0,0,0,0,0,0,0,0,92.0,0.01720485897525037,90.0,0,0,0,0,0,0,0,15.5,36.0,38.0,1,Wimbledon_2019,0,0,240.25,4.429989685404848,19.62480861279335
470,Wimbledon,2019,Grass,2,0,0,0,0,,0,0,0,1,0,0,0,0,0,1,1,1,90.0,0.1348136738972318,60.0,0,0,0,0,0,0,0,13.0,30.0,224.0,1,Wimbledon_2019,0,0,169.0,-1.5700103145951516,2.464932387935167
471,Wimbledon,2019,Grass,2,0,0,0,0,,0,0,0,1,0,0,0,0,0,1,1,1,23.5,0.08426573426573425,1.0,0,0,0,0,0,0,0,7.5,28.0,48.0,1,Wimbledon_2019,0,0,56.25,-3.5700103145951516,12.744973646315774
472,Wimbledon,2019,Grass,2,1,1,1,0,,0,0,0,1,0,1,0,0,0,1,1,1,20.0,0.03561869925952366,24.0,0,0,0,0,0,0,0,11.0,31.5,56.5,0,Wimbledon_2019,0,0,121.0,-0.07001031459515161,0.004901444149712099
473,Wimbledon,2019,Grass,2,0,0,0,0,,0,0,0,1,0,0,0,0,0,1,1,1,169.5,,101.0,1,0,0,0,0,0,0,11.5,28.0,276.5,1,Wimbledon_2019,0,0,132.25,-3.5700103145951516,12.744973646315774
474,Wimbledon,2019,Grass,2,1,1,1,0,,0,0,0,1,0,0,0,0,0,1,1,1,190.0,0.1230907457322552,232.0,0,0,0,0,0,0,0,9.5,28.5,72.0,1,Wimbledon_2019,0,0,90.25,-3.0700103145951516,9.424963331720623
475,Wimbledon,2019,Grass,2,1,1,0,0,,0,1,0,1,0,1,0,0,0,1,1,1,264.0,,170.0,0,0,0,0,0,0,0,17.0,29.5,54.5,0,Wimbledon_2019,0,0,289.0,-2.0700103145951516,4.284942702530318
476,Wimbledon,2019,Grass,2,0,0,0,0,,0,0,0,1,0,1,0,0,0,0,0,0,305.5,0.1561913696060037,143.0,1,0,0,0,0,0,0,7.0,25.0,84.5,0,Wimbledon_2019,0,0,49.0,-6.570010314595152,43.16503553388668
477,Wimbledon,2019,Grass,2,0,0,0,0,,0,0,0,1,0,0,0,0,0,1,1,1,82.0,,6.0,0,0,0,0,0,0,0,14.0,34.0,282.5,1,Wimbledon_2019,0,0,196.0,2.4299896854048484,5.904849871173954
479,Wimbledon,2019,Grass,2,1,1,1,0,,0,0,0,1,0,1,0,0,0,1,1,1,86.5,0.2293972044263251,5.0,0,0,1,0,0,0,0,5.0,23.0,65.5,0,Wimbledon_2019,1,1,25.0,-8.570010314595152,73.44507679226729
480,Wimbledon,2019,Grass,2,0,0,0,0,,0,0,0,1,0,0,0,0,0,0,0,0,257.5,0.1725649859066709,123.0,0,0,0,0,0,0,0,7.0,25.0,68.5,1,Wimbledon_2019,0,0,49.0,-6.570010314595152,43.16503553388668
481,Wimbledon,2019,Grass,2,1,1,1,0,,0,0,0,1,0,0,0,0,0,1,1,1,272.0,0.2046574115539633,134.0,0,0,0,0,0,0,0,8.5,27.5,60.0,1,Wimbledon_2019,0,0,72.25,-4.070010314595152,16.564983960910926
482,Wimbledon,2019,Grass,2,0,0,0,0,,0,0,0,1,0,0,0,0,0,1,1,1,439.0,0.4625,212.0,0,0,0,0,0,0,0,1.0,24.5,98.5,1,Wimbledon_2019,0,0,1.0,-7.070010314595152,49.98504584848183
483,Wimbledon,2019,Grass,2,1,1,0,0,,0,1,0,1,0,1,0,0,0,0,1,1,35.5,0.02477494732809804,5.0,0,0,0,0,0,1,0,7.0,31.0,188.0,0,Wimbledon_2019,0,0,49.0,-0.5700103145951516,0.3249117587448637
484,Wimbledon,2019,Grass,2,0,0,0,0,,0,0,0,1,0,0,0,0,0,1,1,1,494.5,,117.0,0,0,0,0,0,0,0,8.0,26.5,71.5,1,Wimbledon_2019,0,0,64.0,-5.070010314595152,25.70500459010123
485,Wimbledon,2019,Grass,3,1,1,1,0,,0,1,0,1,0,1,0,0,0,1,1,1,224.0,0.01827875095201831,266.0,0,0,1,0,0,0,0,7.0,24.5,3.0,0,Wimbledon_2019,1,1,49.0,-7.070010314595152,49.98504584848183
486,Wimbledon,2019,Grass,3,0,0,0,0,,0,0,0,1,0,1,0,0,0,1,1,1,232.5,0.009803921568627416,105.0,1,0,0,0,0,0,0,8.0,27.0,5.0,0,Wimbledon_2019,0,0,64.0,-4.570010314595152,20.884994275506077
487,Wimbledon,2019,Grass,3,1,1,1,0,,0,0,0,1,0,0,0,0,0,1,1,1,282.5,0.05629465385562948,147.0,0,0,0,0,0,0,0,13.5,31.5,9.5,1,Wimbledon_2019,0,0,182.25,-0.07001031459515161,0.004901444149712099
488,Wimbledon,2019,Grass,3,0,0,0,0,,0,0,0,1,0,0,0,0,0,0,1,1,68.5,0.02046534024996172,81.0,0,0,0,0,0,0,0,11.0,30.5,15.5,1,Wimbledon_2019,0,0,121.0,-1.0700103145951516,1.1449220733400154
489,Wimbledon,2019,Grass,3,1,1,1,0,,0,0,0,1,0,1,0,0,0,0,0,0,84.5,0.1930862659607599,127.0,1,0,1,0,0,0,0,11.5,30.0,15.5,0,Wimbledon_2019,1,1,132.25,-1.5700103145951516,2.464932387935167
490,Wimbledon,2019,Grass,3,1,1,1,0,,0,0,0,1,0,1,0,0,0,0,1,1,72.5,0.2146683052380179,5.0,0,0,1,0,0,0,0,8.0,30.5,16.0,0,Wimbledon_2019,1,1,64.0,-1.0700103145951516,1.1449220733400154
491,Wimbledon,2019,Grass,3,1,1,1,0,,1,0,0,1,0,1,0,0,0,0,0,0,65.5,0.1053921568627452,3.0,0,0,0,1,0,0,0,14.5,37.0,18.5,0,Wimbledon_2019,1,1,210.25,5.429989685404848,29.484787983603045
492,Wimbledon,2019,Grass,3,1,1,1,0,,0,0,0,1,0,0,0,0,0,1,1,1,102.0,0.03820184790334047,96.0,0,0,0,0,0,0,0,16.0,33.0,19.0,1,Wimbledon_2019,0,0,256.0,1.4299896854048484,2.044870500364257
493,Wimbledon,2019,Grass,3,0,0,0,0,,0,0,0,1,0,0,0,0,0,0,0,0,60.0,0.01754186341999969,42.0,0,0,0,0,0,0,0,13.5,31.0,21.5,1,Wimbledon_2019,0,0,182.25,-0.5700103145951516,0.3249117587448637
494,Wimbledon,2019,Grass,3,1,1,0,0,,1,0,0,1,0,0,0,0,0,0,1,1,276.5,,323.0,1,0,0,0,0,0,0,12.5,30.5,22.0,1,Wimbledon_2019,0,1,156.25,-1.0700103145951516,1.1449220733400154
495,Wimbledon,2019,Grass,3,1,1,1,0,,1,0,0,1,0,0,0,0,0,0,1,1,71.5,0.02208412330594772,47.0,0,0,0,0,0,0,0,9.5,33.0,37.5,1,Wimbledon_2019,0,1,90.25,1.4299896854048484,2.044870500364257
496,Wimbledon,2019,Grass,3,1,1,0,0,,1,0,0,1,0,1,0,0,0,0,0,0,188.0,0.01503213767364708,14.0,0,0,0,0,0,0,0,3.5,23.0,38.0,0,Wimbledon_2019,0,1,12.25,-8.570010314595152,73.44507679226729
497,Wimbledon,2019,Grass,3,1,1,1,0,,1,0,0,1,0,0,0,0,0,1,1,1,72.0,0.006165839829907926,22.0,0,0,0,0,0,0,0,5.5,27.0,48.0,1,Wimbledon_2019,0,1,30.25,-4.570010314595152,20.884994275506077
498,Wimbledon,2019,Grass,3,1,1,1,0,,0,0,0,1,0,0,0,0,0,0,0,0,98.5,0.005856901646264179,11.0,0,0,0,0,0,0,0,14.5,34.5,56.5,1,Wimbledon_2019,0,0,210.25,2.9299896854048484,8.584839556578803
499,Wimbledon,2019,Grass,3,1,1,0,0,,1,0,0,1,0,1,0,0,0,0,0,0,11.5,0.04246260069044883,9.0,0,0,0,0,0,0,0,13.0,31.5,54.5,0,Wimbledon_2019,0,1,169.0,-0.07001031459515161,0.004901444149712099
500,Wimbledon,2019,Grass,3,1,1,0,0,,0,1,0,1,0,0,0,0,0,1,1,1,32.0,0.006161816578483248,28.0,0,0,0,0,0,0,0,20.5,38.5,59.5,1,Wimbledon_2019,0,0,420.25,6.929989685404848,48.02475703981759
501,Wimbledon,2019,Grass,4,1,1,1,0,,1,0,0,1,0,0,0,0,0,0,0,0,48.0,0.0205831073227431,10.0,0,0,0,1,0,0,0,13.0,31.5,3.0,1,Wimbledon_2019,1,1,169.0,-0.07001031459515161,0.004901444149712099
502,Wimbledon,2019,Grass,4,1,1,1,0,,0,0,0,1,0,0,0,0,0,0,0,0,59.5,0.02531462042568,17.0,0,0,0,0,0,0,0,12.0,31.5,5.0,1,Wimbledon_2019,0,0,144.0,-0.07001031459515161,0.004901444149712099
503,Wimbledon,2019,Grass,4,1,1,0,0,,1,0,0,1,0,0,0,0,0,0,0,0,37.5,0.02181491464510332,7.0,0,0,0,0,0,0,0,16.0,34.0,9.5,1,Wimbledon_2019,0,1,256.0,2.4299896854048484,5.904849871173954
505,Wimbledon,2019,Grass,4,1,1,1,0,,0,0,0,1,0,0,0,0,0,0,1,1,22.0,0.06283712425079746,6.0,0,0,0,0,0,0,0,10.0,31.0,18.5,1,Wimbledon_2019,0,0,100.0,-0.5700103145951516,0.3249117587448637
506,Wimbledon,2019,Grass,4,1,1,1,0,,0,1,0,1,0,0,0,0,0,1,1,1,16.0,0.0003609504402074526,30.0,0,0,0,0,0,0,0,21.0,41.0,21.5,1,Wimbledon_2019,0,0,441.0,9.429989685404848,88.92470546684183
507,Wimbledon,2019,Grass,4,1,1,1,0,,0,0,0,1,0,0,0,0,0,0,0,0,54.5,0.005401325638747956,9.0,0,0,0,1,0,0,0,19.5,37.5,38.0,1,Wimbledon_2019,1,1,380.25,5.929989685404848,35.16477766900789
508,Wimbledon,2019,Grass,4,1,1,1,0,,1,0,0,1,0,0,0,0,0,1,1,1,15.5,0.1497472494796313,9.0,0,0,0,0,0,0,0,11.0,31.5,56.5,1,Wimbledon_2019,0,1,121.0,-0.07001031459515161,0.004901444149712099
509,Wimbledon,2019,Grass,5,1,1,0,1,5.0,1,0,0,1,0,0,0,0,0,0,0,0,15.5,0.05927088002390557,3.0,0,0,0,0,1,0,0,16.0,36.0,5.0,1,Wimbledon_2019,0,1,256.0,4.429989685404848,19.62480861279335
510,Wimbledon,2019,Grass,5,1,1,0,0,,1,0,0,1,0,1,0,0,0,0,0,0,18.5,0.03954461804929088,7.0,0,0,0,0,1,0,0,9.5,30.0,9.5,0,Wimbledon_2019,0,1,90.25,-1.5700103145951516,2.464932387935167
511,Wimbledon,2019,Grass,5,1,1,1,0,,0,0,0,1,0,0,0,0,0,0,0,0,3.0,0.005113704012382425,2.0,0,0,0,1,0,0,0,19.0,36.5,21.5,1,Wimbledon_2019,1,1,361.0,4.929989685404848,24.304798298198197
512,Wimbledon,2019,Grass,5,1,1,1,0,,0,0,0,1,0,0,0,0,0,0,0,0,38.0,0.1003563845920534,22.0,0,0,0,0,0,0,0,11.0,30.0,56.5,1,Wimbledon_2019,0,0,121.0,-1.5700103145951516,2.464932387935167
513,Wimbledon,2019,Grass,6,1,1,1,0,,1,0,0,1,0,0,0,0,0,0,1,1,9.5,0.01088081143884523,1.0,0,0,0,1,0,0,0,13.5,34.5,5.0,1,Wimbledon_2019,1,1,182.25,2.9299896854048484,8.584839556578803
514,Wimbledon,2019,Grass,6,1,1,1,0,,1,0,0,1,0,0,0,0,0,0,0,0,56.5,0.004037674425954929,39.0,0,0,0,0,0,0,0,14.5,34.0,21.5,1,Wimbledon_2019,0,1,210.25,2.4299896854048484,5.904849871173954
515,Wimbledon,2019,Grass,7,1,1,1,0,,1,1,0,1,0,1,0,0,0,1,1,1,21.5,0.01094362864274367,17.0,0,0,1,0,0,1,0,18.0,36.5,5.0,0,Wimbledon_2019,1,1,324.0,4.929989685404848,24.304798298198197
516,Australian Open,2020,Hard,2,0,0,0,0,,0,0,0,0,0,0,0,0,0,1,1,1,63.0,0.03102725366876308,44.0,0,0,0,0,0,0,0,10.5,30.0,6.0,1,Australian Open_2020,0,0,110.25,-1.5700103145951516,2.464932387935167
517,Australian Open,2020,Hard,2,1,1,1,0,,0,0,0,0,0,0,0,0,0,1,1,1,251.0,0.006802721088435437,44.0,0,0,0,0,0,0,0,3.0,21.0,12.5,1,Australian Open_2020,0,0,9.0,-10.570010314595152,111.7251180506479
518,Australian Open,2020,Hard,2,1,1,1,0,,0,0,0,0,0,0,0,0,0,0,0,0,403.0,,108.0,1,0,0,0,0,0,0,10.0,26.5,14.5,1,Australian Open_2020,0,0,100.0,-5.070010314595152,25.70500459010123
519,Australian Open,2020,Hard,2,0,0,0,0,,0,0,0,0,0,0,0,0,0,0,0,0,42.5,0.03393586098448154,5.0,0,0,0,0,0,0,0,13.5,32.5,15.5,1,Australian Open_2020,0,0,182.25,0.9299896854048484,0.8648808149594088
520,Australian Open,2020,Hard,2,0,0,0,0,,0,0,0,0,0,0,0,0,0,0,0,0,52.5,0.1363993710691824,11.0,0,0,0,0,0,0,0,14.0,35.0,17.0,1,Australian Open_2020,0,0,196.0,3.4299896854048484,11.764829241983652
521,Australian Open,2020,Hard,2,0,0,0,0,,0,0,0,1,0,0,0,0,0,0,0,0,54.5,0.01743166878099411,5.0,0,0,0,0,0,0,0,22.0,37.0,19.5,1,Australian Open_2020,0,0,484.0,5.429989685404848,29.484787983603045
522,Australian Open,2020,Hard,2,0,0,0,0,,0,0,0,1,0,0,0,0,0,0,0,0,199.5,0.0,23.0,0,0,0,0,0,0,0,4.0,21.5,20.5,1,Australian Open_2020,0,0,16.0,-10.070010314595152,101.40510773605274
523,Australian Open,2020,Hard,2,1,1,1,0,,0,0,0,0,0,0,0,0,0,0,0,0,44.5,0.04448621553884713,3.0,0,0,0,0,0,0,0,6.5,26.5,21.0,1,Australian Open_2020,0,0,42.25,-5.070010314595152,25.70500459010123
524,Australian Open,2020,Hard,2,1,1,1,0,,0,0,0,0,0,0,0,0,0,0,1,1,124.5,0.01469098277608921,45.0,0,0,0,0,0,0,0,11.0,30.5,21.5,1,Australian Open_2020,0,0,121.0,-1.0700103145951516,1.1449220733400154
525,Australian Open,2020,Hard,2,1,1,1,0,,1,0,0,1,0,0,0,0,0,0,0,0,183.5,0.0587628865979381,223.0,0,0,0,1,0,0,0,13.0,29.5,26.0,1,Australian Open_2020,1,1,169.0,-2.0700103145951516,4.284942702530318
526,Australian Open,2020,Hard,2,0,0,0,0,,0,0,0,1,0,0,0,0,0,0,0,0,233.5,0.2346329469617141,391.0,1,0,0,0,0,0,0,13.0,34.0,28.0,1,Australian Open_2020,0,0,169.0,2.4299896854048484,5.904849871173954
527,Australian Open,2020,Hard,2,0,0,0,0,,0,0,0,0,0,0,0,0,0,0,0,0,347.0,0.09595466093414101,202.0,0,0,0,0,0,0,0,9.0,26.5,28.0,1,Australian Open_2020,0,0,81.0,-5.070010314595152,25.70500459010123
528,Australian Open,2020,Hard,2,1,1,1,0,,0,0,0,0,0,0,0,0,0,1,1,1,91.5,0.1377538829151733,43.0,1,0,0,0,0,0,0,13.0,30.0,29.5,1,Australian Open_2020,0,0,169.0,-1.5700103145951516,2.464932387935167
529,Australian Open,2020,Hard,2,1,1,1,0,,0,0,0,1,0,0,0,0,0,0,0,0,63.5,0.0459253468829392,1.0,0,0,0,1,0,0,0,11.0,34.5,38.5,1,Australian Open_2020,1,1,121.0,2.9299896854048484,8.584839556578803
530,Australian Open,2020,Hard,2,0,0,0,0,,0,0,0,0,0,0,0,0,0,0,0,0,277.0,0.008403361344537785,38.0,1,0,0,0,0,0,0,10.5,27.0,65.0,1,Australian Open_2020,0,0,110.25,-4.570010314595152,20.884994275506077
531,Australian Open,2020,Hard,2,0,0,0,0,,0,0,0,1,0,0,0,0,0,0,0,0,355.5,0.1848238482384824,29.0,0,0,0,0,0,0,0,4.5,22.0,223.0,1,Australian Open_2020,0,0,20.25,-9.570010314595152,91.58509742145759
532,Australian Open,2020,Hard,2,1,1,1,0,,0,0,0,0,0,0,0,0,0,1,1,1,4.5,0.0790823211875844,3.0,1,0,0,0,0,0,0,15.0,33.5,93.0,1,Australian Open_2020,0,0,225.0,1.9299896854048484,3.7248601857691055
533,Australian Open,2020,Hard,2,1,1,1,0,,0,0,0,0,0,0,0,0,0,1,1,1,9.0,0.08426573426573425,2.0,0,0,0,0,0,0,0,8.5,29.0,242.0,1,Australian Open_2020,0,0,72.25,-2.5700103145951516,6.60495301712547
534,Australian Open,2020,Hard,2,0,0,0,0,,0,0,0,1,0,1,0,0,0,1,1,1,350.5,,459.0,0,0,0,0,0,0,0,5.0,23.0,86.5,0,Australian Open_2020,0,0,25.0,-8.570010314595152,73.44507679226729
535,Australian Open,2020,Hard,2,0,0,0,0,,0,0,0,1,0,0,0,0,0,0,0,0,51.5,0.05692469295410468,43.0,0,0,0,0,0,0,0,18.5,38.0,90.0,1,Australian Open_2020,0,0,342.25,6.429989685404848,41.34476735441274
536,Australian Open,2020,Hard,2,0,0,0,0,,0,0,0,0,0,0,0,0,0,0,0,0,267.0,0.1566666666666667,372.0,0,0,0,0,0,0,0,13.0,31.0,93.5,1,Australian Open_2020,0,0,169.0,-0.5700103145951516,0.3249117587448637
537,Australian Open,2020,Hard,2,1,1,1,0,,0,0,0,0,0,0,0,0,0,1,1,1,454.0,0.08173076923076922,370.0,0,0,0,0,0,0,0,9.0,26.0,190.5,1,Australian Open_2020,0,0,81.0,-5.570010314595152,31.02501490469638
538,Australian Open,2020,Hard,2,0,0,0,0,,0,0,0,0,0,0,0,0,0,1,1,1,68.0,,34.0,0,0,0,0,0,0,0,23.0,36.5,40.5,1,Australian Open_2020,0,0,529.0,4.929989685404848,24.304798298198197
539,Australian Open,2020,Hard,2,1,1,0,0,,1,0,0,1,0,1,0,0,0,0,0,0,496.0,0.03004622496147918,442.0,0,0,0,0,0,0,0,9.5,27.0,51.0,0,Australian Open_2020,0,1,90.25,-4.570010314595152,20.884994275506077
540,Australian Open,2020,Hard,2,0,0,0,0,,0,0,0,0,0,0,0,0,0,1,1,1,241.0,0.3976658476658477,102.0,0,0,0,0,0,0,0,17.0,35.0,231.0,1,Australian Open_2020,0,0,289.0,3.4299896854048484,11.764829241983652
541,Australian Open,2020,Hard,2,1,1,1,0,,0,0,0,1,0,1,0,0,0,1,1,1,151.5,,155.0,0,0,1,0,0,0,0,10.0,33.0,267.5,0,Australian Open_2020,1,1,100.0,1.4299896854048484,2.044870500364257
542,Australian Open,2020,Hard,2,0,0,0,0,,0,0,0,0,0,0,0,0,0,1,1,1,375.5,0.1712019690961302,157.0,0,0,0,0,0,0,0,12.5,30.5,41.0,1,Australian Open_2020,0,0,156.25,-1.0700103145951516,1.1449220733400154
543,Australian Open,2020,Hard,2,0,0,0,0,,0,0,0,1,0,1,0,0,0,1,1,1,201.5,0.1114700065919578,159.0,0,0,0,0,0,0,0,11.5,30.0,62.0,0,Australian Open_2020,0,0,132.25,-1.5700103145951516,2.464932387935167
544,Australian Open,2020,Hard,2,0,0,0,0,,0,0,0,0,0,0,0,0,0,1,1,1,340.5,0.05629465385562948,227.0,0,0,0,0,0,0,0,14.5,32.5,121.5,1,Australian Open_2020,0,0,210.25,0.9299896854048484,0.8648808149594088
545,Australian Open,2020,Hard,2,0,0,0,0,,0,0,0,0,0,0,0,0,0,0,0,0,75.5,0.1014541014541015,1.0,0,0,0,0,0,0,0,8.5,26.0,85.0,1,Australian Open_2020,0,0,72.25,-5.570010314595152,31.02501490469638
546,Australian Open,2020,Hard,2,1,1,1,0,,1,0,0,1,0,1,0,0,0,0,0,0,52.5,0.06170004885197844,5.0,0,0,0,0,0,0,0,16.0,34.0,160.5,0,Australian Open_2020,0,1,256.0,2.4299896854048484,5.904849871173954
547,Australian Open,2020,Hard,2,0,0,0,0,,0,0,0,0,0,0,0,0,0,0,0,0,59.5,0.08684970210675025,41.0,0,0,0,0,0,0,0,11.5,30.0,57.5,1,Australian Open_2020,0,0,132.25,-1.5700103145951516,2.464932387935167
548,Australian Open,2020,Hard,3,0,0,0,0,,0,0,0,0,0,0,0,0,0,1,1,1,231.0,0.137123745819398,272.0,0,0,0,0,0,0,0,14.0,32.5,12.5,1,Australian Open_2020,0,0,196.0,0.9299896854048484,0.8648808149594088
549,Australian Open,2020,Hard,3,0,0,0,0,,0,0,0,1,0,0,0,0,0,0,1,1,90.0,0.1896503102086859,60.0,1,0,0,0,0,0,0,14.5,32.0,15.5,1,Australian Open_2020,0,0,210.25,0.4299896854048484,0.1848911295545605
550,Australian Open,2020,Hard,3,1,1,0,0,,1,0,0,1,0,0,0,0,0,1,1,1,93.5,0.0250164581961817,65.0,0,0,0,0,0,0,0,15.0,31.5,17.0,1,Australian Open_2020,0,1,225.0,-0.07001031459515161,0.004901444149712099
551,Australian Open,2020,Hard,3,1,1,1,0,,0,0,0,0,0,0,0,0,0,0,1,1,57.5,0.005721003134796288,9.0,0,0,0,0,0,0,0,19.0,34.0,21.0,1,Australian Open_2020,0,0,361.0,2.4299896854048484,5.904849871173954
552,Australian Open,2020,Hard,3,0,0,0,0,,0,0,0,0,0,0,0,0,0,1,1,1,160.5,0.1396914885286979,189.0,0,0,0,0,0,0,0,6.5,28.0,21.5,1,Australian Open_2020,0,0,42.25,-3.5700103145951516,12.744973646315774
553,Australian Open,2020,Hard,3,1,1,1,0,,0,0,0,0,0,0,0,0,0,0,1,1,86.5,0.1825595255400179,171.0,0,0,0,0,0,0,0,10.5,28.5,28.0,1,Australian Open_2020,0,0,110.25,-3.0700103145951516,9.424963331720623
554,Australian Open,2020,Hard,3,1,1,1,0,,0,0,0,0,0,0,0,0,0,1,1,1,223.0,0.0976190476190476,6.0,0,0,0,0,0,0,0,12.0,29.0,38.5,1,Australian Open_2020,0,0,144.0,-2.5700103145951516,6.60495301712547
555,Australian Open,2020,Hard,3,1,1,0,0,,1,0,0,1,0,1,0,0,0,0,0,0,26.0,0.03614886219974711,20.0,0,0,0,0,0,0,0,19.5,38.0,65.0,0,Australian Open_2020,0,1,380.25,6.429989685404848,41.34476735441274
556,Australian Open,2020,Hard,3,1,1,1,0,,0,0,0,1,0,0,0,0,0,1,1,1,40.5,0.006165839829907926,7.0,0,0,0,0,0,0,0,6.5,28.0,93.0,1,Australian Open_2020,0,0,42.25,-3.5700103145951516,12.744973646315774
557,Australian Open,2020,Hard,3,1,1,1,0,,0,0,0,1,0,1,0,0,0,1,1,1,121.5,0.02068965517241383,13.0,0,0,1,0,0,0,0,1.0,28.5,242.0,0,Australian Open_2020,1,1,1.0,-3.0700103145951516,9.424963331720623
558,Australian Open,2020,Hard,3,0,0,0,0,,0,0,0,0,0,0,0,0,0,0,0,0,14.5,0.01910815173527036,1.0,0,0,0,0,0,0,0,12.0,31.5,190.5,1,Australian Open_2020,0,0,144.0,-0.07001031459515161,0.004901444149712099
559,Australian Open,2020,Hard,3,1,1,1,0,,0,0,0,0,0,0,0,0,0,0,0,0,6.0,0.005113704012382425,2.0,0,0,0,0,0,0,0,20.0,37.5,51.0,1,Australian Open_2020,0,0,400.0,5.929989685404848,35.16477766900789
560,Australian Open,2020,Hard,3,1,1,1,0,,1,0,0,1,0,1,0,0,0,1,1,1,28.0,0.03561869925952366,6.0,0,0,0,0,0,0,0,12.0,32.5,267.5,0,Australian Open_2020,0,1,144.0,0.9299896854048484,0.8648808149594088
561,Australian Open,2020,Hard,3,0,0,0,0,,0,0,0,1,0,1,0,0,0,0,0,0,29.5,0.05476966375351799,7.0,0,0,0,0,0,0,0,16.0,35.5,41.0,0,Australian Open_2020,0,0,256.0,3.9299896854048484,15.4448189273885
562,Australian Open,2020,Hard,3,1,1,1,0,,0,0,0,1,0,1,0,0,0,0,0,0,20.5,0.01837960162219088,23.0,0,0,1,0,0,0,0,20.0,39.0,62.0,0,Australian Open_2020,1,1,400.0,7.429989685404848,55.204746725222435
563,Australian Open,2020,Hard,3,1,1,1,0,,0,0,0,1,0,0,0,0,0,0,0,0,19.5,0.05927088002390557,1.0,0,0,0,0,0,0,0,17.0,37.0,85.0,1,Australian Open_2020,0,0,289.0,5.429989685404848,29.484787983603045
564,Australian Open,2020,Hard,4,0,0,0,0,,0,0,0,0,0,0,0,0,0,1,1,1,28.0,0.0003609504402074526,0.0,0,0,0,0,0,0,0,22.0,42.0,12.5,1,Australian Open_2020,0,0,484.0,10.429989685404848,108.78468483765153
565,Australian Open,2020,Hard,4,1,1,1,0,,0,0,0,0,0,0,0,0,0,0,1,1,15.5,0.01057318491443759,23.0,0,0,0,0,0,0,0,17.0,34.5,21.5,1,Australian Open_2020,0,0,289.0,2.9299896854048484,8.584839556578803
566,Australian Open,2020,Hard,4,1,1,1,0,,0,0,0,0,0,0,0,0,0,0,1,1,17.0,0.00867823765020026,12.0,0,0,0,0,0,0,0,10.0,32.5,65.0,1,Australian Open_2020,0,0,100.0,0.9299896854048484,0.8648808149594088
567,Australian Open,2020,Hard,4,0,0,0,0,,0,0,0,0,0,0,0,0,0,1,1,1,267.5,0.003331403948807043,377.0,0,0,0,0,0,0,0,11.0,32.0,242.0,1,Australian Open_2020,0,0,121.0,0.4299896854048484,0.1848911295545605
568,Australian Open,2020,Hard,4,1,1,1,0,,1,0,0,1,0,0,0,0,0,0,0,0,21.0,0.04246260069044883,6.0,0,0,0,0,0,0,0,14.0,32.5,190.5,1,Australian Open_2020,0,1,196.0,0.9299896854048484,0.8648808149594088
569,Australian Open,2020,Hard,4,0,0,0,0,,0,0,0,0,0,0,0,0,0,0,0,0,38.5,0.08362315480330779,7.0,0,0,0,0,0,0,0,8.0,31.5,51.0,1,Australian Open_2020,0,0,64.0,-0.07001031459515161,0.004901444149712099
570,Australian Open,2020,Hard,4,0,0,0,0,,0,0,0,0,0,0,0,0,0,0,0,0,93.0,0.2332543335916017,14.0,0,0,0,0,0,0,0,15.0,33.0,41.0,1,Australian Open_2020,0,0,225.0,1.4299896854048484,2.044870500364257
571,Australian Open,2020,Hard,4,0,0,0,0,,0,0,0,0,0,0,0,0,0,0,0,0,62.0,0.01720374332706565,12.0,0,0,0,0,0,0,0,12.5,30.5,85.0,1,Australian Open_2020,0,0,156.25,-1.0700103145951516,1.1449220733400154
572,Australian Open,2020,Hard,5,0,0,0,0,,0,0,0,0,0,0,0,0,0,0,0,0,65.0,0.1132559581209533,12.0,0,0,0,0,0,0,0,8.0,27.5,12.5,1,Australian Open_2020,0,0,64.0,-4.070010314595152,16.564983960910926
573,Australian Open,2020,Hard,5,0,0,0,0,,0,0,0,0,0,0,0,0,0,0,0,0,41.0,0.1380857922142325,48.0,0,0,0,0,0,0,0,11.5,30.0,21.5,1,Australian Open_2020,0,0,132.25,-1.5700103145951516,2.464932387935167
574,Australian Open,2020,Hard,5,1,1,1,0,,0,0,0,0,0,0,0,0,0,1,1,1,190.5,,11.0,0,0,0,0,0,0,0,7.5,25.5,242.0,1,Australian Open_2020,0,0,56.25,-6.070010314595152,36.84502521929153
575,Australian Open,2020,Hard,5,0,0,0,0,,0,0,0,0,0,0,0,0,0,0,0,0,51.0,0.06392747003037536,6.0,0,0,0,0,0,0,0,16.0,37.0,85.0,1,Australian Open_2020,0,0,256.0,5.429989685404848,29.484787983603045
576,Australian Open,2020,Hard,6,0,0,0,0,,0,0,0,1,0,1,0,0,0,1,1,1,242.0,0.009803921568627416,200.0,1,0,0,0,0,0,0,9.0,28.0,21.5,0,Australian Open_2020,0,0,81.0,-3.5700103145951516,12.744973646315774
577,Australian Open,2020,Hard,6,1,1,1,0,,0,0,0,1,0,1,0,0,0,0,0,0,12.5,0.004037674425954929,1.0,0,0,1,0,0,0,0,15.5,35.0,85.0,0,Australian Open_2020,1,1,240.25,3.4299896854048484,11.764829241983652
578,Australian Open,2020,Hard,7,0,0,0,0,,0,0,0,0,0,0,0,0,0,1,1,1,85.0,0.2293972044263251,6.0,0,0,0,0,0,0,0,6.0,24.0,21.5,1,Australian Open_2020,0,0,36.0,-7.570010314595152,57.30505616307698
579,Roland Garros,2020,Clay,2,0,0,0,0,,0,0,0,1,0,1,0,0,0,1,1,1,962.0,0.0,1352.0,0,0,0,0,0,0,0,5.0,21.0,1.5,0,Roland Garros_2020,0,0,25.0,-10.570010314595152,111.7251180506479
580,Roland Garros,2020,Clay,2,1,1,0,0,,1,0,0,1,0,1,0,0,0,1,1,1,143.0,0.003331403948807043,36.0,0,0,0,0,0,0,0,11.0,32.0,5.0,0,Roland Garros_2020,0,1,121.0,0.4299896854048484,0.1848911295545605
581,Roland Garros,2020,Clay,2,1,1,1,0,,0,0,0,0,0,0,0,0,0,1,1,1,174.0,0.0184019370460049,36.0,0,0,0,0,0,0,0,8.0,25.0,5.5,1,Roland Garros_2020,0,0,64.0,-6.570010314595152,43.16503553388668
582,Roland Garros,2020,Clay,2,0,0,0,0,,0,0,0,0,0,0,0,0,0,1,1,1,527.0,,170.0,0,0,0,0,0,0,0,1.0,18.0,8.0,1,Roland Garros_2020,0,0,1.0,-13.570010314595152,184.1451799382188
583,Roland Garros,2020,Clay,2,0,0,0,0,,0,0,0,0,0,0,0,0,0,0,0,0,40.0,0.1380857922142325,14.0,0,0,0,0,0,0,0,11.5,30.0,11.0,1,Roland Garros_2020,0,0,132.25,-1.5700103145951516,2.464932387935167
584,Roland Garros,2020,Clay,2,0,0,0,0,,0,0,0,0,0,0,0,0,0,1,1,1,39.0,0.2293972044263251,2.0,0,0,0,0,0,0,0,6.0,24.0,14.0,1,Roland Garros_2020,0,0,36.0,-7.570010314595152,57.30505616307698
585,Roland Garros,2020,Clay,2,0,0,0,0,,0,0,0,0,0,0,0,0,0,0,0,0,45.5,0.03393586098448154,7.0,0,0,0,0,0,0,0,13.5,32.5,14.5,1,Roland Garros_2020,0,0,182.25,0.9299896854048484,0.8648808149594088
586,Roland Garros,2020,Clay,2,0,0,0,0,,0,0,0,0,0,0,0,0,0,1,1,1,89.5,0.009803921568627416,31.0,0,0,0,0,0,0,0,9.0,28.0,16.5,1,Roland Garros_2020,0,0,81.0,-3.5700103145951516,12.744973646315774
587,Roland Garros,2020,Clay,2,1,1,1,0,,0,0,0,0,0,0,0,0,0,0,0,0,57.5,0.04448621553884713,5.0,0,0,0,0,0,0,0,6.5,26.5,17.0,1,Roland Garros_2020,0,0,42.25,-5.070010314595152,25.70500459010123
588,Roland Garros,2020,Clay,2,0,0,0,0,,0,0,0,1,0,1,0,0,0,0,0,0,217.5,0.0,35.0,0,0,0,0,0,0,0,4.0,21.5,20.5,0,Roland Garros_2020,0,0,16.0,-10.070010314595152,101.40510773605274
590,Roland Garros,2020,Clay,2,0,0,0,0,,0,0,0,1,0,0,0,0,0,0,0,0,401.0,0.08571428571428569,416.0,1,0,0,0,0,0,0,10.5,27.0,26.5,1,Roland Garros_2020,0,0,110.25,-4.570010314595152,20.884994275506077
591,Roland Garros,2020,Clay,2,1,1,1,0,,0,0,0,1,0,1,0,0,0,1,1,1,457.0,,520.0,0,0,1,0,0,0,0,12.0,29.5,27.5,0,Roland Garros_2020,1,1,144.0,-2.0700103145951516,4.284942702530318
592,Roland Garros,2020,Clay,2,0,0,0,0,,0,0,0,0,0,0,0,0,0,1,1,1,215.0,0.2462006079027356,12.0,0,0,0,0,0,0,0,8.5,27.0,27.5,1,Roland Garros_2020,0,0,72.25,-4.570010314595152,20.884994275506077
593,Roland Garros,2020,Clay,2,0,0,0,0,,0,0,0,1,0,0,0,0,0,0,0,0,191.0,0.1602664576802508,268.0,0,0,0,0,0,0,0,5.0,28.5,35.0,1,Roland Garros_2020,0,0,25.0,-3.0700103145951516,9.424963331720623
594,Roland Garros,2020,Clay,2,0,0,0,0,,0,0,0,0,0,0,0,0,0,0,0,0,813.5,0.07575757575757576,685.0,0,0,0,0,0,0,0,10.0,29.0,60.0,1,Roland Garros_2020,0,0,100.0,-2.5700103145951516,6.60495301712547
595,Roland Garros,2020,Clay,2,0,0,0,0,,0,0,0,0,0,0,0,0,0,0,0,0,387.5,0.1021276595744681,155.0,0,0,0,0,0,0,0,9.5,27.5,991.0,1,Roland Garros_2020,0,0,90.25,-4.070010314595152,16.564983960910926
596,Roland Garros,2020,Clay,2,0,0,0,0,,0,0,0,1,0,1,0,0,0,0,0,0,48.5,0.06392747003037536,7.0,0,0,0,0,0,0,0,16.0,37.0,58.0,0,Roland Garros_2020,0,0,256.0,5.429989685404848,29.484787983603045
597,Roland Garros,2020,Clay,2,0,0,0,0,,0,0,0,1,0,0,0,0,0,0,0,0,19.5,0.01837960162219088,11.0,0,0,0,0,0,0,0,20.0,39.0,195.0,1,Roland Garros_2020,0,0,400.0,7.429989685404848,55.204746725222435
598,Roland Garros,2020,Clay,2,1,1,1,0,,0,0,0,1,0,0,0,0,0,0,0,0,72.5,0.06516424751718874,5.0,0,0,0,0,0,0,0,19.0,36.0,329.5,1,Roland Garros_2020,0,0,361.0,4.429989685404848,19.62480861279335
599,Roland Garros,2020,Clay,2,0,0,0,0,,0,0,0,0,0,0,0,0,0,1,1,1,395.0,0.0673635307781649,154.0,0,0,0,0,0,0,0,3.0,21.0,88.5,1,Roland Garros_2020,0,0,9.0,-10.570010314595152,111.7251180506479
600,Roland Garros,2020,Clay,2,1,1,1,0,,1,0,0,1,0,0,0,0,0,1,1,1,68.0,0.1377538829151733,28.0,0,0,0,1,0,0,0,13.0,30.0,82.5,1,Roland Garros_2020,1,1,169.0,-1.5700103145951516,2.464932387935167
601,Roland Garros,2020,Clay,2,1,1,1,0,,0,0,0,1,0,0,0,0,0,0,0,0,52.0,0.06170004885197844,8.0,0,0,0,0,0,0,0,16.0,34.0,169.5,1,Roland Garros_2020,0,0,256.0,2.4299896854048484,5.904849871173954
602,Roland Garros,2020,Clay,2,0,0,0,0,,0,0,0,1,0,0,0,0,0,1,1,1,213.5,0.07321947674418611,5.0,0,0,0,0,0,0,0,6.5,27.0,285.5,1,Roland Garros_2020,0,0,42.25,-4.570010314595152,20.884994275506077
603,Roland Garros,2020,Clay,2,1,1,1,0,,0,0,0,1,0,1,0,0,0,0,0,0,52.0,0.01743166878099411,2.0,0,0,1,0,0,0,0,22.0,37.0,193.5,0,Roland Garros_2020,1,1,484.0,5.429989685404848,29.484787983603045
604,Roland Garros,2020,Clay,2,0,0,0,0,,0,0,0,1,0,1,0,0,0,0,0,0,52.5,0.0719811875367431,37.0,0,0,0,0,0,0,0,13.5,32.0,174.0,0,Roland Garros_2020,0,0,182.25,0.4299896854048484,0.1848911295545605
605,Roland Garros,2020,Clay,2,0,0,0,0,,0,0,0,0,0,0,0,0,0,1,1,1,312.0,0.1562289562289562,472.0,0,0,0,0,0,0,0,4.5,24.5,147.5,1,Roland Garros_2020,0,0,20.25,-7.070010314595152,49.98504584848183
606,Roland Garros,2020,Clay,2,0,0,0,0,,0,0,0,1,0,0,0,0,0,0,0,0,189.0,0.2023350987000482,94.0,0,0,0,0,0,0,0,12.0,29.5,85.5,1,Roland Garros_2020,0,0,144.0,-2.0700103145951516,4.284942702530318
607,Roland Garros,2020,Clay,2,0,0,0,0,,0,0,0,1,0,1,0,0,0,1,1,1,38.5,0.006165839829907926,5.0,0,0,0,0,0,0,0,6.5,28.0,65.5,0,Roland Garros_2020,0,0,42.25,-3.5700103145951516,12.744973646315774
608,Roland Garros,2020,Clay,2,1,1,0,0,,1,0,0,1,0,0,0,0,0,0,1,1,69.0,0.06084306095979247,6.0,0,0,0,0,0,0,0,10.5,31.0,252.0,1,Roland Garros_2020,0,1,110.25,-0.5700103145951516,0.3249117587448637
609,Roland Garros,2020,Clay,2,0,0,0,0,,0,0,0,0,0,0,0,0,0,1,1,1,306.0,0.1951456310679612,138.0,0,0,0,0,0,0,0,9.5,27.0,62.0,1,Roland Garros_2020,0,0,90.25,-4.570010314595152,20.884994275506077
610,Roland Garros,2020,Clay,2,0,0,0,0,,0,0,0,0,0,0,0,0,0,0,1,1,40.5,0.05556958608017137,7.0,1,0,0,0,0,0,0,10.0,30.5,168.5,1,Roland Garros_2020,0,0,100.0,-1.0700103145951516,1.1449220733400154
611,Roland Garros,2020,Clay,3,0,0,0,0,,0,0,0,0,0,0,0,0,0,0,0,0,174.0,0.06056892453951279,176.0,0,0,0,0,0,0,0,14.5,34.5,1.5,1,Roland Garros_2020,0,0,210.25,2.9299896854048484,8.584839556578803
612,Roland Garros,2020,Clay,3,0,0,0,0,,0,0,0,0,0,0,0,0,0,0,0,0,169.5,0.03361344537815142,59.0,0,0,0,0,0,0,0,9.5,26.5,5.0,1,Roland Garros_2020,0,0,90.25,-5.070010314595152,25.70500459010123
613,Roland Garros,2020,Clay,3,0,0,0,0,,0,0,0,0,0,0,0,0,0,1,1,1,82.5,0.01827875095201831,43.0,0,0,0,0,0,0,0,8.0,25.5,5.5,1,Roland Garros_2020,0,0,64.0,-6.070010314595152,36.84502521929153
614,Roland Garros,2020,Clay,3,0,0,0,0,,0,0,0,1,0,0,0,0,0,0,0,0,991.0,0.08461538461538459,506.0,1,0,0,0,0,0,0,10.5,29.0,11.0,1,Roland Garros_2020,0,0,110.25,-2.5700103145951516,6.60495301712547
615,Roland Garros,2020,Clay,3,1,1,1,0,,0,0,0,1,0,1,0,0,0,0,1,1,168.5,0.1171016226725492,75.0,0,0,0,0,0,0,0,11.0,29.0,14.0,0,Roland Garros_2020,0,0,121.0,-2.5700103145951516,6.60495301712547
616,Roland Garros,2020,Clay,3,0,0,0,0,,0,0,0,0,0,0,0,0,0,0,0,0,65.5,0.01720374332706565,3.0,0,0,0,0,0,0,0,12.5,30.5,14.5,1,Roland Garros_2020,0,0,156.25,-1.0700103145951516,1.1449220733400154
617,Roland Garros,2020,Clay,3,0,0,0,0,,0,0,0,0,0,0,0,0,0,1,1,1,329.5,0.1353535353535354,567.0,0,0,0,0,0,0,0,10.0,28.0,16.5,1,Roland Garros_2020,0,0,100.0,-3.5700103145951516,12.744973646315774
618,Roland Garros,2020,Clay,3,1,1,1,0,,0,0,0,0,0,0,0,0,0,1,1,1,85.5,0.07206861239119311,35.0,0,0,0,0,0,0,0,15.0,31.5,17.0,1,Roland Garros_2020,0,0,225.0,-0.07001031459515161,0.004901444149712099
619,Roland Garros,2020,Clay,3,0,0,0,0,,0,0,0,0,0,0,0,0,0,0,0,0,60.0,0.1132559581209533,4.0,0,0,0,0,0,0,0,8.0,27.5,21.5,1,Roland Garros_2020,0,0,64.0,-4.070010314595152,16.564983960910926
620,Roland Garros,2020,Clay,3,1,1,0,0,,1,0,0,1,0,1,0,0,0,1,1,1,193.5,0.1549096622152395,5.0,0,0,0,0,0,0,0,3.0,25.0,26.5,0,Roland Garros_2020,0,1,9.0,-6.570010314595152,43.16503553388668
621,Roland Garros,2020,Clay,3,1,1,1,0,,0,0,0,0,0,0,0,0,0,0,0,0,285.5,0.1213786213786214,145.0,0,0,0,0,0,0,0,6.5,26.5,27.5,1,Roland Garros_2020,0,0,42.25,-5.070010314595152,25.70500459010123
622,Roland Garros,2020,Clay,3,0,0,0,0,,0,0,0,1,0,0,0,0,0,0,0,0,58.0,0.02002366105860365,30.0,0,0,0,0,0,0,0,17.5,36.0,27.5,1,Roland Garros_2020,0,0,306.25,4.429989685404848,19.62480861279335
623,Roland Garros,2020,Clay,3,0,0,0,0,,0,0,0,0,0,0,0,0,0,1,1,1,147.5,0.07303732303732313,133.0,0,0,0,0,0,0,0,14.5,31.5,195.0,1,Roland Garros_2020,0,0,210.25,-0.07001031459515161,0.004901444149712099
624,Roland Garros,2020,Clay,3,0,0,0,0,,0,0,0,0,0,0,0,0,0,0,0,0,35.0,0.08362315480330779,8.0,0,0,0,0,0,0,0,8.0,31.5,88.5,1,Roland Garros_2020,0,0,64.0,-0.07001031459515161,0.004901444149712099
625,Roland Garros,2020,Clay,3,0,0,0,0,,0,0,0,1,0,0,0,0,0,0,0,0,8.0,0.005113704012382425,0.0,0,0,0,0,0,0,0,20.0,37.5,252.0,1,Roland Garros_2020,0,0,400.0,5.929989685404848,35.16477766900789
626,Roland Garros,2020,Clay,3,1,1,1,0,,0,0,0,0,0,0,0,0,0,0,1,1,20.5,0.00867823765020026,15.0,0,0,0,0,0,0,0,10.0,32.5,62.0,1,Roland Garros_2020,0,0,100.0,0.9299896854048484,0.8648808149594088
627,Roland Garros,2020,Clay,4,1,1,1,0,,1,0,0,1,0,1,0,0,0,0,0,0,27.5,0.03614886219974711,15.0,0,0,0,0,0,0,0,19.5,38.0,1.5,0,Roland Garros_2020,0,1,380.25,6.429989685404848,41.34476735441274
628,Roland Garros,2020,Clay,4,0,0,0,0,,0,0,0,0,0,0,0,0,0,1,1,1,27.5,0.02179137210984344,9.0,0,0,0,0,0,0,0,14.5,33.5,5.5,1,Roland Garros_2020,0,0,210.25,1.9299896854048484,3.7248601857691055
629,Roland Garros,2020,Clay,4,0,0,0,0,,0,0,0,1,0,0,0,0,0,0,0,0,21.5,0.05927088002390557,1.0,0,0,0,0,0,0,0,17.0,37.0,14.5,1,Roland Garros_2020,0,0,289.0,5.429989685404848,29.484787983603045
630,Roland Garros,2020,Clay,4,1,1,0,0,,1,0,0,1,0,0,0,0,0,1,1,1,195.0,0.1518716577540107,54.0,0,0,0,0,0,0,0,4.5,24.5,16.5,1,Roland Garros_2020,0,1,20.25,-7.070010314595152,49.98504584848183
631,Roland Garros,2020,Clay,4,1,1,1,0,,0,0,0,0,0,0,0,0,0,1,1,1,14.0,0.0790823211875844,20.0,0,0,0,0,0,0,0,15.0,33.5,17.0,1,Roland Garros_2020,0,0,225.0,1.9299896854048484,3.7248601857691055
632,Roland Garros,2020,Clay,4,0,0,0,0,,0,0,0,1,0,0,0,0,0,0,1,1,5.0,0.01057318491443759,4.0,0,0,0,0,0,0,0,17.0,34.5,26.5,1,Roland Garros_2020,0,0,289.0,2.9299896854048484,8.584839556578803
633,Roland Garros,2020,Clay,4,1,1,0,0,,1,0,0,1,0,0,0,0,0,0,1,1,88.5,0.0864757070340827,51.0,0,0,0,0,0,0,0,19.5,36.5,252.0,1,Roland Garros_2020,0,1,380.25,4.929989685404848,24.304798298198197
634,Roland Garros,2020,Clay,4,0,0,0,0,,0,0,0,1,0,0,0,0,0,0,0,0,11.0,0.004037674425954929,2.0,0,0,0,0,0,0,0,15.5,35.0,62.0,1,Roland Garros_2020,0,0,240.25,3.4299896854048484,11.764829241983652
635,Roland Garros,2020,Clay,5,1,1,1,0,,1,0,0,1,0,1,0,0,0,0,0,0,62.0,0.1363993710691824,6.0,0,0,1,0,0,0,0,14.0,35.0,1.5,0,Roland Garros_2020,1,1,196.0,3.4299896854048484,11.764829241983652
636,Roland Garros,2020,Clay,5,0,0,0,0,,0,0,0,1,0,1,0,0,0,0,1,1,5.5,0.06283712425079746,1.0,0,0,0,0,0,0,0,11.0,32.0,14.5,0,Roland Garros_2020,0,0,121.0,0.4299896854048484,0.1848911295545605
637,Roland Garros,2020,Clay,5,0,0,0,0,,0,0,0,0,0,0,0,0,0,1,1,1,26.5,0.03561869925952366,1.0,0,0,0,0,0,0,0,12.0,32.5,16.5,1,Roland Garros_2020,0,0,144.0,0.9299896854048484,0.8648808149594088
638,Roland Garros,2020,Clay,5,0,0,0,0,,0,0,0,0,0,0,0,0,0,1,1,1,252.0,,330.0,0,0,0,0,0,0,0,16.0,38.0,17.0,1,Roland Garros_2020,0,0,256.0,6.429989685404848,41.34476735441274
639,Roland Garros,2020,Clay,6,1,1,1,0,,0,0,0,0,0,0,0,0,0,1,1,1,1.5,0.006430370146846442,1.0,0,0,0,0,0,0,0,12.5,33.5,14.5,1,Roland Garros_2020,0,0,156.25,1.9299896854048484,3.7248601857691055
640,Roland Garros,2020,Clay,6,0,0,0,0,,0,0,0,0,0,0,0,0,0,0,0,0,17.0,0.01910815173527036,4.0,0,0,0,0,0,0,0,12.0,31.5,16.5,1,Roland Garros_2020,0,0,144.0,-0.07001031459515161,0.004901444149712099
641,Roland Garros,2020,Clay,7,0,0,0,0,,0,0,0,0,0,0,0,0,0,0,0,0,14.5,0.04246260069044883,7.0,0,0,0,0,0,0,0,14.0,32.5,16.5,1,Roland Garros_2020,0,0,196.0,0.9299896854048484,0.8648808149594088
642,US Open,2020,Hard,3,0,0,0,0,,0,0,0,0,0,0,0,0,0,0,0,0,26.0,0.03614886219974711,16.0,0,0,0,0,0,0,0,19.5,38.0,1.5,1,US Open_2020,0,0,380.25,6.429989685404848,41.34476735441274
643,US Open,2020,Hard,3,1,1,1,0,,0,0,0,1,0,0,0,0,0,0,0,0,36.0,0.08362315480330779,6.0,0,0,0,1,0,0,0,8.0,31.5,5.5,1,US Open_2020,1,1,64.0,-0.07001031459515161,0.004901444149712099
644,US Open,2020,Hard,3,1,1,1,0,,0,0,0,1,0,0,0,0,0,1,1,1,39.0,0.2293972044263251,2.0,0,0,0,1,0,0,0,6.0,24.0,13.5,1,US Open_2020,1,1,36.0,-7.570010314595152,57.30505616307698
645,US Open,2020,Hard,3,0,0,0,0,,0,0,0,1,0,0,0,0,0,0,0,0,56.5,4.634779384499188e-05,3.0,0,0,0,0,0,0,0,13.0,32.0,19.0,1,US Open_2020,0,0,169.0,0.4299896854048484,0.1848911295545605
646,US Open,2020,Hard,3,0,0,0,0,,0,0,0,0,0,0,0,0,0,0,0,0,47.0,0.06392747003037536,10.0,0,0,0,0,0,0,0,16.0,37.0,58.5,1,US Open_2020,0,0,256.0,5.429989685404848,29.484787983603045
647,US Open,2020,Hard,3,0,0,0,0,,0,0,0,0,0,0,0,0,0,0,0,1,499.5,,407.0,0,0,0,0,0,0,0,5.0,24.0,41.0,1,US Open_2020,0,0,25.0,-7.570010314595152,57.30505616307698
648,US Open,2020,Hard,3,1,1,1,0,,0,0,0,0,0,0,0,0,0,0,0,0,17.5,0.01837960162219088,11.0,0,0,0,0,0,0,0,20.0,39.0,45.5,1,US Open_2020,0,0,400.0,7.429989685404848,55.204746725222435
649,US Open,2020,Hard,3,1,1,1,0,,0,0,0,1,0,1,0,0,0,0,0,0,25.5,0.1188896730181133,45.0,0,0,1,0,0,0,0,15.5,34.0,55.5,0,US Open_2020,1,1,240.25,2.4299896854048484,5.904849871173954
650,US Open,2020,Hard,3,0,0,0,0,,0,0,0,0,0,0,0,0,0,0,0,0,57.0,0.04448621553884713,8.0,0,0,0,0,0,0,0,6.5,26.5,302.5,1,US Open_2020,0,0,42.25,-5.070010314595152,25.70500459010123
651,US Open,2020,Hard,3,0,0,0,0,,0,0,0,0,0,0,0,0,0,0,0,0,7.0,0.005113704012382425,0.0,0,0,0,0,0,0,0,20.0,37.5,40.0,1,US Open_2020,0,0,400.0,5.929989685404848,35.16477766900789
652,US Open,2020,Hard,3,1,1,1,0,,0,0,0,1,0,1,0,0,0,1,1,1,30.0,0.02179137210984344,10.0,0,0,0,0,0,0,0,14.5,33.5,384.0,0,US Open_2020,0,0,210.25,1.9299896854048484,3.7248601857691055
653,US Open,2020,Hard,3,0,0,0,0,,0,0,0,0,0,0,0,0,0,0,0,0,9.5,0.004037674425954929,1.0,0,0,0,0,0,0,0,15.5,35.0,25.0,1,US Open_2020,0,0,240.25,3.4299896854048484,11.764829241983652
654,US Open,2020,Hard,3,0,0,0,0,,0,0,0,1,0,1,0,0,0,0,1,1,9.5,0.01057318491443759,11.0,0,0,0,0,0,0,0,17.0,34.5,22.0,0,US Open_2020,0,0,289.0,2.9299896854048484,8.584839556578803
655,US Open,2020,Hard,3,0,0,0,0,,0,0,0,0,0,0,0,0,0,1,1,1,96.5,0.09580745341614905,27.0,0,0,0,0,0,0,0,10.0,32.5,21.0,1,US Open_2020,0,0,100.0,0.9299896854048484,0.8648808149594088
656,US Open,2020,Hard,3,1,1,1,0,,0,0,0,1,0,1,0,0,0,0,0,0,58.0,0.1132559581209533,4.0,0,0,1,0,0,0,0,8.0,27.5,20.5,0,US Open_2020,1,1,64.0,-4.070010314595152,16.564983960910926
657,US Open,2020,Hard,3,1,1,1,0,,1,0,0,1,0,1,0,0,0,0,0,0,52.5,0.01743166878099411,3.0,0,0,1,0,0,0,0,22.0,37.0,102.0,0,US Open_2020,1,1,484.0,5.429989685404848,29.484787983603045
658,US Open,2020,Hard,4,0,0,0,0,,0,0,0,0,0,0,0,0,0,1,1,1,384.0,0.02890756302521014,112.0,0,0,0,0,0,0,0,13.0,27.0,5.5,1,US Open_2020,0,0,169.0,-4.570010314595152,20.884994275506077
659,US Open,2020,Hard,4,0,0,0,0,,0,0,0,0,0,0,0,0,0,0,0,0,58.5,0.02002366105860365,31.0,0,0,0,0,0,0,0,17.5,36.0,19.0,1,US Open_2020,0,0,306.25,4.429989685404848,19.62480861279335
660,US Open,2020,Hard,4,0,0,0,0,,0,0,0,1,0,1,0,0,0,1,1,1,13.5,0.08426573426573425,1.0,0,0,0,0,0,0,0,8.5,29.0,41.0,0,US Open_2020,0,0,72.25,-2.5700103145951516,6.60495301712547
661,US Open,2020,Hard,4,1,1,1,0,,0,0,0,0,0,0,0,0,0,0,0,0,45.5,0.03393586098448154,9.0,0,0,0,0,0,0,0,13.5,32.5,302.5,1,US Open_2020,0,0,182.25,0.9299896854048484,0.8648808149594088
662,US Open,2020,Hard,4,0,0,0,0,,0,0,0,0,0,0,0,0,0,0,1,1,21.0,0.00867823765020026,20.0,0,0,0,0,0,0,0,10.0,32.5,40.0,1,US Open_2020,0,0,100.0,0.9299896854048484,0.8648808149594088
663,US Open,2020,Hard,4,0,0,0,0,,0,0,0,0,0,0,0,0,0,0,0,0,55.5,0.06170004885197844,13.0,0,0,0,0,0,0,0,16.0,34.0,25.0,1,US Open_2020,0,0,256.0,2.4299896854048484,5.904849871173954
664,US Open,2020,Hard,4,1,1,1,0,,0,0,0,1,0,1,0,0,0,1,1,1,102.0,0.1634566457717583,52.0,0,0,0,0,0,0,0,6.5,27.5,22.0,0,US Open_2020,0,0,42.25,-4.070010314595152,16.564983960910926
665,US Open,2020,Hard,4,0,0,0,0,,0,0,0,1,0,1,0,0,0,1,1,1,1.5,0.006430370146846442,1.0,0,0,0,0,0,0,0,12.5,33.5,20.5,0,US Open_2020,0,0,156.25,1.9299896854048484,3.7248601857691055
666,US Open,2020,Hard,5,1,1,1,0,,0,0,0,0,0,0,0,0,0,1,1,1,302.5,0.04055059523809518,89.0,0,0,0,0,0,0,0,3.5,24.5,5.5,1,US Open_2020,0,0,12.25,-7.070010314595152,49.98504584848183
667,US Open,2020,Hard,5,1,1,1,0,,0,0,0,0,0,0,0,0,0,1,1,1,40.0,0.006165839829907926,8.0,0,0,0,0,0,0,0,6.5,28.0,19.0,1,US Open_2020,0,0,42.25,-3.5700103145951516,12.744973646315774
668,US Open,2020,Hard,5,1,1,1,0,,0,0,0,0,0,0,0,0,0,1,1,1,25.0,0.03561869925952366,2.0,0,0,0,0,0,0,0,12.0,32.5,22.0,1,US Open_2020,0,0,144.0,0.9299896854048484,0.8648808149594088
669,US Open,2020,Hard,5,0,0,0,0,,0,0,0,0,0,0,0,0,0,0,1,1,41.0,0.05556958608017137,8.0,0,0,0,0,0,0,0,10.0,30.5,20.5,1,US Open_2020,0,0,100.0,-1.0700103145951516,1.1449220733400154
670,US Open,2020,Hard,6,1,1,1,0,,0,0,0,0,0,0,0,0,0,0,1,1,5.5,0.06283712425079746,1.0,0,0,0,0,0,0,0,11.0,32.0,19.0,1,US Open_2020,0,0,121.0,0.4299896854048484,0.1848911295545605
671,US Open,2020,Hard,6,0,0,0,0,,0,0,0,0,0,0,0,0,0,0,0,0,20.5,0.05927088002390557,1.0,0,0,0,0,0,0,0,17.0,37.0,22.0,1,US Open_2020,0,0,289.0,5.429989685404848,29.484787983603045
672,US Open,2020,Hard,7,0,0,0,0,,0,0,0,0,0,0,0,0,0,0,0,0,19.0,0.01910815173527036,6.0,0,0,0,0,0,0,0,12.0,31.5,22.0,1,US Open_2020,0,0,144.0,-0.07001031459515161,0.004901444149712099
673,Australian Open,2021,Hard,2,1,1,1,0,,0,0,0,1,0,1,0,0,0,0,0,0,163.0,0.2459803984369995,140.0,0,0,1,0,0,0,0,13.0,33.0,1.5,0,Australian Open_2021,1,1,169.0,1.4299896854048484,2.044870500364257
674,Australian Open,2021,Hard,2,1,1,1,0,,0,0,0,0,0,0,0,0,0,0,0,0,354.5,,375.0,0,0,0,0,0,0,0,17.5,36.0,4.5,1,Australian Open_2021,0,0,306.25,4.429989685404848,19.62480861279335
675,Australian Open,2021,Hard,2,0,0,0,0,,0,0,0,0,0,0,0,0,0,0,1,1,59.5,0.06084306095979247,7.0,0,0,0,0,0,0,0,11.5,32.0,8.0,1,Australian Open_2021,0,0,132.25,0.4299896854048484,0.1848911295545605
676,Australian Open,2021,Hard,2,0,0,0,0,,0,0,0,0,0,0,0,0,0,0,1,1,68.5,0.03462566844919784,19.0,0,0,0,0,0,0,0,20.0,30.5,13.5,1,Australian Open_2021,0,0,400.0,-1.0700103145951516,1.1449220733400154
677,Australian Open,2021,Hard,2,1,1,1,0,,0,0,0,0,0,0,0,0,0,0,1,1,399.5,0.2122877122877123,463.0,0,0,0,0,0,0,0,5.5,27.0,13.5,1,Australian Open_2021,0,0,30.25,-4.570010314595152,20.884994275506077
679,Australian Open,2021,Hard,2,0,0,0,0,,0,0,0,0,0,0,0,0,0,0,0,0,794.5,0.2145390070921986,837.0,0,0,0,0,0,0,0,7.5,26.5,16.5,1,Australian Open_2021,0,0,56.25,-5.070010314595152,25.70500459010123
680,Australian Open,2021,Hard,2,0,0,0,0,,0,0,0,0,0,0,0,0,0,1,1,1,187.5,0.2524875621890548,267.0,0,0,0,0,0,0,0,12.0,34.5,16.5,1,Australian Open_2021,0,0,144.0,2.9299896854048484,8.584839556578803
681,Australian Open,2021,Hard,2,0,0,0,0,,0,0,0,0,0,0,0,0,0,1,1,1,80.5,0.01827875095201831,39.0,0,0,0,0,0,0,0,9.0,26.5,20.5,1,Australian Open_2021,0,0,81.0,-5.070010314595152,25.70500459010123
682,Australian Open,2021,Hard,2,0,0,0,0,,0,0,0,0,0,0,0,0,0,0,1,1,303.5,0.2497141223556318,419.0,0,0,0,0,0,0,0,13.0,33.0,38.5,1,Australian Open_2021,0,0,169.0,1.4299896854048484,2.044870500364257
683,Australian Open,2021,Hard,2,0,0,0,0,,0,0,0,0,0,0,0,0,0,0,0,0,74.5,0.0064886714179343,5.0,0,0,0,0,0,0,0,5.0,22.5,42.5,1,Australian Open_2021,0,0,25.0,-9.070010314595152,82.26508710686244
684,Australian Open,2021,Hard,2,0,0,0,0,,0,0,0,0,0,0,0,0,0,0,0,0,66.5,0.01720374332706565,1.0,0,0,0,0,0,0,0,13.5,31.5,141.0,1,Australian Open_2021,0,0,182.25,-0.07001031459515161,0.004901444149712099
685,Australian Open,2021,Hard,2,1,1,1,0,,0,0,0,1,0,1,0,0,0,0,0,0,45.0,0.07140883614451488,2.0,0,0,1,0,0,0,0,17.5,35.0,49.5,0,Australian Open_2021,1,1,306.25,3.4299896854048484,11.764829241983652
686,Australian Open,2021,Hard,2,1,1,1,0,,1,0,0,1,0,1,0,0,0,0,0,0,521.5,0.0714285714285714,271.0,0,0,1,0,0,0,0,12.5,30.0,62.0,0,Australian Open_2021,1,1,156.25,-1.5700103145951516,2.464932387935167
687,Australian Open,2021,Hard,2,0,0,0,0,,0,0,0,0,0,0,0,0,0,0,0,0,23.0,0.03013974783886286,18.0,0,0,0,0,0,0,0,16.0,34.5,203.5,1,Australian Open_2021,0,0,256.0,2.9299896854048484,8.584839556578803
688,Australian Open,2021,Hard,2,0,0,0,0,,0,0,0,0,0,0,0,0,0,1,1,1,28.5,0.02179137210984344,5.0,0,0,0,0,0,0,0,15.5,34.5,56.0,1,Australian Open_2021,0,0,240.25,2.9299896854048484,8.584839556578803
689,Australian Open,2021,Hard,2,1,1,1,0,,0,0,0,1,0,0,0,0,0,1,1,1,308.5,0.04477611940298504,273.0,0,0,0,1,0,0,0,11.5,29.5,65.5,1,Australian Open_2021,1,1,132.25,-2.0700103145951516,4.284942702530318
690,Australian Open,2021,Hard,2,1,1,1,0,,0,0,0,0,0,0,0,0,0,0,0,0,198.0,0.07467532467532462,42.0,1,0,0,0,0,0,0,7.0,25.5,87.0,1,Australian Open_2021,0,0,49.0,-6.070010314595152,36.84502521929153
691,Australian Open,2021,Hard,2,0,0,0,0,,0,0,0,0,0,0,0,0,0,1,1,1,289.5,0.05275689223057639,199.0,0,0,0,0,0,0,0,18.0,35.0,43.5,1,Australian Open_2021,0,0,324.0,3.4299896854048484,11.764829241983652
692,Australian Open,2021,Hard,2,0,0,0,0,,0,0,0,0,0,0,0,0,0,1,1,1,735.5,0.05729984301412866,943.0,0,0,0,0,0,0,0,4.0,24.5,380.0,1,Australian Open_2021,0,0,16.0,-7.070010314595152,49.98504584848183
693,Australian Open,2021,Hard,2,0,0,0,0,,0,0,0,0,0,0,0,0,0,0,0,0,56.0,0.03093933860823694,2.0,0,0,0,0,0,0,0,17.0,34.5,172.0,1,Australian Open_2021,0,0,289.0,2.9299896854048484,8.584839556578803
694,Australian Open,2021,Hard,2,1,1,1,0,,0,0,0,1,0,1,0,0,0,0,1,1,94.5,0.1896503102086859,47.0,0,0,1,0,0,0,0,15.5,33.0,102.5,0,Australian Open_2021,1,1,240.25,1.4299896854048484,2.044870500364257
695,Australian Open,2021,Hard,2,0,0,0,0,,0,0,0,0,0,0,0,0,0,0,0,0,69.0,0.07088525065198503,8.0,0,0,0,0,0,0,0,1.0,37.0,457.0,1,Australian Open_2021,0,0,1.0,5.429989685404848,29.484787983603045
696,Australian Open,2021,Hard,2,0,0,0,0,,0,0,0,1,0,0,0,0,0,0,0,0,32.0,0.07657848324514993,6.0,0,0,0,0,0,0,0,19.5,37.5,222.5,1,Australian Open_2021,0,0,380.25,5.929989685404848,35.16477766900789
697,Australian Open,2021,Hard,2,1,1,1,0,,1,0,0,1,0,1,0,0,0,1,1,1,37.5,0.006165839829907926,3.0,0,0,1,0,0,0,0,7.5,29.0,328.0,0,Australian Open_2021,1,1,56.25,-2.5700103145951516,6.60495301712547
698,Australian Open,2021,Hard,2,0,0,0,0,,0,0,0,0,0,0,0,0,0,0,0,0,641.5,,1071.0,0,0,0,0,0,0,0,6.0,35.5,638.5,1,Australian Open_2021,0,0,36.0,3.9299896854048484,15.4448189273885
699,Australian Open,2021,Hard,2,0,0,0,0,,0,0,0,1,0,0,0,0,0,1,1,1,441.5,0.1028622540250447,685.0,0,0,0,0,0,0,0,3.5,22.0,185.5,1,Australian Open_2021,0,0,12.25,-9.570010314595152,91.58509742145759
700,Australian Open,2021,Hard,2,1,1,1,0,,0,0,0,0,0,0,0,0,0,1,1,1,205.5,0.1353535353535354,305.0,1,0,0,0,0,0,0,11.0,29.0,510.0,1,Australian Open_2021,0,0,121.0,-2.5700103145951516,6.60495301712547
701,Australian Open,2021,Hard,2,0,0,0,0,,0,0,0,0,0,0,0,0,0,0,1,1,7.5,0.01057318491443759,7.0,0,0,0,0,0,0,0,18.0,35.5,232.5,1,Australian Open_2021,0,0,324.0,3.9299896854048484,15.4448189273885
702,Australian Open,2021,Hard,2,1,1,1,0,,0,0,0,0,0,0,0,0,0,0,0,0,43.0,0.1036805660093331,10.0,0,0,0,0,0,0,0,12.5,35.0,125.0,1,Australian Open_2021,0,0,156.25,3.4299896854048484,11.764829241983652
703,Australian Open,2021,Hard,2,1,1,1,0,,0,0,0,0,0,0,0,0,0,0,0,0,260.0,0.03770114942528729,298.0,1,0,0,0,0,0,0,13.0,27.0,122.0,1,Australian Open_2021,0,0,169.0,-4.570010314595152,20.884994275506077
704,Australian Open,2021,Hard,2,1,1,1,0,,0,0,0,1,0,1,0,0,0,0,1,1,98.0,0.0802888315451129,6.0,0,0,1,0,0,0,0,14.0,30.5,160.5,0,Australian Open_2021,1,1,196.0,-1.0700103145951516,1.1449220733400154
705,Australian Open,2021,Hard,3,0,0,0,0,,0,0,0,0,0,0,0,0,0,1,1,1,185.5,,23.0,0,0,0,0,0,0,0,5.0,26.0,4.5,1,Australian Open_2021,0,0,25.0,-5.570010314595152,31.02501490469638
706,Australian Open,2021,Hard,3,0,0,0,0,,0,0,0,0,0,0,0,0,0,1,1,1,638.5,0.002705575417914829,763.0,0,0,0,0,0,0,0,8.0,25.5,8.0,1,Australian Open_2021,0,0,64.0,-6.070010314595152,36.84502521929153
707,Australian Open,2021,Hard,3,0,0,0,0,,0,0,0,1,0,0,0,0,0,0,0,0,65.5,0.005928645458218473,29.0,0,0,0,0,0,0,0,18.0,36.0,13.5,1,Australian Open_2021,0,0,324.0,4.429989685404848,19.62480861279335
708,Australian Open,2021,Hard,3,0,0,0,0,,0,0,0,0,0,0,0,0,0,0,0,0,380.0,,62.0,1,0,0,0,0,0,0,10.5,28.0,13.5,1,Australian Open_2021,0,0,110.25,-3.5700103145951516,12.744973646315774
709,Australian Open,2021,Hard,3,1,1,1,0,,0,0,0,0,0,0,0,0,0,0,0,0,141.0,0.01728110599078331,26.0,0,0,0,0,0,0,0,14.0,31.5,16.0,1,Australian Open_2021,0,0,196.0,-0.07001031459515161,0.004901444149712099
710,Australian Open,2021,Hard,3,0,0,0,0,,0,0,0,0,0,0,0,0,0,1,1,1,457.0,0.1539772727272727,876.0,0,0,0,0,0,0,0,8.5,29.5,16.5,1,Australian Open_2021,0,0,72.25,-2.0700103145951516,4.284942702530318
711,Australian Open,2021,Hard,3,0,0,0,0,,0,0,0,0,0,0,0,0,0,1,1,1,62.0,0.03253241800152551,4.0,0,0,0,0,0,0,0,8.0,30.5,16.5,1,Australian Open_2021,0,0,64.0,-1.0700103145951516,1.1449220733400154
712,Australian Open,2021,Hard,3,0,0,0,0,,0,0,0,0,0,0,0,0,0,1,1,1,125.0,0.02068965517241383,12.0,0,0,0,0,0,0,0,1.0,29.5,20.5,1,Australian Open_2021,0,0,1.0,-2.0700103145951516,4.284942702530318
713,Australian Open,2021,Hard,3,0,0,0,0,,0,0,0,0,0,0,0,0,0,0,0,0,222.5,0.0,63.0,0,0,0,0,0,0,0,5.0,22.5,49.5,1,Australian Open_2021,0,0,25.0,-9.070010314595152,82.26508710686244
714,Australian Open,2021,Hard,3,1,1,1,0,,0,0,0,0,0,0,0,0,0,1,1,1,160.5,0.1163928304705004,143.0,0,0,0,0,0,0,0,7.5,26.0,56.0,1,Australian Open_2021,0,0,56.25,-5.570010314595152,31.02501490469638
715,Australian Open,2021,Hard,3,0,0,0,0,,0,0,0,0,0,0,0,0,0,1,1,1,1.5,0.006430370146846442,1.0,0,0,0,0,0,0,0,13.5,34.5,87.0,1,Australian Open_2021,0,0,182.25,2.9299896854048484,8.584839556578803
716,Australian Open,2021,Hard,3,1,1,1,0,,0,0,0,1,0,0,0,0,0,0,0,0,328.0,0.1893104855161159,186.0,0,0,0,1,0,0,0,7.5,28.5,43.5,1,Australian Open_2021,1,1,56.25,-3.0700103145951516,9.424963331720623
717,Australian Open,2021,Hard,3,1,1,1,0,,0,0,0,0,0,0,0,0,0,0,0,0,203.5,0.06666666666666671,255.0,0,0,0,0,0,0,0,14.5,32.5,172.0,1,Australian Open_2021,0,0,210.25,0.9299896854048484,0.8648808149594088
718,Australian Open,2021,Hard,3,1,1,1,0,,0,0,0,0,0,0,0,0,0,1,1,1,38.5,0.2293972044263251,3.0,0,0,0,0,0,0,0,7.0,25.0,102.5,1,Australian Open_2021,0,0,49.0,-6.570010314595152,43.16503553388668
719,Australian Open,2021,Hard,3,1,1,1,0,,0,0,0,1,0,1,0,0,0,1,1,1,42.5,0.1482898289828982,31.0,0,0,0,0,0,0,0,11.5,35.0,510.0,0,Australian Open_2021,0,0,132.25,3.4299896854048484,11.764829241983652
720,Australian Open,2021,Hard,3,1,1,1,0,,0,0,0,1,0,1,0,0,0,1,1,1,122.0,0.04574284066884493,144.0,1,0,0,0,0,0,0,9.0,26.5,232.5,0,Australian Open_2021,0,0,81.0,-5.070010314595152,25.70500459010123
721,Australian Open,2021,Hard,4,1,1,1,0,,0,0,0,0,0,0,0,0,0,0,0,0,510.0,0.009065825778478476,552.0,0,0,0,0,0,0,0,12.5,29.5,4.5,1,Australian Open_2021,0,0,156.25,-2.0700103145951516,4.284942702530318
722,Australian Open,2021,Hard,4,1,1,1,0,,0,0,0,0,0,0,0,0,0,0,1,1,20.5,0.00867823765020026,15.0,0,0,0,0,0,0,0,11.0,33.5,13.5,1,Australian Open_2021,0,0,121.0,1.9299896854048484,3.7248601857691055
723,Australian Open,2021,Hard,4,1,1,1,0,,0,0,0,1,0,1,0,0,0,0,0,0,56.0,0.02002366105860365,26.0,0,0,1,0,0,0,0,18.5,37.0,13.5,0,Australian Open_2021,1,1,342.25,5.429989685404848,29.484787983603045
724,Australian Open,2021,Hard,4,0,0,0,0,,0,0,0,0,0,0,0,0,0,1,1,1,172.0,0.1944146079484426,78.0,0,0,0,0,0,0,0,8.5,26.5,16.5,1,Australian Open_2021,0,0,72.25,-5.070010314595152,25.70500459010123
725,Australian Open,2021,Hard,4,0,0,0,0,,0,0,0,0,0,0,0,0,0,0,0,0,16.0,0.03023686394688119,14.0,0,0,0,0,0,0,0,20.5,37.0,16.5,1,Australian Open_2021,0,0,420.25,5.429989685404848,29.484787983603045
726,Australian Open,2021,Hard,4,1,1,1,0,,0,0,0,1,0,1,0,0,0,1,1,1,87.0,0.09010695187165768,6.0,0,0,1,0,0,0,0,10.5,29.0,49.5,0,Australian Open_2021,1,1,110.25,-2.5700103145951516,6.60495301712547
727,Australian Open,2021,Hard,4,0,0,0,0,,0,0,0,0,0,0,0,0,0,1,1,1,232.5,0.06292270531400956,317.0,0,0,0,0,0,0,0,11.5,31.0,43.5,1,Australian Open_2021,0,0,132.25,-0.5700103145951516,0.3249117587448637
728,Australian Open,2021,Hard,4,1,1,1,0,,0,0,0,0,0,0,0,0,0,0,0,0,8.0,0.02525740025740031,2.0,0,0,0,0,0,0,0,16.0,35.5,102.5,1,Australian Open_2021,0,0,256.0,3.9299896854048484,15.4448189273885
729,Australian Open,2021,Hard,5,1,1,0,0,,1,0,0,1,0,0,0,0,0,1,1,1,16.5,0.0790823211875844,17.0,0,0,0,0,0,0,0,16.0,34.5,4.5,1,Australian Open_2021,0,1,256.0,2.9299896854048484,8.584839556578803
730,Australian Open,2021,Hard,5,1,1,1,0,,0,0,0,0,0,0,0,0,0,0,0,0,43.5,0.03393586098448154,3.0,0,0,0,0,0,0,0,14.5,33.5,13.5,1,Australian Open_2021,0,0,210.25,1.9299896854048484,3.7248601857691055
731,Australian Open,2021,Hard,5,0,0,0,0,,0,0,0,0,0,0,0,0,0,0,0,0,49.5,0.1010436819061196,5.0,0,0,0,0,0,0,0,14.0,34.5,13.5,1,Australian Open_2021,0,0,196.0,2.9299896854048484,8.584839556578803
732,Australian Open,2021,Hard,5,0,0,0,0,,0,0,0,1,0,0,0,0,0,1,1,1,102.5,0.1006400276768726,13.0,0,0,0,0,0,0,0,12.0,33.0,16.5,1,Australian Open_2021,0,0,144.0,1.4299896854048484,2.044870500364257
733,Australian Open,2021,Hard,6,1,1,1,0,,0,0,0,0,0,0,0,0,0,0,0,0,13.5,0.04913998809726816,17.0,0,0,0,0,0,0,0,18.5,37.0,13.5,1,Australian Open_2021,0,0,342.25,5.429989685404848,29.484787983603045
734,Australian Open,2021,Hard,6,0,0,0,0,,0,0,0,1,0,1,0,0,0,1,1,1,4.5,0.03741686333404848,3.0,0,0,0,0,0,0,0,11.5,30.5,16.5,0,Australian Open_2021,0,0,132.25,-1.0700103145951516,1.1449220733400154
735,Australian Open,2021,Hard,7,0,0,0,0,,0,0,0,0,0,0,0,0,0,0,1,1,13.5,0.06283712425079746,3.0,0,0,0,0,0,0,0,12.0,33.0,16.5,1,Australian Open_2021,0,0,144.0,1.4299896854048484,2.044870500364257
736,Olympics,2021,Hard,3,1,1,1,0,,0,0,0,0,0,0,0,0,1,1,1,1,35.0,0.1350863733108943,34.0,0,0,0,0,0,0,0,19.0,35.0,1.5,1,Olympics_2021,0,0,361.0,3.4299896854048484,11.764829241983652
737,Olympics,2021,Hard,3,0,0,0,0,,0,0,0,0,0,0,0,0,1,1,1,1,156.5,0.05055368319691866,45.0,0,0,0,0,0,0,0,14.0,31.5,246.0,1,Olympics_2021,0,0,196.0,-0.07001031459515161,0.004901444149712099
738,Olympics,2021,Hard,3,0,0,0,0,,0,0,0,0,0,0,0,0,1,1,1,1,232.5,0.06563786008230454,265.0,0,0,0,0,0,0,0,13.5,32.5,431.0,1,Olympics_2021,0,0,182.25,0.9299896854048484,0.8648808149594088
739,Olympics,2021,Hard,3,1,1,1,1,3.0,0,0,0,1,0,1,0,0,1,1,1,1,34.5,0.0939461377197226,61.0,0,0,1,0,0,0,0,17.0,34.5,19.0,0,Olympics_2021,1,1,289.0,2.9299896854048484,8.584839556578803
740,Olympics,2021,Hard,3,0,0,0,0,,0,0,0,0,0,0,0,0,1,1,1,1,223.5,0.0407500901550667,41.0,0,0,0,0,0,0,0,8.5,26.5,137.0,1,Olympics_2021,0,0,72.25,-5.070010314595152,25.70500459010123
741,Olympics,2021,Hard,3,1,1,1,1,3.0,0,0,0,1,0,1,0,0,1,1,1,1,33.5,0.06373514521011514,17.0,0,0,0,0,0,0,0,7.5,28.0,128.0,0,Olympics_2021,0,1,56.25,-3.5700103145951516,12.744973646315774
742,Olympics,2021,Hard,3,1,1,1,1,3.0,0,0,0,1,0,1,0,0,1,1,1,1,42.0,0.09010695187165768,14.0,0,0,1,0,0,0,0,10.5,29.0,145.5,0,Olympics_2021,1,1,110.25,-2.5700103145951516,6.60495301712547
743,Olympics,2021,Hard,3,1,1,1,0,,0,0,0,0,0,0,0,0,1,1,1,1,38.5,0.1256529638882579,43.0,0,0,0,0,0,0,0,12.5,31.5,91.5,1,Olympics_2021,0,0,156.25,-0.07001031459515161,0.004901444149712099
744,Olympics,2021,Hard,3,1,1,1,0,,0,0,0,0,0,0,0,0,1,1,1,1,32.5,0.006165839829907926,1.0,0,0,0,0,0,0,0,7.5,29.0,20.5,1,Olympics_2021,0,0,56.25,-2.5700103145951516,6.60495301712547
745,Olympics,2021,Hard,3,1,1,1,0,,0,0,0,0,0,0,0,0,1,1,1,1,1008.0,0.01169590643274851,178.0,0,0,0,0,0,0,0,9.5,28.0,35.0,1,Olympics_2021,0,0,90.25,-3.5700103145951516,12.744973646315774
746,Olympics,2021,Hard,3,0,0,0,0,,0,0,0,0,0,0,0,0,1,1,1,1,146.0,0.1309820538384845,232.0,0,0,0,0,0,0,0,12.0,29.5,43.5,1,Olympics_2021,0,0,144.0,-2.0700103145951516,4.284942702530318
747,Olympics,2021,Hard,3,0,0,0,0,,0,0,0,0,0,0,0,0,1,1,1,1,152.5,0.1691542288557215,151.0,0,0,0,0,0,0,0,8.0,26.0,7.5,1,Olympics_2021,0,0,64.0,-5.570010314595152,31.02501490469638
748,Olympics,2021,Hard,3,1,1,1,1,3.0,0,0,0,1,0,1,0,0,1,1,1,1,83.0,0.05406593406593407,20.0,0,0,1,0,0,0,0,7.5,24.5,105.5,0,Olympics_2021,1,1,56.25,-7.070010314595152,49.98504584848183
749,Olympics,2021,Hard,3,0,0,0,0,,0,0,0,0,0,0,0,0,1,1,1,1,572.5,0.1867612293144208,433.0,0,0,0,0,0,0,0,9.0,27.0,127.5,1,Olympics_2021,0,0,81.0,-4.570010314595152,20.884994275506077
750,Olympics,2021,Hard,3,0,0,0,0,,0,0,0,0,0,0,0,0,1,1,1,1,161.5,0.05277777777777776,57.0,1,0,0,0,0,0,0,12.0,30.0,23.0,1,Olympics_2021,0,0,144.0,-1.5700103145951516,2.464932387935167
751,Olympics,2021,Hard,3,0,0,0,0,,0,0,0,0,0,0,0,0,1,1,1,1,4.5,0.0790823211875844,3.0,0,0,0,0,0,0,0,16.0,34.5,74.5,1,Olympics_2021,0,0,256.0,2.9299896854048484,8.584839556578803
752,Olympics,2021,Hard,4,1,1,1,1,3.0,0,0,0,1,0,0,0,0,1,1,1,1,246.0,0.0507011866235168,152.0,0,0,0,1,0,0,0,5.0,22.5,1.5,1,Olympics_2021,1,1,25.0,-9.070010314595152,82.26508710686244
753,Olympics,2021,Hard,4,0,0,0,0,,0,0,0,0,0,0,0,0,1,1,1,1,19.0,0.03561869925952366,6.0,0,0,0,0,0,0,0,13.0,33.5,431.0,1,Olympics_2021,0,0,169.0,1.9299896854048484,3.7248601857691055
754,Olympics,2021,Hard,4,1,1,1,1,3.0,0,0,0,1,0,1,0,0,1,1,1,1,137.0,0.1684749849306812,252.0,0,0,1,0,0,0,0,16.0,29.5,128.0,0,Olympics_2021,1,1,256.0,-2.0700103145951516,4.284942702530318
755,Olympics,2021,Hard,4,0,0,0,0,,0,0,0,0,0,0,0,0,1,1,1,1,145.5,,183.0,0,0,0,0,0,0,0,16.0,34.5,91.5,1,Olympics_2021,0,0,256.0,2.9299896854048484,8.584839556578803
757,Olympics,2021,Hard,4,0,0,0,0,,0,0,0,0,0,0,0,0,1,1,1,1,43.5,0.08539453834549438,1.0,0,0,0,0,0,0,0,19.5,38.0,7.5,1,Olympics_2021,0,0,380.25,6.429989685404848,41.34476735441274
758,Olympics,2021,Hard,4,0,0,0,0,,0,0,0,0,0,0,0,0,1,1,1,1,105.5,0.2272949658812926,191.0,0,0,0,0,0,0,0,11.5,30.0,127.5,1,Olympics_2021,0,0,132.25,-1.5700103145951516,2.464932387935167
759,Olympics,2021,Hard,4,1,1,1,0,,0,0,0,0,0,0,0,0,1,1,1,1,23.0,0.02310606060606069,16.0,0,0,0,0,0,0,0,10.5,31.5,74.5,1,Olympics_2021,0,0,110.25,-0.07001031459515161,0.004901444149712099
760,Olympics,2021,Hard,6,1,1,1,0,,0,0,0,0,0,0,0,0,1,1,1,1,128.0,0.1939862718983711,160.0,0,0,0,0,0,0,0,9.5,30.5,35.0,1,Olympics_2021,0,0,90.25,-1.0700103145951516,1.1449220733400154
761,Olympics,2021,Hard,5,0,0,0,0,,0,0,0,0,0,0,0,0,1,1,1,1,431.0,0.03571428571428581,786.0,0,0,0,0,0,0,0,10.5,30.5,1.5,1,Olympics_2021,0,0,110.25,-1.0700103145951516,1.1449220733400154
762,Olympics,2021,Hard,5,1,1,1,0,,0,0,0,0,0,0,0,0,1,1,1,1,91.5,0.03980996068152032,61.0,0,0,0,0,0,0,0,10.0,27.5,128.0,1,Olympics_2021,0,0,100.0,-4.070010314595152,16.564983960910926
763,Olympics,2021,Hard,5,1,0,0,1,3.0,0,0,0,1,0,0,0,0,1,1,1,1,7.5,0.006430370146846442,1.0,0,0,0,0,0,0,0,13.5,34.5,35.0,1,Olympics_2021,0,1,182.25,2.9299896854048484,8.584839556578803
764,Olympics,2021,Hard,5,1,1,1,1,3.0,0,0,0,1,0,1,0,0,1,1,1,1,74.5,0.1545633853326161,131.0,0,0,0,0,0,0,0,11.5,31.5,127.5,0,Olympics_2021,0,1,132.25,-0.07001031459515161,0.004901444149712099
765,Olympics,2021,Hard,6,0,0,0,0,,0,0,0,0,0,0,0,0,1,1,1,1,128.0,0.1939862718983711,160.0,0,0,0,0,0,0,0,9.5,30.5,1.5,1,Olympics_2021,0,0,90.25,-1.0700103145951516,1.1449220733400154
766,Olympics,2021,Hard,6,0,0,0,0,,0,0,0,0,0,0,0,0,1,1,1,1,35.0,0.08071909042204894,30.0,0,0,0,0,0,0,0,12.5,33.0,127.5,1,Olympics_2021,0,0,156.25,1.4299896854048484,2.044870500364257
767,Olympics,2021,Hard,7,1,0,0,1,3.0,0,0,0,1,0,0,0,0,1,1,1,1,127.5,0.1221092681766839,231.0,0,0,0,0,0,0,0,16.5,34.5,1.5,1,Olympics_2021,0,1,272.25,2.9299896854048484,8.584839556578803
768,Roland Garros,2021,Clay,2,0,0,0,0,,0,0,0,0,0,0,0,0,0,0,1,1,108.0,0.1896503102086859,42.0,0,0,0,0,0,0,0,15.5,33.0,320.5,1,Roland Garros_2021,0,0,240.25,1.4299896854048484,2.044870500364257
769,Roland Garros,2021,Clay,2,1,1,1,0,,0,0,0,1,0,0,0,0,0,1,1,1,172.5,0.003331403948807043,55.0,0,0,0,1,0,0,0,12.0,33.0,663.5,1,Roland Garros_2021,1,1,144.0,1.4299896854048484,2.044870500364257
770,Roland Garros,2021,Clay,2,0,0,0,0,,0,0,0,0,0,0,0,0,0,0,0,0,180.0,0.0,2.0,0,0,0,0,0,0,0,5.0,22.5,152.0,1,Roland Garros_2021,0,0,25.0,-9.070010314595152,82.26508710686244
771,Roland Garros,2021,Clay,2,0,0,0,0,,0,0,0,0,0,0,0,0,0,1,1,1,113.0,0.1163928304705004,78.0,0,0,0,0,0,0,0,7.5,26.0,30.5,1,Roland Garros_2021,0,0,56.25,-5.570010314595152,31.02501490469638
772,Roland Garros,2021,Clay,2,1,1,1,0,,1,0,0,1,0,1,0,0,0,0,0,0,22.5,,17.0,0,0,1,0,0,0,0,13.0,31.0,40.0,0,Roland Garros_2021,1,1,169.0,-0.5700103145951516,0.3249117587448637
773,Roland Garros,2021,Clay,2,1,1,1,0,,0,0,0,1,0,1,0,0,0,0,0,0,110.0,0.07028501055594649,74.0,0,0,0,0,0,0,0,14.0,33.0,81.5,0,Roland Garros_2021,0,0,196.0,1.4299896854048484,2.044870500364257
774,Roland Garros,2021,Clay,2,0,0,0,0,,0,0,0,0,0,0,0,0,0,0,0,0,228.0,0.2459803984369995,244.0,0,0,0,0,0,0,0,13.0,33.0,38.5,1,Roland Garros_2021,0,0,169.0,1.4299896854048484,2.044870500364257
775,Roland Garros,2021,Clay,2,0,0,0,0,,0,0,0,0,0,0,0,0,0,0,0,0,17.5,0.005113704012382425,1.0,0,0,0,0,0,0,0,21.0,38.5,153.0,1,Roland Garros_2021,0,0,441.0,6.929989685404848,48.02475703981759
776,Roland Garros,2021,Clay,2,0,0,0,0,,0,0,0,0,0,0,0,0,0,0,0,0,200.5,0.02380952380952389,25.0,1,0,0,0,0,0,0,7.5,25.5,7.5,1,Roland Garros_2021,0,0,56.25,-6.070010314595152,36.84502521929153
777,Roland Garros,2021,Clay,2,1,1,1,0,,0,0,0,0,0,0,0,0,0,1,1,1,166.0,0.1160209846650525,22.0,0,0,0,0,0,0,0,13.0,29.0,45.5,1,Roland Garros_2021,0,0,169.0,-2.5700103145951516,6.60495301712547
778,Roland Garros,2021,Clay,2,0,0,0,0,,0,0,0,1,0,0,0,0,0,0,0,0,194.5,0.3080357142857143,337.0,0,0,0,0,0,0,0,22.0,39.5,93.5,1,Roland Garros_2021,0,0,484.0,7.929989685404848,62.88473641062728
779,Roland Garros,2021,Clay,2,0,0,0,0,,0,0,0,0,0,0,0,0,0,0,0,0,331.0,0.01818181818181819,86.0,1,0,0,0,0,0,0,12.0,29.5,37.5,1,Roland Garros_2021,0,0,144.0,-2.0700103145951516,4.284942702530318
780,Roland Garros,2021,Clay,2,0,0,0,0,,0,0,0,1,0,0,0,0,0,1,1,1,260.5,0.007407407407407363,289.0,0,0,0,0,0,0,0,13.5,30.0,20.0,1,Roland Garros_2021,0,0,182.25,-1.5700103145951516,2.464932387935167
781,Roland Garros,2021,Clay,2,0,0,0,0,,0,0,0,0,0,0,0,0,0,0,0,0,211.5,0.2117845117845118,269.0,0,0,0,0,0,0,0,9.0,30.0,226.5,1,Roland Garros_2021,0,0,81.0,-1.5700103145951516,2.464932387935167
782,Roland Garros,2021,Clay,2,1,1,1,0,,0,0,0,0,0,0,0,0,0,1,1,1,129.0,0.008230452674897193,2.0,0,0,0,0,0,0,0,1.0,28.5,89.0,1,Roland Garros_2021,0,0,1.0,-3.0700103145951516,9.424963331720623
783,Roland Garros,2021,Clay,2,1,1,1,0,,1,0,0,1,0,0,0,0,0,0,0,0,67.0,0.03354297693920338,10.0,0,0,0,1,0,0,0,18.0,35.5,9.5,1,Roland Garros_2021,1,1,324.0,3.9299896854048484,15.4448189273885
784,Roland Garros,2021,Clay,2,0,0,0,0,,0,0,0,1,0,0,0,0,0,1,1,1,124.5,0.06779250161603095,111.0,0,0,0,0,0,0,0,4.0,26.0,13.0,1,Roland Garros_2021,0,0,16.0,-5.570010314595152,31.02501490469638
785,Roland Garros,2021,Clay,2,0,0,0,0,,0,0,0,0,0,0,0,0,0,1,1,1,159.0,0.1353535353535354,168.0,1,0,0,0,0,0,0,11.0,29.0,644.0,1,Roland Garros_2021,0,0,121.0,-2.5700103145951516,6.60495301712547
786,Roland Garros,2021,Clay,2,0,0,0,0,,0,0,0,0,0,0,0,0,0,1,1,1,70.5,0.1006400276768726,1.0,0,0,0,0,0,0,0,12.0,33.0,49.0,1,Roland Garros_2021,0,0,144.0,1.4299896854048484,2.044870500364257
787,Roland Garros,2021,Clay,2,0,0,0,0,,0,0,0,1,0,1,0,0,0,1,1,1,156.5,0.1518716577540107,5.0,0,0,0,0,0,0,0,5.5,25.5,20.0,0,Roland Garros_2021,0,0,30.25,-6.070010314595152,36.84502521929153
788,Roland Garros,2021,Clay,2,1,1,1,0,,0,0,0,1,0,1,0,0,0,0,0,0,229.0,,158.0,0,0,1,0,0,0,0,2.0,19.0,29.0,0,Roland Garros_2021,1,1,4.0,-12.570010314595152,158.0051593090285
789,Roland Garros,2021,Clay,2,0,0,0,0,,0,0,0,0,0,0,0,0,0,1,1,1,154.0,0.03331997863247871,86.0,0,0,0,0,0,0,0,5.5,25.0,54.0,1,Roland Garros_2021,0,0,30.25,-6.570010314595152,43.16503553388668
790,Roland Garros,2021,Clay,2,1,1,1,0,,0,0,0,1,0,0,0,0,0,1,1,1,862.0,0.2744794887652031,1262.0,0,0,0,1,0,0,0,6.0,24.5,59.0,1,Roland Garros_2021,1,1,36.0,-7.070010314595152,49.98504584848183
791,Roland Garros,2021,Clay,2,0,0,0,0,,0,0,0,0,0,0,0,0,0,1,1,1,97.5,0.06932773109243712,59.0,0,0,0,0,0,0,0,7.0,25.0,8.0,1,Roland Garros_2021,0,0,49.0,-6.570010314595152,43.16503553388668
792,Roland Garros,2021,Clay,2,1,1,1,0,,0,0,0,1,0,0,0,0,0,1,1,1,59.5,0.03253241800152551,7.0,0,0,0,1,0,0,0,8.0,30.5,16.5,1,Roland Garros_2021,1,1,64.0,-1.0700103145951516,1.1449220733400154
793,Roland Garros,2021,Clay,2,0,0,0,0,,0,0,0,1,0,1,0,0,0,0,0,0,52.0,0.07140883614451488,4.0,0,0,0,0,0,0,0,17.5,35.0,45.0,0,Roland Garros_2021,0,0,306.25,3.4299896854048484,11.764829241983652
794,Roland Garros,2021,Clay,2,0,0,0,0,,0,0,0,0,0,0,0,0,0,0,0,0,79.0,,8.0,0,0,0,0,0,0,0,1.0,38.5,473.5,1,Roland Garros_2021,0,0,1.0,6.929989685404848,48.02475703981759
795,Roland Garros,2021,Clay,2,1,1,0,0,,1,0,0,1,0,0,0,0,0,0,1,1,50.0,0.06084306095979247,2.0,0,0,0,0,0,0,0,11.5,32.0,19.5,1,Roland Garros_2021,0,1,132.25,0.4299896854048484,0.1848911295545605
796,Roland Garros,2021,Clay,2,0,0,0,0,,0,0,0,0,0,0,0,0,0,1,1,1,491.0,0.3296703296703297,472.0,0,0,0,0,0,0,0,9.0,27.0,33.0,1,Roland Garros_2021,0,0,81.0,-4.570010314595152,20.884994275506077
797,Roland Garros,2021,Clay,2,1,1,1,0,,1,0,0,1,0,0,0,0,0,1,1,1,150.5,0.1604863221884499,35.0,0,0,0,1,0,0,0,10.0,28.5,41.5,1,Roland Garros_2021,1,1,100.0,-3.0700103145951516,9.424963331720623
798,Roland Garros,2021,Clay,2,1,1,1,0,,0,0,0,0,0,0,0,0,0,0,0,0,407.5,0.2409090909090909,265.0,0,0,0,0,0,0,0,14.0,32.0,380.0,1,Roland Garros_2021,0,0,196.0,0.4299896854048484,0.1848911295545605
799,Roland Garros,2021,Clay,2,0,0,0,0,,0,0,0,0,0,0,0,0,0,1,1,1,39.5,0.1482898289828982,41.0,0,0,0,0,0,0,0,11.5,35.0,3.5,1,Roland Garros_2021,0,0,132.25,3.4299896854048484,11.764829241983652
800,Roland Garros,2021,Clay,3,0,0,0,0,,0,0,0,0,0,0,0,0,0,1,1,1,663.5,0.05627705627705631,677.0,0,0,0,0,0,0,0,2.0,20.0,320.5,1,Roland Garros_2021,0,0,4.0,-11.570010314595152,133.8651386798382
801,Roland Garros,2021,Clay,3,0,0,0,0,,0,0,0,0,0,0,0,0,0,1,1,1,152.0,0.1939862718983711,218.0,0,0,0,0,0,0,0,9.5,30.5,30.5,1,Roland Garros_2021,0,0,90.25,-1.0700103145951516,1.1449220733400154
802,Roland Garros,2021,Clay,3,1,1,1,0,,0,0,0,0,0,0,0,0,0,1,1,1,81.5,0.01827875095201831,35.0,0,0,0,0,0,0,0,9.0,26.5,40.0,1,Roland Garros_2021,0,0,81.0,-5.070010314595152,25.70500459010123
803,Roland Garros,2021,Clay,3,0,0,0,0,,0,0,0,0,0,0,0,0,0,1,1,1,153.0,0.06292270531400956,154.0,0,0,0,0,0,0,0,11.5,31.0,38.5,1,Roland Garros_2021,0,0,132.25,-0.5700103145951516,0.3249117587448637
804,Roland Garros,2021,Clay,3,0,0,0,0,,0,0,0,0,0,0,0,0,0,0,1,1,7.5,0.06283712425079746,1.0,0,0,0,0,0,0,0,12.0,33.0,45.5,1,Roland Garros_2021,0,0,144.0,1.4299896854048484,2.044870500364257
805,Roland Garros,2021,Clay,3,0,0,0,0,,0,0,0,0,0,0,0,0,0,0,0,0,37.5,0.03393586098448154,7.0,0,0,0,0,0,0,0,14.5,33.5,93.5,1,Roland Garros_2021,0,0,210.25,1.9299896854048484,3.7248601857691055
806,Roland Garros,2021,Clay,3,1,1,1,0,,0,0,0,0,0,0,0,0,0,0,0,0,226.5,0.129585326953748,71.0,0,0,0,0,0,0,0,4.0,24.5,20.0,1,Roland Garros_2021,0,0,16.0,-7.070010314595152,49.98504584848183
807,Roland Garros,2021,Clay,3,1,1,1,0,,0,0,0,0,0,0,0,0,0,0,0,0,9.5,0.004037674425954929,1.0,0,0,0,0,0,0,0,16.5,36.0,89.0,1,Roland Garros_2021,0,0,272.25,4.429989685404848,19.62480861279335
808,Roland Garros,2021,Clay,3,0,0,0,0,,0,0,0,1,0,0,0,0,0,0,1,1,644.0,0.04177545691906004,1132.0,0,0,0,0,0,0,0,15.5,34.0,13.0,1,Roland Garros_2021,0,0,240.25,2.4299896854048484,5.904849871173954
809,Roland Garros,2021,Clay,3,1,1,1,0,,0,0,0,0,0,0,0,0,0,0,1,1,20.0,0.00867823765020026,10.0,0,0,0,0,0,0,0,11.0,33.5,49.0,1,Roland Garros_2021,0,0,121.0,1.9299896854048484,3.7248601857691055
810,Roland Garros,2021,Clay,3,0,0,0,0,,0,0,0,0,0,0,0,0,0,1,1,1,29.0,0.02179137210984344,2.0,0,0,0,0,0,0,0,15.5,34.5,54.0,1,Roland Garros_2021,0,0,240.25,2.9299896854048484,8.584839556578803
811,Roland Garros,2021,Clay,3,0,0,0,0,,0,0,0,1,0,0,0,0,0,0,1,1,8.0,0.01057318491443759,6.0,0,0,0,0,0,0,0,18.0,35.5,59.0,1,Roland Garros_2021,0,0,324.0,3.9299896854048484,15.4448189273885
812,Roland Garros,2021,Clay,3,0,0,0,0,,0,0,0,0,0,0,0,0,0,0,0,0,45.0,0.04032485181910472,24.0,0,0,0,0,0,0,0,23.0,41.0,16.5,1,Roland Garros_2021,0,0,529.0,9.429989685404848,88.92470546684183
813,Roland Garros,2021,Clay,3,0,0,0,0,,0,0,0,0,0,0,0,0,0,0,0,0,473.5,,137.0,0,0,0,0,0,0,0,13.5,32.0,19.5,1,Roland Garros_2021,0,0,182.25,0.4299896854048484,0.1848911295545605
814,Roland Garros,2021,Clay,3,0,0,0,0,,0,0,0,1,0,1,0,0,0,0,0,0,33.0,0.1182914182006741,18.0,0,0,0,0,0,0,0,13.0,34.0,41.5,0,Roland Garros_2021,0,0,169.0,2.4299896854048484,5.904849871173954
815,Roland Garros,2021,Clay,3,1,1,1,0,,0,0,0,0,0,0,0,0,0,1,1,1,380.0,0.1533333333333333,308.0,0,0,0,0,0,0,0,17.0,29.0,3.5,1,Roland Garros_2021,0,0,289.0,-2.5700103145951516,6.60495301712547
816,Roland Garros,2021,Clay,4,1,1,1,0,,0,0,0,0,0,0,0,0,0,1,1,1,30.5,0.006165839829907926,3.0,0,0,0,0,0,0,0,7.5,29.0,320.5,1,Roland Garros_2021,0,0,56.25,-2.5700103145951516,6.60495301712547
818,Roland Garros,2021,Clay,4,0,0,0,0,,0,0,0,0,0,0,0,0,0,0,1,1,93.5,0.0802888315451129,17.0,0,0,0,0,0,0,0,14.0,30.5,45.5,1,Roland Garros_2021,0,0,196.0,-1.0700103145951516,1.1449220733400154
819,Roland Garros,2021,Clay,4,1,1,1,0,,0,0,0,1,0,0,0,0,0,1,1,1,20.0,0.04917771232204227,14.0,0,0,0,0,0,0,0,15.5,36.0,89.0,1,Roland Garros_2021,0,0,240.25,4.429989685404848,19.62480861279335
820,Roland Garros,2021,Clay,4,1,1,0,0,,1,0,0,1,0,1,0,0,0,0,0,0,49.0,0.001380515508955793,20.0,0,0,0,0,0,0,0,14.0,32.5,13.0,0,Roland Garros_2021,0,1,196.0,0.9299896854048484,0.8648808149594088
821,Roland Garros,2021,Clay,4,0,0,0,0,,0,0,0,0,0,0,0,0,0,0,0,0,54.0,0.02002366105860365,14.0,0,0,0,0,0,0,0,18.5,37.0,59.0,1,Roland Garros_2021,0,0,342.25,5.429989685404848,29.484787983603045
822,Roland Garros,2021,Clay,4,0,0,0,0,,0,0,0,1,0,0,0,0,0,0,0,0,16.5,0.04913998809726816,9.0,0,0,0,0,0,0,0,18.5,37.0,19.5,1,Roland Garros_2021,0,0,342.25,5.429989685404848,29.484787983603045
823,Roland Garros,2021,Clay,4,0,0,0,0,,0,0,0,0,0,0,0,0,0,1,1,1,41.5,0.2293972044263251,13.0,0,0,0,0,0,0,0,7.0,25.0,3.5,1,Roland Garros_2021,0,0,49.0,-6.570010314595152,43.16503553388668
824,Roland Garros,2021,Clay,5,0,0,0,0,,0,0,0,0,0,0,0,0,0,0,0,0,38.5,0.08551013994417017,3.0,0,0,0,0,0,0,0,18.0,37.5,320.5,1,Roland Garros_2021,0,0,324.0,5.929989685404848,35.16477766900789
825,Roland Garros,2021,Clay,5,0,0,0,0,,0,0,0,0,0,0,0,0,0,0,0,0,45.5,0.1200601374570447,15.0,0,0,0,0,0,0,0,10.5,32.0,89.0,1,Roland Garros_2021,0,0,110.25,0.4299896854048484,0.1848911295545605
826,Roland Garros,2021,Clay,5,1,1,1,0,,0,0,0,0,0,0,0,0,0,0,1,1,59.0,0.0513067008473973,14.0,0,0,0,0,0,0,0,13.5,31.0,13.0,1,Roland Garros_2021,0,0,182.25,-0.5700103145951516,0.3249117587448637
827,Roland Garros,2021,Clay,5,1,1,1,0,,0,0,0,1,0,0,0,0,0,0,0,0,19.5,0.0004611330698287563,7.0,0,0,0,1,0,0,0,14.5,32.5,3.5,1,Roland Garros_2021,1,1,210.25,0.9299896854048484,0.8648808149594088
828,Roland Garros,2021,Clay,6,0,0,0,0,,0,0,0,1,0,1,0,0,0,1,1,1,320.5,0.04477611940298504,263.0,0,0,0,0,0,0,0,11.5,29.5,89.0,0,Roland Garros_2021,0,0,132.25,-2.0700103145951516,4.284942702530318
829,Roland Garros,2021,Clay,6,1,1,1,0,,0,0,0,1,0,1,0,0,0,1,1,1,3.5,0.006430370146846442,1.0,0,0,1,0,0,0,0,13.5,34.5,13.0,0,Roland Garros_2021,1,1,182.25,2.9299896854048484,8.584839556578803
830,Roland Garros,2021,Clay,7,1,1,1,0,,0,0,0,1,0,1,0,0,0,1,1,1,89.0,0.09010695187165768,18.0,0,0,0,0,0,0,0,10.5,29.0,13.0,0,Roland Garros_2021,0,0,110.25,-2.5700103145951516,6.60495301712547
831,US Open,2021,Hard,2,0,0,0,0,,0,0,0,0,0,0,0,0,0,1,1,1,1.5,0.03741686333404848,1.0,0,0,0,0,0,0,0,11.5,30.5,85.5,1,US Open_2021,0,0,132.25,-1.0700103145951516,1.1449220733400154
832,US Open,2021,Hard,2,0,0,0,0,,0,0,0,0,0,0,0,0,0,1,1,1,50.0,0.02414476428869422,42.0,0,0,0,0,0,0,0,9.0,29.5,180.0,1,US Open_2021,0,0,81.0,-2.0700103145951516,4.284942702530318
833,US Open,2021,Hard,2,1,1,1,0,,1,0,0,1,0,1,0,0,0,0,0,0,32.0,0.1010436819061196,8.0,0,0,1,0,0,0,0,14.0,34.5,131.0,0,US Open_2021,1,1,196.0,2.9299896854048484,8.584839556578803
834,US Open,2021,Hard,2,1,1,1,0,,0,0,0,0,0,0,0,0,0,0,0,0,90.5,0.04667809254965222,65.0,0,0,0,0,0,0,0,8.0,28.5,30.5,1,US Open_2021,0,0,64.0,-3.0700103145951516,9.424963331720623
835,US Open,2021,Hard,2,1,1,1,0,,1,0,0,1,0,0,0,0,0,1,1,1,261.5,0.3333333333333333,41.0,0,0,0,1,0,0,0,7.0,25.0,26.5,1,US Open_2021,1,1,49.0,-6.570010314595152,43.16503553388668
836,US Open,2021,Hard,2,0,0,0,0,,0,0,0,1,0,1,0,0,0,0,0,0,122.0,0.04230654761904762,116.0,0,0,0,0,0,0,0,10.5,30.0,58.0,0,US Open_2021,0,0,110.25,-1.5700103145951516,2.464932387935167
837,US Open,2021,Hard,2,1,1,1,0,,0,0,0,0,0,0,0,0,0,0,0,0,372.0,0.2243401759530791,612.0,0,0,0,0,0,0,0,5.0,27.5,134.0,1,US Open_2021,0,0,25.0,-4.070010314595152,16.564983960910926
838,US Open,2021,Hard,2,0,0,0,0,,0,0,0,0,0,0,0,0,0,0,0,0,288.5,0.01818181818181819,109.0,1,0,0,0,0,0,0,12.0,29.5,15.5,1,US Open_2021,0,0,144.0,-2.0700103145951516,4.284942702530318
839,US Open,2021,Hard,2,0,0,0,0,,0,0,0,0,0,0,0,0,0,0,0,0,266.5,0.1602664576802508,371.0,0,0,0,0,0,0,0,6.0,29.5,6.5,1,US Open_2021,0,0,36.0,-2.0700103145951516,4.284942702530318
840,US Open,2021,Hard,2,0,0,0,0,,0,0,0,0,0,0,0,0,0,1,1,1,105.0,0.01827875095201831,38.0,0,0,0,0,0,0,0,9.0,26.5,199.0,1,US Open_2021,0,0,81.0,-5.070010314595152,25.70500459010123
842,US Open,2021,Hard,2,1,1,0,0,,1,0,0,1,0,1,0,0,0,1,1,1,221.5,0.2852206273258905,31.0,0,0,0,0,0,0,0,9.5,28.0,30.0,0,US Open_2021,0,1,90.25,-3.5700103145951516,12.744973646315774
843,US Open,2021,Hard,2,1,1,1,0,,0,0,0,0,0,0,0,0,0,0,0,0,19.5,0.005113704012382425,1.0,0,0,0,0,0,0,0,21.0,38.5,124.5,1,US Open_2021,0,0,441.0,6.929989685404848,48.02475703981759
844,US Open,2021,Hard,2,1,1,0,0,,1,0,0,1,0,0,0,0,0,1,1,1,60.5,0.03633633633633637,31.0,0,0,0,0,0,0,0,13.0,31.5,53.5,1,US Open_2021,0,1,169.0,-0.07001031459515161,0.004901444149712099
845,US Open,2021,Hard,2,1,1,1,0,,0,0,0,0,0,0,0,0,0,0,0,0,341.5,0.09675925925925932,369.0,0,0,0,0,0,0,0,8.0,25.5,55.5,1,US Open_2021,0,0,64.0,-6.070010314595152,36.84502521929153
846,US Open,2021,Hard,2,1,1,1,0,,0,0,0,1,0,0,0,0,0,1,1,1,9.0,0.006430370146846442,2.0,0,0,0,1,0,0,0,13.5,34.5,82.5,1,US Open_2021,1,1,182.25,2.9299896854048484,8.584839556578803
847,US Open,2021,Hard,2,0,0,0,0,,0,0,0,0,0,0,0,0,0,1,1,1,59.5,0.043425395171096,1.0,0,0,0,0,0,0,0,11.0,32.0,19.5,1,US Open_2021,0,0,121.0,0.4299896854048484,0.1848911295545605
848,US Open,2021,Hard,2,1,1,1,0,,0,0,0,1,0,0,0,0,0,1,1,1,43.5,0.08539453834549438,5.0,0,0,0,1,0,0,0,19.5,38.0,169.5,1,US Open_2021,1,1,380.25,6.429989685404848,41.34476735441274
849,US Open,2021,Hard,2,0,0,0,0,,0,0,0,0,0,0,0,0,0,0,0,0,908.0,0.1590909090909091,1298.0,0,0,0,0,0,0,0,9.5,28.0,114.5,1,US Open_2021,0,0,90.25,-3.5700103145951516,12.744973646315774
850,US Open,2021,Hard,2,1,1,1,0,,0,0,0,0,0,0,0,0,0,0,0,0,125.5,0.06617017633966787,91.0,0,0,0,0,0,0,0,13.0,31.0,25.5,1,US Open_2021,0,0,169.0,-0.5700103145951516,0.3249117587448637
851,US Open,2021,Hard,2,0,0,0,0,,0,0,0,0,0,0,0,0,0,1,1,1,325.0,0.258819538670285,476.0,0,0,0,0,0,0,0,9.5,28.5,31.0,1,US Open_2021,0,0,90.25,-3.0700103145951516,9.424963331720623
852,US Open,2021,Hard,2,1,1,1,0,,0,0,0,1,0,1,0,0,0,0,0,0,147.5,0.2769518975102732,5.0,0,0,1,0,0,0,0,17.0,34.0,46.0,0,US Open_2021,1,1,289.0,2.4299896854048484,5.904849871173954
854,US Open,2021,Hard,2,0,0,0,0,,0,0,0,0,0,0,0,0,0,1,1,1,944.5,0.0,267.0,0,0,0,0,0,0,0,1.0,20.0,6.0,1,US Open_2021,0,0,1.0,-11.570010314595152,133.8651386798382
855,US Open,2021,Hard,2,0,0,0,0,,0,0,0,0,0,0,0,0,0,0,1,1,272.5,,171.0,0,0,0,0,0,0,0,4.0,22.0,16.5,1,US Open_2021,0,0,16.0,-9.570010314595152,91.58509742145759
856,US Open,2021,Hard,2,0,0,0,0,,0,0,0,1,0,1,0,0,0,1,1,1,128.5,0.06292270531400956,73.0,0,0,0,0,0,0,0,11.5,31.0,483.5,0,US Open_2021,0,0,132.25,-0.5700103145951516,0.3249117587448637
857,US Open,2021,Hard,2,0,0,0,0,,0,0,0,0,0,0,0,0,0,1,1,1,341.5,0.2333333333333333,57.0,0,0,0,0,0,0,0,10.5,27.5,72.5,1,US Open_2021,0,0,110.25,-4.070010314595152,16.564983960910926
859,US Open,2021,Hard,2,0,0,0,0,,0,0,0,0,0,0,0,0,0,0,0,0,605.0,,842.0,0,0,0,0,0,0,0,7.5,25.5,31.5,1,US Open_2021,0,0,56.25,-6.070010314595152,36.84502521929153
860,US Open,2021,Hard,2,0,0,0,0,,0,0,0,1,0,0,0,0,0,0,1,1,48.0,0.06084306095979247,2.0,0,0,0,0,0,0,0,11.5,32.0,65.5,1,US Open_2021,0,0,132.25,0.4299896854048484,0.1848911295545605
861,US Open,2021,Hard,2,1,1,1,0,,0,0,0,1,0,0,0,0,0,0,0,0,61.5,0.04783163265306123,71.0,0,0,0,1,0,0,0,14.0,32.0,46.0,1,US Open_2021,1,1,196.0,0.4299896854048484,0.1848911295545605
862,US Open,2021,Hard,2,0,0,0,0,,0,0,0,0,0,0,0,0,0,1,1,1,184.0,0.02239229024943307,12.0,0,0,0,0,0,0,0,13.5,31.0,4.5,1,US Open_2021,0,0,182.25,-0.5700103145951516,0.3249117587448637
863,US Open,2021,Hard,3,0,0,0,0,,0,0,0,0,0,0,0,0,0,1,1,1,85.5,0.002501202501202449,7.0,0,0,0,0,0,0,0,5.0,28.0,180.0,1,US Open_2021,0,0,25.0,-3.5700103145951516,12.744973646315774
864,US Open,2021,Hard,3,1,1,1,0,,0,0,0,0,0,0,0,0,0,0,0,0,30.5,0.02002366105860365,7.0,0,0,0,0,0,0,0,18.5,37.0,131.0,1,US Open_2021,0,0,342.25,5.429989685404848,29.484787983603045
865,US Open,2021,Hard,3,1,1,0,0,,1,0,0,1,0,0,0,0,0,0,0,0,26.5,0.1182914182006741,7.0,0,0,0,0,0,0,0,13.0,34.0,58.0,1,US Open_2021,0,1,169.0,2.4299896854048484,5.904849871173954
866,US Open,2021,Hard,3,1,1,1,0,,0,0,0,0,0,0,0,0,0,0,0,0,134.0,0.04870557261956998,80.0,0,0,0,0,0,0,0,17.0,34.5,15.5,1,US Open_2021,0,0,289.0,2.9299896854048484,8.584839556578803
867,US Open,2021,Hard,3,0,0,0,0,,0,0,0,0,0,0,0,0,0,0,0,0,199.0,0.009065825778478476,46.0,0,0,0,0,0,0,0,12.5,29.5,6.5,1,US Open_2021,0,0,156.25,-2.0700103145951516,4.284942702530318
868,US Open,2021,Hard,3,0,0,0,0,,0,0,0,1,0,0,0,0,0,0,1,1,133.0,0.122788121249423,160.0,0,0,0,0,0,0,0,7.0,28.0,30.0,1,US Open_2021,0,0,49.0,-3.5700103145951516,12.744973646315774
869,US Open,2021,Hard,3,1,1,1,0,,0,0,0,0,0,0,0,0,0,0,1,1,53.5,0.02477494732809804,19.0,0,0,0,0,0,0,0,9.0,33.0,124.5,1,US Open_2021,0,0,81.0,1.4299896854048484,2.044870500364257
870,US Open,2021,Hard,3,1,1,1,0,,0,0,0,0,0,0,0,0,0,1,1,1,82.5,0.06932773109243712,53.0,0,0,0,0,0,0,0,7.0,25.0,55.5,1,US Open_2021,0,0,49.0,-6.570010314595152,43.16503553388668
871,US Open,2021,Hard,3,1,1,1,0,,0,0,0,0,0,0,0,0,0,0,1,1,169.5,0.04177545691906004,209.0,0,0,0,0,0,0,0,15.5,34.0,19.5,1,US Open_2021,0,0,240.25,2.4299896854048484,5.904849871173954
872,US Open,2021,Hard,3,1,1,1,0,,0,0,0,0,0,0,0,0,0,1,1,1,114.5,0.1553061224489796,13.0,0,0,0,0,0,0,0,5.5,28.0,25.5,1,US Open_2021,0,0,30.25,-3.5700103145951516,12.744973646315774
873,US Open,2021,Hard,3,0,0,0,0,,0,0,0,0,0,0,0,0,0,0,1,1,46.0,0.0513067008473973,12.0,0,0,0,0,0,0,0,13.5,31.0,31.0,1,US Open_2021,0,0,182.25,-0.5700103145951516,0.3249117587448637
874,US Open,2021,Hard,3,1,1,1,0,,1,0,0,1,0,0,0,0,0,0,0,0,47.0,0.0548736849638588,8.0,0,0,0,1,0,0,0,14.0,32.0,6.0,1,US Open_2021,1,1,196.0,0.4299896854048484,0.1848911295545605
875,US Open,2021,Hard,3,1,1,1,0,,0,0,0,0,0,0,0,0,0,1,1,1,483.5,0.2380952380952381,577.0,0,0,0,0,0,0,0,6.5,26.5,16.5,1,US Open_2021,0,0,42.25,-5.070010314595152,25.70500459010123
877,US Open,2021,Hard,3,1,1,0,0,,1,0,0,1,0,1,0,0,0,1,1,1,31.5,0.006165839829907926,1.0,0,0,0,0,0,0,0,7.5,29.0,65.5,0,US Open_2021,0,1,56.25,-2.5700103145951516,6.60495301712547
878,US Open,2021,Hard,3,1,1,1,0,,1,0,0,1,0,1,0,0,0,1,1,1,46.0,0.02179137210984344,18.0,0,0,1,0,0,0,0,15.5,34.5,4.5,0,US Open_2021,1,1,240.25,2.9299896854048484,8.584839556578803
879,US Open,2021,Hard,4,0,0,0,0,,0,0,0,0,0,0,0,0,0,0,0,0,180.0,0.05315315315315311,210.0,0,0,0,0,0,0,0,14.0,31.5,131.0,1,US Open_2021,0,0,196.0,-0.07001031459515161,0.004901444149712099
880,US Open,2021,Hard,4,1,1,1,0,,0,0,0,0,0,0,0,0,0,0,1,1,58.0,0.01370293451951354,8.0,0,0,0,0,0,0,0,18.0,35.5,15.5,1,US Open_2021,0,0,324.0,3.9299896854048484,15.4448189273885
881,US Open,2021,Hard,4,1,1,1,0,,1,0,0,1,0,1,0,0,0,0,0,0,30.0,0.02504245878110745,36.0,0,0,1,0,0,0,0,17.5,38.5,6.5,0,US Open_2021,1,1,306.25,6.929989685404848,48.02475703981759
882,US Open,2021,Hard,4,0,0,0,0,,0,0,0,0,0,0,0,0,0,1,1,1,124.5,0.03613892365456817,23.0,0,0,0,0,0,0,0,7.0,28.5,55.5,1,US Open_2021,0,0,49.0,-3.0700103145951516,9.424963331720623
883,US Open,2021,Hard,4,0,0,0,0,,0,0,0,1,0,1,0,0,0,1,1,1,25.5,0.04917771232204227,19.0,0,0,0,0,0,0,0,15.5,36.0,19.5,0,US Open_2021,0,0,240.25,4.429989685404848,19.62480861279335
884,US Open,2021,Hard,4,0,0,0,0,,0,0,0,1,0,1,0,0,0,0,0,0,31.0,0.1248251748251749,14.0,0,0,0,0,0,0,0,12.0,32.5,6.0,0,US Open_2021,0,0,144.0,0.9299896854048484,0.8648808149594088
885,US Open,2021,Hard,4,1,1,1,0,,0,0,0,1,0,0,0,0,0,0,0,0,197.0,0.129585326953748,110.0,0,0,0,1,0,0,0,4.0,24.5,16.5,1,US Open_2021,1,1,16.0,-7.070010314595152,49.98504584848183
886,US Open,2021,Hard,4,0,0,0,0,,0,0,0,0,0,0,0,0,0,0,0,0,65.5,0.01651973786862226,17.0,0,0,0,0,0,0,0,23.0,33.5,4.5,1,US Open_2021,0,0,529.0,1.9299896854048484,3.7248601857691055
887,US Open,2021,Hard,5,1,1,1,0,,0,0,0,0,0,0,0,0,0,0,0,0,15.5,0.0004611330698287563,5.0,0,0,0,0,0,0,0,14.5,32.5,131.0,1,US Open_2021,0,0,210.25,0.9299896854048484,0.8648808149594088
888,US Open,2021,Hard,5,1,1,1,0,,1,0,0,1,0,0,0,0,0,1,1,1,55.5,0.1046124124607583,27.0,0,0,0,1,0,0,0,10.0,28.5,6.5,1,US Open_2021,1,1,100.0,-3.0700103145951516,9.424963331720623
889,US Open,2021,Hard,5,0,0,0,0,,0,0,0,0,0,0,0,0,0,1,1,1,6.0,0.0790823211875844,6.0,0,0,0,0,0,0,0,16.0,34.5,19.5,1,US Open_2021,0,0,256.0,2.9299896854048484,8.584839556578803
890,US Open,2021,Hard,5,1,1,1,0,,0,0,0,1,0,1,0,0,0,0,1,1,4.5,0.01057318491443759,1.0,0,0,1,0,0,0,0,18.0,35.5,16.5,0,US Open_2021,1,1,324.0,3.9299896854048484,15.4448189273885
891,US Open,2021,Hard,6,1,1,1,0,,0,0,0,0,0,0,0,0,0,1,1,1,131.0,0.003331403948807043,70.0,0,0,0,0,0,0,0,12.0,33.0,6.5,1,US Open_2021,0,0,144.0,1.4299896854048484,2.044870500364257
892,US Open,2021,Hard,6,0,0,0,0,,0,0,0,1,0,0,0,0,0,0,0,0,19.5,0.01226670722707635,11.0,0,0,0,0,0,0,0,13.0,34.5,16.5,1,US Open_2021,0,0,169.0,2.9299896854048484,8.584839556578803
893,US Open,2021,Hard,7,0,0,0,0,,0,0,0,1,0,1,0,0,0,0,0,0,16.5,0.04913998809726816,11.0,0,0,0,0,0,0,0,18.5,37.0,6.5,0,US Open_2021,0,0,342.25,5.429989685404848,29.484787983603045
894,Wimbledon,2021,Grass,2,0,0,0,0,,0,0,0,0,0,0,0,0,0,0,0,0,76.5,0.1377350528786561,9.0,0,0,0,0,0,0,0,18.5,37.0,2.0,1,Wimbledon_2021,0,0,342.25,5.429989685404848,29.484787983603045
895,Wimbledon,2021,Grass,2,1,1,1,0,,0,0,0,0,0,0,0,0,0,1,1,1,712.5,0.4625,563.0,0,0,0,0,0,0,0,1.0,23.5,79.0,1,Wimbledon_2021,0,0,1.0,-8.070010314595152,65.12506647767214
896,Wimbledon,2021,Grass,2,1,1,1,0,,0,0,0,0,0,0,0,0,0,0,0,0,656.5,0.07565011820330969,501.0,0,0,0,0,0,0,0,9.0,27.5,51.0,1,Wimbledon_2021,0,0,81.0,-4.070010314595152,16.564983960910926
897,Wimbledon,2021,Grass,2,0,0,0,0,,0,0,0,1,0,0,0,0,0,0,0,0,722.5,0.07692307692307693,645.0,0,0,0,0,0,0,0,9.0,27.0,36.0,1,Wimbledon_2021,0,0,81.0,-4.570010314595152,20.884994275506077
898,Wimbledon,2021,Grass,2,0,0,0,0,,0,0,0,1,0,1,0,0,0,1,1,1,20.5,0.04917771232204227,13.0,0,0,0,0,0,0,0,15.5,36.0,91.0,0,Wimbledon_2021,0,0,240.25,4.429989685404848,19.62480861279335
899,Wimbledon,2021,Grass,2,1,1,1,0,,0,0,0,0,0,0,0,0,0,1,1,1,247.5,0.08205980066445179,301.0,0,0,0,0,0,0,0,12.0,30.0,856.0,1,Wimbledon_2021,0,0,144.0,-1.5700103145951516,2.464932387935167
900,Wimbledon,2021,Grass,2,1,1,1,0,,0,0,0,1,0,0,0,0,0,0,0,0,64.5,0.1031000919681178,79.0,0,0,0,0,0,0,0,17.5,38.5,63.5,1,Wimbledon_2021,0,0,306.25,6.929989685404848,48.02475703981759
901,Wimbledon,2021,Grass,2,0,0,0,0,,0,0,0,1,0,0,0,0,0,1,1,1,82.5,0.002501202501202449,7.0,0,0,0,0,0,0,0,5.0,28.0,18.0,1,Wimbledon_2021,0,0,25.0,-3.5700103145951516,12.744973646315774
902,Wimbledon,2021,Grass,2,0,0,0,0,,0,0,0,0,0,0,0,0,0,0,0,0,313.0,0.01836897179253871,458.0,0,0,0,0,0,0,0,20.0,34.0,4.5,1,Wimbledon_2021,0,0,400.0,2.4299896854048484,5.904849871173954
903,Wimbledon,2021,Grass,2,0,0,0,0,,0,0,0,1,0,0,0,0,0,1,1,1,67.5,0.166369578134284,35.0,0,0,0,0,0,0,0,10.5,29.0,138.5,1,Wimbledon_2021,0,0,110.25,-2.5700103145951516,6.60495301712547
904,Wimbledon,2021,Grass,2,1,1,1,0,,0,0,0,0,0,0,0,0,0,1,1,1,841.0,,608.0,0,0,0,0,0,0,0,1.0,29.0,64.0,1,Wimbledon_2021,0,0,1.0,-2.5700103145951516,6.60495301712547
905,Wimbledon,2021,Grass,2,1,1,1,0,,0,0,0,1,0,1,0,0,0,1,1,1,135.5,0.0162303947350676,223.0,0,0,0,0,0,0,0,9.0,30.0,37.5,0,Wimbledon_2021,0,0,81.0,-1.5700103145951516,2.464932387935167
906,Wimbledon,2021,Grass,2,1,1,1,1,3.0,0,0,0,1,0,1,0,0,0,0,0,0,27.5,0.05237538940809972,23.0,0,0,0,0,0,0,0,11.0,34.0,71.5,0,Wimbledon_2021,0,1,121.0,2.4299896854048484,5.904849871173954
907,Wimbledon,2021,Grass,2,1,1,1,0,,0,0,0,0,0,0,0,0,0,0,0,0,61.5,0.01842025469981812,27.0,0,0,0,0,0,0,0,11.0,28.0,52.5,1,Wimbledon_2021,0,0,121.0,-3.5700103145951516,12.744973646315774
908,Wimbledon,2021,Grass,2,0,0,0,0,,0,0,0,1,0,1,0,0,0,0,0,0,248.5,0.2023350987000482,215.0,0,0,0,0,0,0,0,13.0,30.5,370.5,0,Wimbledon_2021,0,0,169.0,-1.0700103145951516,1.1449220733400154
909,Wimbledon,2021,Grass,2,0,0,0,0,,0,0,0,0,0,0,0,0,0,0,0,0,941.0,0.01666666666666668,1174.0,0,0,0,0,0,0,0,8.0,26.5,11.5,1,Wimbledon_2021,0,0,64.0,-5.070010314595152,25.70500459010123
910,Wimbledon,2021,Grass,2,0,0,0,0,,0,0,0,0,0,0,0,0,0,0,0,0,256.0,,324.0,0,0,0,0,0,0,0,5.0,27.5,8.5,1,Wimbledon_2021,0,0,25.0,-4.070010314595152,16.564983960910926
911,Wimbledon,2021,Grass,2,1,1,1,0,,0,0,0,0,0,0,0,0,0,1,1,1,224.0,0.1028622540250447,152.0,0,0,0,0,0,0,0,3.5,22.0,163.0,1,Wimbledon_2021,0,0,12.25,-9.570010314595152,91.58509742145759
912,Wimbledon,2021,Grass,2,1,0,0,1,3.0,0,0,0,1,0,0,0,0,0,1,1,1,244.0,0.2142857142857143,282.0,0,0,0,0,0,0,0,24.0,39.5,142.5,1,Wimbledon_2021,0,1,576.0,7.929989685404848,62.88473641062728
913,Wimbledon,2021,Grass,2,1,1,1,0,,0,0,0,0,0,0,0,0,0,0,0,0,202.5,,37.0,1,0,0,0,0,0,0,7.5,29.0,20.5,1,Wimbledon_2021,0,0,56.25,-2.5700103145951516,6.60495301712547
914,Wimbledon,2021,Grass,2,0,0,0,0,,0,0,0,0,0,0,0,0,0,1,1,1,28.5,0.006165839829907926,1.0,0,0,0,0,0,0,0,7.5,29.0,42.5,1,Wimbledon_2021,0,0,56.25,-2.5700103145951516,6.60495301712547
915,Wimbledon,2021,Grass,2,1,1,1,0,,0,0,0,0,0,0,0,0,0,1,1,1,130.0,0.1939862718983711,158.0,0,0,0,0,0,0,0,9.5,30.5,924.5,1,Wimbledon_2021,0,0,90.25,-1.0700103145951516,1.1449220733400154
916,Wimbledon,2021,Grass,2,0,0,0,0,,0,0,0,0,0,0,0,0,0,1,1,1,367.0,0.0394736842105263,226.0,0,0,0,0,0,0,0,7.0,26.5,42.0,1,Wimbledon_2021,0,0,49.0,-5.070010314595152,25.70500459010123
917,Wimbledon,2021,Grass,2,0,0,0,0,,0,0,0,0,0,0,0,0,0,1,1,1,140.0,0.0743535988819008,50.0,0,0,0,0,0,0,0,12.5,30.0,8.5,1,Wimbledon_2021,0,0,156.25,-1.5700103145951516,2.464932387935167
918,Wimbledon,2021,Grass,2,1,1,1,0,,0,0,0,1,0,0,0,0,0,0,1,1,139.5,0.1396612740141557,105.0,0,0,0,1,0,0,0,15.5,35.0,17.5,1,Wimbledon_2021,1,1,240.25,3.4299896854048484,11.764829241983652
919,Wimbledon,2021,Grass,2,1,1,1,0,,0,0,0,1,0,1,0,0,0,0,0,0,51.5,0.07140883614451488,5.0,0,0,1,0,0,0,0,17.5,35.0,42.0,0,Wimbledon_2021,1,1,306.25,3.4299896854048484,11.764829241983652
920,Wimbledon,2021,Grass,2,1,1,1,0,,0,0,0,1,0,0,0,0,0,0,1,1,260.5,,291.0,0,0,0,1,0,0,0,13.0,29.0,41.0,1,Wimbledon_2021,1,1,169.0,-2.5700103145951516,6.60495301712547
921,Wimbledon,2021,Grass,2,1,1,1,0,,0,0,0,0,0,0,0,0,0,1,1,1,57.0,0.08951800443297836,38.0,0,0,0,0,0,0,0,18.0,38.0,24.0,1,Wimbledon_2021,0,0,324.0,6.429989685404848,41.34476735441274
922,Wimbledon,2021,Grass,2,1,1,1,0,,0,0,0,1,0,1,0,0,0,0,0,0,71.5,0.06856152233510726,13.0,0,0,1,0,0,0,0,11.5,29.5,35.0,0,Wimbledon_2021,1,1,132.25,-2.0700103145951516,4.284942702530318
923,Wimbledon,2021,Grass,2,1,1,1,1,3.0,0,0,0,1,0,0,0,0,0,0,0,0,93.0,0.01957265318187584,10.0,0,0,0,0,0,0,0,1.0,34.0,258.0,1,Wimbledon_2021,0,1,1.0,2.4299896854048484,5.904849871173954
924,Wimbledon,2021,Grass,2,0,0,0,0,,0,0,0,0,0,0,0,0,0,0,0,0,132.5,0.0645640074211502,75.0,0,0,0,0,0,0,0,17.0,33.0,47.5,1,Wimbledon_2021,0,0,289.0,1.4299896854048484,2.044870500364257
925,Wimbledon,2021,Grass,2,0,0,0,0,,0,0,0,0,0,0,0,0,0,0,1,1,385.0,0.2714646464646465,322.0,0,0,0,0,0,0,0,13.5,32.0,4.0,1,Wimbledon_2021,0,0,182.25,0.4299896854048484,0.1848911295545605
926,Wimbledon,2021,Grass,3,0,0,0,0,,0,0,0,0,0,0,0,0,0,1,1,1,79.0,0.01827875095201831,22.0,0,0,0,0,0,0,0,9.0,26.5,2.0,1,Wimbledon_2021,0,0,81.0,-5.070010314595152,25.70500459010123
927,Wimbledon,2021,Grass,3,0,0,0,0,,0,0,0,1,0,0,0,0,0,0,0,0,36.0,0.03393586098448154,10.0,0,0,0,0,0,0,0,14.5,33.5,51.0,1,Wimbledon_2021,0,0,210.25,1.9299896854048484,3.7248601857691055
928,Wimbledon,2021,Grass,3,1,0,0,1,3.0,0,0,0,1,0,1,0,0,0,1,1,1,856.0,0.3,374.0,0,0,0,0,0,0,0,1.0,22.0,91.0,0,Wimbledon_2021,0,1,1.0,-9.570010314595152,91.58509742145759
929,Wimbledon,2021,Grass,3,0,0,0,0,,0,0,0,0,0,0,0,0,0,1,1,1,63.5,0.06080233079336622,57.0,0,0,0,0,0,0,0,19.0,34.0,18.0,1,Wimbledon_2021,0,0,361.0,2.4299896854048484,5.904849871173954
930,Wimbledon,2021,Grass,3,1,1,1,0,,0,0,0,0,0,0,0,0,0,1,1,1,138.5,0.305835892935498,99.0,0,0,0,0,0,0,0,10.0,26.0,4.5,1,Wimbledon_2021,0,0,100.0,-5.570010314595152,31.02501490469638
931,Wimbledon,2021,Grass,3,0,0,0,0,,0,0,0,0,0,0,0,0,0,1,1,1,64.0,0.03253241800152551,6.0,0,0,0,0,0,0,0,8.0,30.5,37.5,1,Wimbledon_2021,0,0,64.0,-1.0700103145951516,1.1449220733400154
932,Wimbledon,2021,Grass,3,1,1,1,0,,0,0,0,1,0,0,0,0,0,1,1,1,71.5,0.1006400276768726,3.0,0,0,0,1,0,0,0,12.0,33.0,52.5,1,Wimbledon_2021,1,1,144.0,1.4299896854048484,2.044870500364257
933,Wimbledon,2021,Grass,3,0,0,0,0,,0,0,0,0,0,0,0,0,0,0,0,0,370.5,0.01818181818181819,171.0,1,0,0,0,0,0,0,12.0,29.5,11.5,1,Wimbledon_2021,0,0,144.0,-2.0700103145951516,4.284942702530318
934,Wimbledon,2021,Grass,3,1,1,1,0,,0,0,0,1,0,0,0,0,0,0,0,0,8.5,0.004037674425954929,1.0,0,0,0,0,0,0,0,16.5,36.0,163.0,1,Wimbledon_2021,0,0,272.25,4.429989685404848,19.62480861279335
935,Wimbledon,2021,Grass,3,1,1,1,0,,0,0,0,0,0,0,0,0,0,0,0,0,20.5,0.0004611330698287563,1.0,0,0,0,0,0,0,0,14.5,32.5,142.5,1,Wimbledon_2021,0,0,210.25,0.9299896854048484,0.8648808149594088
936,Wimbledon,2021,Grass,3,1,1,1,0,,0,0,0,1,0,0,0,0,0,0,1,1,924.5,0.1734693877551021,1181.0,0,0,0,0,0,0,0,5.0,23.0,42.5,1,Wimbledon_2021,0,0,25.0,-8.570010314595152,73.44507679226729
937,Wimbledon,2021,Grass,3,1,1,1,1,3.0,0,0,0,1,0,0,0,0,0,1,1,1,42.0,0.1482898289828982,48.0,0,0,0,1,0,0,0,11.5,35.0,8.5,1,Wimbledon_2021,1,1,132.25,3.4299896854048484,11.764829241983652
938,Wimbledon,2021,Grass,3,1,1,1,0,,0,0,0,1,0,1,0,0,0,0,0,0,17.5,0.04913998809726816,9.0,0,0,1,0,0,0,0,18.5,37.0,42.0,0,Wimbledon_2021,1,1,342.25,5.429989685404848,29.484787983603045
939,Wimbledon,2021,Grass,3,1,1,1,0,,0,0,0,0,0,0,0,0,0,0,0,0,24.0,,18.0,0,0,0,0,0,0,0,13.0,31.0,41.0,1,Wimbledon_2021,0,0,169.0,-0.5700103145951516,0.3249117587448637
940,Wimbledon,2021,Grass,3,0,0,0,0,,0,0,0,1,0,1,0,0,0,0,0,0,258.0,0.1614035087719298,194.0,0,0,0,0,0,0,0,9.5,29.0,35.0,0,Wimbledon_2021,0,0,90.25,-2.5700103145951516,6.60495301712547
942,Wimbledon,2021,Grass,4,1,1,0,0,,1,0,0,1,0,0,0,0,0,0,1,1,51.0,0.0513067008473973,12.0,0,0,0,0,0,0,0,13.5,31.0,2.0,1,Wimbledon_2021,0,1,182.25,-0.5700103145951516,0.3249117587448637
944,Wimbledon,2021,Grass,4,0,0,0,0,,0,0,0,1,0,0,0,0,0,1,1,1,37.5,0.2293972044263251,11.0,0,0,0,0,0,0,0,7.0,25.0,4.5,1,Wimbledon_2021,0,0,49.0,-6.570010314595152,43.16503553388668
945,Wimbledon,2021,Grass,4,1,1,0,0,,1,0,0,1,0,0,0,0,0,0,1,1,52.5,0.06084306095979247,1.0,0,0,0,0,0,0,0,11.5,32.0,11.5,1,Wimbledon_2021,0,1,132.25,0.4299896854048484,0.1848911295545605
947,Wimbledon,2021,Grass,4,1,1,1,0,,1,0,0,1,0,0,0,0,0,0,0,0,42.5,0.04032485181910472,25.0,0,0,0,0,0,0,0,23.0,41.0,8.5,1,Wimbledon_2021,0,1,529.0,9.429989685404848,88.92470546684183
948,Wimbledon,2021,Grass,4,0,0,0,0,,0,0,0,1,0,0,0,0,0,0,0,0,42.0,0.07398268398268404,4.0,0,0,0,0,0,0,0,16.0,34.0,41.0,1,Wimbledon_2021,0,0,256.0,2.4299896854048484,5.904849871173954
949,Wimbledon,2021,Grass,4,1,1,1,0,,1,1,0,1,0,1,0,0,0,1,1,1,47.5,0.02179137210984344,21.0,0,0,1,0,1,0,0,15.5,34.5,35.0,0,Wimbledon_2021,1,1,240.25,2.9299896854048484,8.584839556578803
950,Wimbledon,2021,Grass,5,1,1,0,0,,0,1,0,1,0,1,0,0,0,0,0,0,18.0,0.005113704012382425,2.0,0,0,0,0,0,0,0,21.0,38.5,2.0,0,Wimbledon_2021,0,0,441.0,6.929989685404848,48.02475703981759
951,Wimbledon,2021,Grass,5,1,1,0,0,,1,0,0,1,0,0,0,0,0,1,1,1,4.5,0.006430370146846442,1.0,0,0,0,0,0,0,0,13.5,34.5,11.5,1,Wimbledon_2021,0,1,182.25,2.9299896854048484,8.584839556578803
952,Wimbledon,2021,Grass,5,0,0,0,0,,0,0,0,1,0,0,0,0,0,0,0,0,142.5,0.05161290322580636,125.0,0,0,0,0,0,0,0,4.5,25.0,8.5,1,Wimbledon_2021,0,0,20.25,-6.570010314595152,43.16503553388668
953,Wimbledon,2021,Grass,5,1,1,1,0,,0,0,0,1,0,0,0,0,0,0,0,0,35.0,0.1182914182006741,24.0,0,0,0,0,0,0,0,13.0,34.0,41.0,1,Wimbledon_2021,0,0,169.0,2.4299896854048484,5.904849871173954
954,Wimbledon,2021,Grass,6,1,1,1,0,,1,1,0,1,0,0,0,0,0,0,1,1,11.5,0.06283712425079746,1.0,0,0,0,0,1,0,0,12.0,33.0,2.0,1,Wimbledon_2021,0,1,144.0,1.4299896854048484,2.044870500364257
955,Wimbledon,2021,Grass,6,1,1,0,0,,1,0,0,1,0,0,0,0,0,0,0,0,41.0,0.02002366105860365,10.0,0,0,0,0,0,0,0,18.5,37.0,8.5,1,Wimbledon_2021,0,1,342.25,5.429989685404848,29.484787983603045
956,Wimbledon,2021,Grass,7,1,1,1,0,,0,0,0,1,0,0,0,0,0,0,1,1,8.5,0.01057318491443759,3.0,0,0,0,0,0,0,0,18.0,35.5,2.0,1,Wimbledon_2021,0,0,324.0,3.9299896854048484,15.4448189273885
957,Australian Open,2022,Hard,2,1,1,1,0,,0,0,0,1,0,1,1,1,0,1,1,1,199.5,0.02239229024943307,57.0,0,0,0,0,0,0,0,14.5,32.0,1.5,0,Australian Open_2022,0,0,210.25,0.4299896854048484,0.1848911295545605
958,Australian Open,2022,Hard,2,0,0,0,0,,0,0,0,0,0,0,1,1,0,1,1,1,969.5,0.03243243243243249,469.0,0,0,0,0,0,0,0,11.0,24.0,346.5,1,Australian Open_2022,0,0,121.0,-7.570010314595152,57.30505616307698
959,Australian Open,2022,Hard,2,0,0,0,0,,0,0,0,0,0,0,1,1,0,0,1,1,179.0,,178.0,0,0,0,0,0,0,0,14.0,30.0,86.5,1,Australian Open_2022,0,0,196.0,-1.5700103145951516,2.464932387935167
960,Australian Open,2022,Hard,2,0,0,0,0,,0,0,0,0,0,0,1,1,0,0,1,1,38.0,0.0513067008473973,4.0,0,0,0,0,0,0,0,14.5,32.0,43.0,1,Australian Open_2022,0,0,210.25,0.4299896854048484,0.1848911295545605
961,Australian Open,2022,Hard,2,1,1,1,0,,0,0,0,0,0,0,1,1,0,1,1,1,29.5,0.006165839829907926,7.0,0,0,0,0,0,0,0,8.5,30.0,86.5,1,Australian Open_2022,0,0,72.25,-1.5700103145951516,2.464932387935167
963,Australian Open,2022,Hard,2,0,0,0,0,,0,0,0,0,0,0,1,1,0,0,0,0,289.5,0.2,127.0,1,0,0,0,0,0,0,11.5,29.0,281.0,1,Australian Open_2022,0,0,132.25,-2.5700103145951516,6.60495301712547
964,Australian Open,2022,Hard,2,1,1,1,0,,0,0,0,0,0,0,1,1,0,1,1,1,134.5,0.06292270531400956,71.0,0,0,0,0,0,0,0,12.5,32.0,16.5,1,Australian Open_2022,0,0,156.25,0.4299896854048484,0.1848911295545605
965,Australian Open,2022,Hard,2,0,0,0,0,,0,0,0,0,0,0,1,1,0,0,0,0,314.0,0.07355623100303949,18.0,0,0,0,0,0,0,0,10.5,28.0,6.5,1,Australian Open_2022,0,0,110.25,-3.5700103145951516,12.744973646315774
966,Australian Open,2022,Hard,2,0,0,0,0,,0,0,0,0,0,0,1,1,0,0,1,1,248.5,0.157176906779661,99.0,0,0,0,0,0,0,0,11.0,30.0,72.0,1,Australian Open_2022,0,0,121.0,-1.5700103145951516,2.464932387935167
967,Australian Open,2022,Hard,2,0,0,0,0,,0,0,0,0,0,0,1,1,0,1,1,1,151.0,0.0743535988819008,114.0,0,0,0,0,0,0,0,13.5,31.0,110.0,1,Australian Open_2022,0,0,182.25,-0.5700103145951516,0.3249117587448637
968,Australian Open,2022,Hard,2,1,1,1,0,,1,0,0,1,0,1,1,1,0,0,0,0,33.5,0.05669137352422804,7.0,0,0,1,0,0,0,0,14.5,36.5,209.5,0,Australian Open_2022,1,1,210.25,4.929989685404848,24.304798298198197
969,Australian Open,2022,Hard,2,1,1,1,0,,0,0,0,0,0,0,1,1,0,0,1,1,41.5,0.01370293451951354,13.0,0,0,0,0,0,0,0,19.0,36.5,27.5,1,Australian Open_2022,0,0,361.0,4.929989685404848,24.304798298198197
970,Australian Open,2022,Hard,2,1,1,1,0,,0,0,0,0,0,0,1,1,0,1,1,1,550.5,0.09076923076923077,299.0,0,0,0,0,0,0,0,4.0,27.0,59.5,1,Australian Open_2022,0,0,16.0,-4.570010314595152,20.884994275506077
971,Australian Open,2022,Hard,2,0,0,0,0,,0,0,0,1,0,1,1,1,0,1,1,1,133.5,0.2163947163947164,113.0,0,0,0,0,0,0,0,11.0,30.0,571.0,0,Australian Open_2022,0,0,121.0,-1.5700103145951516,2.464932387935167
972,Australian Open,2022,Hard,2,0,0,0,0,,0,0,0,0,0,0,1,1,0,1,1,1,45.5,0.02414476428869422,45.0,0,0,0,0,0,0,0,10.0,30.5,10.5,1,Australian Open_2022,0,0,100.0,-1.0700103145951516,1.1449220733400154
973,Australian Open,2022,Hard,2,1,1,1,0,,0,0,0,1,0,0,1,1,0,1,1,1,18.0,0.09982034950187813,26.0,0,0,0,0,0,0,0,19.0,38.0,56.0,1,Australian Open_2022,0,0,361.0,6.429989685404848,41.34476735441274
974,Australian Open,2022,Hard,2,0,0,0,0,,0,0,0,0,0,0,1,1,0,0,0,0,66.5,0.2445639734493019,33.0,0,0,0,0,0,0,0,4.5,25.5,934.0,1,Australian Open_2022,0,0,20.25,-6.070010314595152,36.84502521929153
975,Australian Open,2022,Hard,2,1,1,0,0,,1,0,0,1,0,1,1,1,0,1,1,1,951.0,0.3611111111111111,1164.0,1,0,0,0,0,0,0,6.0,24.0,282.5,0,Australian Open_2022,0,1,36.0,-7.570010314595152,57.30505616307698
976,Australian Open,2022,Hard,2,0,0,0,0,,0,0,0,0,0,0,1,1,0,0,1,1,71.0,0.0802888315451129,10.0,0,0,0,0,0,0,0,15.0,31.5,20.5,1,Australian Open_2022,0,0,225.0,-0.07001031459515161,0.004901444149712099
977,Australian Open,2022,Hard,2,1,1,1,0,,0,0,0,1,0,0,1,1,0,0,0,0,40.5,0.04076222487260117,25.0,0,0,0,0,0,0,0,18.5,37.5,38.0,1,Australian Open_2022,0,0,342.25,5.929989685404848,35.16477766900789
978,Australian Open,2022,Hard,2,0,0,0,0,,0,0,0,1,0,1,1,1,0,0,0,0,200.5,0.2226495726495727,257.0,0,0,0,0,0,0,0,7.5,26.5,57.0,0,Australian Open_2022,0,0,56.25,-5.070010314595152,25.70500459010123
979,Australian Open,2022,Hard,2,1,1,1,0,,0,0,0,0,0,0,1,1,0,0,0,0,63.0,0.09016255369325366,2.0,0,0,0,0,0,0,0,15.0,36.5,44.5,1,Australian Open_2022,0,0,225.0,4.929989685404848,24.304798298198197
980,Australian Open,2022,Hard,2,1,1,1,0,,0,0,0,0,0,0,1,1,0,0,1,1,232.0,0.1734693877551021,64.0,1,0,0,0,0,0,0,6.0,24.0,10.0,1,Australian Open_2022,0,0,36.0,-7.570010314595152,57.30505616307698
981,Australian Open,2022,Hard,2,0,0,0,0,,0,0,0,0,0,0,1,1,0,1,1,1,164.5,0.1944146079484426,115.0,0,0,0,0,0,0,0,9.5,27.5,17.5,1,Australian Open_2022,0,0,90.25,-4.070010314595152,16.564983960910926
982,Australian Open,2022,Hard,2,0,0,0,0,,0,0,0,0,0,0,1,1,0,0,1,1,385.5,,293.0,0,0,0,0,0,0,0,13.5,32.0,68.5,1,Australian Open_2022,0,0,182.25,0.4299896854048484,0.1848911295545605
983,Australian Open,2022,Hard,2,0,0,0,0,,0,0,0,0,0,0,1,1,0,1,1,1,74.5,0.001301236174365616,15.0,0,0,0,0,0,0,0,6.0,25.0,59.0,1,Australian Open_2022,0,0,36.0,-6.570010314595152,43.16503553388668
984,Australian Open,2022,Hard,2,0,0,0,0,,0,0,0,1,0,1,1,1,0,0,1,1,105.0,0.2519636720667649,118.0,0,0,0,0,0,0,0,15.0,32.5,18.5,0,Australian Open_2022,0,0,225.0,0.9299896854048484,0.8648808149594088
986,Australian Open,2022,Hard,2,1,1,1,0,,0,0,0,1,0,1,1,1,0,0,0,0,43.5,,1.0,0,0,0,0,0,0,0,19.0,42.0,144.5,0,Australian Open_2022,0,0,361.0,10.429989685404848,108.78468483765153
988,Australian Open,2022,Hard,2,0,0,0,0,,0,0,0,0,0,0,1,1,0,0,0,0,346.0,0.191044776119403,146.0,0,0,0,0,0,0,0,9.5,26.5,3.5,1,Australian Open_2022,0,0,90.25,-5.070010314595152,25.70500459010123
989,Australian Open,2022,Hard,3,1,1,1,0,,0,0,0,0,0,0,1,1,0,1,1,1,1.5,0.03741686333404848,1.0,0,0,0,0,0,0,0,12.5,31.5,346.5,1,Australian Open_2022,0,0,156.25,-0.07001031459515161,0.004901444149712099
990,Australian Open,2022,Hard,3,1,1,1,0,,0,0,0,1,0,0,1,1,0,1,1,1,86.5,0.07516497666183797,35.0,0,0,0,0,0,0,0,9.5,30.0,43.0,1,Australian Open_2022,0,0,90.25,-1.5700103145951516,2.464932387935167
991,Australian Open,2022,Hard,3,1,1,1,0,,0,0,0,1,0,1,1,1,0,1,1,1,86.5,0.002501202501202449,5.0,0,0,1,0,0,0,0,6.0,29.0,877.5,0,Australian Open_2022,1,1,36.0,-2.5700103145951516,6.60495301712547
992,Australian Open,2022,Hard,3,0,0,0,0,,0,0,0,0,0,0,1,1,0,0,0,0,281.0,0.0844854070660522,172.0,0,0,0,0,0,0,0,7.5,25.5,16.5,1,Australian Open_2022,0,0,56.25,-6.070010314595152,36.84502521929153
993,Australian Open,2022,Hard,3,0,0,0,0,,0,0,0,0,0,0,1,1,0,0,0,0,72.0,0.1033125371360666,14.0,0,0,0,0,0,0,0,13.0,29.0,6.5,1,Australian Open_2022,0,0,169.0,-2.5700103145951516,6.60495301712547
994,Australian Open,2022,Hard,3,1,1,1,0,,0,0,0,0,0,0,1,1,0,1,1,1,209.5,0.03869674185463656,277.0,0,0,0,0,0,0,0,11.5,31.0,110.0,1,Australian Open_2022,0,0,132.25,-0.5700103145951516,0.3249117587448637
995,Australian Open,2022,Hard,3,1,1,1,0,,0,0,0,1,0,0,1,1,0,1,1,1,59.5,0.0811477883048699,43.0,0,0,0,1,0,0,0,13.0,33.5,27.5,1,Australian Open_2022,1,1,169.0,1.9299896854048484,3.7248601857691055
996,Australian Open,2022,Hard,3,0,0,0,0,,0,0,0,1,0,0,1,1,0,1,1,1,571.0,0.1054945054945055,158.0,0,0,0,0,0,0,0,1.0,21.0,10.5,1,Australian Open_2022,0,0,1.0,-10.570010314595152,111.7251180506479
997,Australian Open,2022,Hard,3,1,1,0,0,,1,0,0,1,0,1,1,1,0,0,0,0,56.0,0.03397368914610294,28.0,0,0,0,0,0,0,0,20.5,38.5,934.0,0,Australian Open_2022,0,1,420.25,6.929989685404848,48.02475703981759
998,Australian Open,2022,Hard,3,0,0,0,0,,0,0,0,0,0,0,1,1,0,0,0,0,282.5,0.1004983388704319,243.0,0,0,0,0,0,0,0,9.5,26.0,20.5,1,Australian Open_2022,0,0,90.25,-5.570010314595152,31.02501490469638
999,Australian Open,2022,Hard,3,0,0,0,0,,0,0,0,0,0,0,1,1,0,1,1,1,57.0,0.07595781317262151,6.0,0,0,0,0,0,0,0,15.0,37.5,38.0,1,Australian Open_2022,0,0,225.0,5.929989685404848,35.16477766900789
1000,Australian Open,2022,Hard,3,0,0,0,0,,0,0,0,1,0,1,1,1,0,1,1,1,10.0,0.006430370146846442,0.0,0,0,0,0,0,0,0,14.5,35.5,44.5,0,Australian Open_2022,0,0,210.25,3.9299896854048484,15.4448189273885
1001,Australian Open,2022,Hard,3,1,1,1,0,,0,0,0,1,0,1,1,1,0,0,0,0,68.5,0.02743182053526882,11.0,0,0,1,0,0,0,0,10.5,31.0,17.5,0,Australian Open_2022,1,1,110.25,-0.5700103145951516,0.3249117587448637
1002,Australian Open,2022,Hard,3,1,1,1,0,,0,0,0,0,0,0,1,1,0,0,0,0,18.5,5.719722593455767e-05,11.0,0,0,0,0,0,0,0,21.0,38.0,59.0,1,Australian Open_2022,0,0,441.0,6.429989685404848,41.34476735441274
1003,Australian Open,2022,Hard,3,1,1,1,0,,0,0,0,0,0,0,1,1,0,0,0,0,144.5,,15.0,0,0,0,0,0,0,0,14.0,37.0,772.5,1,Australian Open_2022,0,0,196.0,5.429989685404848,29.484787983603045
1004,Australian Open,2022,Hard,3,0,0,0,0,,0,0,0,0,0,0,1,1,0,0,0,0,77.0,0.003304891239033769,50.0,0,0,0,0,0,0,0,17.5,36.0,3.5,1,Australian Open_2022,0,0,306.25,4.429989685404848,19.62480861279335
1005,Australian Open,2022,Hard,4,0,0,0,0,,0,0,0,1,0,0,1,1,0,0,1,1,43.0,0.06084306095979247,8.0,0,0,0,0,0,0,0,12.5,33.0,346.5,1,Australian Open_2022,0,0,156.25,1.4299896854048484,2.044870500364257
1007,Australian Open,2022,Hard,4,0,0,0,0,,0,0,0,0,0,0,1,1,0,1,1,1,110.0,0.04477611940298504,60.0,0,0,0,0,0,0,0,12.5,30.5,6.5,1,Australian Open_2022,0,0,156.25,-1.0700103145951516,1.1449220733400154
1008,Australian Open,2022,Hard,4,0,0,0,0,,0,0,0,0,0,0,1,1,0,1,1,1,27.5,0.08426573426573425,27.0,0,0,0,0,0,0,0,10.5,31.0,10.5,1,Australian Open_2022,0,0,110.25,-0.5700103145951516,0.3249117587448637
1009,Australian Open,2022,Hard,4,0,0,0,0,,0,0,0,0,0,0,1,1,0,0,0,0,934.0,0.09090909090909088,470.0,1,0,0,0,0,0,0,7.5,27.0,20.5,1,Australian Open_2022,0,0,56.25,-4.570010314595152,20.884994275506077
1010,Australian Open,2022,Hard,4,1,1,1,0,,0,0,0,0,0,0,1,1,0,0,0,0,38.0,0.1182914182006741,22.0,0,0,0,0,0,0,0,14.0,35.0,44.5,1,Australian Open_2022,0,0,196.0,3.4299896854048484,11.764829241983652
1011,Australian Open,2022,Hard,4,1,1,1,0,,0,0,0,1,0,1,1,1,0,0,0,0,17.5,0.04913998809726816,3.0,0,0,0,0,0,0,0,19.5,38.0,59.0,0,Australian Open_2022,0,0,380.25,6.429989685404848,41.34476735441274
1012,Australian Open,2022,Hard,4,0,0,0,0,,0,0,0,0,0,0,1,1,0,1,1,1,772.5,0.2597402597402597,413.0,0,0,0,0,0,0,0,1.0,23.5,3.5,1,Australian Open_2022,0,0,1.0,-8.070010314595152,65.12506647767214
1013,Australian Open,2022,Hard,5,0,0,0,0,,0,0,0,1,0,0,1,1,0,0,0,0,16.5,0.05237538940809972,3.0,0,0,0,0,0,0,0,12.0,35.0,346.5,1,Australian Open_2022,0,0,144.0,3.4299896854048484,11.764829241983652
1014,Australian Open,2022,Hard,5,1,1,1,0,,0,0,0,0,0,0,1,1,0,0,0,0,10.5,0.01226670722707635,3.0,0,0,0,0,0,0,0,14.0,35.5,6.5,1,Australian Open_2022,0,0,196.0,3.9299896854048484,15.4448189273885
1015,Australian Open,2022,Hard,5,1,1,0,0,,1,0,0,1,0,1,1,1,0,0,0,0,20.5,0.0005411255411255089,1.0,0,0,0,0,0,0,0,12.0,33.0,44.5,0,Australian Open_2022,0,1,144.0,1.4299896854048484,2.044870500364257
1016,Australian Open,2022,Hard,5,0,0,0,0,,0,0,0,0,0,0,1,1,0,1,1,1,59.0,0.07673039392159464,68.0,0,0,0,0,0,0,0,18.5,36.0,3.5,1,Australian Open_2022,0,0,342.25,4.429989685404848,19.62480861279335
1017,Australian Open,2022,Hard,6,1,1,1,0,,0,0,0,0,0,0,1,1,0,0,1,1,6.5,0.01057318491443759,1.0,0,0,0,0,0,0,0,19.0,36.5,346.5,1,Australian Open_2022,0,0,361.0,4.929989685404848,24.304798298198197
1018,Australian Open,2022,Hard,6,1,1,1,0,,0,0,0,0,0,0,1,1,0,0,1,1,3.5,0.06283712425079746,1.0,0,0,0,0,0,0,0,13.0,34.0,44.5,1,Australian Open_2022,0,0,169.0,2.4299896854048484,5.904849871173954
1019,Australian Open,2022,Hard,7,0,0,0,0,,0,0,0,0,0,0,1,1,0,1,1,1,44.5,0.1046124124607583,21.0,0,0,0,0,0,0,0,11.0,29.5,346.5,1,Australian Open_2022,0,0,121.0,-2.0700103145951516,4.284942702530318
1020,Roland Garros,2022,Clay,2,0,0,0,0,,0,0,0,0,0,0,1,1,0,0,0,0,246.5,0.09090909090909088,51.0,1,0,0,0,0,0,0,7.5,27.0,1.5,1,Roland Garros_2022,0,0,56.25,-4.570010314595152,20.884994275506077
1021,Roland Garros,2022,Clay,2,0,0,0,0,,0,0,0,0,0,0,1,1,0,0,0,0,515.5,0.2066826362017075,519.0,0,0,0,0,0,0,0,14.0,31.5,448.0,1,Roland Garros_2022,0,0,196.0,-0.07001031459515161,0.004901444149712099
1022,Roland Garros,2022,Clay,2,0,0,0,0,,0,0,0,1,0,1,1,1,0,0,0,0,79.0,,14.0,0,0,0,0,0,0,0,13.0,33.0,352.5,0,Roland Garros_2022,0,0,169.0,1.4299896854048484,2.044870500364257
1023,Roland Garros,2022,Clay,2,0,0,0,0,,0,0,0,0,0,0,1,1,0,0,0,0,524.0,0.03333333333333333,484.0,0,0,0,0,0,0,0,14.0,31.5,32.5,1,Roland Garros_2022,0,0,196.0,-0.07001031459515161,0.004901444149712099
1025,Roland Garros,2022,Clay,2,1,1,1,0,,0,0,0,0,0,0,1,1,0,0,0,0,368.5,0.292063492063492,577.0,0,0,0,0,0,0,0,7.5,27.5,49.5,1,Roland Garros_2022,0,0,56.25,-4.070010314595152,16.564983960910926
1026,Roland Garros,2022,Clay,2,1,1,1,0,,0,0,0,0,0,0,1,1,0,1,1,1,68.0,0.04477611940298504,34.0,0,0,0,0,0,0,0,12.5,30.5,91.0,1,Roland Garros_2022,0,0,156.25,-1.0700103145951516,1.1449220733400154
1027,Roland Garros,2022,Clay,2,1,1,1,0,,0,0,0,0,0,0,1,1,0,0,0,0,16.0,0.01226670722707635,2.0,0,0,0,0,0,0,0,14.0,35.5,34.5,1,Roland Garros_2022,0,0,196.0,3.9299896854048484,15.4448189273885
1028,Roland Garros,2022,Clay,2,0,0,0,0,,0,0,0,0,0,0,1,1,0,1,1,1,820.5,,385.0,0,0,0,0,0,0,0,8.0,27.0,7.0,1,Roland Garros_2022,0,0,64.0,-4.570010314595152,20.884994275506077
1029,Roland Garros,2022,Clay,2,1,1,1,0,,0,0,0,0,0,0,1,1,0,1,1,1,179.5,0.0721834496510469,53.0,0,0,0,0,0,0,0,12.0,29.0,250.5,1,Roland Garros_2022,0,0,144.0,-2.5700103145951516,6.60495301712547
1030,Roland Garros,2022,Clay,2,0,0,0,0,,0,0,0,1,0,0,1,1,0,0,0,0,96.0,0.06590574374079533,16.0,0,0,0,0,0,0,0,9.0,29.0,89.5,1,Roland Garros_2022,0,0,81.0,-2.5700103145951516,6.60495301712547
1031,Roland Garros,2022,Clay,2,1,1,1,0,,0,0,0,0,0,0,1,1,0,1,1,1,32.0,0.1046124124607583,2.0,0,0,0,0,0,0,0,11.0,29.5,112.5,1,Roland Garros_2022,0,0,121.0,-2.0700103145951516,4.284942702530318
1032,Roland Garros,2022,Clay,2,0,0,0,0,,0,0,0,0,0,0,1,1,0,0,1,1,93.0,0.04177545691906004,38.0,1,0,0,0,0,0,0,16.5,35.0,20.5,1,Roland Garros_2022,0,0,272.25,3.4299896854048484,11.764829241983652
1033,Roland Garros,2022,Clay,2,0,0,0,0,,0,0,0,1,0,1,1,1,0,0,0,0,55.0,0.03397368914610294,10.0,0,0,0,0,0,0,0,20.5,38.5,238.0,0,Roland Garros_2022,0,0,420.25,6.929989685404848,48.02475703981759
1034,Roland Garros,2022,Clay,2,1,1,1,0,,0,0,0,0,0,0,1,1,0,1,1,1,358.5,0.1964285714285714,81.0,0,0,0,0,0,0,0,9.5,26.5,83.0,1,Roland Garros_2022,0,0,90.25,-5.070010314595152,25.70500459010123
1035,Roland Garros,2022,Clay,2,0,0,0,0,,0,0,0,1,0,1,1,1,0,1,1,1,364.5,0.1374269005847953,223.0,0,0,0,0,0,0,0,6.5,26.5,12.0,0,Roland Garros_2022,0,0,42.25,-5.070010314595152,25.70500459010123
1036,Roland Garros,2022,Clay,2,0,0,0,0,,0,0,0,0,0,0,1,1,0,0,0,0,374.5,,305.0,0,0,0,0,0,0,0,10.5,29.0,14.0,1,Roland Garros_2022,0,0,110.25,-2.5700103145951516,6.60495301712547
1037,Roland Garros,2022,Clay,2,1,1,0,0,,1,0,0,1,0,0,1,1,0,0,0,0,104.5,0.0782008212019411,27.0,0,0,0,0,0,0,0,1.0,35.0,154.5,1,Roland Garros_2022,0,1,1.0,3.4299896854048484,11.764829241983652
1038,Roland Garros,2022,Clay,2,1,1,1,0,,0,0,0,1,0,1,1,1,0,0,0,0,396.0,0.114045618247299,502.0,0,0,1,0,0,0,0,14.0,30.5,280.0,0,Roland Garros_2022,1,1,196.0,-1.0700103145951516,1.1449220733400154
1039,Roland Garros,2022,Clay,2,1,1,1,0,,0,0,0,0,0,0,1,1,0,0,0,0,62.5,0.1303181440338547,3.0,0,0,0,0,0,0,0,13.0,34.5,27.5,1,Roland Garros_2022,0,0,169.0,2.9299896854048484,8.584839556578803
1040,Roland Garros,2022,Clay,2,0,0,0,0,,0,0,0,0,0,0,1,1,0,0,1,1,31.5,0.01370293451951354,13.0,0,0,0,0,0,0,0,19.0,36.5,55.0,1,Roland Garros_2022,0,0,361.0,4.929989685404848,24.304798298198197
1041,Roland Garros,2022,Clay,2,0,0,0,0,,0,0,0,0,0,0,1,1,0,0,0,0,222.0,0.1097842835130971,66.0,0,0,0,0,0,0,0,8.0,26.5,74.5,1,Roland Garros_2022,0,0,64.0,-5.070010314595152,25.70500459010123
1042,Roland Garros,2022,Clay,2,1,1,1,0,,0,0,0,0,0,0,1,1,0,0,0,0,333.5,0.03068783068783071,61.0,0,0,0,0,0,0,0,14.0,30.5,120.0,1,Roland Garros_2022,0,0,196.0,-1.0700103145951516,1.1449220733400154
1043,Roland Garros,2022,Clay,2,1,1,1,0,,0,0,0,1,0,0,1,1,0,1,1,1,5.5,0.0790823211875844,3.0,0,0,0,1,0,0,0,17.0,35.5,50.5,1,Roland Garros_2022,1,1,289.0,3.9299896854048484,15.4448189273885
1044,Roland Garros,2022,Clay,2,1,1,1,0,,0,0,0,0,0,0,1,1,0,1,1,1,9.0,0.006430370146846442,0.0,0,0,0,0,0,0,0,14.5,35.5,320.0,1,Roland Garros_2022,0,0,210.25,3.9299896854048484,15.4448189273885
1045,Roland Garros,2022,Clay,2,1,1,1,0,,1,0,0,1,0,0,1,1,0,0,1,1,46.5,0.0513067008473973,1.0,0,0,0,1,0,0,0,14.5,32.0,58.5,1,Roland Garros_2022,1,1,210.25,0.4299896854048484,0.1848911295545605
1046,Roland Garros,2022,Clay,2,0,0,0,0,,0,0,0,0,0,0,1,1,0,1,1,1,390.0,0.0392992424242424,78.0,0,0,0,0,0,0,0,8.0,27.0,42.5,1,Roland Garros_2022,0,0,64.0,-4.570010314595152,20.884994275506077
1047,Roland Garros,2022,Clay,2,0,0,0,0,,0,0,0,0,0,0,1,1,0,1,1,1,18.5,0.08426573426573425,9.0,0,0,0,0,0,0,0,10.5,31.0,53.0,1,Roland Garros_2022,0,0,110.25,-0.5700103145951516,0.3249117587448637
1048,Roland Garros,2022,Clay,2,0,0,0,0,,0,0,0,0,0,0,1,1,0,1,1,1,479.5,0.02272727272727271,13.0,0,0,0,0,0,0,0,1.0,18.5,32.5,1,Roland Garros_2022,0,0,1.0,-13.070010314595152,170.82516962362365
1049,Roland Garros,2022,Clay,2,0,0,0,0,,0,0,0,0,0,0,1,1,0,0,0,0,566.0,0.3821252638986629,978.0,0,0,0,0,0,0,0,5.0,23.0,38.5,1,Roland Garros_2022,0,0,25.0,-8.570010314595152,73.44507679226729
1050,Roland Garros,2022,Clay,2,0,0,0,0,,0,0,0,0,0,0,1,1,0,1,1,1,557.0,0.01704260651629072,674.0,0,0,0,0,0,0,0,12.0,30.0,52.0,1,Roland Garros_2022,0,0,144.0,-1.5700103145951516,2.464932387935167
1051,Roland Garros,2022,Clay,2,0,0,0,0,,0,0,0,0,0,0,1,1,0,0,0,0,53.0,0.01267281105990792,26.0,0,0,0,0,0,0,0,6.0,29.0,4.0,1,Roland Garros_2022,0,0,36.0,-2.5700103145951516,6.60495301712547
1052,Roland Garros,2022,Clay,3,1,1,1,0,,0,0,0,0,0,0,1,1,0,0,0,0,448.0,0.01847826086956517,648.0,0,0,0,0,0,0,0,11.5,31.5,1.5,1,Roland Garros_2022,0,0,132.25,-0.07001031459515161,0.004901444149712099
1053,Roland Garros,2022,Clay,3,0,0,0,0,,0,0,0,0,0,0,1,1,0,0,0,0,32.5,0.0328740224703753,17.0,0,0,0,0,0,0,0,22.0,39.0,352.5,1,Roland Garros_2022,0,0,484.0,7.429989685404848,55.204746725222435
1054,Roland Garros,2022,Clay,3,0,0,0,0,,0,0,0,0,0,0,1,1,0,0,0,0,233.5,0.03737373737373745,61.0,0,0,0,0,0,0,0,9.5,27.0,49.5,1,Roland Garros_2022,0,0,90.25,-4.570010314595152,20.884994275506077
1055,Roland Garros,2022,Clay,3,1,1,0,0,,1,0,0,1,0,1,1,1,0,1,1,1,91.0,0.008230452674897193,2.0,0,0,0,0,0,0,0,1.0,29.5,34.5,0,Roland Garros_2022,0,1,1.0,-2.0700103145951516,4.284942702530318
1056,Roland Garros,2022,Clay,3,0,0,0,0,,0,0,0,1,0,0,1,1,0,1,1,1,250.5,0.2581053698074975,313.0,0,0,0,0,0,0,0,15.0,32.5,7.0,1,Roland Garros_2022,0,0,225.0,0.9299896854048484,0.8648808149594088
1057,Roland Garros,2022,Clay,3,1,1,1,0,,0,0,0,0,0,0,1,1,0,1,1,1,112.5,0.1163928304705004,61.0,1,0,0,0,0,0,0,8.5,27.0,89.5,1,Roland Garros_2022,0,0,72.25,-4.570010314595152,20.884994275506077
1058,Roland Garros,2022,Clay,3,1,1,1,0,,0,0,0,1,0,0,1,1,0,0,0,0,20.5,0.04913998809726816,3.0,0,0,0,0,0,0,0,19.5,38.0,238.0,1,Roland Garros_2022,0,0,380.25,6.429989685404848,41.34476735441274
1059,Roland Garros,2022,Clay,3,0,0,0,0,,0,0,0,0,0,0,1,1,0,0,1,1,83.0,0.01702127659574471,8.0,0,0,0,0,0,0,0,10.0,28.5,12.0,1,Roland Garros_2022,0,0,100.0,-3.0700103145951516,9.424963331720623
1060,Roland Garros,2022,Clay,3,0,0,0,0,,0,0,0,0,0,0,1,1,0,1,1,1,154.5,0.1606512890094979,1.0,0,0,0,0,0,0,0,5.5,26.5,14.0,1,Roland Garros_2022,0,0,30.25,-5.070010314595152,25.70500459010123
1061,Roland Garros,2022,Clay,3,0,0,0,0,,0,0,0,1,0,1,1,1,0,1,1,1,280.0,0.2721804511278195,226.0,0,0,0,0,0,0,0,7.5,27.0,27.5,0,Roland Garros_2022,0,0,56.25,-4.570010314595152,20.884994275506077
1062,Roland Garros,2022,Clay,3,0,0,0,0,,0,0,0,1,0,0,1,1,0,0,0,0,74.5,,51.0,0,0,0,0,0,0,0,20.0,40.0,55.0,1,Roland Garros_2022,0,0,400.0,8.429989685404848,71.06472609603213
1063,Roland Garros,2022,Clay,3,0,0,0,0,,0,0,0,1,0,0,1,1,0,1,1,1,120.0,0.1818924539512775,102.0,0,0,0,0,0,0,0,9.5,28.0,50.5,1,Roland Garros_2022,0,0,90.25,-3.5700103145951516,12.744973646315774
1064,Roland Garros,2022,Clay,3,0,0,0,0,,0,0,0,0,0,0,1,1,0,0,0,0,320.0,0.1877559377559378,424.0,0,0,0,0,0,0,0,15.0,33.5,58.5,1,Roland Garros_2022,0,0,225.0,1.9299896854048484,3.7248601857691055
1065,Roland Garros,2022,Clay,3,0,0,0,0,,0,0,0,0,0,0,1,1,0,0,1,1,42.5,0.06084306095979247,1.0,0,0,0,0,0,0,0,12.5,33.0,53.0,1,Roland Garros_2022,0,0,156.25,1.4299896854048484,2.044870500364257
1066,Roland Garros,2022,Clay,3,0,0,0,0,,0,0,0,0,0,0,1,1,0,0,0,0,38.5,0.09167149198996338,35.0,0,0,0,0,0,0,0,16.5,35.5,32.5,1,Roland Garros_2022,0,0,272.25,3.9299896854048484,15.4448189273885
1067,Roland Garros,2022,Clay,3,1,1,1,0,,0,0,0,1,0,0,1,1,0,0,0,0,52.0,0.09495808486734081,14.0,0,0,0,0,0,0,0,18.5,37.5,4.0,1,Roland Garros_2022,0,0,342.25,5.929989685404848,35.16477766900789
1068,Roland Garros,2022,Clay,4,0,0,0,0,,0,0,0,0,0,0,1,1,0,0,0,1,352.5,0.0357142857142857,571.0,0,0,0,0,0,0,0,14.0,33.0,1.5,1,Roland Garros_2022,0,0,196.0,1.4299896854048484,2.044870500364257
1069,Roland Garros,2022,Clay,4,0,0,0,0,,0,0,0,0,0,0,1,1,0,0,0,0,49.5,0.2081161578555472,31.0,0,0,0,0,0,0,0,7.5,25.5,34.5,1,Roland Garros_2022,0,0,56.25,-6.070010314595152,36.84502521929153
1070,Roland Garros,2022,Clay,4,0,0,0,0,,0,0,0,0,0,0,1,1,0,0,1,1,89.5,0.004431570608041224,11.0,0,0,0,0,0,0,0,6.0,28.0,7.0,1,Roland Garros_2022,0,0,36.0,-3.5700103145951516,12.744973646315774
1071,Roland Garros,2022,Clay,4,0,0,0,0,,0,0,0,0,0,0,1,1,0,1,1,1,238.0,,194.0,0,0,0,0,0,0,0,6.0,27.0,12.0,1,Roland Garros_2022,0,0,36.0,-4.570010314595152,20.884994275506077
1072,Roland Garros,2022,Clay,4,0,0,0,0,,0,0,0,1,0,0,1,1,0,0,0,0,14.0,0.05237538940809972,4.0,0,0,0,0,0,0,0,12.0,35.0,27.5,1,Roland Garros_2022,0,0,144.0,3.4299896854048484,11.764829241983652
1073,Roland Garros,2022,Clay,4,1,1,0,0,,1,0,0,1,0,0,1,1,0,1,1,1,50.5,0.006165839829907926,5.0,0,0,0,0,0,0,0,8.5,30.0,55.0,1,Roland Garros_2022,0,1,72.25,-1.5700103145951516,2.464932387935167
1074,Roland Garros,2022,Clay,4,1,1,1,0,,0,0,0,0,0,0,1,1,0,0,0,0,58.5,0.04232018933771908,9.0,0,0,0,0,0,0,0,7.5,28.5,53.0,1,Roland Garros_2022,0,0,56.25,-3.0700103145951516,9.424963331720623
1075,Roland Garros,2022,Clay,4,1,1,1,0,,1,0,0,1,0,1,1,1,0,1,1,1,4.0,0.03741686333404848,2.0,0,0,1,0,0,0,0,12.5,31.5,32.5,0,Roland Garros_2022,1,1,156.25,-0.07001031459515161,0.004901444149712099
1076,Roland Garros,2022,Clay,5,1,1,1,0,,1,0,0,1,0,1,1,1,0,0,1,1,1.5,0.06283712425079746,1.0,0,0,0,0,0,0,0,13.0,34.0,34.5,0,Roland Garros_2022,0,1,169.0,2.4299896854048484,5.904849871173954
1077,Roland Garros,2022,Clay,5,0,0,0,0,,0,0,0,1,0,1,1,1,0,0,0,0,12.0,0.0005411255411255089,2.0,0,0,0,0,0,0,0,12.0,33.0,7.0,0,Roland Garros_2022,0,0,144.0,1.4299896854048484,2.044870500364257
1078,Roland Garros,2022,Clay,5,1,1,1,0,,0,0,0,0,0,0,1,1,0,0,0,0,55.0,0.08941016488186299,6.0,0,0,0,0,0,0,0,1.0,27.0,27.5,1,Roland Garros_2022,0,0,1.0,-4.570010314595152,20.884994275506077
1079,Roland Garros,2022,Clay,5,1,1,0,0,,1,0,0,1,0,1,1,1,0,0,0,0,53.0,0.02743182053526882,18.0,0,0,0,0,0,0,0,10.5,31.0,32.5,0,Roland Garros_2022,0,1,110.25,-0.5700103145951516,0.3249117587448637
1080,Roland Garros,2022,Clay,6,1,1,1,0,,0,0,0,1,0,1,1,1,0,0,1,1,7.0,0.01057318491443759,2.0,0,0,0,0,0,0,0,19.0,36.5,34.5,0,Roland Garros_2022,0,0,361.0,4.929989685404848,24.304798298198197
1081,Roland Garros,2022,Clay,6,1,1,0,0,,1,0,0,1,0,1,1,1,0,0,0,0,32.5,0.04840106290374302,13.0,0,0,0,0,0,0,0,19.5,40.5,27.5,0,Roland Garros_2022,0,1,380.25,8.929989685404848,79.74471578143698
1082,Roland Garros,2022,Clay,7,1,1,1,0,,0,0,0,1,0,1,1,1,0,0,0,0,34.5,0.02692944392196983,5.0,0,0,1,0,0,0,0,14.0,34.5,27.5,0,Roland Garros_2022,1,1,196.0,2.9299896854048484,8.584839556578803
1083,US Open,2022,Hard,2,0,0,0,0,,0,0,0,0,0,0,1,1,0,0,1,1,656.5,0.05990133897110642,1167.0,0,0,0,0,0,0,0,12.0,31.0,1.5,1,US Open_2022,0,0,144.0,-0.5700103145951516,0.3249117587448637
1084,US Open,2022,Hard,2,1,1,1,0,,0,0,0,0,0,0,1,1,0,1,1,1,72.0,0.003331403948807043,28.0,0,0,0,0,0,0,0,13.0,34.0,3.5,1,US Open_2022,0,0,169.0,2.4299896854048484,5.904849871173954
1085,US Open,2022,Hard,2,1,1,1,0,,0,0,0,0,0,0,1,1,0,1,1,1,225.0,0.2582490940301355,430.0,0,0,0,0,0,0,0,8.0,28.5,5.5,1,US Open_2022,0,0,64.0,-3.0700103145951516,9.424963331720623
1086,US Open,2022,Hard,2,1,1,1,0,,0,0,0,1,0,1,1,1,0,0,0,0,60.5,0.004274084124830435,29.0,0,0,1,0,0,0,0,11.5,30.0,7.5,0,US Open_2022,1,1,132.25,-1.5700103145951516,2.464932387935167
1087,US Open,2022,Hard,2,0,0,0,0,,0,0,0,0,0,0,1,1,0,1,1,1,713.0,0.0,370.0,0,0,0,0,0,0,0,2.0,22.5,12.5,1,US Open_2022,0,0,4.0,-9.070010314595152,82.26508710686244
1088,US Open,2022,Hard,2,1,1,1,0,,0,0,0,0,0,0,1,1,0,0,0,0,289.5,0.1004983388704319,49.0,0,0,0,0,0,0,0,9.5,26.0,20.0,1,US Open_2022,0,0,90.25,-5.570010314595152,31.02501490469638
1089,US Open,2022,Hard,2,0,0,0,0,,0,0,0,1,0,1,1,1,0,0,0,0,407.0,0.2063492063492063,272.0,1,0,0,0,0,0,0,3.5,21.0,20.5,0,US Open_2022,0,0,12.25,-10.570010314595152,111.7251180506479
1090,US Open,2022,Hard,2,0,0,0,0,,0,0,0,0,0,0,1,1,0,1,1,1,83.5,0.1329787234042553,9.0,0,0,0,0,0,0,0,7.0,29.0,24.0,1,US Open_2022,0,0,49.0,-2.5700103145951516,6.60495301712547
1091,US Open,2022,Hard,2,0,0,0,0,,0,0,0,0,0,0,1,1,0,0,0,0,125.0,0.1666666666666666,96.0,0,0,0,0,0,0,0,3.0,23.5,24.5,1,US Open_2022,0,0,9.0,-8.070010314595152,65.12506647767214
1092,US Open,2022,Hard,2,1,1,1,0,,0,0,0,0,0,0,1,1,0,1,1,1,182.5,0.2180397727272727,27.0,0,0,0,0,0,0,0,7.0,28.0,25.5,1,US Open_2022,0,0,49.0,-3.5700103145951516,12.744973646315774
1093,US Open,2022,Hard,2,0,0,0,0,,0,0,0,0,0,0,1,1,0,1,1,1,1360.5,,825.0,0,0,0,0,0,0,0,1.0,18.0,30.0,1,US Open_2022,0,0,1.0,-13.570010314595152,184.1451799382188
1094,US Open,2022,Hard,2,0,0,0,0,,0,0,0,0,0,0,1,1,0,0,0,0,57.5,0.07849462365591398,3.0,0,0,0,0,0,0,0,14.0,30.0,33.0,1,US Open_2022,0,0,196.0,-1.5700103145951516,2.464932387935167
1095,US Open,2022,Hard,2,0,0,0,0,,0,0,0,0,0,0,1,1,0,1,1,1,616.5,,603.0,0,0,0,0,0,0,0,11.0,29.5,42.5,1,US Open_2022,0,0,121.0,-2.0700103145951516,4.284942702530318
1096,US Open,2022,Hard,2,0,0,0,0,,0,0,0,0,0,0,1,1,0,0,1,1,67.5,0.06344716104263476,1.0,0,0,0,0,0,0,0,12.5,35.0,65.0,1,US Open_2022,0,0,156.25,3.4299896854048484,11.764829241983652
1097,US Open,2022,Hard,2,0,0,0,0,,0,0,0,1,0,0,1,1,0,1,1,1,241.0,0.0335216572504709,38.0,0,0,0,0,0,0,0,9.5,27.0,209.0,1,US Open_2022,0,0,90.25,-4.570010314595152,20.884994275506077
1098,US Open,2022,Hard,2,1,1,1,0,,1,0,0,1,0,1,1,1,0,0,1,1,10.0,0.01057318491443759,2.0,0,0,0,0,0,0,0,19.0,36.5,229.0,0,US Open_2022,0,1,361.0,4.929989685404848,24.304798298198197
1099,US Open,2022,Hard,2,1,1,1,0,,0,0,0,1,0,0,1,1,0,0,1,1,32.0,0.01370293451951354,14.0,0,0,0,1,0,0,0,19.0,36.5,36.5,1,US Open_2022,1,1,361.0,4.929989685404848,24.304798298198197
1100,US Open,2022,Hard,2,1,1,1,0,,0,0,0,1,0,1,1,1,0,1,1,1,116.5,0.1028622540250447,103.0,0,0,0,0,0,0,0,4.5,23.0,397.5,0,US Open_2022,0,0,20.25,-8.570010314595152,73.44507679226729
1101,US Open,2022,Hard,2,0,0,0,0,,0,0,0,0,0,0,1,1,0,0,0,0,372.5,,321.0,0,0,0,0,0,0,0,9.0,28.0,101.5,1,US Open_2022,0,0,81.0,-3.5700103145951516,12.744973646315774
1102,US Open,2022,Hard,2,1,1,1,0,,0,0,0,0,0,0,1,1,0,0,0,0,437.5,0.1395296246042515,709.0,0,0,0,0,0,0,0,11.5,31.5,933.0,1,US Open_2022,0,0,132.25,-0.07001031459515161,0.004901444149712099
1103,US Open,2022,Hard,2,1,1,1,0,,1,0,0,1,0,1,1,1,0,0,0,0,124.5,0.01817042606516289,109.0,0,0,1,0,0,0,0,8.0,32.5,338.0,0,US Open_2022,1,1,64.0,0.9299896854048484,0.8648808149594088
1105,US Open,2022,Hard,2,0,0,0,0,,0,0,0,1,0,0,1,1,0,1,1,1,33.5,0.01094362864274367,27.0,0,0,0,0,0,0,0,21.0,39.5,362.5,1,US Open_2022,0,0,441.0,7.929989685404848,62.88473641062728
1106,US Open,2022,Hard,2,1,1,1,0,,1,0,0,1,0,1,1,1,0,0,0,0,39.0,0.08941016488186299,2.0,0,0,0,0,0,0,0,1.0,27.0,75.5,0,US Open_2022,0,1,1.0,-4.570010314595152,20.884994275506077
1107,US Open,2022,Hard,2,1,1,1,0,,0,0,0,1,0,1,1,1,0,0,0,0,163.0,0.09372019077901422,188.0,0,0,1,0,0,0,0,14.5,35.5,93.5,0,US Open_2022,1,1,210.25,3.9299896854048484,15.4448189273885
1108,US Open,2022,Hard,2,1,1,1,0,,0,0,0,1,0,1,1,1,0,0,0,0,50.0,0.03027619487653366,2.0,0,0,1,0,0,0,0,17.0,35.5,59.0,0,US Open_2022,1,1,289.0,3.9299896854048484,15.4448189273885
1109,US Open,2022,Hard,2,0,0,0,0,,0,0,0,0,0,0,1,1,0,1,1,1,534.5,0.07857142857142863,223.0,0,0,0,0,0,0,0,7.5,25.0,64.5,1,US Open_2022,0,0,56.25,-6.570010314595152,43.16503553388668
1110,US Open,2022,Hard,2,0,0,0,0,,0,0,0,0,0,0,1,1,0,1,1,1,130.5,0.1606512890094979,11.0,0,0,0,0,0,0,0,5.5,26.5,134.5,1,US Open_2022,0,0,30.25,-5.070010314595152,25.70500459010123
1111,US Open,2022,Hard,2,1,1,1,0,,0,0,0,0,0,0,1,1,0,0,0,0,549.0,0.06818181818181818,474.0,1,0,0,0,0,0,0,9.5,27.5,294.5,1,US Open_2022,0,0,90.25,-4.070010314595152,16.564983960910926
1112,US Open,2022,Hard,2,0,0,0,0,,0,0,0,0,0,0,1,1,0,1,1,1,720.5,0.03401360544217691,1025.0,0,0,0,0,0,0,0,4.5,22.5,54.5,1,US Open_2022,0,0,20.25,-9.070010314595152,82.26508710686244
1113,US Open,2022,Hard,2,1,1,1,0,,0,0,0,0,0,0,1,1,0,0,0,0,55.0,0.002045085550143599,10.0,0,0,0,0,0,0,0,16.0,31.5,53.0,1,US Open_2022,0,0,256.0,-0.07001031459515161,0.004901444149712099
1114,US Open,2022,Hard,2,1,1,1,0,,0,0,0,0,0,0,1,1,0,0,0,0,20.5,0.04840106290374302,3.0,0,0,0,0,0,0,0,19.5,40.5,72.5,1,US Open_2022,0,0,380.25,8.929989685404848,79.74471578143698
1115,US Open,2022,Hard,3,0,0,0,0,,0,0,0,0,0,0,1,1,0,0,0,0,93.5,0.004611166500498531,3.0,1,0,0,0,0,0,0,10.5,28.5,1.5,1,US Open_2022,0,0,110.25,-3.0700103145951516,9.424963331720623
1116,US Open,2022,Hard,3,1,1,1,0,,0,0,0,1,0,0,1,1,0,1,1,1,64.5,0.002501202501202449,3.0,0,0,0,1,0,0,0,6.0,29.0,3.5,1,US Open_2022,1,1,36.0,-2.5700103145951516,6.60495301712547
1117,US Open,2022,Hard,3,0,0,0,0,,0,0,0,0,0,0,1,1,0,0,0,0,54.5,0.03397368914610294,5.0,0,0,0,0,0,0,0,20.5,38.5,5.5,1,US Open_2022,0,0,420.25,6.929989685404848,48.02475703981759
1118,US Open,2022,Hard,3,1,1,1,0,,0,0,0,0,0,0,1,1,0,1,1,1,65.0,0.06001984126984139,34.0,0,0,0,0,0,0,0,5.0,25.0,7.5,1,US Open_2022,0,0,25.0,-6.570010314595152,43.16503553388668
1119,US Open,2022,Hard,3,0,0,0,0,,0,0,0,0,0,0,1,1,0,1,1,1,933.0,0.0,382.0,0,0,0,0,0,0,0,1.0,18.0,12.5,1,US Open_2022,0,0,1.0,-13.570010314595152,184.1451799382188
1120,US Open,2022,Hard,3,1,1,1,0,,0,0,0,0,0,0,1,1,0,0,0,0,338.0,0.1537405628002745,520.0,0,0,0,0,0,0,0,6.0,27.5,20.5,1,US Open_2022,0,0,36.0,-4.070010314595152,16.564983960910926
1121,US Open,2022,Hard,3,1,1,1,0,,0,0,0,0,0,0,1,1,0,0,0,0,59.0,0.01037440936383183,30.0,0,0,0,0,0,0,0,22.0,39.5,24.5,1,US Open_2022,0,0,484.0,7.929989685404848,62.88473641062728
1122,US Open,2022,Hard,3,1,1,1,0,,1,0,0,1,0,0,1,1,0,0,0,0,75.5,0.1803063085995503,9.0,0,0,0,1,0,0,0,1.0,28.0,30.0,1,US Open_2022,1,1,1.0,-3.5700103145951516,12.744973646315774
1123,US Open,2022,Hard,3,1,1,1,0,,0,0,0,0,0,0,1,1,0,1,1,1,294.5,0.2184782608695652,169.0,0,0,0,0,0,0,0,18.0,32.0,33.0,1,US Open_2022,0,0,324.0,0.4299896854048484,0.1848911295545605
1124,US Open,2022,Hard,3,1,1,1,0,,1,0,0,1,0,1,1,1,0,0,0,0,20.0,0.02692944392196983,12.0,0,0,0,0,0,0,0,14.0,34.5,42.5,0,US Open_2022,0,1,196.0,2.9299896854048484,8.584839556578803
1125,US Open,2022,Hard,3,0,0,0,0,,0,0,0,0,0,0,1,1,0,1,1,1,134.5,0.03975741239892178,125.0,0,0,0,0,0,0,0,16.5,33.0,229.0,1,US Open_2022,0,0,272.25,1.4299896854048484,2.044870500364257
1126,US Open,2022,Hard,3,0,0,0,0,,0,0,0,0,0,0,1,1,0,1,1,1,101.5,0.1553061224489796,15.0,0,0,0,0,0,0,0,6.5,29.0,36.5,1,US Open_2022,0,0,42.25,-2.5700103145951516,6.60495301712547
1127,US Open,2022,Hard,3,1,1,1,0,,0,0,0,1,0,0,1,1,0,1,1,1,25.5,0.08426573426573425,3.0,0,0,0,1,0,0,0,10.5,31.0,58.0,1,US Open_2022,1,1,110.25,-0.5700103145951516,0.3249117587448637
1128,US Open,2022,Hard,3,1,1,0,0,,1,0,0,1,0,0,1,1,0,0,0,0,209.0,0.267379679144385,22.0,0,0,0,0,0,0,0,4.0,22.0,362.5,1,US Open_2022,0,1,16.0,-9.570010314595152,91.58509742145759
1129,US Open,2022,Hard,3,1,1,1,0,,0,0,0,0,0,0,1,1,0,0,0,0,24.0,0.04913998809726816,18.0,0,0,0,0,0,0,0,19.5,38.0,53.0,1,US Open_2022,0,0,380.25,6.429989685404848,41.34476735441274
1130,US Open,2022,Hard,3,1,1,1,0,,0,0,0,1,0,0,1,1,0,1,1,1,397.5,0.07716580608146867,237.0,0,0,0,1,0,0,0,5.0,23.0,72.5,1,US Open_2022,1,1,25.0,-8.570010314595152,73.44507679226729
1131,US Open,2022,Hard,4,0,0,0,0,,0,0,0,0,0,0,1,1,0,1,1,1,33.0,0.07673039392159464,2.0,0,0,0,0,0,0,0,18.5,36.0,1.5,1,US Open_2022,0,0,342.25,4.429989685404848,19.62480861279335
1132,US Open,2022,Hard,4,1,1,1,0,,0,0,0,1,0,0,1,1,0,1,1,1,36.5,0.1046124124607583,1.0,0,0,0,0,0,0,0,11.0,29.5,3.5,1,US Open_2022,0,0,121.0,-2.0700103145951516,4.284942702530318
1133,US Open,2022,Hard,4,1,1,1,0,,0,0,0,0,0,0,1,1,0,1,1,1,362.5,0.1160209846650525,359.0,0,0,0,0,0,0,0,14.0,30.0,5.5,1,US Open_2022,0,0,196.0,-1.5700103145951516,2.464932387935167
1134,US Open,2022,Hard,4,0,0,0,0,,0,0,0,0,0,0,1,1,0,0,0,0,58.0,0.008816055100344444,8.0,0,0,0,0,0,0,0,17.0,35.5,12.5,1,US Open_2022,0,0,289.0,3.9299896854048484,15.4448189273885
1135,US Open,2022,Hard,4,1,1,1,0,,1,0,0,1,0,1,1,1,0,1,1,1,20.5,0.002705575417914829,5.0,0,0,0,0,0,0,0,9.0,26.5,24.5,0,US Open_2022,0,1,81.0,-5.070010314595152,25.70500459010123
1136,US Open,2022,Hard,4,1,1,1,0,,0,0,0,1,0,1,1,1,0,0,0,0,7.5,0.05237538940809972,1.0,0,0,1,0,0,0,0,12.0,35.0,30.0,0,US Open_2022,1,1,144.0,3.4299896854048484,11.764829241983652
1137,US Open,2022,Hard,4,1,1,1,0,,0,0,0,0,0,0,1,1,0,1,1,1,72.5,0.1163928304705004,17.0,1,0,0,0,0,0,0,8.5,27.0,229.0,1,US Open_2022,0,0,72.25,-4.570010314595152,20.884994275506077
1138,US Open,2022,Hard,4,0,0,0,0,,0,0,0,0,0,0,1,1,0,0,1,1,42.5,0.06084306095979247,1.0,0,0,0,0,0,0,0,12.5,33.0,53.0,1,US Open_2022,0,0,156.25,1.4299896854048484,2.044870500364257
1139,US Open,2022,Hard,5,1,1,1,0,,0,0,0,1,0,0,1,1,0,0,0,0,53.0,0.04232018933771908,16.0,0,0,0,1,0,0,0,7.5,28.5,1.5,1,US Open_2022,1,1,56.25,-3.0700103145951516,9.424963331720623
1140,US Open,2022,Hard,5,0,0,0,0,,0,0,0,0,0,0,1,1,0,0,1,1,229.0,0.04222730845702138,138.0,0,0,0,0,0,0,0,15.0,33.0,3.5,1,US Open_2022,0,0,225.0,1.4299896854048484,2.044870500364257
1141,US Open,2022,Hard,5,0,0,0,0,,0,0,0,0,0,0,1,1,0,1,1,1,12.5,0.03741686333404848,1.0,0,0,0,0,0,0,0,12.5,31.5,5.5,1,US Open_2022,0,0,156.25,-0.07001031459515161,0.004901444149712099
1142,US Open,2022,Hard,5,1,1,1,0,,0,0,0,0,0,0,1,1,0,0,0,0,24.5,0.02743182053526882,7.0,0,0,0,0,0,0,0,10.5,31.0,30.0,1,US Open_2022,0,0,110.25,-0.5700103145951516,0.3249117587448637
1143,US Open,2022,Hard,6,1,1,0,0,,1,0,0,1,0,0,1,1,0,1,1,1,30.0,0.006430370146846442,0.0,0,0,0,0,0,0,0,14.5,35.5,1.5,1,US Open_2022,0,1,210.25,3.9299896854048484,15.4448189273885
1144,US Open,2022,Hard,6,0,0,0,0,,0,0,0,0,0,0,1,1,0,0,0,0,5.5,0.05669137352422804,1.0,0,0,0,0,0,0,0,14.5,36.5,3.5,1,US Open_2022,0,0,210.25,4.929989685404848,24.304798298198197
1145,US Open,2022,Hard,7,1,1,1,0,,0,0,0,0,0,0,1,1,0,0,0,0,3.5,0.0005411255411255089,1.0,0,0,0,0,0,0,0,12.0,33.0,1.5,1,US Open_2022,0,0,144.0,1.4299896854048484,2.044870500364257
1146,Wimbledon,2022,Grass,2,1,1,1,0,,1,0,0,1,0,0,1,1,0,0,0,0,552.0,0.1785714285714286,454.0,0,0,0,0,0,0,0,7.5,24.5,1.5,1,Wimbledon_2022,0,1,56.25,-7.070010314595152,49.98504584848183
1147,Wimbledon,2022,Grass,2,1,1,1,0,,0,1,0,1,0,1,1,1,0,0,0,1,59.5,0.04579180509413072,49.0,0,0,0,1,0,0,0,13.0,34.0,57.5,0,Wimbledon_2022,1,1,169.0,2.4299896854048484,5.904849871173954
1148,Wimbledon,2022,Grass,2,1,1,1,0,,0,0,0,1,0,0,1,1,0,0,1,1,216.0,,12.0,0,0,0,1,0,0,0,10.0,29.5,57.0,1,Wimbledon_2022,1,1,100.0,-2.0700103145951516,4.284942702530318
1149,Wimbledon,2022,Grass,2,1,1,1,0,,0,0,0,1,0,0,1,1,0,1,1,1,526.0,0.0394736842105263,56.0,0,0,0,1,0,0,0,7.0,26.0,41.0,1,Wimbledon_2022,1,1,49.0,-5.570010314595152,31.02501490469638
1150,Wimbledon,2022,Grass,2,0,0,0,0,,0,0,0,1,0,0,1,1,0,1,1,1,353.5,0.03497023809523811,69.0,0,0,0,0,0,0,0,4.5,23.5,33.0,1,Wimbledon_2022,0,0,20.25,-8.070010314595152,65.12506647767214
1151,Wimbledon,2022,Grass,2,1,1,1,0,,0,1,1,1,0,0,1,1,0,0,0,0,72.0,0.07050964868876786,2.0,0,0,0,1,0,0,0,10.0,31.0,68.0,1,Wimbledon_2022,1,1,100.0,-0.5700103145951516,0.3249117587448637
1152,Wimbledon,2022,Grass,2,0,0,0,0,,0,0,0,1,0,0,1,1,0,0,0,1,164.0,0.0357142857142857,190.0,0,0,0,0,0,0,0,14.0,33.0,99.5,1,Wimbledon_2022,0,0,196.0,1.4299896854048484,2.044870500364257
1153,Wimbledon,2022,Grass,2,1,1,1,0,,1,0,0,1,0,0,1,1,0,1,1,1,68.5,0.003331403948807043,33.0,0,0,0,0,1,0,0,13.0,34.0,18.0,1,Wimbledon_2022,0,1,169.0,2.4299896854048484,5.904849871173954
1154,Wimbledon,2022,Grass,2,0,0,0,0,,0,0,0,1,0,0,1,1,0,1,1,1,208.5,0.05277777777777776,175.0,0,0,0,0,0,0,0,13.0,31.0,7.5,1,Wimbledon_2022,0,0,169.0,-0.5700103145951516,0.3249117587448637
1155,Wimbledon,2022,Grass,2,1,1,1,0,,0,0,0,1,0,0,1,1,0,0,0,0,68.0,0.009381044487427492,58.0,0,0,0,0,0,0,0,17.0,35.0,95.0,1,Wimbledon_2022,0,0,289.0,3.4299896854048484,11.764829241983652
1156,Wimbledon,2022,Grass,2,1,1,0,0,,0,1,0,1,0,0,1,1,0,1,1,1,393.0,0.04999999999999999,176.0,0,0,0,0,0,1,0,1.0,25.5,67.5,1,Wimbledon_2022,0,0,1.0,-6.070010314595152,36.84502521929153
1157,Wimbledon,2022,Grass,2,1,1,1,0,,0,0,1,1,0,1,1,1,0,0,0,0,56.0,0.01267281105990792,20.0,0,0,1,0,0,0,0,6.0,29.0,32.5,0,Wimbledon_2022,1,1,36.0,-2.5700103145951516,6.60495301712547
1158,Wimbledon,2022,Grass,2,0,0,0,0,,0,0,0,1,0,0,1,1,0,1,1,1,144.0,0.1606512890094979,24.0,0,0,0,0,0,0,0,5.5,26.5,25.5,1,Wimbledon_2022,0,0,30.25,-5.070010314595152,25.70500459010123
1159,Wimbledon,2022,Grass,2,1,1,1,0,,1,0,0,1,0,0,1,1,0,1,1,1,634.5,0.2040816326530613,985.0,0,0,0,0,0,0,0,9.5,27.0,69.5,1,Wimbledon_2022,0,1,90.25,-4.570010314595152,20.884994275506077
1160,Wimbledon,2022,Grass,2,1,1,0,0,,1,0,0,1,0,1,1,1,0,0,0,0,44.0,0.1004475703324809,38.0,0,0,0,0,0,0,0,15.0,33.5,196.5,0,Wimbledon_2022,0,1,225.0,1.9299896854048484,3.7248601857691055
1161,Wimbledon,2022,Grass,2,0,0,0,0,,0,0,0,1,0,1,1,1,0,0,0,0,205.0,0.08100328947368418,36.0,0,0,0,0,0,0,0,6.0,27.0,15.5,0,Wimbledon_2022,0,0,36.0,-4.570010314595152,20.884994275506077
1162,Wimbledon,2022,Grass,2,0,0,0,0,,0,0,0,1,0,0,1,1,0,1,1,1,538.0,0.1030778164924506,6.0,0,0,0,0,0,0,0,12.0,29.0,12.0,1,Wimbledon_2022,0,0,144.0,-2.5700103145951516,6.60495301712547
1163,Wimbledon,2022,Grass,2,1,1,1,0,,0,0,0,1,0,0,1,1,0,0,0,0,146.5,0.04357125690939673,77.0,0,0,0,0,0,0,0,14.0,36.0,78.5,1,Wimbledon_2022,0,0,196.0,4.429989685404848,19.62480861279335
1164,Wimbledon,2022,Grass,2,1,1,1,0,,0,0,0,1,0,0,1,1,0,0,0,0,148.5,0.06893237812336184,91.0,0,0,0,0,0,0,0,10.0,28.5,492.5,1,Wimbledon_2022,0,0,100.0,-3.0700103145951516,9.424963331720623
1165,Wimbledon,2022,Grass,2,1,1,1,0,,0,0,0,1,0,0,1,1,0,0,0,0,422.0,,222.0,1,0,0,0,0,0,0,10.5,29.0,93.5,1,Wimbledon_2022,0,0,110.25,-2.5700103145951516,6.60495301712547
1166,Wimbledon,2022,Grass,2,1,1,1,0,,0,0,0,1,0,0,1,1,0,1,1,1,156.0,0.03399052079535569,2.0,0,0,0,0,0,0,0,1.0,26.0,33.0,1,Wimbledon_2022,0,0,1.0,-5.570010314595152,31.02501490469638
1167,Wimbledon,2022,Grass,2,0,0,0,0,,0,0,0,1,0,0,1,1,0,0,0,0,439.0,0.0138888888888889,86.0,1,0,0,0,0,0,0,9.0,27.5,96.5,1,Wimbledon_2022,0,0,81.0,-4.070010314595152,16.564983960910926
1168,Wimbledon,2022,Grass,2,0,0,0,0,,0,0,0,1,0,1,1,1,0,1,1,1,330.5,,45.0,0,0,0,0,0,0,0,12.0,29.5,507.0,0,Wimbledon_2022,0,0,144.0,-2.0700103145951516,4.284942702530318
1169,Wimbledon,2022,Grass,2,1,1,1,0,,0,0,0,1,0,0,1,1,0,0,0,0,10.5,0.05669137352422804,1.0,0,0,0,0,0,0,0,14.5,36.5,153.0,1,Wimbledon_2022,0,0,210.25,4.929989685404848,24.304798298198197
1170,Wimbledon,2022,Grass,2,1,1,1,0,,0,0,1,1,0,1,1,1,0,0,0,0,11.5,0.05237538940809972,5.0,0,0,0,0,0,0,0,12.0,35.0,46.0,0,Wimbledon_2022,0,0,144.0,3.4299896854048484,11.764829241983652
1171,Wimbledon,2022,Grass,2,0,0,0,0,,0,0,0,1,0,0,1,1,0,1,1,1,455.0,0.0727602905569007,160.0,0,0,0,0,0,0,0,7.0,33.0,89.5,1,Wimbledon_2022,0,0,49.0,1.4299896854048484,2.044870500364257
1172,Wimbledon,2022,Grass,2,1,1,1,0,,1,0,0,1,0,0,1,1,0,0,1,1,44.5,0.06084306095979247,1.0,0,0,0,0,0,0,0,12.5,33.0,575.5,1,Wimbledon_2022,0,1,156.25,1.4299896854048484,2.044870500364257
1173,Wimbledon,2022,Grass,2,1,1,0,0,,1,0,0,1,0,1,1,1,0,1,1,1,75.5,0.008230452674897193,1.0,0,0,0,0,0,0,0,1.0,29.5,29.5,0,Wimbledon_2022,0,1,1.0,-2.0700103145951516,4.284942702530318
1174,Wimbledon,2022,Grass,2,0,0,0,0,,0,0,0,1,0,0,1,1,0,0,0,0,400.0,0.2063492063492063,278.0,0,0,0,0,0,0,0,3.5,21.0,37.5,1,Wimbledon_2022,0,0,12.25,-10.570010314595152,111.7251180506479
1175,Wimbledon,2022,Grass,2,1,1,0,0,,1,0,1,1,0,1,1,1,0,0,1,1,75.0,0.06344716104263476,14.0,0,0,0,0,0,0,0,12.5,35.0,156.0,0,Wimbledon_2022,0,1,156.25,3.4299896854048484,11.764829241983652
1176,Wimbledon,2022,Grass,2,1,1,1,0,,1,0,0,1,0,0,1,1,0,0,0,0,63.5,0.1298013245033113,13.0,0,0,0,0,0,0,0,13.5,30.0,117.0,1,Wimbledon_2022,0,1,182.25,-1.5700103145951516,2.464932387935167
1177,Wimbledon,2022,Grass,2,0,0,0,0,,0,0,0,1,0,0,1,1,0,0,0,0,235.0,0.1877559377559378,196.0,0,0,0,0,0,0,0,15.0,33.5,4.5,1,Wimbledon_2022,0,0,225.0,1.9299896854048484,3.7248601857691055
1178,Wimbledon,2022,Grass,3,0,0,0,0,,0,0,0,1,0,0,1,1,0,0,1,1,57.5,0.02046534024996172,15.0,0,0,0,0,0,0,0,14.0,33.5,1.5,1,Wimbledon_2022,0,0,196.0,1.9299896854048484,3.7248601857691055
1180,Wimbledon,2022,Grass,3,1,1,1,0,,1,1,0,1,0,1,1,1,0,0,0,0,68.0,0.1303181440338547,12.0,0,0,1,1,0,0,0,13.0,34.5,33.0,0,Wimbledon_2022,1,1,169.0,2.9299896854048484,8.584839556578803
1181,Wimbledon,2022,Grass,3,1,1,1,0,,0,0,0,1,0,0,1,1,0,1,1,1,99.5,0.194980694980695,25.0,0,0,0,0,0,0,0,14.5,33.5,18.0,1,Wimbledon_2022,0,0,210.25,1.9299896854048484,3.7248601857691055
1182,Wimbledon,2022,Grass,3,1,1,1,0,,1,0,0,1,0,0,1,1,0,0,0,0,95.0,0.02535196358632369,8.0,0,0,0,0,0,0,0,8.0,29.0,7.5,1,Wimbledon_2022,0,1,64.0,-2.5700103145951516,6.60495301712547
1183,Wimbledon,2022,Grass,3,1,1,1,0,,0,1,0,1,0,0,1,1,0,0,0,0,67.5,0.02383270455559611,23.0,0,0,0,1,0,0,0,7.0,29.0,32.5,1,Wimbledon_2022,1,1,49.0,-2.5700103145951516,6.60495301712547
1184,Wimbledon,2022,Grass,3,1,1,1,0,,0,0,0,1,0,0,1,1,0,0,0,0,69.5,0.1330438378825476,23.0,0,0,0,0,0,0,0,11.5,29.5,25.5,1,Wimbledon_2022,0,0,132.25,-2.0700103145951516,4.284942702530318
1185,Wimbledon,2022,Grass,3,1,1,1,0,,0,0,0,1,0,0,1,1,0,0,0,0,196.5,0.1853722409277965,59.0,0,0,0,0,0,0,0,11.5,30.5,15.5,1,Wimbledon_2022,0,0,132.25,-1.0700103145951516,1.1449220733400154
1186,Wimbledon,2022,Grass,3,0,0,0,0,,0,0,0,1,0,0,1,1,0,1,1,1,78.5,0.06001984126984139,23.0,0,0,0,0,0,0,0,5.0,25.0,12.0,1,Wimbledon_2022,0,0,25.0,-6.570010314595152,43.16503553388668
1187,Wimbledon,2022,Grass,3,1,1,0,0,,0,1,0,1,0,0,1,1,0,0,1,1,93.5,0.0688084392232079,1.0,0,0,0,0,0,0,0,1.0,30.5,492.5,1,Wimbledon_2022,0,0,1.0,-1.0700103145951516,1.1449220733400154
1188,Wimbledon,2022,Grass,3,1,1,1,0,,0,1,0,1,0,0,1,1,0,1,1,1,96.5,0.2653061224489796,3.0,0,0,0,0,0,1,0,7.0,29.5,33.0,1,Wimbledon_2022,0,0,49.0,-2.0700103145951516,4.284942702530318
1190,Wimbledon,2022,Grass,3,0,0,0,0,,0,0,0,1,0,0,1,1,0,0,0,0,46.0,0.01037440936383183,10.0,0,0,0,0,0,0,0,22.0,39.5,89.5,1,Wimbledon_2022,0,0,484.0,7.929989685404848,62.88473641062728
1191,Wimbledon,2022,Grass,3,1,1,1,0,,0,0,0,1,0,0,1,1,0,1,1,1,575.5,0.09999999999999998,87.0,0,0,0,0,0,0,0,1.0,20.0,29.5,1,Wimbledon_2022,0,0,1.0,-11.570010314595152,133.8651386798382
1192,Wimbledon,2022,Grass,3,0,0,0,0,,0,0,0,1,0,0,1,1,0,0,0,0,156.0,0.1666666666666666,86.0,0,0,0,0,0,0,0,4.0,24.0,37.5,1,Wimbledon_2022,0,0,16.0,-7.570010314595152,57.30505616307698
1193,Wimbledon,2022,Grass,3,0,0,0,0,,0,0,0,1,0,0,1,1,0,1,1,1,117.0,,22.0,0,0,0,0,0,0,0,18.0,40.0,4.5,1,Wimbledon_2022,0,0,324.0,8.429989685404848,71.06472609603213
1194,Wimbledon,2022,Grass,4,0,0,0,0,,0,0,0,1,0,1,1,1,0,0,0,0,41.0,0.08941016488186299,2.0,0,0,0,0,0,0,0,1.0,27.0,1.5,0,Wimbledon_2022,0,0,1.0,-4.570010314595152,20.884994275506077
1196,Wimbledon,2022,Grass,4,0,0,0,0,,0,0,0,1,0,0,1,1,0,0,0,0,7.5,0.0005411255411255089,1.0,0,0,0,0,0,0,0,12.0,33.0,32.5,1,Wimbledon_2022,0,0,144.0,1.4299896854048484,2.044870500364257
1197,Wimbledon,2022,Grass,4,1,1,1,0,,0,0,0,1,0,0,1,1,0,0,0,0,25.5,0.04913998809726816,9.0,0,0,0,0,0,0,0,19.5,38.0,15.5,1,Wimbledon_2022,0,0,380.25,6.429989685404848,41.34476735441274
1198,Wimbledon,2022,Grass,4,0,0,0,0,,0,0,0,1,0,0,1,1,0,0,0,0,492.5,0.2023350987000482,577.0,0,0,0,0,0,0,0,14.0,31.5,12.0,1,Wimbledon_2022,0,0,196.0,-0.07001031459515161,0.004901444149712099
1199,Wimbledon,2022,Grass,4,0,0,0,0,,0,0,0,1,0,0,1,1,0,0,1,1,33.0,0.01370293451951354,10.0,0,0,0,0,0,0,0,19.0,36.5,153.0,1,Wimbledon_2022,0,0,361.0,4.929989685404848,24.304798298198197
1200,Wimbledon,2022,Grass,4,1,1,1,0,,0,0,0,1,0,0,1,1,0,1,1,1,89.5,0.04200640652300514,35.0,0,0,0,0,0,0,0,15.0,33.0,29.5,1,Wimbledon_2022,0,0,225.0,1.4299896854048484,2.044870500364257
1201,Wimbledon,2022,Grass,4,1,1,1,0,,0,0,0,1,0,0,1,1,0,0,0,0,37.5,0.02743182053526882,11.0,0,0,0,0,0,0,0,10.5,31.0,4.5,1,Wimbledon_2022,0,0,110.25,-0.5700103145951516,0.3249117587448637
1202,Wimbledon,2022,Grass,5,1,1,1,0,,0,0,0,1,0,0,1,1,0,1,1,1,33.0,,30.0,0,0,0,1,0,0,0,22.0,40.0,1.5,1,Wimbledon_2022,1,1,484.0,8.429989685404848,71.06472609603213
1203,Wimbledon,2022,Grass,5,0,0,0,0,,0,0,0,1,0,0,1,1,0,0,0,0,15.5,0.01226670722707635,1.0,0,0,0,0,0,0,0,14.0,35.5,32.5,1,Wimbledon_2022,0,0,196.0,3.9299896854048484,15.4448189273885
1205,Wimbledon,2022,Grass,5,0,0,0,0,,0,0,0,1,0,0,1,1,0,1,1,1,29.5,0.08426573426573425,13.0,0,0,0,0,0,0,0,10.5,31.0,4.5,1,Wimbledon_2022,0,0,110.25,-0.5700103145951516,0.3249117587448637
1206,Wimbledon,2022,Grass,6,1,1,1,0,,1,0,0,1,0,1,1,1,0,0,1,1,1.5,0.06283712425079746,1.0,0,0,0,1,0,0,0,13.0,34.0,32.5,0,Wimbledon_2022,1,1,169.0,2.4299896854048484,5.904849871173954
1207,Wimbledon,2022,Grass,6,1,1,1,0,,0,0,1,1,0,1,1,1,0,1,1,1,12.0,0.006430370146846442,0.0,0,0,1,0,0,0,0,14.5,35.5,4.5,0,Wimbledon_2022,1,1,210.25,3.9299896854048484,15.4448189273885
1208,Wimbledon,2022,Grass,7,1,1,1,0,,0,0,1,1,0,0,1,1,0,1,1,1,4.5,0.03741686333404848,3.0,0,0,0,1,0,0,0,12.5,31.5,32.5,1,Wimbledon_2022,1,1,156.25,-0.07001031459515161,0.004901444149712099
1209,Australian Open,2023,Hard,2,0,0,0,0,,0,0,0,0,0,0,1,1,0,0,0,0,128.5,0.1197329995828118,101.0,0,0,0,0,0,0,0,9.0,30.0,3.0,1,Australian Open_2023,0,0,81.0,-1.5700103145951516,2.464932387935167
1210,Australian Open,2023,Hard,2,0,0,0,0,,0,0,0,0,0,0,1,1,0,0,0,0,424.5,0.0727272727272727,427.0,0,0,0,0,0,0,0,10.0,30.5,1.5,1,Australian Open_2023,0,0,100.0,-1.0700103145951516,1.1449220733400154
1211,Australian Open,2023,Hard,2,1,1,1,0,,0,0,0,0,0,0,1,1,0,0,0,0,451.0,0.06068416119962511,752.0,0,0,0,0,0,0,0,5.0,27.0,6.0,1,Australian Open_2023,0,0,25.0,-4.570010314595152,20.884994275506077
1212,Australian Open,2023,Hard,2,0,0,0,0,,0,0,0,0,0,0,1,1,0,1,1,1,41.0,0.01710058017649063,8.0,0,0,0,0,0,0,0,19.5,37.5,6.5,1,Australian Open_2023,0,0,380.25,5.929989685404848,35.16477766900789
1213,Australian Open,2023,Hard,2,1,1,1,0,,0,0,0,0,0,0,1,1,0,1,1,1,43.5,0.002501202501202449,5.0,0,0,0,0,0,0,0,7.0,30.0,11.5,1,Australian Open_2023,0,0,49.0,-1.5700103145951516,2.464932387935167
1214,Australian Open,2023,Hard,2,0,0,0,0,,0,0,0,0,0,0,1,1,0,0,0,0,461.5,0.2221478755436601,729.0,0,0,0,0,0,0,0,5.0,24.0,15.0,1,Australian Open_2023,0,0,25.0,-7.570010314595152,57.30505616307698
1215,Australian Open,2023,Hard,2,0,0,0,0,,0,0,0,0,0,0,1,1,0,0,0,1,80.0,0.0806531420089065,6.0,0,0,0,0,0,0,0,8.0,31.5,25.0,1,Australian Open_2023,0,0,64.0,-0.07001031459515161,0.004901444149712099
1216,Australian Open,2023,Hard,2,1,1,1,0,,0,0,0,1,0,0,1,1,0,0,0,0,570.0,,476.0,0,0,0,1,0,0,0,9.0,26.5,27.0,1,Australian Open_2023,1,1,81.0,-5.070010314595152,25.70500459010123
1217,Australian Open,2023,Hard,2,1,1,1,0,,0,0,0,1,0,0,1,1,0,1,1,1,82.0,0.0908258979638526,16.0,0,0,0,1,0,0,0,13.0,33.5,30.0,1,Australian Open_2023,1,1,169.0,1.9299896854048484,3.7248601857691055
1218,Australian Open,2023,Hard,2,0,0,0,0,,0,0,0,0,0,0,1,1,0,0,0,0,366.0,0.08298807281858134,376.0,1,0,0,0,0,0,0,14.0,31.5,31.0,1,Australian Open_2023,0,0,196.0,-0.07001031459515161,0.004901444149712099
1219,Australian Open,2023,Hard,2,0,0,0,0,,0,0,0,0,0,0,1,1,0,0,0,0,234.5,,13.0,0,0,0,0,0,0,0,13.0,30.0,31.5,1,Australian Open_2023,0,0,169.0,-1.5700103145951516,2.464932387935167
1220,Australian Open,2023,Hard,2,0,0,0,0,,0,0,0,1,0,0,1,1,0,0,0,0,32.5,0.04070512820512828,29.0,0,0,0,0,0,0,0,17.5,38.5,57.0,1,Australian Open_2023,0,0,306.25,6.929989685404848,48.02475703981759
1221,Australian Open,2023,Hard,2,0,0,0,0,,0,0,0,0,0,0,1,1,0,1,1,1,674.5,,1131.0,0,0,0,0,0,0,0,13.0,31.0,489.0,1,Australian Open_2023,0,0,169.0,-0.5700103145951516,0.3249117587448637
1222,Australian Open,2023,Hard,2,1,1,1,0,,0,0,0,0,0,0,1,1,0,1,1,1,977.0,,180.0,0,0,0,0,0,0,0,11.0,30.5,280.0,1,Australian Open_2023,0,0,121.0,-1.0700103145951516,1.1449220733400154
1223,Australian Open,2023,Hard,2,1,1,1,0,,0,0,0,1,0,1,1,1,0,0,1,1,93.5,,3.0,0,0,0,0,0,0,0,13.0,31.0,54.5,0,Australian Open_2023,0,0,169.0,-0.5700103145951516,0.3249117587448637
1224,Australian Open,2023,Hard,2,0,0,0,0,,0,0,0,1,0,1,1,1,0,1,1,1,98.0,0.1364454732510288,86.0,0,0,0,0,0,0,0,11.5,30.0,79.0,0,Australian Open_2023,0,0,132.25,-1.5700103145951516,2.464932387935167
1225,Australian Open,2023,Hard,2,0,0,0,0,,0,0,0,0,0,0,1,1,0,1,1,1,646.5,0.1825396825396825,661.0,0,0,0,0,0,0,0,13.0,30.5,63.5,1,Australian Open_2023,0,0,169.0,-1.0700103145951516,1.1449220733400154
1226,Australian Open,2023,Hard,2,1,1,1,0,,0,0,0,0,0,0,1,1,0,0,0,0,102.5,0.03191489361702127,71.0,1,0,0,0,0,0,0,8.5,29.0,436.5,1,Australian Open_2023,0,0,72.25,-2.5700103145951516,6.60495301712547
1227,Australian Open,2023,Hard,2,1,1,1,0,,1,0,0,1,0,1,1,1,0,1,1,1,51.5,0.006165839829907926,1.0,0,0,1,0,0,0,0,9.5,31.0,89.0,0,Australian Open_2023,1,1,90.25,-0.5700103145951516,0.3249117587448637
1228,Australian Open,2023,Hard,2,0,0,0,0,,0,0,0,0,0,0,1,1,0,1,1,1,24.5,0.07673039392159464,3.0,0,0,0,0,0,0,0,19.5,37.0,58.5,1,Australian Open_2023,0,0,380.25,5.429989685404848,29.484787983603045
1229,Australian Open,2023,Hard,2,0,0,0,0,,0,0,0,0,0,0,1,1,0,0,1,1,21.5,0.02406384127065708,5.0,0,0,0,0,0,0,0,18.5,39.5,52.0,1,Australian Open_2023,0,0,342.25,7.929989685404848,62.88473641062728
1230,Australian Open,2023,Hard,2,0,0,0,0,,0,0,0,0,0,0,1,1,0,1,1,1,178.5,0.2597402597402597,37.0,0,0,0,0,0,0,0,1.0,24.5,54.0,1,Australian Open_2023,0,0,1.0,-7.070010314595152,49.98504584848183
1231,Australian Open,2023,Hard,2,0,0,0,0,,0,0,0,0,0,0,1,1,0,1,1,1,138.0,0.1160209846650525,22.0,0,0,0,0,0,0,0,15.0,31.0,206.0,1,Australian Open_2023,0,0,225.0,-0.5700103145951516,0.3249117587448637
1232,Australian Open,2023,Hard,2,1,1,1,0,,0,0,0,0,0,0,1,1,0,0,0,0,244.5,0.1388406803193335,319.0,1,0,0,0,0,0,0,9.5,27.5,105.0,1,Australian Open_2023,0,0,90.25,-4.070010314595152,16.564983960910926
1233,Australian Open,2023,Hard,2,1,1,1,0,,0,0,0,0,0,0,1,1,0,0,0,1,61.0,0.2175528873642081,82.0,0,0,0,0,0,0,0,13.0,36.0,220.0,1,Australian Open_2023,0,0,169.0,4.429989685404848,19.62480861279335
1234,Australian Open,2023,Hard,2,1,1,1,0,,0,0,0,0,0,0,1,1,0,1,1,1,222.5,0.03497023809523811,27.0,0,0,0,0,0,0,0,5.5,24.5,938.5,1,Australian Open_2023,0,0,30.25,-7.070010314595152,49.98504584848183
1235,Australian Open,2023,Hard,2,0,0,0,0,,0,0,0,0,0,0,1,1,0,1,1,1,444.5,0.09012539184952978,223.0,0,0,0,0,0,0,0,12.0,30.5,254.5,1,Australian Open_2023,0,0,144.0,-1.0700103145951516,1.1449220733400154
1236,Australian Open,2023,Hard,2,1,1,1,0,,0,0,0,1,0,0,1,1,0,0,0,0,9.5,0.02692944392196983,1.0,0,0,0,0,0,0,0,15.0,35.5,100.5,1,Australian Open_2023,0,0,225.0,3.9299896854048484,15.4448189273885
1237,Australian Open,2023,Hard,2,1,1,1,0,,0,0,0,1,0,1,1,1,0,0,0,0,30.0,0.08941016488186299,2.0,0,0,1,0,0,0,0,1.0,28.0,38.0,0,Australian Open_2023,1,1,1.0,-3.5700103145951516,12.744973646315774
1238,Australian Open,2023,Hard,2,0,0,0,0,,0,0,0,0,0,0,1,1,0,0,0,1,452.0,0.08475056689342397,730.0,0,0,0,0,0,0,0,11.5,32.0,671.0,1,Australian Open_2023,0,0,132.25,0.4299896854048484,0.1848911295545605
1239,Australian Open,2023,Hard,2,0,0,0,0,,0,0,0,0,0,0,1,1,0,0,0,0,70.5,0.06999796107216227,3.0,0,0,0,0,0,0,0,16.0,36.0,243.0,1,Australian Open_2023,0,0,256.0,4.429989685404848,19.62480861279335
1240,Australian Open,2023,Hard,2,0,0,0,0,,0,0,0,1,0,1,1,1,0,0,0,0,75.5,0.005940594059406001,27.0,0,0,0,0,0,0,0,13.5,32.5,108.0,0,Australian Open_2023,0,0,182.25,0.9299896854048484,0.8648808149594088
1241,Australian Open,2023,Hard,3,1,1,1,0,,1,0,0,1,0,0,1,1,0,1,1,1,108.0,0.1028622540250447,70.0,0,0,0,0,0,0,0,5.5,24.0,3.0,1,Australian Open_2023,0,1,30.25,-7.570010314595152,57.30505616307698
1242,Australian Open,2023,Hard,3,1,1,1,0,,0,0,0,1,0,0,1,1,0,1,1,1,671.0,0.1836734693877552,806.0,0,0,0,0,0,0,0,7.0,25.0,1.5,1,Australian Open_2023,0,0,49.0,-6.570010314595152,43.16503553388668
1243,Australian Open,2023,Hard,3,1,1,1,0,,0,0,0,0,0,0,1,1,0,1,1,1,254.5,0.1664133738601824,369.0,0,0,0,0,0,0,0,9.0,29.5,6.0,1,Australian Open_2023,0,0,81.0,-2.0700103145951516,4.284942702530318
1244,Australian Open,2023,Hard,3,1,1,1,0,,0,0,0,1,0,1,1,1,0,0,0,0,89.0,0.1536732929991357,72.0,0,0,0,0,0,0,0,13.0,31.0,15.0,0,Australian Open_2023,0,0,169.0,-0.5700103145951516,0.3249117587448637
1245,Australian Open,2023,Hard,3,0,0,0,0,,0,0,0,1,0,1,1,1,0,1,1,1,54.0,0.07626262626262631,10.0,0,0,0,0,0,0,0,18.0,36.0,27.0,0,Australian Open_2023,0,0,324.0,4.429989685404848,19.62480861279335
1246,Australian Open,2023,Hard,3,1,1,1,0,,0,0,0,0,0,0,1,1,0,0,0,0,206.0,0.02664796633941102,276.0,0,0,0,0,0,0,0,6.0,28.0,30.0,1,Australian Open_2023,0,0,36.0,-3.5700103145951516,12.744973646315774
1247,Australian Open,2023,Hard,3,1,1,1,0,,0,0,0,0,0,0,1,1,0,1,1,1,63.5,0.03399052079535569,1.0,0,0,0,0,0,0,0,1.0,27.0,31.5,1,Australian Open_2023,0,0,1.0,-4.570010314595152,20.884994275506077
1248,Australian Open,2023,Hard,3,0,0,0,0,,0,0,0,0,0,0,1,1,0,1,1,1,6.5,0.03741686333404848,3.0,0,0,0,0,0,0,0,13.5,32.5,489.0,1,Australian Open_2023,0,0,182.25,0.9299896854048484,0.8648808149594088
1249,Australian Open,2023,Hard,3,1,1,1,0,,1,0,0,1,0,1,1,1,0,0,1,1,57.0,0.01272108843537406,18.0,0,0,1,0,0,0,0,15.5,35.0,280.0,0,Australian Open_2023,1,1,240.25,3.4299896854048484,11.764829241983652
1250,Australian Open,2023,Hard,3,1,1,1,0,,0,0,0,0,0,0,1,1,0,0,1,1,25.0,0.01544027954839367,20.0,0,0,0,0,0,0,0,16.5,36.5,54.5,1,Australian Open_2023,0,0,272.25,4.929989685404848,24.304798298198197
1251,Australian Open,2023,Hard,3,1,1,1,0,,0,0,0,0,0,0,1,1,0,0,0,0,31.0,0.06491057180162063,2.0,0,0,0,0,0,0,0,21.5,40.0,79.0,1,Australian Open_2023,0,0,462.25,8.429989685404848,71.06472609603213
1252,Australian Open,2023,Hard,3,0,0,0,0,,0,0,0,0,0,0,1,1,0,1,1,1,100.5,,1.0,0,0,0,0,0,0,0,1.0,33.0,436.5,1,Australian Open_2023,0,0,1.0,1.4299896854048484,2.044870500364257
1253,Australian Open,2023,Hard,3,0,0,0,0,,0,0,0,0,0,0,1,1,0,1,1,1,58.5,0.008230452674897193,3.0,0,0,0,0,0,0,0,1.0,30.5,105.0,1,Australian Open_2023,0,0,1.0,-1.0700103145951516,1.1449220733400154
1254,Australian Open,2023,Hard,3,0,0,0,0,,0,0,0,1,0,1,1,1,0,0,0,0,11.5,0.02743182053526882,1.0,0,0,0,0,0,0,0,11.5,32.0,220.0,0,Australian Open_2023,0,0,132.25,0.4299896854048484,0.1848911295545605
1255,Australian Open,2023,Hard,3,0,0,0,0,,0,0,0,0,0,0,1,1,0,1,1,1,52.0,0.01985049455307897,4.0,0,0,0,0,0,0,0,8.5,26.5,938.5,1,Australian Open_2023,0,0,72.25,-5.070010314595152,25.70500459010123
1256,Australian Open,2023,Hard,3,1,1,0,0,,1,0,0,1,0,1,1,1,0,1,1,1,243.0,0.04750475047504754,420.0,0,0,0,0,0,0,0,8.5,27.0,38.0,0,Australian Open_2023,0,1,72.25,-4.570010314595152,20.884994275506077
1257,Australian Open,2023,Hard,4,0,0,0,0,,0,0,0,0,0,0,1,1,0,0,0,0,79.0,0.04537805538917883,6.0,0,0,0,0,0,0,0,20.5,38.0,3.0,1,Australian Open_2023,0,0,420.25,6.429989685404848,41.34476735441274
1258,Australian Open,2023,Hard,4,1,1,1,0,,0,0,0,0,0,0,1,1,0,1,1,1,31.5,0.03194616977225673,21.0,0,0,0,0,0,0,0,19.5,38.0,6.0,1,Australian Open_2023,0,0,380.25,6.429989685404848,41.34476735441274
1259,Australian Open,2023,Hard,4,1,1,1,0,,0,0,0,0,0,0,1,1,0,1,1,1,105.0,0.08257713248638843,98.0,0,0,0,0,0,0,0,14.5,33.5,15.0,1,Australian Open_2023,0,0,210.25,1.9299896854048484,3.7248601857691055
1260,Australian Open,2023,Hard,4,0,0,0,0,,0,0,0,0,0,0,1,1,0,1,1,1,489.0,0.01331478537360903,816.0,0,0,0,0,0,0,0,11.5,29.5,30.0,1,Australian Open_2023,0,0,132.25,-2.0700103145951516,4.284942702530318
1261,Australian Open,2023,Hard,4,1,1,1,0,,0,0,0,1,0,0,1,1,0,1,1,1,27.0,0.006430370146846442,0.0,0,0,0,1,0,0,0,15.5,36.5,280.0,1,Australian Open_2023,1,1,240.25,4.929989685404848,24.304798298198197
1262,Australian Open,2023,Hard,4,1,1,1,0,,0,0,0,0,0,0,1,1,0,0,0,0,938.5,0.2,237.0,1,0,0,0,0,0,0,5.5,24.0,436.5,1,Australian Open_2023,0,0,30.25,-7.570010314595152,57.30505616307698
1263,Australian Open,2023,Hard,4,1,1,1,0,,0,0,0,1,0,1,1,1,0,0,0,0,54.5,0.01229159687685211,21.0,0,0,0,0,0,0,0,12.5,33.5,220.0,0,Australian Open_2023,0,0,156.25,1.9299896854048484,3.7248601857691055
1264,Australian Open,2023,Hard,4,1,1,1,0,,0,0,0,1,0,1,1,1,0,0,1,1,1.5,0.06283712425079746,1.0,0,0,1,0,0,0,0,14.0,35.0,38.0,0,Australian Open_2023,1,1,196.0,3.4299896854048484,11.764829241983652
1265,Australian Open,2023,Hard,5,1,1,1,0,,0,0,0,1,0,0,1,1,0,0,0,0,30.0,0.04631816781349496,16.0,0,0,0,1,0,0,0,11.0,34.0,15.0,1,Australian Open_2023,1,1,121.0,2.4299896854048484,5.904849871173954
1266,Australian Open,2023,Hard,5,1,1,0,0,,1,0,0,1,0,0,1,1,0,0,0,0,6.0,0.05669137352422804,0.0,0,0,0,0,0,0,0,15.5,37.5,436.5,1,Australian Open_2023,0,1,240.25,5.929989685404848,35.16477766900789
1267,Australian Open,2023,Hard,5,0,0,0,0,,0,0,0,0,0,0,1,1,0,0,0,0,3.0,0.0005411255411255089,0.0,0,0,0,0,0,0,0,13.0,34.0,220.0,1,Australian Open_2023,0,0,169.0,2.4299896854048484,5.904849871173954
1268,Australian Open,2023,Hard,5,0,0,0,0,,0,0,0,0,0,0,1,1,0,1,1,1,280.0,0.1606512890094979,150.0,0,0,0,0,0,0,0,6.5,27.5,38.0,1,Australian Open_2023,0,0,42.25,-4.070010314595152,16.564983960910926
1269,Australian Open,2023,Hard,6,0,0,0,0,,0,0,0,0,0,0,1,1,0,0,1,1,15.0,0.01057318491443759,2.0,0,0,0,0,0,0,0,20.0,37.5,220.0,1,Australian Open_2023,0,0,400.0,5.929989685404848,35.16477766900789
1270,Australian Open,2023,Hard,6,0,0,0,0,,0,0,0,1,0,0,1,1,0,1,1,1,436.5,0.02179137210984344,757.0,0,0,0,0,0,0,0,17.5,36.5,38.0,1,Australian Open_2023,0,0,306.25,4.929989685404848,24.304798298198197
1271,Australian Open,2023,Hard,7,1,1,1,0,,0,0,0,0,0,0,1,1,0,0,0,0,38.0,0.04232018933771908,4.0,0,0,0,0,0,0,0,8.5,29.5,220.0,1,Australian Open_2023,0,0,72.25,-2.0700103145951516,4.284942702530318
1272,Roland Garros,2023,Clay,2,1,1,1,0,,0,0,0,0,0,0,1,1,0,0,0,0,68.0,0.1038733639900956,26.0,0,0,0,0,0,0,0,14.0,35.0,1.0,1,Roland Garros_2023,0,0,196.0,3.4299896854048484,11.764829241983652
1273,Roland Garros,2023,Clay,2,0,0,0,0,,0,0,0,1,0,1,1,1,0,0,0,0,614.0,,780.0,0,0,0,0,0,0,0,15.0,31.5,3.5,0,Roland Garros_2023,0,0,225.0,-0.07001031459515161,0.004901444149712099
1274,Roland Garros,2023,Clay,2,1,1,0,0,,1,0,0,1,0,0,1,1,0,1,1,1,137.0,0.1028622540250447,44.0,0,0,0,0,0,0,0,5.5,24.0,6.0,1,Roland Garros_2023,0,1,30.25,-7.570010314595152,57.30505616307698
1275,Roland Garros,2023,Clay,2,1,1,1,0,,1,0,0,1,0,0,1,1,0,1,1,1,464.0,0.2047233987934797,772.0,0,0,0,0,0,0,0,9.5,29.0,6.5,1,Roland Garros_2023,0,1,90.25,-2.5700103145951516,6.60495301712547
1276,Roland Garros,2023,Clay,2,1,1,1,0,,0,0,0,1,0,0,1,1,0,1,1,1,34.5,0.01985049455307897,1.0,0,0,0,0,0,0,0,8.5,26.5,10.0,1,Roland Garros_2023,0,0,72.25,-5.070010314595152,25.70500459010123
1278,Roland Garros,2023,Clay,2,0,0,0,0,,0,0,0,0,0,0,1,1,0,0,0,0,67.5,0.01267281105990792,11.0,0,0,0,0,0,0,0,7.0,30.0,17.0,1,Roland Garros_2023,0,0,49.0,-1.5700103145951516,2.464932387935167
1279,Roland Garros,2023,Clay,2,0,0,0,0,,0,0,0,0,0,0,1,1,0,1,1,1,152.5,0.06233062330623312,71.0,0,0,0,0,0,0,0,8.0,26.0,21.0,1,Roland Garros_2023,0,0,64.0,-5.570010314595152,31.02501490469638
1280,Roland Garros,2023,Clay,2,0,0,0,0,,0,0,0,0,0,0,1,1,0,0,0,0,357.5,0.1725490196078432,537.0,0,0,0,0,0,0,0,11.0,28.5,24.5,1,Roland Garros_2023,0,0,121.0,-3.0700103145951516,9.424963331720623
1281,Roland Garros,2023,Clay,2,0,0,0,0,,0,0,0,0,0,0,1,1,0,0,0,0,350.5,0.005347593582887722,385.0,0,0,0,0,0,0,0,10.0,28.5,26.0,1,Roland Garros_2023,0,0,100.0,-3.0700103145951516,9.424963331720623
1282,Roland Garros,2023,Clay,2,1,1,1,0,,0,0,0,0,0,0,1,1,0,0,1,1,74.5,0.1243614748769388,69.0,0,0,0,0,0,0,0,1.0,29.5,27.5,1,Roland Garros_2023,0,0,1.0,-2.0700103145951516,4.284942702530318
1283,Roland Garros,2023,Clay,2,1,1,0,0,,1,0,0,1,0,0,1,1,0,1,1,1,66.0,0.02179137210984344,90.0,0,0,0,0,0,0,0,17.5,36.5,27.5,1,Roland Garros_2023,0,1,306.25,4.929989685404848,24.304798298198197
1284,Roland Garros,2023,Clay,2,1,1,1,0,,1,0,0,1,0,1,1,1,0,0,0,0,50.5,0.008816055100344444,43.0,0,0,0,0,0,0,0,18.0,36.5,53.5,0,Roland Garros_2023,0,1,324.0,4.929989685404848,24.304798298198197
1285,Roland Garros,2023,Clay,2,0,0,0,0,,0,0,0,1,0,0,1,1,0,1,1,1,625.5,0.05797101449275366,247.0,0,0,0,0,0,0,0,2.0,19.5,152.5,1,Roland Garros_2023,0,0,4.0,-12.070010314595152,145.68514899443335
1286,Roland Garros,2023,Clay,2,0,0,0,0,,0,0,0,1,0,1,1,1,0,1,1,1,80.5,0.1319148936170212,35.0,0,0,0,0,0,0,0,13.0,28.0,75.0,0,Roland Garros_2023,0,0,169.0,-3.5700103145951516,12.744973646315774
1287,Roland Garros,2023,Clay,2,1,1,1,0,,0,0,0,0,0,0,1,1,0,1,1,1,560.5,0.09012539184952978,1.0,1,0,0,0,0,0,0,12.0,30.5,77.5,1,Roland Garros_2023,0,0,144.0,-1.0700103145951516,1.1449220733400154
1288,Roland Garros,2023,Clay,2,0,0,0,0,,0,0,0,0,0,0,1,1,0,1,1,1,191.0,0.11727078891258,76.0,0,0,0,0,0,0,0,7.5,28.0,75.5,1,Roland Garros_2023,0,0,56.25,-3.5700103145951516,12.744973646315774
1289,Roland Garros,2023,Clay,2,1,1,1,0,,0,0,0,1,0,0,1,1,0,0,0,0,129.0,0.04540703751016129,98.0,0,0,0,0,0,0,0,12.0,30.0,49.0,1,Roland Garros_2023,0,0,144.0,-1.5700103145951516,2.464932387935167
1290,Roland Garros,2023,Clay,2,0,0,0,0,,0,0,0,0,0,0,1,1,0,1,1,1,143.5,0.2899047619047619,133.0,0,0,0,0,0,0,0,9.5,28.0,55.0,1,Roland Garros_2023,0,0,90.25,-3.5700103145951516,12.744973646315774
1291,Roland Garros,2023,Clay,2,1,1,1,0,,0,0,0,0,0,0,1,1,0,1,1,1,30.0,0.03450549450549456,6.0,1,0,0,0,0,0,0,7.0,26.0,47.5,1,Roland Garros_2023,0,0,49.0,-5.570010314595152,31.02501490469638
1292,Roland Garros,2023,Clay,2,0,0,0,0,,0,0,0,1,0,1,1,1,0,1,1,1,524.5,0.02272727272727271,143.0,0,0,0,0,0,0,0,2.0,19.5,1008.5,0,Roland Garros_2023,0,0,4.0,-12.070010314595152,145.68514899443335
1293,Roland Garros,2023,Clay,2,0,0,0,0,,0,0,0,0,0,0,1,1,0,1,1,1,184.5,0.08257713248638843,189.0,0,0,0,0,0,0,0,14.5,33.5,224.0,1,Roland Garros_2023,0,0,210.25,1.9299896854048484,3.7248601857691055
1294,Roland Garros,2023,Clay,2,1,1,1,0,,0,0,0,0,0,0,1,1,0,0,1,1,13.0,0.02406384127065708,8.0,0,0,0,0,0,0,0,18.5,39.5,46.0,1,Roland Garros_2023,0,0,342.25,7.929989685404848,62.88473641062728
1295,Roland Garros,2023,Clay,2,1,1,1,0,,0,0,0,0,0,0,1,1,0,0,1,1,187.5,0.03850050658561288,181.0,0,0,0,0,0,0,0,8.5,30.5,469.5,1,Roland Garros_2023,0,0,72.25,-1.0700103145951516,1.1449220733400154
1296,Roland Garros,2023,Clay,2,0,0,0,0,,0,0,0,0,0,0,1,1,0,1,1,1,14.0,0.03741686333404848,2.0,0,0,0,0,0,0,0,13.5,32.5,41.5,1,Roland Garros_2023,0,0,182.25,0.9299896854048484,0.8648808149594088
1297,Roland Garros,2023,Clay,2,1,1,0,0,,1,0,0,1,0,1,1,1,0,1,1,1,218.0,0.0790823211875844,358.0,0,0,0,0,0,0,0,18.0,36.5,309.0,0,Roland Garros_2023,0,1,324.0,4.929989685404848,24.304798298198197
1298,Roland Garros,2023,Clay,2,1,1,1,0,,0,0,0,1,0,0,1,1,0,0,0,0,56.5,0.1536732929991357,25.0,0,0,0,1,0,0,0,13.0,31.0,306.0,1,Roland Garros_2023,1,1,169.0,-0.5700103145951516,0.3249117587448637
1299,Roland Garros,2023,Clay,2,0,0,0,0,,0,0,0,0,0,0,1,1,0,1,1,1,84.0,,4.0,0,0,0,0,0,0,0,1.0,33.0,505.0,1,Roland Garros_2023,0,0,1.0,1.4299896854048484,2.044870500364257
1300,Roland Garros,2023,Clay,2,0,0,0,0,,0,0,0,0,0,0,1,1,0,0,0,0,347.0,,114.0,0,0,0,0,0,0,0,12.0,28.5,100.5,1,Roland Garros_2023,0,0,144.0,-3.0700103145951516,9.424963331720623
1301,Roland Garros,2023,Clay,2,0,0,0,0,,0,0,0,1,0,1,1,1,0,0,0,0,109.0,0.1666666666666666,36.0,1,0,0,0,0,0,0,4.0,24.5,40.0,0,Roland Garros_2023,0,0,16.0,-7.070010314595152,49.98504584848183
1302,Roland Garros,2023,Clay,2,0,0,0,0,,0,0,0,1,0,1,1,1,0,1,1,1,31.5,0.002501202501202449,1.0,0,0,0,0,0,0,0,7.0,30.0,70.5,0,Roland Garros_2023,0,0,49.0,-1.5700103145951516,2.464932387935167
1303,Roland Garros,2023,Clay,2,0,0,0,0,,0,0,0,1,0,1,1,1,0,1,1,1,49.0,0.03399052079535569,2.0,0,0,0,0,0,0,0,1.0,27.0,97.0,0,Roland Garros_2023,0,0,1.0,-4.570010314595152,20.884994275506077
1304,Roland Garros,2023,Clay,3,0,0,0,0,,0,0,0,0,0,0,1,1,0,0,0,0,1008.5,0.1547619047619047,323.0,0,0,0,0,0,0,0,8.0,26.0,1.0,1,Roland Garros_2023,0,0,64.0,-5.570010314595152,31.02501490469638
1306,Roland Garros,2023,Clay,3,0,0,0,0,,0,0,0,0,0,0,1,1,0,0,0,1,75.0,0.04591836734693877,8.0,0,0,0,0,0,0,0,11.0,33.5,6.0,1,Roland Garros_2023,0,0,121.0,1.9299896854048484,3.7248601857691055
1307,Roland Garros,2023,Clay,3,0,0,0,0,,0,0,0,0,0,0,1,1,0,0,0,0,306.0,,30.0,1,0,0,0,0,0,0,8.0,27.5,6.5,1,Roland Garros_2023,0,0,64.0,-4.070010314595152,16.564983960910926
1308,Roland Garros,2023,Clay,3,1,1,1,0,,0,0,0,0,0,0,1,1,0,0,0,0,505.0,0.1160042964554242,96.0,1,0,0,0,0,0,0,8.0,26.5,10.0,1,Roland Garros_2023,0,0,64.0,-5.070010314595152,25.70500459010123
1309,Roland Garros,2023,Clay,3,0,0,0,0,,0,0,0,0,0,0,1,1,0,1,1,1,75.5,0.0908258979638526,1.0,0,0,0,0,0,0,0,13.0,33.5,17.0,1,Roland Garros_2023,0,0,169.0,1.9299896854048484,3.7248601857691055
1310,Roland Garros,2023,Clay,3,0,0,0,0,,0,0,0,0,0,0,1,1,0,1,1,1,49.0,0.07673039392159464,6.0,0,0,0,0,0,0,0,19.5,37.0,21.0,1,Roland Garros_2023,0,0,380.25,5.429989685404848,29.484787983603045
1311,Roland Garros,2023,Clay,3,0,0,0,0,,0,0,0,0,0,0,1,1,0,0,0,0,53.5,0.02483682781724711,5.0,0,0,0,0,0,0,0,14.0,31.5,24.5,1,Roland Garros_2023,0,0,196.0,-0.07001031459515161,0.004901444149712099
1312,Roland Garros,2023,Clay,3,0,0,0,0,,0,0,0,0,0,0,1,1,0,1,1,1,469.5,0.0676470588235294,713.0,0,0,0,0,0,0,0,9.0,27.0,26.0,1,Roland Garros_2023,0,0,81.0,-4.570010314595152,20.884994275506077
1313,Roland Garros,2023,Clay,3,0,0,0,0,,0,0,0,0,0,0,1,1,0,1,1,1,55.0,0.006430370146846442,12.0,0,0,0,0,0,0,0,15.5,36.5,27.5,1,Roland Garros_2023,0,0,240.25,4.929989685404848,24.304798298198197
1314,Roland Garros,2023,Clay,3,1,1,1,0,,0,0,0,1,0,0,1,1,0,1,1,1,309.0,0.2180397727272727,500.0,0,0,0,0,0,0,0,8.0,29.0,27.5,1,Roland Garros_2023,0,0,64.0,-2.5700103145951516,6.60495301712547
1315,Roland Garros,2023,Clay,3,0,0,0,0,,0,0,0,0,0,0,1,1,0,0,1,1,97.0,0.166587140641775,88.0,0,0,0,0,0,0,0,4.0,23.0,47.5,1,Roland Garros_2023,0,0,16.0,-8.570010314595152,73.44507679226729
1316,Roland Garros,2023,Clay,3,0,0,0,0,,0,0,0,0,0,0,1,1,0,1,1,1,152.5,0.3473684210526316,29.0,0,0,0,0,0,0,0,1.0,23.5,46.0,1,Roland Garros_2023,0,0,1.0,-8.070010314595152,65.12506647767214
1317,Roland Garros,2023,Clay,3,0,0,0,0,,0,0,0,0,0,0,1,1,0,0,0,0,100.5,0.02725886389630189,11.0,0,0,0,0,0,0,0,14.0,29.5,41.5,1,Roland Garros_2023,0,0,196.0,-2.0700103145951516,4.284942702530318
1318,Roland Garros,2023,Clay,3,1,1,1,0,,0,0,0,0,0,0,1,1,0,0,0,0,13.0,0.04232018933771908,2.0,0,0,0,0,0,0,0,8.5,29.5,40.0,1,Roland Garros_2023,0,0,72.25,-2.0700103145951516,4.284942702530318
1319,Roland Garros,2023,Clay,3,0,0,0,0,,0,0,0,1,0,0,1,1,0,0,0,0,77.5,0.04950617283950615,19.0,0,0,0,0,0,0,0,14.0,31.5,70.5,1,Roland Garros_2023,0,0,196.0,-0.07001031459515161,0.004901444149712099
1320,Roland Garros,2023,Clay,4,0,0,0,0,,0,0,0,0,0,0,1,1,0,0,0,0,70.5,0.08395839583958387,7.0,0,0,0,0,0,0,0,15.5,36.0,1.0,1,Roland Garros_2023,0,0,240.25,4.429989685404848,19.62480861279335
1321,Roland Garros,2023,Clay,4,0,0,0,0,,0,0,0,0,0,0,1,1,0,0,1,1,27.5,0.01544027954839367,17.0,0,0,0,0,0,0,0,16.5,36.5,6.0,1,Roland Garros_2023,0,0,272.25,4.929989685404848,24.304798298198197
1322,Roland Garros,2023,Clay,4,1,1,1,0,,0,0,0,1,0,1,1,1,0,0,1,1,47.5,0.0328223270440251,19.0,0,0,1,0,0,0,0,8.0,26.5,6.5,0,Roland Garros_2023,1,1,64.0,-5.070010314595152,25.70500459010123
1323,Roland Garros,2023,Clay,4,0,0,0,0,,0,0,0,0,0,0,1,1,0,0,0,0,40.0,0.008171835575186859,6.0,0,0,0,0,0,0,0,18.5,37.5,21.0,1,Roland Garros_2023,0,0,342.25,5.929989685404848,35.16477766900789
1324,Roland Garros,2023,Clay,4,1,1,1,0,,0,0,0,0,0,0,1,1,0,1,1,1,46.0,0.008230452674897193,2.0,0,0,0,0,0,0,0,1.0,30.5,24.5,1,Roland Garros_2023,0,0,1.0,-1.0700103145951516,1.1449220733400154
1325,Roland Garros,2023,Clay,4,0,0,0,0,,0,0,0,0,0,0,1,1,0,0,0,0,10.0,0.02743182053526882,0.0,0,0,0,0,0,0,0,11.5,32.0,26.0,1,Roland Garros_2023,0,0,132.25,0.4299896854048484,0.1848911295545605
1326,Roland Garros,2023,Clay,4,0,0,0,0,,0,0,0,1,0,0,1,1,0,0,1,1,3.5,0.06283712425079746,1.0,0,0,0,0,0,0,0,14.0,35.0,27.5,1,Roland Garros_2023,0,0,196.0,3.4299896854048484,11.764829241983652
1327,Roland Garros,2023,Clay,4,1,1,1,0,,1,0,0,1,0,0,1,1,0,0,0,0,17.0,0.06491057180162063,2.0,0,0,0,1,0,0,0,21.5,40.0,41.5,1,Roland Garros_2023,1,1,462.25,8.429989685404848,71.06472609603213
1328,Roland Garros,2023,Clay,5,1,1,1,0,,0,0,0,1,0,0,1,1,0,1,1,1,24.5,0.02310606060606069,3.0,0,0,0,0,0,0,0,12.5,33.5,6.5,1,Roland Garros_2023,0,0,156.25,1.9299896854048484,3.7248601857691055
1329,Roland Garros,2023,Clay,5,1,1,1,0,,0,0,0,0,0,0,1,1,0,0,0,0,1.0,0.0005411255411255089,0.0,0,0,0,0,0,0,0,13.0,34.0,21.0,1,Roland Garros_2023,0,0,169.0,2.4299896854048484,5.904849871173954
1330,Roland Garros,2023,Clay,5,1,1,1,0,,0,0,0,0,0,0,1,1,0,0,0,0,6.0,0.05669137352422804,0.0,0,0,0,0,0,0,0,15.5,37.5,26.0,1,Roland Garros_2023,0,0,240.25,5.929989685404848,35.16477766900789
1331,Roland Garros,2023,Clay,5,1,1,1,0,,0,0,0,0,0,0,1,1,0,1,1,1,27.5,0.01710058017649063,5.0,0,0,0,0,0,0,0,19.5,37.5,41.5,1,Roland Garros_2023,0,0,380.25,5.929989685404848,35.16477766900789
1332,Roland Garros,2023,Clay,6,1,1,1,0,,0,0,0,0,0,0,1,1,0,0,1,1,21.0,0.01057318491443759,2.0,0,0,0,0,0,0,0,20.0,37.5,6.5,1,Roland Garros_2023,0,0,400.0,5.929989685404848,35.16477766900789
1333,Roland Garros,2023,Clay,6,0,0,0,0,,0,0,0,0,0,0,1,1,0,0,0,0,26.0,0.01889632107023409,4.0,0,0,0,0,0,0,0,15.5,36.5,41.5,1,Roland Garros_2023,0,0,240.25,4.929989685404848,24.304798298198197
1334,Roland Garros,2023,Clay,7,0,0,0,0,,0,0,0,0,0,0,1,1,0,1,1,1,41.5,0.006165839829907926,1.0,0,0,0,0,0,0,0,9.5,31.0,6.5,1,Roland Garros_2023,0,0,90.25,-0.5700103145951516,0.3249117587448637
1335,US Open,2023,Hard,2,1,1,1,0,,0,0,0,0,0,0,1,1,0,1,1,1,168.0,0.07716580608146867,176.0,1,0,0,0,0,0,0,3.5,24.0,1.5,1,US Open_2023,0,0,12.25,-7.570010314595152,57.30505616307698
1336,US Open,2023,Hard,2,0,0,0,0,,0,0,0,1,0,0,1,1,0,1,1,1,460.5,0.0,125.0,0,0,0,0,0,0,0,1.0,19.0,58.5,1,US Open_2023,0,0,1.0,-12.570010314595152,158.0051593090285
1337,US Open,2023,Hard,2,1,1,1,0,,1,0,0,1,0,0,1,1,0,0,0,0,73.5,0.04751279695498101,15.0,1,0,0,1,0,0,0,12.5,32.5,57.0,1,US Open_2023,1,1,156.25,0.9299896854048484,0.8648808149594088
1338,US Open,2023,Hard,2,0,0,0,0,,0,0,0,0,0,0,1,1,0,1,1,1,337.0,0.1707097933513028,504.0,0,0,0,0,0,0,0,10.0,29.5,30.5,1,US Open_2023,0,0,100.0,-2.0700103145951516,4.284942702530318
1339,US Open,2023,Hard,2,1,1,0,0,,1,0,0,1,0,0,1,1,0,1,1,1,18.5,0.02310606060606069,11.0,0,0,0,0,0,0,0,12.5,33.5,327.0,1,US Open_2023,0,1,156.25,1.9299896854048484,3.7248601857691055
1340,US Open,2023,Hard,2,0,0,0,0,,0,0,0,0,0,0,1,1,0,1,1,1,127.5,,11.0,0,0,0,0,0,0,0,6.5,29.5,60.0,1,US Open_2023,0,0,42.25,-2.0700103145951516,4.284942702530318
1341,US Open,2023,Hard,2,0,0,0,0,,0,0,0,0,0,0,1,1,0,1,1,1,404.0,0.2857142857142857,252.0,0,0,0,0,0,0,0,3.0,25.5,437.5,1,US Open_2023,0,0,9.0,-6.070010314595152,36.84502521929153
1342,US Open,2023,Hard,2,0,0,0,0,,0,0,0,0,0,0,1,1,0,1,1,1,664.5,0.1725,413.0,1,0,0,0,0,0,0,8.5,28.0,12.5,1,US Open_2023,0,0,72.25,-3.5700103145951516,12.744973646315774
1343,US Open,2023,Hard,2,0,0,0,0,,0,0,0,0,0,0,1,1,0,0,0,0,75.5,0.01538753799392112,1.0,0,0,0,0,0,0,0,1.0,34.0,8.0,1,US Open_2023,0,0,1.0,2.4299896854048484,5.904849871173954
1344,US Open,2023,Hard,2,1,1,1,0,,0,0,0,0,0,0,1,1,0,0,0,0,488.5,0.2221478755436601,791.0,0,0,0,0,0,0,0,5.0,24.0,203.0,1,US Open_2023,0,0,25.0,-7.570010314595152,57.30505616307698
1345,US Open,2023,Hard,2,1,1,0,0,,1,0,0,1,0,0,1,1,0,1,1,1,199.5,0.1092034217072135,1.0,0,0,0,0,0,0,0,14.0,34.5,64.0,1,US Open_2023,0,1,196.0,2.9299896854048484,8.584839556578803
1346,US Open,2023,Hard,2,1,1,1,0,,0,0,0,0,0,0,1,1,0,0,0,0,38.0,0.008171835575186859,2.0,0,0,0,0,0,0,0,18.5,37.5,26.0,1,US Open_2023,0,0,342.25,5.929989685404848,35.16477766900789
1347,US Open,2023,Hard,2,1,1,1,0,,0,0,0,0,0,0,1,1,0,0,0,0,48.0,0.0276107377274693,6.0,0,0,0,0,0,0,0,14.0,35.0,27.0,1,US Open_2023,0,0,196.0,3.4299896854048484,11.764829241983652
1348,US Open,2023,Hard,2,0,0,0,0,,0,0,0,0,0,0,1,1,0,0,0,0,322.0,,156.0,0,0,0,0,0,0,0,9.5,27.5,126.5,1,US Open_2023,0,0,90.25,-4.070010314595152,16.564983960910926
1349,US Open,2023,Hard,2,0,0,0,0,,0,0,0,1,0,0,1,1,0,1,1,1,76.5,0.04750475047504754,65.0,0,0,0,0,0,0,0,8.5,27.0,174.0,1,US Open_2023,0,0,72.25,-4.570010314595152,20.884994275506077
1350,US Open,2023,Hard,2,0,0,0,0,,0,0,0,0,0,0,1,1,0,0,0,0,467.0,,308.0,0,0,0,0,0,0,0,11.0,27.0,16.5,1,US Open_2023,0,0,121.0,-4.570010314595152,20.884994275506077
1351,US Open,2023,Hard,2,0,0,0,0,,0,0,0,0,0,0,1,1,0,0,0,0,348.5,,117.0,1,0,0,0,0,0,0,10.0,28.0,9.5,1,US Open_2023,0,0,100.0,-3.5700103145951516,12.744973646315774
1352,US Open,2023,Hard,2,0,0,0,0,,0,0,0,0,0,0,1,1,0,1,1,1,502.5,0.0,299.0,0,0,0,0,0,0,0,1.0,22.0,164.0,1,US Open_2023,0,0,1.0,-9.570010314595152,91.58509742145759
1353,US Open,2023,Hard,2,0,0,0,0,,0,0,0,0,0,0,1,1,0,1,1,1,1318.5,,947.0,0,0,0,0,0,0,0,1.0,18.0,127.0,1,US Open_2023,0,0,1.0,-13.570010314595152,184.1451799382188
1354,US Open,2023,Hard,2,1,1,1,0,,0,0,0,1,0,1,1,1,0,1,1,1,21.0,0.006165839829907926,2.0,0,0,0,0,0,0,0,9.5,31.0,50.5,0,US Open_2023,0,0,90.25,-0.5700103145951516,0.3249117587448637
1355,US Open,2023,Hard,2,1,1,1,0,,1,0,0,1,0,0,1,1,0,0,0,0,65.5,0.1843769765970905,9.0,0,0,0,1,0,0,0,16.0,31.5,32.5,1,US Open_2023,1,1,256.0,-0.07001031459515161,0.004901444149712099
1356,US Open,2023,Hard,2,1,1,1,0,,0,0,0,0,0,0,1,1,0,1,1,1,489.0,0.1185770750988143,2.0,0,0,0,0,0,0,0,2.0,19.0,44.5,1,US Open_2023,0,0,4.0,-12.570010314595152,158.0051593090285
1357,US Open,2023,Hard,2,1,1,1,0,,0,0,0,1,0,1,1,1,0,1,1,1,34.5,0.01985049455307897,1.0,0,0,1,0,0,0,0,8.5,26.5,206.5,0,US Open_2023,1,1,72.25,-5.070010314595152,25.70500459010123
1358,US Open,2023,Hard,2,1,1,1,0,,0,0,0,0,0,0,1,1,0,1,1,1,42.0,0.03143728110001298,2.0,0,0,0,0,0,0,0,14.5,33.0,5.5,1,US Open_2023,0,0,210.25,1.4299896854048484,2.044870500364257
1359,US Open,2023,Hard,2,0,0,0,0,,0,0,0,1,0,0,1,1,0,0,0,0,51.5,0.005307855626326963,45.0,0,0,0,0,0,0,0,10.5,31.5,12.5,1,US Open_2023,0,0,110.25,-0.07001031459515161,0.004901444149712099
1360,US Open,2023,Hard,2,1,1,1,0,,0,0,0,0,0,0,1,1,0,0,0,0,51.0,0.02483682781724711,2.0,0,0,0,0,0,0,0,14.0,31.5,69.5,1,US Open_2023,0,0,196.0,-0.07001031459515161,0.004901444149712099
1362,US Open,2023,Hard,2,0,0,0,0,,0,0,0,0,0,0,1,1,0,0,0,0,59.0,0.0797692400628246,10.0,0,0,0,0,0,0,0,16.0,32.5,18.5,1,US Open_2023,0,0,256.0,0.9299896854048484,0.8648808149594088
1363,US Open,2023,Hard,2,1,1,1,0,,0,0,0,1,0,0,1,1,0,1,1,1,46.5,0.008230452674897193,1.0,0,0,0,1,0,0,0,1.0,30.5,28.5,1,US Open_2023,1,1,1.0,-1.0700103145951516,1.1449220733400154
1364,US Open,2023,Hard,2,0,0,0,0,,0,0,0,0,0,0,1,1,0,0,0,0,664.5,0.0636363636363636,315.0,0,0,0,0,0,0,0,8.5,26.5,621.0,1,US Open_2023,0,0,72.25,-5.070010314595152,25.70500459010123
1365,US Open,2023,Hard,2,1,1,1,0,,0,0,0,0,0,0,1,1,0,0,1,1,64.5,0.08955490143608946,9.0,0,0,0,0,0,0,0,13.0,32.5,187.0,1,US Open_2023,0,0,169.0,0.9299896854048484,0.8648808149594088
1366,US Open,2023,Hard,2,0,0,0,0,,0,0,0,1,0,1,1,1,0,1,1,1,314.5,0.253615127919911,191.0,1,0,0,0,0,0,0,10.0,28.0,3.5,0,US Open_2023,0,0,100.0,-3.5700103145951516,12.744973646315774
1367,US Open,2023,Hard,3,1,1,1,0,,0,0,0,1,0,0,1,1,0,1,1,1,58.5,0.006430370146846442,19.0,0,0,0,0,0,0,0,15.5,36.5,1.5,1,US Open_2023,0,0,240.25,4.929989685404848,24.304798298198197
1368,US Open,2023,Hard,3,1,1,1,0,,0,0,0,0,0,0,1,1,0,0,0,0,57.0,0.04950617283950615,4.0,0,0,0,0,0,0,0,14.0,31.5,30.5,1,US Open_2023,0,0,196.0,-0.07001031459515161,0.004901444149712099
1369,US Open,2023,Hard,3,1,1,1,0,,0,0,0,0,0,0,1,1,0,1,1,1,327.0,0.0184019370460049,234.0,1,0,0,0,0,0,0,11.0,28.0,60.0,1,US Open_2023,0,0,121.0,-3.5700103145951516,12.744973646315774
1370,US Open,2023,Hard,3,0,0,0,0,,0,0,0,0,0,0,1,1,0,0,0,0,437.5,,729.0,0,0,0,0,0,0,0,13.0,31.0,12.5,1,US Open_2023,0,0,169.0,-0.5700103145951516,0.3249117587448637
1371,US Open,2023,Hard,3,0,0,0,0,,0,0,0,0,0,0,1,1,0,0,0,0,203.0,,240.0,0,0,0,0,0,0,0,4.0,23.5,8.0,1,US Open_2023,0,0,16.0,-8.070010314595152,65.12506647767214
1372,US Open,2023,Hard,3,1,1,1,0,,0,0,0,0,0,0,1,1,0,0,0,0,26.0,0.02743182053526882,2.0,0,0,0,0,0,0,0,11.5,32.0,64.0,1,US Open_2023,0,0,132.25,0.4299896854048484,0.1848911295545605
1373,US Open,2023,Hard,3,0,0,0,0,,0,0,0,0,0,0,1,1,0,0,1,1,27.0,0.01544027954839367,2.0,0,0,0,0,0,0,0,16.5,36.5,126.5,1,US Open_2023,0,0,272.25,4.929989685404848,24.304798298198197
1374,US Open,2023,Hard,3,0,0,0,0,,0,0,0,0,0,0,1,1,0,0,0,0,174.0,0.09999999999999998,88.0,1,0,0,0,0,0,0,7.0,25.0,16.5,1,US Open_2023,0,0,49.0,-6.570010314595152,43.16503553388668
1375,US Open,2023,Hard,3,0,0,0,0,,0,0,0,0,0,0,1,1,0,1,1,1,164.0,0.1291755508173419,80.0,0,0,0,0,0,0,0,12.0,31.5,9.5,1,US Open_2023,0,0,144.0,-0.07001031459515161,0.004901444149712099
1376,US Open,2023,Hard,3,0,0,0,0,,0,0,0,1,0,1,1,1,0,0,1,1,50.5,0.0328223270440251,5.0,0,0,0,0,0,0,0,8.0,26.5,127.0,0,US Open_2023,0,0,64.0,-5.070010314595152,25.70500459010123
1377,US Open,2023,Hard,3,0,0,0,0,,0,0,0,0,0,0,1,1,0,0,0,0,32.5,0.1445843422114609,19.0,0,0,0,0,0,0,0,16.5,35.5,44.5,1,US Open_2023,0,0,272.25,3.9299896854048484,15.4448189273885
1378,US Open,2023,Hard,3,1,1,1,0,,0,0,0,0,0,0,1,1,0,1,1,1,206.5,0.1664133738601824,245.0,1,0,0,0,0,0,0,9.0,29.5,5.5,1,US Open_2023,0,0,81.0,-2.0700103145951516,4.284942702530318
1379,US Open,2023,Hard,3,1,1,1,0,,1,0,0,1,0,1,1,1,0,0,0,0,69.5,0.0177748518762344,5.0,0,0,0,0,0,0,0,9.5,32.5,12.5,0,US Open_2023,0,1,90.25,0.9299896854048484,0.8648808149594088
1381,US Open,2023,Hard,3,0,0,0,0,,0,0,0,1,0,0,1,1,0,0,0,0,28.5,0.1500550357732526,15.0,0,0,0,0,0,0,0,16.5,35.0,621.0,1,US Open_2023,0,0,272.25,3.4299896854048484,11.764829241983652
1382,US Open,2023,Hard,3,1,1,1,0,,0,0,0,1,0,0,1,1,0,1,1,1,187.0,0.1028622540250447,140.0,0,0,0,1,0,0,0,5.5,24.0,3.5,1,US Open_2023,1,1,30.25,-7.570010314595152,57.30505616307698
1383,US Open,2023,Hard,4,1,1,1,0,,0,0,0,0,0,0,1,1,0,0,0,0,1.5,0.0005411255411255089,1.0,0,0,0,0,0,0,0,13.0,34.0,30.5,1,US Open_2023,0,0,169.0,2.4299896854048484,5.904849871173954
1384,US Open,2023,Hard,4,1,1,1,0,,1,0,0,1,0,0,1,1,0,1,1,1,60.0,0.03399052079535569,4.0,0,0,0,1,0,0,0,1.0,27.0,12.5,1,US Open_2023,1,1,1.0,-4.570010314595152,20.884994275506077
1385,US Open,2023,Hard,4,0,0,0,0,,0,0,0,1,0,1,1,1,0,0,0,0,8.0,0.05669137352422804,0.0,0,0,0,0,0,0,0,15.5,37.5,64.0,0,US Open_2023,0,0,240.25,5.929989685404848,35.16477766900789
1386,US Open,2023,Hard,4,1,1,1,0,,0,0,0,1,0,0,1,1,0,0,1,1,16.5,0.01057318491443759,1.0,0,0,0,0,0,0,0,20.0,37.5,126.5,1,US Open_2023,0,0,400.0,5.929989685404848,35.16477766900789
1387,US Open,2023,Hard,4,1,1,1,0,,0,0,0,1,0,0,1,1,0,0,0,0,127.0,0.1427566807313642,32.0,0,0,0,1,0,0,0,9.0,27.0,9.5,1,US Open_2023,1,1,81.0,-4.570010314595152,20.884994275506077
1388,US Open,2023,Hard,4,0,0,0,0,,0,0,0,1,0,0,1,1,0,0,0,0,44.5,0.09314903846153844,25.0,0,0,0,0,0,0,0,8.5,30.5,5.5,1,US Open_2023,0,0,72.25,-1.0700103145951516,1.1449220733400154
1389,US Open,2023,Hard,4,1,1,1,0,,0,0,0,1,0,1,1,1,0,0,0,0,12.5,,5.0,0,0,1,0,0,0,0,22.0,40.0,18.5,0,US Open_2023,1,1,484.0,8.429989685404848,71.06472609603213
1390,US Open,2023,Hard,4,0,0,0,0,,0,0,0,1,0,1,1,1,0,1,1,1,621.0,0.1886043995672557,796.0,0,0,0,0,0,0,0,13.0,27.5,3.5,0,US Open_2023,0,0,169.0,-4.070010314595152,16.564983960910926
1391,US Open,2023,Hard,5,1,1,1,0,,0,0,0,0,0,0,1,1,0,1,1,1,30.5,0.002501202501202449,1.0,0,0,0,0,0,0,0,7.0,30.0,12.5,1,US Open_2023,0,0,49.0,-1.5700103145951516,2.464932387935167
1392,US Open,2023,Hard,5,0,0,0,0,,0,0,0,0,0,0,1,1,0,0,0,0,64.0,0.01660877116804171,2.0,0,0,0,0,0,0,0,10.5,31.5,126.5,1,US Open_2023,0,0,110.25,-0.07001031459515161,0.004901444149712099
1393,US Open,2023,Hard,5,0,0,0,0,,0,0,0,0,0,0,1,1,0,1,1,1,9.5,0.01710058017649063,5.0,0,0,0,0,0,0,0,19.5,37.5,5.5,1,US Open_2023,0,0,380.25,5.929989685404848,35.16477766900789
1394,US Open,2023,Hard,5,0,0,0,0,,0,0,0,1,0,0,1,1,0,0,0,0,18.5,0.04232018933771908,1.0,0,0,0,0,0,0,0,8.5,29.5,3.5,1,US Open_2023,0,0,72.25,-2.0700103145951516,4.284942702530318
1395,US Open,2023,Hard,6,1,1,1,0,,0,0,0,0,0,0,1,1,0,1,1,1,126.5,0.0790823211875844,173.0,0,0,0,0,0,0,0,18.0,36.5,12.5,1,US Open_2023,0,0,324.0,4.929989685404848,24.304798298198197
1396,US Open,2023,Hard,6,0,0,0,0,,0,0,0,1,0,0,1,1,0,0,0,0,3.5,0.02692944392196983,1.0,0,0,0,0,0,0,0,15.0,35.5,5.5,1,US Open_2023,0,0,225.0,3.9299896854048484,15.4448189273885
1397,US Open,2023,Hard,7,0,0,0,0,,0,0,0,1,0,1,1,1,0,0,1,1,12.5,0.02406384127065708,3.0,0,0,0,0,0,0,0,18.5,39.5,5.5,0,US Open_2023,0,0,342.25,7.929989685404848,62.88473641062728
1398,Wimbledon,2023,Grass,2,0,0,0,0,,0,0,0,0,0,0,1,1,0,0,0,0,489.5,0.2451573849878934,161.0,0,0,0,0,0,0,0,10.5,27.5,2.0,1,Wimbledon_2023,0,0,110.25,-4.070010314595152,16.564983960910926
1399,Wimbledon,2023,Grass,2,0,0,0,0,,0,0,0,0,0,0,1,1,0,0,0,0,641.5,,475.0,0,0,0,0,0,0,0,12.5,30.0,34.0,1,Wimbledon_2023,0,0,156.25,-1.5700103145951516,2.464932387935167
1400,Wimbledon,2023,Grass,2,0,0,0,0,,0,0,0,0,0,0,1,1,0,1,1,1,145.5,0.1092034217072135,107.0,0,0,0,0,0,0,0,14.0,34.5,112.5,1,Wimbledon_2023,0,0,196.0,2.9299896854048484,8.584839556578803
1401,Wimbledon,2023,Grass,2,0,0,0,0,,0,0,0,1,0,1,1,1,0,1,1,1,99.0,0.1720177664974619,84.0,0,0,0,0,0,0,0,1.0,28.0,28.0,0,Wimbledon_2023,0,0,1.0,-3.5700103145951516,12.744973646315774
1402,Wimbledon,2023,Grass,2,1,1,1,0,,0,0,0,0,0,0,1,1,0,0,0,0,40.5,0.06170004885197844,27.0,0,0,0,0,0,0,0,19.0,37.0,17.0,1,Wimbledon_2023,0,0,361.0,5.429989685404848,29.484787983603045
1403,Wimbledon,2023,Grass,2,0,0,0,0,,0,0,0,0,0,0,1,1,0,1,1,1,190.5,0.2968266253869969,125.0,0,0,0,0,0,0,0,9.0,28.5,46.5,1,Wimbledon_2023,0,0,81.0,-3.0700103145951516,9.424963331720623
1404,Wimbledon,2023,Grass,2,1,1,1,0,,0,0,0,0,0,0,1,1,0,1,1,1,160.0,0.324875,162.0,0,0,0,0,0,0,0,9.0,28.5,71.0,1,Wimbledon_2023,0,0,81.0,-3.0700103145951516,9.424963331720623
1405,Wimbledon,2023,Grass,2,0,0,0,0,,0,0,0,0,0,0,1,1,0,1,1,1,475.0,,738.0,0,0,0,0,0,0,0,12.5,30.5,21.5,1,Wimbledon_2023,0,0,156.25,-1.0700103145951516,1.1449220733400154
1406,Wimbledon,2023,Grass,2,1,1,1,0,,0,0,0,1,0,1,1,1,0,0,1,1,5.5,0.06283712425079746,1.0,0,0,1,0,0,0,0,14.0,35.0,146.0,0,Wimbledon_2023,1,1,196.0,3.4299896854048484,11.764829241983652
1407,Wimbledon,2023,Grass,2,1,1,1,0,,0,0,0,0,0,0,1,1,0,0,0,0,51.5,0.0276107377274693,7.0,0,0,0,0,0,0,0,14.0,35.0,42.5,1,Wimbledon_2023,0,0,196.0,3.4299896854048484,11.764829241983652
1408,Wimbledon,2023,Grass,2,0,0,0,0,,0,0,0,0,0,0,1,1,0,1,1,1,424.0,0.2047619047619048,274.0,1,0,0,0,0,0,0,5.0,26.0,45.5,1,Wimbledon_2023,0,0,25.0,-5.570010314595152,31.02501490469638
1409,Wimbledon,2023,Grass,2,1,1,1,0,,0,0,0,1,0,1,1,1,0,0,0,0,49.5,0.008816055100344444,29.0,0,0,1,0,0,0,0,18.0,36.5,32.5,0,Wimbledon_2023,1,1,324.0,4.929989685404848,24.304798298198197
1410,Wimbledon,2023,Grass,2,1,1,1,0,,0,0,0,0,0,0,1,1,0,0,0,0,83.0,0.08636363636363642,10.0,1,0,0,0,0,0,0,11.0,31.0,25.0,1,Wimbledon_2023,0,0,121.0,-0.5700103145951516,0.3249117587448637
1411,Wimbledon,2023,Grass,2,0,0,0,0,,0,0,0,0,0,0,1,1,0,1,1,1,564.5,,573.0,1,0,0,0,0,0,0,11.0,27.5,83.0,1,Wimbledon_2023,0,0,121.0,-4.070010314595152,16.564983960910926
1412,Wimbledon,2023,Grass,2,1,1,1,0,,0,0,0,1,0,1,1,1,0,0,0,0,72.5,0.01267281105990792,5.0,0,0,0,0,0,0,0,7.0,30.0,353.0,0,Wimbledon_2023,0,0,49.0,-1.5700103145951516,2.464932387935167
1413,Wimbledon,2023,Grass,2,1,1,1,0,,1,0,0,1,0,0,1,1,0,1,1,1,153.5,0.1707097933513028,141.0,0,0,0,1,0,0,0,10.0,29.5,14.0,1,Wimbledon_2023,1,1,100.0,-2.0700103145951516,4.284942702530318
1414,Wimbledon,2023,Grass,2,1,1,0,0,,1,0,0,1,0,1,1,1,0,1,1,1,321.5,0.0184019370460049,239.0,1,0,0,0,0,0,0,11.0,28.0,10.5,0,Wimbledon_2023,0,1,121.0,-3.5700103145951516,12.744973646315774
1415,Wimbledon,2023,Grass,2,0,0,0,0,,0,0,0,0,0,0,1,1,0,0,0,0,630.5,0.2901785714285714,441.0,1,0,0,0,0,0,0,9.0,30.0,602.5,1,Wimbledon_2023,0,0,81.0,-1.5700103145951516,2.464932387935167
1416,Wimbledon,2023,Grass,2,0,0,0,0,,0,0,0,0,0,0,1,1,0,0,1,1,857.0,,1300.0,1,0,0,0,0,0,0,12.0,28.5,324.5,1,Wimbledon_2023,0,0,144.0,-3.0700103145951516,9.424963331720623
1417,Wimbledon,2023,Grass,2,0,0,0,0,,0,0,0,0,0,0,1,1,0,0,0,0,66.5,0.07255402959650797,1.0,0,0,0,0,0,0,0,14.5,34.5,24.5,1,Wimbledon_2023,0,0,210.25,2.9299896854048484,8.584839556578803
1418,Wimbledon,2023,Grass,2,0,0,0,0,,0,0,0,1,0,0,1,1,0,0,0,0,56.0,0.03641939812152578,12.0,0,0,0,0,0,0,0,13.0,30.5,26.5,1,Wimbledon_2023,0,0,169.0,-1.0700103145951516,1.1449220733400154
1419,Wimbledon,2023,Grass,2,0,0,0,0,,0,0,0,0,0,0,1,1,0,1,1,1,381.0,0.2812254516889238,376.0,0,0,0,0,0,0,0,9.0,30.0,39.0,1,Wimbledon_2023,0,0,81.0,-1.5700103145951516,2.464932387935167
1420,Wimbledon,2023,Grass,2,0,0,0,0,,0,0,0,1,0,0,1,1,0,1,1,1,67.0,0.0908258979638526,18.0,0,0,0,0,0,0,0,13.0,33.5,368.0,1,Wimbledon_2023,0,0,169.0,1.9299896854048484,3.7248601857691055
1421,Wimbledon,2023,Grass,2,0,0,0,0,,0,0,0,0,0,0,1,1,0,1,1,1,103.5,0.03661521084337349,61.0,0,0,0,0,0,0,0,4.0,24.5,10.0,1,Wimbledon_2023,0,0,16.0,-7.070010314595152,49.98504584848183
1423,Wimbledon,2023,Grass,2,0,0,0,0,,0,0,0,0,0,0,1,1,0,1,1,1,748.5,0.1570294784580499,229.0,0,0,0,0,0,0,0,10.5,28.0,36.5,1,Wimbledon_2023,0,0,110.25,-3.5700103145951516,12.744973646315774
1424,Wimbledon,2023,Grass,2,0,0,0,0,,0,0,0,0,0,0,1,1,0,0,0,0,771.0,,174.0,1,0,0,0,0,0,0,14.0,29.0,52.5,1,Wimbledon_2023,0,0,196.0,-2.5700103145951516,6.60495301712547
1425,Wimbledon,2023,Grass,2,0,0,0,0,,0,0,0,0,0,0,1,1,0,0,0,0,710.5,,271.0,0,0,0,0,0,0,0,12.0,28.5,24.0,1,Wimbledon_2023,0,0,144.0,-3.0700103145951516,9.424963331720623
1426,Wimbledon,2023,Grass,2,1,1,1,0,,1,0,0,1,0,1,1,1,0,1,1,1,56.0,0.006430370146846442,18.0,0,0,1,0,0,0,0,15.5,36.5,27.0,0,Wimbledon_2023,1,1,240.25,4.929989685404848,24.304798298198197
1427,Wimbledon,2023,Grass,2,1,1,1,0,,0,0,0,1,0,1,1,1,0,1,1,1,139.5,0.1028622540250447,63.0,0,0,1,0,0,0,0,5.5,24.0,795.0,0,Wimbledon_2023,1,1,30.25,-7.570010314595152,57.30505616307698
1428,Wimbledon,2023,Grass,2,0,0,0,0,,0,0,0,0,0,0,1,1,0,0,0,0,197.0,0.2990430622009569,256.0,1,0,0,0,0,0,0,8.0,29.0,122.0,1,Wimbledon_2023,0,0,64.0,-2.5700103145951516,6.60495301712547
1429,Wimbledon,2023,Grass,2,1,1,1,0,,0,0,0,0,0,0,1,1,0,1,1,1,93.5,,1.0,0,0,0,0,0,0,0,1.0,33.0,2.5,1,Wimbledon_2023,0,0,1.0,1.4299896854048484,2.044870500364257
1430,Wimbledon,2023,Grass,3,1,1,1,0,,0,0,0,0,0,0,1,1,0,1,1,1,34.0,0.03450549450549456,6.0,1,0,0,0,0,0,0,7.0,26.0,2.0,1,Wimbledon_2023,0,0,49.0,-5.570010314595152,31.02501490469638
1431,Wimbledon,2023,Grass,3,0,0,0,0,,0,0,0,1,0,0,1,1,0,1,1,1,28.0,0.01710058017649063,8.0,0,0,0,0,0,0,0,19.5,37.5,112.5,1,Wimbledon_2023,0,0,380.25,5.929989685404848,35.16477766900789
1432,Wimbledon,2023,Grass,3,1,1,1,0,,0,0,0,0,0,0,1,1,0,0,1,1,46.5,0.0328223270440251,5.0,0,0,0,0,0,0,0,8.0,26.5,17.0,1,Wimbledon_2023,0,0,64.0,-5.070010314595152,25.70500459010123
1433,Wimbledon,2023,Grass,3,1,1,1,0,,0,0,0,0,0,0,1,1,0,0,0,0,21.5,0.03315368283521147,1.0,0,0,0,0,0,0,0,13.5,35.0,71.0,1,Wimbledon_2023,0,0,182.25,3.4299896854048484,11.764829241983652
1434,Wimbledon,2023,Grass,3,1,1,1,0,,1,0,0,1,0,1,1,1,0,1,1,1,42.5,0.03143728110001298,1.0,0,0,0,0,0,0,0,14.5,33.0,146.0,0,Wimbledon_2023,0,1,210.25,1.4299896854048484,2.044870500364257
1435,Wimbledon,2023,Grass,3,0,0,0,0,,0,0,0,0,0,0,1,1,0,1,1,1,45.5,0.008230452674897193,1.0,0,0,0,0,0,0,0,1.0,30.5,32.5,1,Wimbledon_2023,0,0,1.0,-1.0700103145951516,1.1449220733400154
1436,Wimbledon,2023,Grass,3,1,1,0,0,,1,0,0,1,0,1,1,1,0,0,0,0,25.0,0.02810063499718674,32.0,0,0,0,0,0,0,0,15.5,35.5,83.0,0,Wimbledon_2023,0,1,240.25,3.9299896854048484,15.4448189273885
1437,Wimbledon,2023,Grass,3,0,0,0,0,,0,0,0,0,0,0,1,1,0,1,1,1,353.0,0.06666666666666671,158.0,0,0,0,0,0,0,0,1.0,21.5,14.0,1,Wimbledon_2023,0,0,1.0,-10.070010314595152,101.40510773605274
1438,Wimbledon,2023,Grass,3,1,1,1,0,,0,0,0,0,0,0,1,1,0,1,1,1,602.5,0.1666666666666667,113.0,0,0,0,0,0,0,0,1.0,21.5,10.5,1,Wimbledon_2023,0,0,1.0,-10.070010314595152,101.40510773605274
1440,Wimbledon,2023,Grass,3,1,1,1,0,,0,0,0,1,0,1,1,1,0,1,1,1,39.0,0.01985049455307897,2.0,0,0,1,0,0,0,0,8.5,26.5,26.5,0,Wimbledon_2023,1,1,72.25,-5.070010314595152,25.70500459010123
1441,Wimbledon,2023,Grass,3,1,1,1,0,,0,0,0,0,0,0,1,1,0,0,0,0,368.0,,436.0,0,0,0,0,0,0,0,12.5,29.5,10.0,1,Wimbledon_2023,0,0,156.25,-2.0700103145951516,4.284942702530318
1442,Wimbledon,2023,Grass,3,1,1,1,0,,0,0,0,0,0,0,1,1,0,0,0,0,14.0,0.05669137352422804,0.0,0,0,0,0,0,0,0,15.5,37.5,36.5,1,Wimbledon_2023,0,0,240.25,5.929989685404848,35.16477766900789
1443,Wimbledon,2023,Grass,3,1,1,1,0,,0,0,0,0,0,0,1,1,0,0,0,0,52.5,0.02483682781724711,1.0,0,0,0,0,0,0,0,14.0,31.5,24.0,1,Wimbledon_2023,0,0,196.0,-0.07001031459515161,0.004901444149712099
1444,Wimbledon,2023,Grass,3,1,1,1,0,,0,0,0,1,0,0,1,1,0,1,1,1,795.0,0.1185770750988143,4.0,0,0,0,1,0,0,0,2.0,19.0,27.0,1,Wimbledon_2023,1,1,4.0,-12.570010314595152,158.0051593090285
1445,Wimbledon,2023,Grass,3,1,1,1,0,,0,0,0,1,0,1,1,1,0,0,0,0,2.5,0.02692944392196983,3.0,0,0,1,0,0,0,0,15.0,35.5,122.0,0,Wimbledon_2023,1,1,225.0,3.9299896854048484,15.4448189273885
1446,Wimbledon,2023,Grass,4,1,1,1,0,,0,0,0,0,0,0,1,1,0,1,1,1,112.5,0.04750475047504754,113.0,0,0,0,0,0,0,0,8.5,27.0,2.0,1,Wimbledon_2023,0,0,72.25,-4.570010314595152,20.884994275506077
1447,Wimbledon,2023,Grass,4,0,0,0,0,,0,0,0,1,0,0,1,1,0,1,1,1,17.0,0.03741686333404848,0.0,0,0,0,0,0,0,0,13.5,32.5,71.0,1,Wimbledon_2023,0,0,182.25,0.9299896854048484,0.8648808149594088
1448,Wimbledon,2023,Grass,4,0,0,0,0,,0,0,0,0,0,0,1,1,0,0,0,0,32.5,0.008171835575186859,7.0,0,0,0,0,0,0,0,18.5,37.5,146.0,1,Wimbledon_2023,0,0,342.25,5.929989685404848,35.16477766900789
1449,Wimbledon,2023,Grass,4,1,1,0,0,,1,0,0,1,0,0,1,1,0,0,0,0,83.0,0.06779100529100529,6.0,0,0,0,0,0,0,0,4.0,29.5,14.0,1,Wimbledon_2023,0,1,16.0,-2.0700103145951516,4.284942702530318
1450,Wimbledon,2023,Grass,4,0,0,0,0,,0,0,0,1,0,0,1,1,0,0,0,0,10.5,,1.0,0,0,0,0,0,0,0,22.0,40.0,24.5,1,Wimbledon_2023,0,0,484.0,8.429989685404848,71.06472609603213
1451,Wimbledon,2023,Grass,4,0,0,0,0,,0,0,0,0,0,0,1,1,0,0,0,0,10.0,0.04232018933771908,6.0,0,0,0,0,0,0,0,8.5,29.5,26.5,1,Wimbledon_2023,0,0,72.25,-2.0700103145951516,4.284942702530318
1452,Wimbledon,2023,Grass,4,0,0,0,0,,0,0,0,0,0,0,1,1,0,1,1,1,24.0,0.006165839829907926,2.0,0,0,0,0,0,0,0,9.5,31.0,36.5,1,Wimbledon_2023,0,0,90.25,-0.5700103145951516,0.3249117587448637
1453,Wimbledon,2023,Grass,4,1,1,1,0,,0,0,0,0,0,0,1,1,0,0,1,1,122.0,0.01530612244897955,90.0,0,0,0,0,0,0,0,8.0,28.5,27.0,1,Wimbledon_2023,0,0,64.0,-3.0700103145951516,9.424963331720623
1454,Wimbledon,2023,Grass,5,0,0,0,0,,0,0,0,1,0,1,1,1,0,0,0,0,71.0,0.04950617283950615,6.0,0,0,0,0,0,0,0,14.0,31.5,2.0,0,Wimbledon_2023,0,0,196.0,-0.07001031459515161,0.004901444149712099
1455,Wimbledon,2023,Grass,5,1,1,1,0,,0,0,0,1,0,1,1,1,0,1,1,1,146.0,0.06233062330623312,60.0,0,0,1,0,0,0,0,8.0,26.0,14.0,0,Wimbledon_2023,1,1,64.0,-5.570010314595152,31.02501490469638
1456,Wimbledon,2023,Grass,5,0,0,0,0,,0,0,0,0,0,0,1,1,0,0,1,1,26.5,0.01544027954839367,13.0,0,0,0,0,0,0,0,16.5,36.5,24.5,1,Wimbledon_2023,0,0,272.25,4.929989685404848,24.304798298198197
1457,Wimbledon,2023,Grass,5,0,0,0,0,,0,0,0,0,0,0,1,1,0,1,1,1,36.5,0.002501202501202449,5.0,0,0,0,0,0,0,0,7.0,30.0,27.0,1,Wimbledon_2023,0,0,49.0,-1.5700103145951516,2.464932387935167
1458,Wimbledon,2023,Grass,6,0,0,0,0,,0,0,0,0,0,0,1,1,0,0,1,1,14.0,0.02406384127065708,4.0,0,0,0,0,0,0,0,18.5,39.5,2.0,1,Wimbledon_2023,0,0,342.25,7.929989685404848,62.88473641062728
1459,Wimbledon,2023,Grass,6,0,0,0,0,,0,0,0,0,0,0,1,1,0,1,1,1,24.5,0.02310606060606069,11.0,0,0,0,0,0,0,0,12.5,33.5,27.0,1,Wimbledon_2023,0,0,156.25,1.9299896854048484,3.7248601857691055
1460,Wimbledon,2023,Grass,7,0,0,0,0,,0,0,0,0,0,0,1,1,0,0,1,1,27.0,0.01057318491443759,2.0,0,0,0,0,0,0,0,20.0,37.5,2.0,1,Wimbledon_2023,0,0,400.0,5.929989685404848,35.16477766900789
1461,Australian Open,2024,Hard,2,0,0,0,0,,0,0,0,1,0,1,1,1,0,0,0,0,267.5,0.02962962962962973,215.0,1,0,0,0,0,0,0,8.0,26.0,1.5,0,Australian Open_2024,0,0,64.0,-5.570010314595152,31.02501490469638
1462,Australian Open,2024,Hard,2,0,0,0,0,,0,0,0,1,0,1,1,1,0,1,1,1,166.5,0.1664133738601824,163.0,1,0,0,0,0,0,0,10.0,30.5,65.5,0,Australian Open_2024,0,0,100.0,-1.0700103145951516,1.1449220733400154
1463,Australian Open,2024,Hard,2,1,1,0,0,,1,0,0,1,0,1,1,1,0,0,0,0,52.5,0.02483682781724711,3.0,0,0,0,0,0,0,0,15.0,32.5,50.5,0,Australian Open_2024,0,1,225.0,0.9299896854048484,0.8648808149594088
1464,Australian Open,2024,Hard,2,0,0,0,0,,0,0,0,0,0,0,1,1,0,1,1,1,742.0,0.03497023809523811,310.0,0,0,0,0,0,0,0,6.5,25.5,25.5,1,Australian Open_2024,0,0,42.25,-6.070010314595152,36.84502521929153
1465,Australian Open,2024,Hard,2,1,1,1,0,,0,0,0,0,0,0,1,1,0,1,1,1,64.5,0.0595611285266458,3.0,0,0,0,0,0,0,0,1.0,27.5,25.5,1,Australian Open_2024,0,0,1.0,-4.070010314595152,16.564983960910926
1466,Australian Open,2024,Hard,2,0,0,0,0,,0,0,0,0,0,0,1,1,0,1,1,1,326.0,0.2556818181818182,490.0,0,0,0,0,0,0,0,6.5,25.0,74.0,1,Australian Open_2024,0,0,42.25,-6.570010314595152,43.16503553388668
1467,Australian Open,2024,Hard,2,0,0,0,0,,0,0,0,0,0,0,1,1,0,0,0,0,354.5,,163.0,0,0,0,0,0,0,0,6.0,24.0,579.0,1,Australian Open_2024,0,0,36.0,-7.570010314595152,57.30505616307698
1468,Australian Open,2024,Hard,2,0,0,0,0,,0,0,0,0,0,0,1,1,0,0,0,0,795.5,0.09090909090909088,1093.0,0,0,0,0,0,0,0,9.5,29.0,19.0,1,Australian Open_2024,0,0,90.25,-2.5700103145951516,6.60495301712547
1469,Australian Open,2024,Hard,2,1,1,1,0,,0,0,0,0,0,0,1,1,0,1,1,1,65.0,0.06726579520697157,10.0,0,0,0,0,0,0,0,8.0,30.0,8.0,1,Australian Open_2024,0,0,64.0,-1.5700103145951516,2.464932387935167
1470,Australian Open,2024,Hard,2,1,1,1,0,,0,0,0,1,0,1,1,1,0,1,1,1,299.0,0.2051149573753552,78.0,1,0,1,0,0,0,0,9.0,26.5,693.5,0,Australian Open_2024,1,1,81.0,-5.070010314595152,25.70500459010123
1471,Australian Open,2024,Hard,2,0,0,0,0,,0,0,0,0,0,0,1,1,0,1,1,1,216.5,0.07716580608146867,257.0,1,0,0,0,0,0,0,4.5,25.0,634.0,1,Australian Open_2024,0,0,20.25,-6.570010314595152,43.16503553388668
1472,Australian Open,2024,Hard,2,0,0,0,0,,0,0,0,0,0,0,1,1,0,0,0,0,643.0,0.0875,136.0,1,0,0,0,0,0,0,12.0,29.5,27.0,1,Australian Open_2024,0,0,144.0,-2.0700103145951516,4.284942702530318
1473,Australian Open,2024,Hard,2,1,1,1,0,,0,0,0,0,0,0,1,1,0,1,1,1,90.5,0.06233062330623312,37.0,1,0,0,0,0,0,0,9.0,27.0,24.5,1,Australian Open_2024,0,0,81.0,-4.570010314595152,20.884994275506077
1474,Australian Open,2024,Hard,2,0,0,0,0,,0,0,0,0,0,0,1,1,0,1,1,1,162.0,0.0641025641025641,126.0,0,0,0,0,0,0,0,1.0,27.5,61.5,1,Australian Open_2024,0,0,1.0,-4.070010314595152,16.564983960910926
1475,Australian Open,2024,Hard,2,1,1,1,0,,0,0,0,0,0,0,1,1,0,1,1,1,39.0,0.01985049455307897,4.0,0,0,0,0,0,0,0,9.5,27.5,61.5,1,Australian Open_2024,0,0,90.25,-4.070010314595152,16.564983960910926
1476,Australian Open,2024,Hard,2,1,1,1,0,,0,0,0,1,0,1,1,1,0,1,1,1,439.5,0.1142857142857143,9.0,0,0,1,0,0,0,0,1.0,22.0,16.0,0,Australian Open_2024,1,1,1.0,-9.570010314595152,91.58509742145759
1477,Australian Open,2024,Hard,2,1,1,1,0,,0,0,0,0,0,0,1,1,0,0,0,0,79.0,0.08100328947368418,10.0,1,0,0,0,0,0,0,8.0,29.0,10.5,1,Australian Open_2024,0,0,64.0,-2.5700103145951516,6.60495301712547
1478,Australian Open,2024,Hard,2,1,1,1,0,,1,0,0,1,0,0,1,1,0,1,1,1,169.5,0.0315789473684211,5.0,0,0,0,1,0,0,0,2.0,24.0,63.0,1,Australian Open_2024,1,1,4.0,-7.570010314595152,57.30505616307698
1479,Australian Open,2024,Hard,2,1,1,1,0,,1,0,0,1,0,1,1,1,0,0,0,0,50.0,0.05001536098310289,22.0,0,0,0,0,0,0,0,17.5,34.5,62.0,0,Australian Open_2024,0,1,306.25,2.9299896854048484,8.584839556578803
1480,Australian Open,2024,Hard,2,0,0,0,0,,0,0,0,0,0,0,1,1,0,0,1,1,20.5,0.01544027954839367,1.0,0,0,0,0,0,0,0,17.5,37.5,52.5,1,Australian Open_2024,0,0,306.25,5.929989685404848,35.16477766900789
1481,Australian Open,2024,Hard,2,0,0,0,0,,0,0,0,0,0,0,1,1,0,1,1,1,26.0,0.006165839829907926,0.0,0,0,0,0,0,0,0,10.5,32.0,345.0,1,Australian Open_2024,0,0,110.25,0.4299896854048484,0.1848911295545605
1483,Australian Open,2024,Hard,2,0,0,0,0,,0,0,0,0,0,0,1,1,0,1,1,1,103.5,0.1028622540250447,17.0,0,0,0,0,0,0,0,6.5,25.0,482.5,1,Australian Open_2024,0,0,42.25,-6.570010314595152,43.16503553388668
1484,Australian Open,2024,Hard,2,1,1,1,0,,0,0,0,0,0,0,1,1,0,0,0,0,46.0,0.07338632445891591,8.0,0,0,0,0,0,0,0,24.0,41.0,5.5,1,Australian Open_2024,0,0,576.0,9.429989685404848,88.92470546684183
1485,Australian Open,2024,Hard,2,0,0,0,0,,0,0,0,0,0,0,1,1,0,0,1,1,333.0,0.1440092165898617,186.0,1,0,0,0,0,0,0,12.0,30.0,13.0,1,Australian Open_2024,0,0,144.0,-1.5700103145951516,2.464932387935167
1486,Australian Open,2024,Hard,2,1,1,1,0,,1,0,0,1,0,0,1,1,0,0,0,0,48.0,0.0276107377274693,8.0,0,0,0,1,0,0,0,15.0,36.0,349.0,1,Australian Open_2024,1,1,225.0,4.429989685404848,19.62480861279335
1487,Australian Open,2024,Hard,2,0,0,0,0,,0,0,0,1,0,1,1,1,0,0,1,1,48.0,0.1192116440484824,2.0,0,0,0,0,0,0,0,9.0,30.0,320.0,0,Australian Open_2024,0,0,81.0,-1.5700103145951516,2.464932387935167
1488,Australian Open,2024,Hard,2,0,0,0,0,,0,0,0,1,0,1,1,1,0,1,1,1,124.0,0.04999999999999999,40.0,0,0,0,0,0,0,0,4.0,24.5,24.0,0,Australian Open_2024,0,0,16.0,-7.070010314595152,49.98504584848183
1489,Australian Open,2024,Hard,2,1,1,1,0,,0,0,0,1,0,0,1,1,0,1,1,1,35.5,0.008230452674897193,1.0,0,0,0,0,0,0,0,1.0,31.5,25.5,1,Australian Open_2024,0,0,1.0,-0.07001031459515161,0.004901444149712099
1490,Australian Open,2024,Hard,2,1,1,1,0,,0,0,0,0,0,0,1,1,0,1,1,1,159.0,0.01331478537360903,40.0,0,0,0,0,0,0,0,12.5,30.5,33.5,1,Australian Open_2024,0,0,156.25,-1.0700103145951516,1.1449220733400154
1491,Australian Open,2024,Hard,2,1,1,1,0,,1,0,0,1,0,1,1,1,0,0,0,0,570.0,0.0548736849638588,998.0,0,0,1,0,0,0,0,17.0,35.0,495.5,0,Australian Open_2024,1,1,289.0,3.4299896854048484,11.764829241983652
1492,Australian Open,2024,Hard,2,1,1,1,0,,1,0,0,1,0,0,1,1,0,1,1,1,734.5,0.1944146079484426,995.0,0,0,0,0,0,0,0,11.5,29.5,3.5,1,Australian Open_2024,0,1,132.25,-2.0700103145951516,4.284942702530318
1493,Australian Open,2024,Hard,3,1,1,1,0,,1,0,0,1,0,0,1,1,0,0,0,0,1.5,0.02692944392196983,1.0,0,0,0,1,0,0,0,16.0,36.5,65.5,1,Australian Open_2024,1,1,256.0,4.929989685404848,24.304798298198197
1494,Australian Open,2024,Hard,3,1,1,1,0,,0,0,0,1,0,0,1,1,0,1,1,1,25.5,,29.0,0,0,0,0,0,0,0,24.0,42.0,50.5,1,Australian Open_2024,0,0,576.0,10.429989685404848,108.78468483765153
1495,Australian Open,2024,Hard,3,0,0,0,0,,0,0,0,0,0,0,1,1,0,0,0,0,74.0,0.09202096680256261,10.0,0,0,0,0,0,0,0,1.0,32.5,25.5,1,Australian Open_2024,0,0,1.0,0.9299896854048484,0.8648808149594088
1496,Australian Open,2024,Hard,3,0,0,0,0,,0,0,0,0,0,0,1,1,0,0,0,0,579.0,0.0636363636363636,516.0,1,0,0,0,0,0,0,9.5,27.5,19.0,1,Australian Open_2024,0,0,90.25,-4.070010314595152,16.564983960910926
1497,Australian Open,2024,Hard,3,0,0,0,0,,0,0,0,0,0,0,1,1,0,0,0,0,693.5,,1319.0,0,0,0,0,0,0,0,11.0,34.5,8.0,1,Australian Open_2024,0,0,121.0,2.9299896854048484,8.584839556578803
1498,Australian Open,2024,Hard,3,0,0,0,0,,0,0,0,1,0,0,1,1,0,1,1,1,27.0,0.03450549450549456,6.0,1,0,0,0,0,0,0,8.0,27.0,634.0,1,Australian Open_2024,0,0,64.0,-4.570010314595152,20.884994275506077
1499,Australian Open,2024,Hard,3,1,1,1,0,,0,0,0,1,0,0,1,1,0,0,0,0,61.5,0.08030199039121488,13.0,0,0,0,0,0,0,0,10.0,31.5,24.5,1,Australian Open_2024,0,0,100.0,-0.07001031459515161,0.004901444149712099
1500,Australian Open,2024,Hard,3,1,1,1,0,,0,0,0,1,0,0,1,1,0,1,1,1,61.5,0.04750475047504754,57.0,1,0,0,1,0,0,0,9.5,28.0,16.0,1,Australian Open_2024,1,1,90.25,-3.5700103145951516,12.744973646315774
1501,Australian Open,2024,Hard,3,0,0,0,0,,0,0,0,0,0,0,1,1,0,0,0,0,63.0,0.1164249539594843,20.0,0,0,0,0,0,0,0,9.0,27.5,10.5,1,Australian Open_2024,0,0,81.0,-4.070010314595152,16.564983960910926
1502,Australian Open,2024,Hard,3,1,1,1,0,,0,0,0,0,0,0,1,1,0,0,0,0,62.0,0.1155179052753177,6.0,0,0,0,0,0,0,0,15.0,32.5,52.5,1,Australian Open_2024,0,0,225.0,0.9299896854048484,0.8648808149594088
1503,Australian Open,2024,Hard,3,1,1,1,0,,0,0,0,0,0,0,1,1,0,1,1,1,977.0,,792.0,0,0,0,0,0,0,0,10.5,28.5,345.0,1,Australian Open_2024,0,0,110.25,-3.0700103145951516,9.424963331720623
1504,Australian Open,2024,Hard,3,0,0,0,0,,0,0,0,0,0,0,1,1,0,0,0,0,482.5,0.2273691654879774,805.0,0,0,0,0,0,0,0,12.0,31.5,5.5,1,Australian Open_2024,0,0,144.0,-0.07001031459515161,0.004901444149712099
1507,Australian Open,2024,Hard,3,0,0,0,0,,0,0,0,0,0,0,1,1,0,0,0,0,33.5,0.07588095438562725,9.0,0,0,0,0,0,0,0,14.5,35.5,25.5,1,Australian Open_2024,0,0,210.25,3.9299896854048484,15.4448189273885
1508,Australian Open,2024,Hard,3,0,0,0,0,,0,0,0,0,0,0,1,1,0,1,1,1,495.5,,151.0,0,0,0,0,0,0,0,18.0,27.5,3.5,1,Australian Open_2024,0,0,324.0,-4.070010314595152,16.564983960910926
1509,Australian Open,2024,Hard,4,0,0,0,0,,0,0,0,0,0,0,1,1,0,0,0,0,65.5,0.07423930450697791,3.0,0,0,0,0,0,0,0,17.0,35.5,50.5,1,Australian Open_2024,0,0,289.0,3.9299896854048484,15.4448189273885
1510,Australian Open,2024,Hard,4,0,0,0,0,,0,0,0,0,0,0,1,1,0,0,0,0,25.5,0.04901135386713307,13.0,0,0,0,0,0,0,0,12.5,32.5,19.0,1,Australian Open_2024,0,0,156.25,0.9299896854048484,0.8648808149594088
1511,Australian Open,2024,Hard,4,1,1,1,0,,0,0,0,1,0,0,1,1,0,0,1,1,8.0,0.01057318491443759,2.0,0,0,0,1,0,0,0,21.0,38.5,634.0,1,Australian Open_2024,1,1,441.0,6.929989685404848,48.02475703981759
1512,Australian Open,2024,Hard,4,1,1,0,0,,1,0,0,1,0,1,1,1,0,0,0,0,24.5,0.06931131435219595,13.0,0,0,0,0,0,0,0,15.0,37.0,16.0,0,Australian Open_2024,0,1,225.0,5.429989685404848,29.484787983603045
1513,Australian Open,2024,Hard,4,1,1,1,0,,0,0,0,1,0,1,1,1,0,0,0,0,10.5,0.08436235895252286,1.0,0,0,0,0,0,0,0,17.5,38.0,52.5,0,Australian Open_2024,0,0,306.25,6.429989685404848,41.34476735441274
1514,Australian Open,2024,Hard,4,0,0,0,0,,0,0,0,1,0,1,1,1,0,0,1,1,5.5,0.06283712425079746,1.0,0,0,0,0,0,0,0,15.0,36.0,345.0,0,Australian Open_2024,0,0,225.0,4.429989685404848,19.62480861279335
1515,Australian Open,2024,Hard,4,1,1,1,0,,1,0,0,1,0,0,1,1,0,1,1,1,24.0,0.002501202501202449,2.0,0,0,0,0,0,0,0,8.0,31.0,13.0,1,Australian Open_2024,0,1,64.0,-0.5700103145951516,0.3249117587448637
1516,Australian Open,2024,Hard,4,1,1,1,0,,0,0,0,0,0,0,1,1,0,0,0,0,25.5,0.01910815173527036,35.0,0,0,0,0,0,0,0,16.0,35.5,3.5,1,Australian Open_2024,0,0,256.0,3.9299896854048484,15.4448189273885
1517,Australian Open,2024,Hard,5,0,0,0,0,,0,0,0,0,0,0,1,1,0,1,1,1,19.0,0.02310606060606069,6.0,0,0,0,0,0,0,0,13.5,34.5,50.5,1,Australian Open_2024,0,0,182.25,2.9299896854048484,8.584839556578803
1518,Australian Open,2024,Hard,5,1,1,1,0,,0,0,0,0,0,0,1,1,0,0,0,0,16.0,0.04232018933771908,2.0,0,0,0,0,0,0,0,9.5,30.5,634.0,1,Australian Open_2024,0,0,90.25,-1.0700103145951516,1.1449220733400154
1519,Australian Open,2024,Hard,5,0,0,0,0,,0,0,0,0,0,0,1,1,0,0,0,0,52.5,0.04950617283950615,9.0,0,0,0,0,0,0,0,15.0,32.5,345.0,1,Australian Open_2024,0,0,225.0,0.9299896854048484,0.8648808149594088
1520,Australian Open,2024,Hard,5,1,1,1,0,,0,0,0,0,0,0,1,1,0,1,1,1,13.0,0.01710058017649063,0.0,0,0,0,0,0,0,0,20.5,38.5,3.5,1,Australian Open_2024,0,0,420.25,6.929989685404848,48.02475703981759
1521,Australian Open,2024,Hard,6,1,1,0,0,,1,0,0,1,0,0,1,1,0,1,1,1,634.0,0.0926535087719298,502.0,1,0,0,0,0,0,0,8.5,31.5,50.5,1,Australian Open_2024,0,1,72.25,-0.07001031459515161,0.004901444149712099
1522,Australian Open,2024,Hard,6,1,1,0,0,,1,0,0,1,0,0,1,1,0,0,0,0,345.0,,560.0,0,0,0,0,0,0,0,9.5,26.0,3.5,1,Australian Open_2024,0,1,90.25,-5.570010314595152,31.02501490469638
1523,Australian Open,2024,Hard,7,1,1,1,0,,0,0,0,0,0,0,1,1,0,1,1,1,50.5,0.03143728110001298,11.0,0,0,0,0,0,0,0,15.5,34.0,3.5,1,Australian Open_2024,0,0,240.25,2.4299896854048484,5.904849871173954
1524,Olympics,2024,Hard,3,1,1,1,1,3.0,0,0,0,1,0,1,0,0,1,1,1,1,9.5,0.03143728110001298,1.0,0,0,0,0,0,0,0,15.5,34.0,21.5,0,Olympics_2024,0,1,240.25,2.4299896854048484,5.904849871173954
1525,Olympics,2024,Hard,3,1,1,1,0,,0,0,0,0,0,0,0,0,1,1,1,1,341.5,0.04999999999999999,79.0,0,0,0,0,0,0,0,1.0,27.5,31.0,1,Olympics_2024,0,0,1.0,-4.070010314595152,16.564983960910926
1526,Olympics,2024,Hard,3,1,0,0,1,3.0,0,0,0,1,0,1,0,0,1,1,1,1,80.0,0.1028622540250447,14.0,0,0,0,0,0,0,0,6.5,25.0,218.5,0,Olympics_2024,0,1,42.25,-6.570010314595152,43.16503553388668
1527,Olympics,2024,Hard,3,1,1,1,1,3.0,0,0,0,1,0,0,0,0,1,1,1,1,17.0,0.03741686333404848,18.0,0,0,0,1,0,0,0,14.5,33.5,104.0,1,Olympics_2024,1,1,210.25,1.9299896854048484,3.7248601857691055
1528,Olympics,2024,Hard,3,1,1,1,0,,0,0,0,0,0,0,0,0,1,1,1,1,459.5,,227.0,0,0,0,0,0,0,0,7.0,29.0,170.5,1,Olympics_2024,0,0,49.0,-2.5700103145951516,6.60495301712547
1529,Olympics,2024,Hard,3,1,1,1,0,,0,0,0,0,0,0,0,0,1,1,1,1,585.0,0.1097308488612836,590.0,1,0,0,0,0,0,0,7.0,24.0,42.0,1,Olympics_2024,0,0,49.0,-7.570010314595152,57.30505616307698
1530,Olympics,2024,Hard,3,1,1,1,1,3.0,0,0,0,1,0,1,0,0,1,1,1,1,608.0,,524.0,1,0,0,0,0,0,0,14.0,33.0,377.5,0,Olympics_2024,0,1,196.0,1.4299896854048484,2.044870500364257
1531,Olympics,2024,Hard,3,0,0,0,0,,0,0,0,0,0,0,0,0,1,1,1,1,460.5,0.2205726405090138,207.0,1,0,0,0,0,0,0,5.5,23.0,35.0,1,Olympics_2024,0,0,30.25,-8.570010314595152,73.44507679226729
1532,Olympics,2024,Hard,3,1,1,1,0,,0,0,0,0,0,0,0,0,1,1,1,1,14.0,0.01710058017649063,4.0,0,0,0,0,0,0,0,20.5,38.5,699.5,1,Olympics_2024,0,0,420.25,6.929989685404848,48.02475703981759
1533,Olympics,2024,Hard,3,0,0,0,0,,0,0,0,0,0,0,0,0,1,1,1,1,566.0,0.02651515151515149,2.0,1,0,0,0,0,0,0,10.5,28.5,66.5,1,Olympics_2024,0,0,110.25,-3.0700103145951516,9.424963331720623
1534,Olympics,2024,Hard,3,0,0,0,0,,0,0,0,0,0,0,0,0,1,1,1,1,92.0,0.166369578134284,76.0,0,0,0,0,0,0,0,13.5,32.0,290.0,1,Olympics_2024,0,0,182.25,0.4299896854048484,0.1848911295545605
1535,Olympics,2024,Hard,3,0,0,0,0,,0,0,0,0,0,0,0,0,1,1,1,1,611.0,0.0398060214184684,536.0,1,0,0,0,0,0,0,8.0,25.0,11.5,1,Olympics_2024,0,0,64.0,-6.570010314595152,43.16503553388668
1536,Olympics,2024,Hard,3,1,0,0,1,3.0,0,0,0,1,0,1,0,0,1,1,1,1,15.5,0.03205128205128205,19.0,0,0,0,0,0,0,0,11.0,33.5,47.5,0,Olympics_2024,0,1,121.0,1.9299896854048484,3.7248601857691055
1537,Olympics,2024,Hard,3,1,1,1,1,3.0,0,0,0,1,0,0,0,0,1,1,1,1,207.0,0.1791383219954648,116.0,0,0,0,1,0,0,0,5.0,22.0,259.0,1,Olympics_2024,1,1,25.0,-9.570010314595152,91.58509742145759
1538,Olympics,2024,Hard,3,0,0,0,0,,0,0,0,0,0,0,0,0,1,1,1,1,35.5,0.1818276664336613,63.0,0,0,0,0,0,0,0,21.0,39.0,124.0,1,Olympics_2024,0,0,441.0,7.429989685404848,55.204746725222435
1539,Olympics,2024,Hard,3,0,0,0,0,,0,0,0,0,0,0,0,0,1,1,1,1,272.0,,128.0,1,0,0,0,0,0,0,9.5,27.5,21.0,1,Olympics_2024,0,0,90.25,-4.070010314595152,16.564983960910926
1540,Olympics,2024,Hard,4,0,0,0,0,,0,0,0,0,0,0,0,0,1,1,1,1,21.5,,41.0,0,0,0,0,0,0,0,21.0,35.5,31.0,1,Olympics_2024,0,0,441.0,3.9299896854048484,15.4448189273885
1541,Olympics,2024,Hard,4,0,0,0,0,,0,0,0,0,0,0,0,0,1,1,1,1,218.5,0.06001984126984139,273.0,0,0,0,0,0,0,0,7.0,27.0,104.0,1,Olympics_2024,0,0,49.0,-4.570010314595152,20.884994275506077
1542,Olympics,2024,Hard,4,0,0,0,0,,0,0,0,0,0,0,0,0,1,1,1,1,42.0,0.07629847815414825,30.0,0,0,0,0,0,0,0,20.0,40.0,170.5,1,Olympics_2024,0,0,400.0,8.429989685404848,71.06472609603213
1543,Olympics,2024,Hard,4,1,1,1,1,3.0,0,0,0,1,0,0,0,0,1,1,1,1,35.0,0.006165839829907926,0.0,0,0,0,1,0,0,0,10.5,32.0,377.5,1,Olympics_2024,1,1,110.25,0.4299896854048484,0.1848911295545605
1544,Olympics,2024,Hard,4,1,1,1,1,3.0,0,0,0,1,0,0,0,0,1,1,1,1,66.5,0.2242063492063492,93.0,1,0,0,1,0,0,0,12.5,31.5,699.5,1,Olympics_2024,1,1,156.25,-0.07001031459515161,0.004901444149712099
1545,Olympics,2024,Hard,4,1,1,1,0,,0,0,0,0,0,0,0,0,1,1,1,1,290.0,,258.0,1,0,0,0,0,0,0,6.0,27.0,11.5,1,Olympics_2024,0,0,36.0,-4.570010314595152,20.884994275506077
1546,Olympics,2024,Hard,4,1,1,1,1,3.0,0,0,0,1,0,1,0,0,1,1,1,1,259.0,,162.0,1,0,0,0,0,0,0,9.5,28.0,47.5,0,Olympics_2024,0,1,90.25,-3.5700103145951516,12.744973646315774
1547,Olympics,2024,Hard,4,0,0,0,0,,0,0,0,0,0,0,0,0,1,1,1,1,124.0,,226.0,0,0,0,0,0,0,0,1.0,38.0,21.0,1,Olympics_2024,0,0,1.0,6.429989685404848,41.34476735441274
1548,Olympics,2024,Hard,6,0,0,0,0,,0,0,0,0,0,0,0,0,1,1,1,1,47.5,0.01495392105720739,11.0,0,0,0,0,0,0,0,9.5,27.0,170.5,1,Olympics_2024,0,0,90.25,-4.570010314595152,20.884994275506077
1549,Olympics,2024,Hard,5,1,1,1,0,,0,0,0,0,0,0,0,0,1,1,1,1,104.0,0.07516497666183797,58.0,1,0,0,0,0,0,0,11.5,32.0,31.0,1,Olympics_2024,0,0,132.25,0.4299896854048484,0.1848911295545605
1550,Olympics,2024,Hard,5,0,0,0,0,,0,0,0,0,0,0,0,0,1,1,1,1,377.5,0.0625528317836011,73.0,1,0,0,0,0,0,0,18.5,35.5,170.5,1,Olympics_2024,0,0,342.25,3.9299896854048484,15.4448189273885
1551,Olympics,2024,Hard,5,0,0,0,0,,0,0,0,0,0,0,0,0,1,1,1,1,699.5,,343.0,0,0,0,0,0,0,0,23.0,29.5,11.5,1,Olympics_2024,0,0,529.0,-2.0700103145951516,4.284942702530318
1552,Olympics,2024,Hard,5,1,0,0,1,3.0,0,0,0,1,0,1,0,0,1,1,1,1,21.0,0.02310606060606069,0.0,0,0,0,0,0,0,0,13.5,34.5,47.5,0,Olympics_2024,0,1,182.25,2.9299896854048484,8.584839556578803
1553,Olympics,2024,Hard,6,0,0,0,0,,0,0,0,0,0,0,0,0,1,1,1,1,170.5,,17.0,0,0,0,0,0,0,0,9.0,27.0,31.0,1,Olympics_2024,0,0,81.0,-4.570010314595152,20.884994275506077
1554,Olympics,2024,Hard,6,0,0,0,0,,0,0,0,0,0,0,0,0,1,1,1,1,47.5,0.01495392105720739,11.0,0,0,0,0,0,0,0,9.5,27.0,11.5,1,Olympics_2024,0,0,90.25,-4.570010314595152,20.884994275506077
1555,Olympics,2024,Hard,7,1,1,1,1,3.0,0,0,0,1,0,1,0,0,1,1,1,1,11.5,0.01677122628266325,13.0,0,0,1,0,0,0,0,16.0,37.0,31.0,0,Olympics_2024,1,1,256.0,5.429989685404848,29.484787983603045
1556,Roland Garros,2024,Clay,2,0,0,0,0,,0,0,0,0,0,0,1,1,0,1,1,1,221.5,0.2314983318168032,139.0,1,0,0,0,0,0,0,19.0,37.0,1.0,1,Roland Garros_2024,0,0,361.0,5.429989685404848,29.484787983603045
1557,Roland Garros,2024,Clay,2,0,0,0,0,,0,0,0,0,0,0,1,1,0,1,1,1,193.0,0.2152976966536288,278.0,0,0,0,0,0,0,0,18.0,35.0,45.0,1,Roland Garros_2024,0,0,324.0,3.4299896854048484,11.764829241983652
1558,Roland Garros,2024,Clay,2,0,0,0,0,,0,0,0,0,0,0,1,1,0,0,0,0,516.5,0.0727272727272727,333.0,0,0,0,0,0,0,0,11.0,31.5,161.5,1,Roland Garros_2024,0,0,121.0,-0.07001031459515161,0.004901444149712099
1559,Roland Garros,2024,Clay,2,1,1,1,0,,0,0,0,1,0,1,1,1,0,0,0,0,139.5,0.02881152460984387,145.0,0,0,1,0,0,0,0,1.0,26.5,29.5,0,Roland Garros_2024,1,1,1.0,-5.070010314595152,25.70500459010123
1560,Roland Garros,2024,Clay,2,0,0,0,0,,0,0,0,1,0,1,1,1,0,0,0,0,26.0,0.07517482517482521,32.0,0,0,0,0,0,0,0,11.5,34.5,62.0,0,Roland Garros_2024,0,0,132.25,2.9299896854048484,8.584839556578803
1561,Roland Garros,2024,Clay,2,0,0,0,0,,0,0,0,0,0,0,1,1,0,1,1,1,213.0,0.0,232.0,0,0,0,0,0,0,0,10.0,26.0,117.5,1,Roland Garros_2024,0,0,100.0,-5.570010314595152,31.02501490469638
1562,Roland Garros,2024,Clay,2,0,0,0,0,,0,0,0,1,0,0,1,1,0,1,1,1,429.5,0.05925925925925934,7.0,0,0,0,0,0,0,0,12.0,29.5,431.0,1,Roland Garros_2024,0,0,144.0,-2.0700103145951516,4.284942702530318
1563,Roland Garros,2024,Clay,2,1,1,1,0,,0,0,0,0,0,0,1,1,0,0,0,0,31.5,0.06931131435219595,15.0,0,0,0,0,0,0,0,15.0,37.0,16.5,1,Roland Garros_2024,0,0,225.0,5.429989685404848,29.484787983603045
1564,Roland Garros,2024,Clay,2,0,0,0,0,,0,0,0,1,0,0,1,1,0,0,1,1,45.5,0.1192116440484824,9.0,0,0,0,0,0,0,0,9.0,30.0,7.5,1,Roland Garros_2024,0,0,81.0,-1.5700103145951516,2.464932387935167
1565,Roland Garros,2024,Clay,2,1,1,1,0,,0,0,0,0,0,0,1,1,0,0,0,0,65.5,0.03900709219858162,7.0,0,0,0,0,0,0,0,1.0,36.0,107.5,1,Roland Garros_2024,0,0,1.0,4.429989685404848,19.62480861279335
1566,Roland Garros,2024,Clay,2,1,1,1,0,,0,0,0,0,0,0,1,1,0,0,0,0,55.5,0.08269557823129259,5.0,0,0,0,0,0,0,0,12.0,32.0,66.0,1,Roland Garros_2024,0,0,144.0,0.4299896854048484,0.1848911295545605
1567,Roland Garros,2024,Clay,2,1,1,1,0,,0,0,0,0,0,0,1,1,0,1,1,1,25.0,0.002501202501202449,0.0,0,0,0,0,0,0,0,8.0,31.0,104.5,1,Roland Garros_2024,0,0,64.0,-0.5700103145951516,0.3249117587448637
1568,Roland Garros,2024,Clay,2,0,0,0,0,,0,0,0,0,0,0,1,1,0,0,1,1,639.5,0.02524544179523136,703.0,0,0,0,0,0,0,0,13.0,27.0,17.0,1,Roland Garros_2024,0,0,169.0,-4.570010314595152,20.884994275506077
1569,Roland Garros,2024,Clay,2,1,1,1,0,,0,0,0,0,0,0,1,1,0,0,0,0,663.0,0.0829471182412358,156.0,1,0,0,0,0,0,0,15.5,33.0,394.0,1,Roland Garros_2024,0,0,240.25,1.4299896854048484,2.044870500364257
1570,Roland Garros,2024,Clay,2,1,1,0,0,,1,0,0,1,0,0,1,1,0,0,0,0,728.0,0.04306632213608963,1312.0,0,0,0,0,0,0,0,4.0,28.0,101.5,1,Roland Garros_2024,0,1,16.0,-3.5700103145951516,12.744973646315774
1571,Roland Garros,2024,Clay,2,0,0,0,0,,0,0,0,0,0,0,1,1,0,0,1,1,167.0,0.1203914031102569,178.0,0,0,0,0,0,0,0,9.0,29.0,14.0,1,Roland Garros_2024,0,0,81.0,-2.5700103145951516,6.60495301712547
1572,Roland Garros,2024,Clay,2,1,1,1,0,,0,0,0,1,0,0,1,1,0,1,1,1,63.0,0.06080233079336622,24.0,0,0,0,1,0,0,0,22.0,37.0,15.5,1,Roland Garros_2024,1,1,484.0,5.429989685404848,29.484787983603045
1573,Roland Garros,2024,Clay,2,1,1,1,0,,0,0,0,1,0,1,1,1,0,0,0,0,124.0,0.03197004608294918,68.0,0,0,1,0,0,0,0,6.0,31.5,34.5,0,Roland Garros_2024,1,1,36.0,-0.07001031459515161,0.004901444149712099
1574,Roland Garros,2024,Clay,2,1,1,1,0,,1,0,0,1,0,0,1,1,0,1,1,1,60.5,0.0595611285266458,1.0,0,0,0,0,0,0,0,1.0,27.5,40.5,1,Roland Garros_2024,0,1,1.0,-4.070010314595152,16.564983960910926
1575,Roland Garros,2024,Clay,2,0,0,0,0,,0,0,0,0,0,0,1,1,0,0,0,0,331.5,0.08833333333333332,487.0,1,0,0,0,0,0,0,12.5,30.0,21.5,1,Roland Garros_2024,0,0,156.25,-1.5700103145951516,2.464932387935167
1576,Roland Garros,2024,Clay,2,0,0,0,0,,0,0,0,0,0,0,1,1,0,1,1,1,352.5,0.00661785412559851,157.0,0,0,0,0,0,0,0,9.0,27.0,27.5,1,Roland Garros_2024,0,0,81.0,-4.570010314595152,20.884994275506077
1577,Roland Garros,2024,Clay,2,0,0,0,0,,0,0,0,0,0,0,1,1,0,1,1,1,537.0,0.3333333333333333,220.0,0,0,0,0,0,0,0,4.5,22.0,659.5,1,Roland Garros_2024,0,0,20.25,-9.570010314595152,91.58509742145759
1578,Roland Garros,2024,Clay,2,1,1,1,0,,0,0,0,0,0,0,1,1,0,1,1,1,74.5,,65.0,0,0,0,0,0,0,0,1.0,31.5,43.5,1,Roland Garros_2024,0,0,1.0,-0.07001031459515161,0.004901444149712099
1579,Roland Garros,2024,Clay,2,0,0,0,0,,0,0,0,0,0,0,1,1,0,0,0,0,34.5,0.04950617283950615,1.0,0,0,0,0,0,0,0,15.0,32.5,5.5,1,Roland Garros_2024,0,0,225.0,0.9299896854048484,0.8648808149594088
1580,Roland Garros,2024,Clay,2,0,0,0,0,,0,0,0,1,0,0,1,1,0,0,0,0,11.5,,1.0,0,0,0,0,0,0,0,23.0,41.0,43.5,1,Roland Garros_2024,0,0,529.0,9.429989685404848,88.92470546684183
1581,Roland Garros,2024,Clay,2,0,0,0,0,,0,0,0,0,0,0,1,1,0,0,0,0,68.0,0.02483682781724711,10.0,0,0,0,0,0,0,0,15.0,32.5,70.0,1,Roland Garros_2024,0,0,225.0,0.9299896854048484,0.8648808149594088
1582,Roland Garros,2024,Clay,2,1,1,1,0,,0,0,0,0,0,0,1,1,0,0,0,0,50.0,0.005719514985129237,4.0,0,0,0,0,0,0,0,15.0,32.5,189.0,1,Roland Garros_2024,0,0,225.0,0.9299896854048484,0.8648808149594088
1583,Roland Garros,2024,Clay,2,1,1,1,0,,0,0,0,1,0,0,1,1,0,0,0,0,369.0,,560.0,0,0,0,0,0,0,0,1.0,26.0,18.0,1,Roland Garros_2024,0,0,1.0,-5.570010314595152,31.02501490469638
1584,Roland Garros,2024,Clay,2,1,1,1,0,,0,0,0,1,0,1,1,1,0,1,1,1,31.5,0.008230452674897193,1.0,0,0,0,0,0,0,0,1.0,31.5,98.5,0,Roland Garros_2024,0,0,1.0,-0.07001031459515161,0.004901444149712099
1585,Roland Garros,2024,Clay,2,0,0,0,0,,0,0,0,0,0,0,1,1,0,0,0,0,73.5,0.1212664277180406,5.0,0,0,0,0,0,0,0,5.0,29.0,81.5,1,Roland Garros_2024,0,0,25.0,-2.5700103145951516,6.60495301712547
1586,Roland Garros,2024,Clay,2,1,1,1,0,,0,0,0,0,0,0,1,1,0,1,1,1,316.5,0.0625528317836011,61.0,1,0,0,0,0,0,0,18.5,35.5,435.0,1,Roland Garros_2024,0,0,342.25,3.9299896854048484,15.4448189273885
1587,Roland Garros,2024,Clay,2,0,0,0,0,,0,0,0,1,0,0,1,1,0,1,1,1,97.5,0.1973684210526316,11.0,0,0,0,0,0,0,0,1.0,27.0,3.5,1,Roland Garros_2024,0,0,1.0,-4.570010314595152,20.884994275506077
1588,Roland Garros,2024,Clay,3,1,1,1,0,,0,0,0,0,0,0,1,1,0,1,1,1,45.0,0.01985049455307897,0.0,0,0,0,0,0,0,0,9.5,27.5,1.0,1,Roland Garros_2024,0,0,90.25,-4.070010314595152,16.564983960910926
1589,Roland Garros,2024,Clay,3,0,0,0,0,,0,0,0,1,0,1,1,1,0,1,1,1,161.5,0.01435574229691866,151.0,1,0,0,0,0,0,0,9.0,30.0,29.5,0,Roland Garros_2024,0,0,81.0,-1.5700103145951516,2.464932387935167
1590,Roland Garros,2024,Clay,3,0,0,0,0,,0,0,0,0,0,0,1,1,0,1,1,1,117.5,0.03869674185463656,123.0,0,0,0,0,0,0,0,13.5,33.0,62.0,1,Roland Garros_2024,0,0,182.25,1.4299896854048484,2.044870500364257
1592,Roland Garros,2024,Clay,3,0,0,0,0,,0,0,0,1,0,1,1,1,0,0,0,0,7.5,0.02692944392196983,1.0,0,0,0,0,0,0,0,16.0,36.5,107.5,0,Roland Garros_2024,0,0,256.0,4.929989685404848,24.304798298198197
1593,Roland Garros,2024,Clay,3,1,1,1,0,,0,0,0,0,0,0,1,1,0,0,0,0,66.0,0.02250549450549455,22.0,0,0,0,0,0,0,0,8.5,28.0,104.5,1,Roland Garros_2024,0,0,72.25,-3.5700103145951516,12.744973646315774
1596,Roland Garros,2024,Clay,3,0,0,0,0,,0,0,0,1,0,1,1,1,0,0,0,0,15.5,0.01910815173527036,13.0,0,0,0,0,0,0,0,16.0,35.5,34.5,0,Roland Garros_2024,0,0,256.0,3.9299896854048484,15.4448189273885
1597,Roland Garros,2024,Clay,3,0,0,0,0,,0,0,0,0,0,0,1,1,0,1,1,1,40.5,0.008045881472861782,7.0,0,0,0,0,0,0,0,26.0,34.5,21.5,1,Roland Garros_2024,0,0,676.0,2.9299896854048484,8.584839556578803
1598,Roland Garros,2024,Clay,3,1,1,1,0,,0,0,0,0,0,0,1,1,0,0,1,1,27.5,0.01544027954839367,1.0,0,0,0,0,0,0,0,17.5,37.5,659.5,1,Roland Garros_2024,0,0,306.25,5.929989685404848,35.16477766900789
1599,Roland Garros,2024,Clay,3,0,0,0,0,,0,0,0,0,0,0,1,1,0,0,0,0,43.5,0.0276107377274693,7.0,0,0,0,0,0,0,0,15.0,36.0,5.5,1,Roland Garros_2024,0,0,225.0,4.429989685404848,19.62480861279335
1600,Roland Garros,2024,Clay,3,0,0,0,0,,0,0,0,0,0,0,1,1,0,0,0,0,70.0,0.01964285714285718,8.0,0,0,0,0,0,0,0,1.0,29.5,43.5,1,Roland Garros_2024,0,0,1.0,-2.0700103145951516,4.284942702530318
1601,Roland Garros,2024,Clay,3,0,0,0,0,,0,0,0,0,0,0,1,1,0,0,0,0,189.0,0.2144093359046631,292.0,1,0,0,0,0,0,0,11.0,31.5,18.0,1,Roland Garros_2024,0,0,121.0,-0.07001031459515161,0.004901444149712099
1602,Roland Garros,2024,Clay,3,0,0,0,0,,0,0,0,1,0,0,1,1,0,1,1,1,98.5,0.1473684210526316,57.0,0,0,0,0,0,0,0,1.0,24.5,81.5,1,Roland Garros_2024,0,0,1.0,-7.070010314595152,49.98504584848183
1604,Roland Garros,2024,Clay,4,0,0,0,0,,0,0,0,0,0,0,1,1,0,0,0,0,29.5,0.04232018933771908,1.0,0,0,0,0,0,0,0,9.5,30.5,1.0,1,Roland Garros_2024,0,0,90.25,-1.0700103145951516,1.1449220733400154
1605,Roland Garros,2024,Clay,4,0,0,0,0,,0,0,0,0,0,0,1,1,0,1,1,1,16.5,0.01710058017649063,1.0,0,0,0,0,0,0,0,20.5,38.5,62.0,1,Roland Garros_2024,0,0,420.25,6.929989685404848,48.02475703981759
1606,Roland Garros,2024,Clay,4,1,1,1,0,,0,0,0,0,0,0,1,1,0,1,1,1,104.5,0.1578947368421052,9.0,0,0,0,0,0,0,0,8.0,30.5,107.5,1,Roland Garros_2024,0,0,64.0,-1.0700103145951516,1.1449220733400154
1607,Roland Garros,2024,Clay,4,1,1,1,0,,0,0,0,0,0,0,1,1,0,1,1,1,14.0,0.02310606060606069,0.0,0,0,0,0,0,0,0,13.5,34.5,17.0,1,Roland Garros_2024,0,0,182.25,2.9299896854048484,8.584839556578803
1608,Roland Garros,2024,Clay,4,0,0,0,0,,0,0,0,0,0,0,1,1,0,1,1,1,34.5,0.04750475047504754,3.0,1,0,0,0,0,0,0,9.5,28.0,21.5,1,Roland Garros_2024,0,0,90.25,-3.5700103145951516,12.744973646315774
1609,Roland Garros,2024,Clay,4,0,0,0,0,,0,0,0,0,0,0,1,1,0,1,1,1,659.5,0.04175824175824167,457.0,1,0,0,0,0,0,0,12.0,30.0,5.5,1,Roland Garros_2024,0,0,144.0,-1.5700103145951516,2.464932387935167
1611,Roland Garros,2024,Clay,4,1,1,1,0,,1,0,0,1,0,1,1,1,0,0,0,0,81.5,0.01980198019801993,5.0,0,0,1,0,0,0,0,14.0,35.5,3.5,0,Roland Garros_2024,1,1,196.0,3.9299896854048484,15.4448189273885
1612,Roland Garros,2024,Clay,5,0,0,0,0,,0,0,0,0,0,0,1,1,0,0,0,0,62.0,0.05446009389671358,6.0,0,0,0,0,0,0,0,9.5,26.0,1.0,1,Roland Garros_2024,0,0,90.25,-5.570010314595152,31.02501490469638
1613,Roland Garros,2024,Clay,5,0,0,0,0,,0,0,0,0,0,0,1,1,0,1,1,1,107.5,0.1028622540250447,69.0,0,0,0,0,0,0,0,6.5,25.0,17.0,1,Roland Garros_2024,0,0,42.25,-6.570010314595152,43.16503553388668
1614,Roland Garros,2024,Clay,5,0,0,0,0,,0,0,0,1,0,1,1,1,0,0,1,1,5.5,0.06283712425079746,1.0,0,0,0,0,0,0,0,15.0,36.0,21.5,0,Roland Garros_2024,0,0,225.0,4.429989685404848,19.62480861279335
1615,Roland Garros,2024,Clay,5,1,1,1,0,,0,0,0,1,0,0,1,1,0,1,1,1,18.0,0.006165839829907926,0.0,0,0,0,0,0,0,0,10.5,32.0,3.5,1,Roland Garros_2024,0,0,110.25,0.4299896854048484,0.1848911295545605
1616,Roland Garros,2024,Clay,6,0,0,0,0,,0,0,0,1,0,1,1,1,0,0,1,1,1.0,0.01057318491443759,0.0,0,0,0,0,0,0,0,21.0,38.5,17.0,0,Roland Garros_2024,0,0,441.0,6.929989685404848,48.02475703981759
1617,Roland Garros,2024,Clay,6,0,0,0,0,,0,0,0,1,0,0,1,1,0,0,1,1,3.5,0.02406384127065708,1.0,0,0,0,0,0,0,0,19.5,40.5,21.5,1,Roland Garros_2024,0,0,380.25,8.929989685404848,79.74471578143698
1618,Roland Garros,2024,Clay,7,0,0,0,0,,0,0,0,0,0,0,1,1,0,1,1,1,21.5,0.03143728110001298,3.0,0,0,0,0,0,0,0,15.5,34.0,17.0,1,Roland Garros_2024,0,0,240.25,2.4299896854048484,5.904849871173954
1619,US Open,2024,Hard,2,0,0,0,0,,0,0,0,0,0,0,0,1,0,1,1,1,401.0,0.046875,214.0,0,0,0,0,0,0,0,7.0,25.5,1.0,1,US Open_2024,0,0,49.0,-6.070010314595152,36.84502521929153
1620,US Open,2024,Hard,2,0,0,0,0,,0,0,0,0,0,0,0,1,0,0,0,0,56.0,0.005833333333333302,24.0,0,0,0,0,0,0,0,18.0,32.5,65.0,1,US Open_2024,0,0,324.0,0.9299896854048484,0.8648808149594088
1621,US Open,2024,Hard,2,0,0,0,0,,0,0,0,0,0,0,0,1,0,1,1,1,91.0,0.02354920100925151,0.0,0,0,0,0,0,0,0,1.0,25.5,44.5,1,US Open_2024,0,0,1.0,-6.070010314595152,36.84502521929153
1622,US Open,2024,Hard,2,1,1,1,0,,0,0,0,1,0,1,0,1,0,1,1,1,45.0,0.0595611285266458,0.0,0,0,1,0,0,0,0,1.0,27.5,31.0,0,US Open_2024,1,1,1.0,-4.070010314595152,16.564983960910926
1623,US Open,2024,Hard,2,1,1,1,0,,0,0,0,0,0,0,0,1,0,1,1,1,259.5,0.00661785412559851,105.0,0,0,0,0,0,0,0,9.0,27.0,24.5,1,US Open_2024,0,0,81.0,-4.570010314595152,20.884994275506077
1624,US Open,2024,Hard,2,1,1,1,0,,0,0,0,0,0,0,0,1,0,0,0,0,585.5,0.07675438596491224,81.0,1,0,0,0,0,0,0,6.5,25.0,215.0,1,US Open_2024,0,0,42.25,-6.570010314595152,43.16503553388668
1625,US Open,2024,Hard,2,0,0,0,0,,0,0,0,0,0,0,0,1,0,0,0,0,277.5,0.0636363636363636,61.0,1,0,0,0,0,0,0,9.5,27.5,60.0,1,US Open_2024,0,0,90.25,-4.070010314595152,16.564983960910926
1626,US Open,2024,Hard,2,0,0,0,0,,0,0,0,0,0,0,0,1,0,0,0,0,351.5,0.2990430622009569,395.0,1,0,0,0,0,0,0,9.0,30.0,15.5,1,US Open_2024,0,0,81.0,-1.5700103145951516,2.464932387935167
1627,US Open,2024,Hard,2,1,1,1,0,,0,0,0,1,0,1,0,1,0,0,0,0,187.0,0.1146938775510204,172.0,0,0,1,0,0,0,0,18.0,28.5,5.5,0,US Open_2024,1,1,324.0,-3.0700103145951516,9.424963331720623
1628,US Open,2024,Hard,2,1,1,1,0,,0,0,0,1,0,0,0,1,0,0,1,1,114.0,0.1203914031102569,76.0,1,0,0,1,0,0,0,9.0,29.0,46.5,1,US Open_2024,1,1,81.0,-2.5700103145951516,6.60495301712547
1629,US Open,2024,Hard,2,1,1,1,0,,0,0,0,0,0,0,0,1,0,1,1,1,494.5,0.4191176470588235,849.0,0,0,0,0,0,0,0,11.0,27.5,128.0,1,US Open_2024,0,0,121.0,-4.070010314595152,16.564983960910926
1630,US Open,2024,Hard,2,1,1,1,0,,0,0,0,1,0,1,0,1,0,1,1,1,185.0,0.3518518518518519,182.0,0,0,1,0,0,0,0,8.5,29.0,26.0,0,US Open_2024,1,1,72.25,-2.5700103145951516,6.60495301712547
1631,US Open,2024,Hard,2,1,1,1,0,,0,0,0,0,0,0,0,1,0,0,0,0,170.5,0.1427566807313642,107.0,1,0,0,0,0,0,0,10.0,28.0,21.0,1,US Open_2024,0,0,100.0,-3.5700103145951516,12.744973646315774
1632,US Open,2024,Hard,2,0,0,0,0,,0,0,0,0,0,0,0,1,0,1,1,1,76.0,,68.0,0,0,0,0,0,0,0,1.0,31.5,36.0,1,US Open_2024,0,0,1.0,-0.07001031459515161,0.004901444149712099
1633,US Open,2024,Hard,2,0,0,0,0,,0,0,0,0,0,0,0,1,0,0,0,0,684.0,,984.0,0,0,0,0,0,0,0,8.0,26.0,811.5,1,US Open_2024,0,0,64.0,-5.570010314595152,31.02501490469638
1634,US Open,2024,Hard,2,0,0,0,0,,0,0,0,0,0,0,0,1,0,1,1,1,53.0,0.01468486029889537,44.0,0,0,0,0,0,0,0,8.0,31.5,11.5,1,US Open_2024,0,0,64.0,-0.07001031459515161,0.004901444149712099
1635,US Open,2024,Hard,2,0,0,0,0,,0,0,0,0,0,0,0,1,0,1,1,1,661.5,0.1619047619047619,1181.0,0,0,0,0,0,0,0,6.0,28.0,18.0,1,US Open_2024,0,0,36.0,-3.5700103145951516,12.744973646315774
1636,US Open,2024,Hard,2,1,1,0,0,,1,0,0,1,0,1,0,1,0,0,0,0,144.0,0.1067982594437787,162.0,0,0,0,0,0,0,0,15.0,36.0,64.0,0,US Open_2024,0,1,225.0,4.429989685404848,19.62480861279335
1637,US Open,2024,Hard,2,1,1,1,0,,0,0,0,0,0,0,0,1,0,1,1,1,95.0,0.03714923469387749,46.0,1,0,0,0,0,0,0,4.5,24.5,38.0,1,US Open_2024,0,0,20.25,-7.070010314595152,49.98504584848183
1638,US Open,2024,Hard,2,0,0,0,0,,0,0,0,1,0,0,0,1,0,0,0,0,19.0,,8.0,0,0,0,0,0,0,0,23.0,41.0,407.0,1,US Open_2024,0,0,529.0,9.429989685404848,88.92470546684183
1639,US Open,2024,Hard,2,0,0,0,0,,0,0,0,0,0,0,0,1,0,1,1,1,118.5,0.04398355086715544,23.0,0,0,0,0,0,0,0,17.0,27.5,29.5,1,US Open_2024,0,0,289.0,-4.070010314595152,16.564983960910926
1640,US Open,2024,Hard,2,0,0,0,0,,0,0,0,0,0,0,0,1,0,1,1,1,1395.0,0.0,212.0,0,0,0,0,0,0,0,1.0,18.0,58.5,1,US Open_2024,0,0,1.0,-13.570010314595152,184.1451799382188
1641,US Open,2024,Hard,2,1,1,1,0,,0,0,0,1,0,0,0,1,0,0,0,0,279.0,0.02962962962962973,256.0,1,0,0,1,0,0,0,8.0,26.0,35.0,1,US Open_2024,1,1,64.0,-5.570010314595152,31.02501490469638
1642,US Open,2024,Hard,2,0,0,0,0,,0,0,0,0,0,0,0,1,0,1,1,1,299.5,0.05797101449275366,107.0,0,0,0,0,0,0,0,3.0,20.5,7.5,1,US Open_2024,0,0,9.0,-11.070010314595152,122.54512836524304
1643,US Open,2024,Hard,2,0,0,0,0,,0,0,0,0,0,0,0,1,0,0,0,0,259.5,0.1666666666666666,293.0,0,0,0,0,0,0,0,6.0,26.0,9.5,1,US Open_2024,0,0,36.0,-5.570010314595152,31.02501490469638
1644,US Open,2024,Hard,2,1,1,1,0,,1,0,0,1,0,1,0,1,0,0,1,1,43.0,0.006762041898193405,22.0,0,0,0,0,0,0,0,16.5,37.0,61.0,0,US Open_2024,0,1,272.25,5.429989685404848,29.484787983603045
1645,US Open,2024,Hard,2,0,0,0,0,,0,0,0,0,0,0,0,1,0,1,1,1,334.0,0.1291755508173419,154.0,1,0,0,0,0,0,0,13.0,32.5,517.0,1,US Open_2024,0,0,169.0,0.9299896854048484,0.8648808149594088
1646,US Open,2024,Hard,2,1,1,1,0,,0,0,0,0,0,0,0,1,0,0,0,0,55.0,0.0276107377274693,4.0,0,0,0,0,0,0,0,15.0,36.0,20.0,1,US Open_2024,0,0,225.0,4.429989685404848,19.62480861279335
1647,US Open,2024,Hard,2,0,0,0,0,,0,0,0,0,0,0,0,1,0,0,1,1,226.0,0.1976744186046512,228.0,1,0,0,0,0,0,0,10.0,31.5,31.5,1,US Open_2024,0,0,100.0,-0.07001031459515161,0.004901444149712099
1648,US Open,2024,Hard,2,0,0,0,0,,0,0,0,0,0,0,0,1,0,0,0,0,476.5,,799.0,0,0,0,0,0,0,0,15.0,33.0,231.0,1,US Open_2024,0,0,225.0,1.4299896854048484,2.044870500364257
1649,US Open,2024,Hard,2,0,0,0,0,,0,0,0,0,0,0,0,1,0,0,0,0,639.5,0.1939799331103678,459.0,1,0,0,0,0,0,0,7.0,25.0,638.5,1,US Open_2024,0,0,49.0,-6.570010314595152,43.16503553388668
1650,US Open,2024,Hard,2,0,0,0,0,,0,0,0,0,0,0,0,1,0,1,1,1,63.5,0.02885616102110949,11.0,0,0,0,0,0,0,0,19.0,35.0,3.5,1,US Open_2024,0,0,361.0,3.4299896854048484,11.764829241983652
1651,US Open,2024,Hard,3,1,1,1,0,,0,0,0,0,0,0,0,1,0,0,0,0,65.0,0.01926973406500632,32.0,0,0,0,0,0,0,0,15.5,34.0,1.0,1,US Open_2024,0,0,240.25,2.4299896854048484,5.904849871173954
1652,US Open,2024,Hard,3,0,0,0,0,,0,0,0,1,0,1,0,1,0,0,0,0,31.0,0.002161769380989109,18.0,0,0,0,0,0,0,0,16.5,38.5,44.5,0,US Open_2024,0,0,272.25,6.929989685404848,48.02475703981759
1653,US Open,2024,Hard,3,1,1,1,0,,0,0,0,0,0,0,0,1,0,0,0,0,24.5,0.04232018933771908,1.0,0,0,0,0,0,0,0,9.5,30.5,215.0,1,US Open_2024,0,0,90.25,-1.0700103145951516,1.1449220733400154
1654,US Open,2024,Hard,3,1,1,1,0,,0,0,0,1,0,1,0,1,0,0,0,0,60.0,0.09519912711402073,8.0,0,0,0,0,0,0,0,11.0,34.5,15.5,0,US Open_2024,0,0,121.0,2.9299896854048484,8.584839556578803
1655,US Open,2024,Hard,3,1,1,1,0,,0,0,0,0,0,0,0,1,0,0,1,1,46.5,0.1277343346308863,9.0,1,0,0,0,0,0,0,6.0,27.0,5.5,1,US Open_2024,0,0,36.0,-4.570010314595152,20.884994275506077
1656,US Open,2024,Hard,3,0,0,0,0,,0,0,0,1,0,1,0,1,0,1,1,1,128.0,0.1876607968027976,58.0,0,0,0,0,0,0,0,17.0,36.0,26.0,0,US Open_2024,0,0,289.0,4.429989685404848,19.62480861279335
1657,US Open,2024,Hard,3,1,1,1,0,,0,0,0,1,0,0,0,1,0,1,1,1,36.0,0.008045881472861782,4.0,0,0,0,1,0,0,0,26.0,34.5,21.0,1,US Open_2024,1,1,676.0,2.9299896854048484,8.584839556578803
1658,US Open,2024,Hard,3,0,0,0,0,,0,0,0,0,0,0,0,1,0,0,0,0,811.5,0.3121693121693122,681.0,1,0,0,0,0,0,0,4.0,22.0,11.5,1,US Open_2024,0,0,16.0,-9.570010314595152,91.58509742145759
1659,US Open,2024,Hard,3,1,1,1,0,,0,0,0,0,0,0,0,1,0,0,0,0,64.0,0.1418613861386139,4.0,0,0,0,0,0,0,0,14.0,33.5,18.0,1,US Open_2024,0,0,196.0,1.9299896854048484,3.7248601857691055
1660,US Open,2024,Hard,3,1,1,1,0,,0,0,0,1,0,1,0,1,0,0,1,1,38.0,0.1192116440484824,2.0,0,0,1,0,0,0,0,9.0,30.0,407.0,0,US Open_2024,1,1,81.0,-1.5700103145951516,2.464932387935167
1661,US Open,2024,Hard,3,1,1,1,0,,0,0,0,1,0,0,0,1,0,0,0,0,58.5,0.01275510204081642,13.0,0,0,0,1,0,0,0,15.0,33.0,29.5,1,US Open_2024,1,1,225.0,1.4299896854048484,2.044870500364257
1662,US Open,2024,Hard,3,1,1,1,0,,0,0,0,1,0,0,0,1,0,1,1,1,35.0,0.006165839829907926,0.0,0,0,0,1,0,0,0,10.5,32.0,7.5,1,US Open_2024,1,1,110.25,0.4299896854048484,0.1848911295545605
1663,US Open,2024,Hard,3,1,1,1,0,,0,0,0,0,0,0,0,1,0,0,0,0,61.0,0.02150537634408611,12.0,0,0,0,0,0,0,0,6.0,30.0,9.5,1,US Open_2024,0,0,36.0,-1.5700103145951516,2.464932387935167
1664,US Open,2024,Hard,3,0,0,0,0,,0,0,0,0,0,0,0,1,0,0,0,0,517.0,,712.0,1,0,0,0,0,0,0,1.0,26.5,20.0,1,US Open_2024,0,0,1.0,-5.070010314595152,25.70500459010123
1665,US Open,2024,Hard,3,1,1,1,0,,0,0,0,1,0,1,0,1,0,1,1,1,231.0,0.006071645415907767,38.0,0,0,1,0,0,0,0,1.0,22.5,31.5,0,US Open_2024,1,1,1.0,-9.070010314595152,82.26508710686244
1666,US Open,2024,Hard,3,0,0,0,0,,0,0,0,0,0,0,0,1,0,0,1,1,638.5,0.08015640273704791,461.0,0,0,0,0,0,0,0,13.5,31.5,3.5,1,US Open_2024,0,0,182.25,-0.07001031459515161,0.004901444149712099
1667,US Open,2024,Hard,4,0,0,0,0,,0,0,0,0,0,0,0,1,0,0,0,0,44.5,0.005719514985129237,7.0,0,0,0,0,0,0,0,15.0,32.5,1.0,1,US Open_2024,0,0,225.0,0.9299896854048484,0.8648808149594088
1668,US Open,2024,Hard,4,1,1,1,0,,0,0,0,0,0,0,0,1,0,1,1,1,215.0,0.06001984126984139,262.0,0,0,0,0,0,0,0,7.0,27.0,15.5,1,US Open_2024,0,0,49.0,-4.570010314595152,20.884994275506077
1669,US Open,2024,Hard,4,1,1,1,0,,0,0,0,0,0,0,0,1,0,0,1,1,5.5,0.06283712425079746,1.0,0,0,0,0,0,0,0,15.0,36.0,26.0,1,US Open_2024,0,0,225.0,4.429989685404848,19.62480861279335
1670,US Open,2024,Hard,4,0,0,0,0,,0,0,0,0,0,0,0,1,0,0,0,0,11.5,0.00784762663215699,1.0,0,0,0,0,0,0,0,16.0,31.5,21.0,1,US Open_2024,0,0,256.0,-0.07001031459515161,0.004901444149712099
1671,US Open,2024,Hard,4,1,1,1,0,,0,0,0,1,0,1,0,1,0,1,1,1,407.0,0.1666666666666667,60.0,0,0,0,0,0,0,0,6.0,27.5,18.0,0,US Open_2024,0,0,36.0,-4.070010314595152,16.564983960910926
1672,US Open,2024,Hard,4,1,1,1,0,,0,0,0,0,0,0,0,1,0,0,0,0,29.5,0.08683589956998194,27.0,0,0,0,0,0,0,0,16.0,34.5,7.5,1,US Open_2024,0,0,256.0,2.9299896854048484,8.584839556578803
1673,US Open,2024,Hard,4,1,1,0,0,,1,0,0,1,0,0,0,1,0,1,1,1,9.5,0.03143728110001298,1.0,0,0,0,0,0,0,0,15.5,34.0,20.0,1,US Open_2024,0,1,240.25,2.4299896854048484,5.904849871173954
1674,US Open,2024,Hard,4,0,0,0,0,,0,0,0,0,0,0,0,1,0,0,1,1,3.5,0.02406384127065708,1.0,0,0,0,0,0,0,0,19.5,40.5,31.5,1,US Open_2024,0,0,380.25,8.929989685404848,79.74471578143698
1675,US Open,2024,Hard,5,1,1,1,0,,0,0,0,0,0,0,0,1,0,0,1,1,1.0,0.01057318491443759,0.0,0,0,0,0,0,0,0,21.0,38.5,15.5,1,US Open_2024,0,0,441.0,6.929989685404848,48.02475703981759
1676,US Open,2024,Hard,5,1,1,1,0,,0,0,0,1,0,0,0,1,0,0,0,0,21.0,0.01910815173527036,14.0,0,0,0,1,0,0,0,16.0,35.5,26.0,1,US Open_2024,1,1,256.0,3.9299896854048484,15.4448189273885
1677,US Open,2024,Hard,5,1,1,1,0,,0,0,0,0,0,0,0,1,0,0,1,1,18.0,0.02017841971112999,2.0,0,0,0,0,0,0,0,13.5,36.0,7.5,1,US Open_2024,0,0,182.25,4.429989685404848,19.62480861279335
1678,US Open,2024,Hard,5,1,1,1,0,,0,0,0,1,0,1,0,1,0,1,1,1,31.5,0.01710058017649063,3.0,0,0,1,0,0,0,0,20.5,38.5,20.0,0,US Open_2024,1,1,420.25,6.929989685404848,48.02475703981759
1679,US Open,2024,Hard,6,1,1,1,0,,0,0,0,0,0,0,0,1,0,1,1,1,26.0,0.002501202501202449,0.0,0,0,0,0,0,0,0,8.0,31.0,15.5,1,US Open_2024,0,0,64.0,-0.5700103145951516,0.3249117587448637
1680,US Open,2024,Hard,6,1,1,1,0,,0,0,0,1,0,0,0,1,0,0,0,0,7.5,0.04901135386713307,1.0,0,0,0,1,0,0,0,12.5,32.5,20.0,1,US Open_2024,1,1,156.25,0.9299896854048484,0.8648808149594088
1681,US Open,2024,Hard,7,1,1,1,0,,0,0,0,0,0,0,0,1,0,1,1,1,20.0,0.02310606060606069,0.0,0,0,0,0,0,0,0,13.5,34.5,15.5,1,US Open_2024,0,0,182.25,2.9299896854048484,8.584839556578803
1682,Wimbledon,2024,Grass,2,0,0,0,0,,0,0,0,0,0,0,1,1,0,1,1,1,499.0,,136.0,1,0,0,0,0,0,0,6.0,27.0,2.0,1,Wimbledon_2024,0,0,36.0,-4.570010314595152,20.884994275506077
1683,Wimbledon,2024,Grass,2,1,1,1,0,,0,0,0,0,0,0,1,1,0,0,1,1,323.5,,503.0,0,0,0,0,0,0,0,5.5,28.0,56.5,1,Wimbledon_2024,0,0,30.25,-3.5700103145951516,12.744973646315774
1684,Wimbledon,2024,Grass,2,0,0,0,0,,0,0,0,0,0,0,1,1,0,0,1,1,121.0,0.1203914031102569,120.0,1,0,0,0,0,0,0,9.0,29.0,212.0,1,Wimbledon_2024,0,0,81.0,-2.5700103145951516,6.60495301712547
1685,Wimbledon,2024,Grass,2,1,1,0,0,,1,0,0,1,0,1,1,1,0,0,0,0,27.5,0.04232018933771908,1.0,0,0,0,0,0,0,0,9.5,30.5,612.0,0,Wimbledon_2024,0,1,90.25,-1.0700103145951516,1.1449220733400154
1686,Wimbledon,2024,Grass,2,0,0,0,0,,0,0,0,0,0,0,1,1,0,1,1,1,811.5,0.1808905380333952,495.0,0,0,0,0,0,0,0,5.5,25.5,23.0,1,Wimbledon_2024,0,0,30.25,-6.070010314595152,36.84502521929153
1687,Wimbledon,2024,Grass,2,1,1,1,0,,0,0,0,1,0,0,1,1,0,1,1,1,778.5,0.235886371808702,1233.0,0,0,0,1,0,0,0,7.5,25.5,98.0,1,Wimbledon_2024,1,1,56.25,-6.070010314595152,36.84502521929153
1688,Wimbledon,2024,Grass,2,0,0,0,0,,0,0,0,0,0,0,1,1,0,1,1,1,504.5,,747.0,0,0,0,0,0,0,0,8.0,27.0,50.5,1,Wimbledon_2024,0,0,64.0,-4.570010314595152,20.884994275506077
1689,Wimbledon,2024,Grass,2,0,0,0,0,,0,0,0,0,0,0,1,1,0,0,0,0,176.5,0.1146938775510204,171.0,0,0,0,0,0,0,0,18.0,28.5,15.0,1,Wimbledon_2024,0,0,324.0,-3.0700103145951516,9.424963331720623
1690,Wimbledon,2024,Grass,2,0,0,0,0,,0,0,0,0,0,0,1,1,0,0,0,0,327.5,0.1666666666666666,471.0,0,0,0,0,0,0,0,6.0,26.0,5.5,1,Wimbledon_2024,0,0,36.0,-5.570010314595152,31.02501490469638
1691,Wimbledon,2024,Grass,2,0,0,0,0,,0,0,0,0,0,0,1,1,0,0,0,0,313.5,0.002450980392156799,489.0,1,0,0,0,0,0,0,7.0,28.0,63.5,1,Wimbledon_2024,0,0,49.0,-3.5700103145951516,12.744973646315774
1692,Wimbledon,2024,Grass,2,0,0,0,0,,0,0,0,0,0,0,1,1,0,1,1,1,85.0,0.06233062330623312,34.0,1,0,0,0,0,0,0,9.0,27.0,123.5,1,Wimbledon_2024,0,0,81.0,-4.570010314595152,20.884994275506077
1693,Wimbledon,2024,Grass,2,0,0,0,0,,0,0,0,0,0,0,1,1,0,1,1,1,186.0,0.25,180.0,0,0,0,0,0,0,0,12.5,30.0,31.5,1,Wimbledon_2024,0,0,156.25,-1.5700103145951516,2.464932387935167
1694,Wimbledon,2024,Grass,2,1,1,1,0,,0,0,0,0,0,0,1,1,0,1,1,1,85.0,0.1028622540250447,4.0,0,0,0,0,0,0,0,6.5,25.0,19.5,1,Wimbledon_2024,0,0,42.25,-6.570010314595152,43.16503553388668
1695,Wimbledon,2024,Grass,2,0,0,0,0,,0,0,0,1,0,1,1,1,0,0,0,0,37.0,0.04950617283950615,2.0,0,0,0,0,0,0,0,15.0,32.5,51.5,0,Wimbledon_2024,0,0,225.0,0.9299896854048484,0.8648808149594088
1696,Wimbledon,2024,Grass,2,0,0,0,0,,0,0,0,0,0,0,1,1,0,0,0,0,304.5,0.08907841743662626,109.0,0,0,0,0,0,0,0,5.5,28.0,286.5,1,Wimbledon_2024,0,0,30.25,-3.5700103145951516,12.744973646315774
1697,Wimbledon,2024,Grass,2,0,0,0,0,,0,0,0,0,0,0,1,1,0,1,1,1,875.5,,3.0,1,0,0,0,0,0,0,14.0,27.5,15.0,1,Wimbledon_2024,0,0,196.0,-4.070010314595152,16.564983960910926
1698,Wimbledon,2024,Grass,2,0,0,0,0,,0,0,0,0,0,0,1,1,0,1,1,1,10.5,0.03143728110001298,1.0,0,0,0,0,0,0,0,15.5,34.0,39.5,1,Wimbledon_2024,0,0,240.25,2.4299896854048484,5.904849871173954
1699,Wimbledon,2024,Grass,2,0,0,0,0,,0,0,0,0,0,0,1,1,0,0,0,0,649.5,,449.0,0,0,0,0,0,0,0,17.0,34.0,406.5,1,Wimbledon_2024,0,0,289.0,2.4299896854048484,5.904849871173954
1700,Wimbledon,2024,Grass,2,1,1,1,0,,0,0,0,0,0,0,1,1,0,0,1,1,901.5,,987.0,0,0,0,0,0,0,0,1.0,31.0,40.5,1,Wimbledon_2024,0,0,1.0,-0.5700103145951516,0.3249117587448637
1701,Wimbledon,2024,Grass,2,1,1,1,0,,0,0,0,0,0,0,1,1,0,0,0,0,18.0,0.02692944392196983,2.0,0,0,0,0,0,0,0,16.0,36.5,59.0,1,Wimbledon_2024,0,0,256.0,4.929989685404848,24.304798298198197
1702,Wimbledon,2024,Grass,2,1,1,1,0,,0,0,0,0,0,0,1,1,0,1,1,1,696.5,0.3428571428571429,717.0,0,0,0,0,0,0,0,8.0,27.0,33.5,1,Wimbledon_2024,0,0,64.0,-4.570010314595152,20.884994275506077
1703,Wimbledon,2024,Grass,2,1,1,1,0,,0,0,0,0,0,0,1,1,0,0,0,0,189.0,0.0346295675494469,236.0,0,0,0,0,0,0,0,16.0,29.5,37.0,1,Wimbledon_2024,0,0,256.0,-2.0700103145951516,4.284942702530318
1704,Wimbledon,2024,Grass,2,0,0,0,0,,0,0,0,1,0,1,1,1,0,0,0,0,47.5,0.0276107377274693,1.0,0,0,0,0,0,0,0,15.0,36.0,76.0,0,Wimbledon_2024,0,0,225.0,4.429989685404848,19.62480861279335
1705,Wimbledon,2024,Grass,2,0,0,0,0,,0,0,0,0,0,0,1,1,0,0,1,1,65.5,0.07636138613861393,3.0,0,0,0,0,0,0,0,1.0,32.0,8.0,1,Wimbledon_2024,0,0,1.0,0.4299896854048484,0.1848911295545605
1706,Wimbledon,2024,Grass,2,0,0,0,0,,0,0,0,1,0,0,1,1,0,1,1,1,696.0,0.4285714285714285,536.0,1,0,0,0,0,0,0,18.0,26.0,13.5,1,Wimbledon_2024,0,0,324.0,-5.570010314595152,31.02501490469638
1707,Wimbledon,2024,Grass,2,0,0,0,0,,0,0,0,0,0,0,1,1,0,1,1,1,577.0,0.0394736842105263,502.0,1,0,0,0,0,0,0,10.0,29.5,136.5,1,Wimbledon_2024,0,0,100.0,-2.0700103145951516,4.284942702530318
1708,Wimbledon,2024,Grass,2,1,1,1,0,,0,0,0,0,0,0,1,1,0,1,1,1,185.5,0.0868934040218104,321.0,0,0,0,0,0,0,0,19.5,37.5,50.5,1,Wimbledon_2024,0,0,380.25,5.929989685404848,35.16477766900789
1709,Wimbledon,2024,Grass,2,1,1,1,0,,1,0,0,1,0,1,1,1,0,1,1,1,43.5,0.01985049455307897,1.0,0,0,1,0,0,0,0,9.5,27.5,16.0,0,Wimbledon_2024,1,1,90.25,-4.070010314595152,16.564983960910926
1710,Wimbledon,2024,Grass,2,0,0,0,0,,0,0,0,0,0,0,1,1,0,0,0,0,799.0,,866.0,0,0,0,0,0,0,0,8.0,25.5,29.0,1,Wimbledon_2024,0,0,64.0,-6.070010314595152,36.84502521929153
1711,Wimbledon,2024,Grass,2,0,0,0,0,,0,0,0,0,0,0,1,1,0,0,1,1,71.0,0.122059405940594,16.0,0,0,0,0,0,0,0,14.0,35.0,35.5,1,Wimbledon_2024,0,0,196.0,3.4299896854048484,11.764829241983652
1712,Wimbledon,2024,Grass,2,1,1,1,0,,0,0,0,0,0,0,1,1,0,0,0,0,476.0,0.1484794275491949,788.0,1,0,0,0,0,0,0,8.0,30.0,58.5,1,Wimbledon_2024,0,0,64.0,-1.5700103145951516,2.464932387935167
1713,Wimbledon,2024,Grass,2,0,0,0,0,,0,0,0,0,0,0,1,1,0,1,1,1,67.0,0.02885616102110949,22.0,0,0,0,0,0,0,0,19.0,35.0,2.5,1,Wimbledon_2024,0,0,361.0,3.4299896854048484,11.764829241983652
1716,Wimbledon,2024,Grass,3,0,0,0,0,,0,0,0,0,0,0,1,1,0,1,1,1,98.0,0.03661521084337349,44.0,1,0,0,0,0,0,0,5.0,25.5,23.0,1,Wimbledon_2024,0,0,25.0,-6.070010314595152,36.84502521929153
1717,Wimbledon,2024,Grass,3,0,0,0,0,,0,0,0,1,0,1,1,1,0,0,0,0,50.5,0.005719514985129237,9.0,0,0,0,0,0,0,0,15.0,32.5,15.0,0,Wimbledon_2024,0,0,225.0,0.9299896854048484,0.8648808149594088
1718,Wimbledon,2024,Grass,3,0,0,0,0,,0,0,0,1,0,1,1,1,0,0,1,1,5.5,0.06283712425079746,1.0,0,0,0,0,0,0,0,15.0,36.0,63.5,0,Wimbledon_2024,0,0,225.0,4.429989685404848,19.62480861279335
1719,Wimbledon,2024,Grass,3,0,0,0,0,,0,0,0,0,0,0,1,1,0,0,0,0,123.5,0.01425736176497738,85.0,0,0,0,0,0,0,0,20.0,39.5,31.5,1,Wimbledon_2024,0,0,400.0,7.929989685404848,62.88473641062728
1720,Wimbledon,2024,Grass,3,1,1,1,0,,0,0,0,0,0,0,1,1,0,0,0,0,51.5,0.05446009389671358,5.0,0,0,0,0,0,0,0,9.5,26.0,19.5,1,Wimbledon_2024,0,0,90.25,-5.570010314595152,31.02501490469638
1721,Wimbledon,2024,Grass,3,1,1,1,0,,0,0,0,0,0,0,1,1,0,0,0,0,15.0,0.01910815173527036,14.0,0,0,0,0,0,0,0,16.0,35.5,286.5,1,Wimbledon_2024,0,0,256.0,3.9299896854048484,15.4448189273885
1722,Wimbledon,2024,Grass,3,1,1,1,0,,0,0,0,0,0,0,1,1,0,1,1,1,406.5,0.00661785412559851,321.0,0,0,0,0,0,0,0,9.0,27.0,39.5,1,Wimbledon_2024,0,0,81.0,-4.570010314595152,20.884994275506077
1723,Wimbledon,2024,Grass,3,1,1,1,0,,1,0,0,1,0,1,1,1,0,0,0,0,59.0,0.08269557823129259,14.0,0,0,1,0,0,0,0,12.0,32.0,40.5,0,Wimbledon_2024,1,1,144.0,0.4299896854048484,0.1848911295545605
1724,Wimbledon,2024,Grass,3,1,1,1,0,,1,0,0,1,0,1,1,1,0,0,1,1,37.0,0.1192116440484824,4.0,0,0,1,0,0,0,0,9.0,30.0,33.5,0,Wimbledon_2024,1,1,81.0,-1.5700103145951516,2.464932387935167
1725,Wimbledon,2024,Grass,3,0,0,0,0,,0,0,0,0,0,0,1,1,0,0,0,0,76.0,0.04598260117793268,2.0,0,0,0,0,0,0,0,1.0,31.0,8.0,1,Wimbledon_2024,0,0,1.0,-0.5700103145951516,0.3249117587448637
1726,Wimbledon,2024,Grass,3,1,1,1,0,,0,0,0,0,0,0,1,1,0,0,0,0,13.5,,1.0,0,0,0,0,0,0,0,23.0,41.0,136.5,1,Wimbledon_2024,0,0,529.0,9.429989685404848,88.92470546684183
1727,Wimbledon,2024,Grass,3,1,1,1,0,,0,0,0,1,0,0,1,1,0,1,1,1,50.5,0.07928520078052792,1.0,0,0,0,1,0,0,0,8.0,29.5,16.0,1,Wimbledon_2024,1,1,64.0,-2.0700103145951516,4.284942702530318
1728,Wimbledon,2024,Grass,3,1,1,1,0,,0,0,0,0,0,0,1,1,0,1,1,1,29.0,0.006165839829907926,0.0,0,0,0,0,0,0,0,10.5,32.0,35.5,1,Wimbledon_2024,0,0,110.25,0.4299896854048484,0.1848911295545605
1729,Wimbledon,2024,Grass,3,1,1,1,0,,0,0,0,0,0,0,1,1,0,0,1,1,2.5,0.02406384127065708,3.0,0,0,0,0,0,0,0,19.5,40.5,58.5,1,Wimbledon_2024,0,0,380.25,8.929989685404848,79.74471578143698
1730,Wimbledon,2024,Grass,4,0,0,0,0,,0,0,0,0,0,0,1,1,0,0,0,0,612.0,0.2344210411437302,520.0,1,0,0,0,0,0,0,14.0,32.0,2.0,1,Wimbledon_2024,0,0,196.0,0.4299896854048484,0.1848911295545605
1731,Wimbledon,2024,Grass,4,0,0,0,0,,0,0,0,0,0,0,1,1,0,1,1,1,23.0,0.002501202501202449,0.0,0,0,0,0,0,0,0,8.0,31.0,15.0,1,Wimbledon_2024,0,0,64.0,-0.5700103145951516,0.3249117587448637
1732,Wimbledon,2024,Grass,4,0,0,0,0,,0,0,0,0,0,0,1,1,0,0,0,0,63.5,0.09519912711402073,3.0,0,0,0,0,0,0,0,11.0,34.5,31.5,1,Wimbledon_2024,0,0,121.0,2.9299896854048484,8.584839556578803
1733,Wimbledon,2024,Grass,4,1,1,1,0,,0,0,0,1,0,0,1,1,0,1,1,1,286.5,0.2,203.0,0,0,0,1,0,0,0,1.0,24.0,19.5,1,Wimbledon_2024,1,1,1.0,-7.570010314595152,57.30505616307698
1734,Wimbledon,2024,Grass,4,1,1,1,0,,0,0,0,0,0,0,1,1,0,1,1,1,40.5,0.008045881472861782,1.0,0,0,0,0,0,0,0,26.0,34.5,39.5,1,Wimbledon_2024,0,0,676.0,2.9299896854048484,8.584839556578803
1735,Wimbledon,2024,Grass,4,1,1,1,0,,0,0,0,0,0,0,1,1,0,1,1,1,33.5,0.008230452674897193,1.0,0,0,0,0,0,0,0,1.0,31.5,8.0,1,Wimbledon_2024,0,0,1.0,-0.07001031459515161,0.004901444149712099
1736,Wimbledon,2024,Grass,4,0,0,0,0,,0,0,0,0,0,0,1,1,0,1,1,1,136.5,0.01435574229691866,113.0,1,0,0,0,0,0,0,9.0,30.0,16.0,1,Wimbledon_2024,0,0,81.0,-1.5700103145951516,2.464932387935167
1737,Wimbledon,2024,Grass,4,1,1,1,0,,0,0,0,0,0,0,1,1,0,0,0,0,35.5,0.06931131435219595,19.0,0,0,0,0,0,0,0,15.0,37.0,58.5,1,Wimbledon_2024,0,0,225.0,5.429989685404848,29.484787983603045
1738,Wimbledon,2024,Grass,5,1,1,1,0,,0,0,0,0,0,0,1,1,0,1,1,1,15.0,0.02310606060606069,0.0,0,0,0,0,0,0,0,13.5,34.5,2.0,1,Wimbledon_2024,0,0,182.25,2.9299896854048484,8.584839556578803
1739,Wimbledon,2024,Grass,5,1,1,1,0,,0,0,0,1,0,0,1,1,0,1,1,1,19.5,0.01710058017649063,3.0,0,0,0,1,0,0,0,20.5,38.5,31.5,1,Wimbledon_2024,1,1,420.25,6.929989685404848,48.02475703981759
1740,Wimbledon,2024,Grass,5,1,1,1,0,,1,0,0,1,0,1,1,1,0,0,0,0,8.0,0.04901135386713307,2.0,0,0,0,0,0,0,0,12.5,32.5,39.5,0,Wimbledon_2024,0,1,156.25,0.9299896854048484,0.8648808149594088
1741,Wimbledon,2024,Grass,5,1,1,1,0,,0,0,0,0,0,0,1,1,0,1,1,1,58.5,0.0595611285266458,1.0,0,0,0,0,0,0,0,1.0,27.5,16.0,1,Wimbledon_2024,0,0,1.0,-4.070010314595152,16.564983960910926
1742,Wimbledon,2024,Grass,6,0,0,0,0,,0,0,0,0,0,0,1,1,0,0,1,1,2.0,0.01057318491443759,0.0,0,0,0,0,0,0,0,21.0,38.5,31.5,1,Wimbledon_2024,0,0,441.0,6.929989685404848,48.02475703981759
1743,Wimbledon,2024,Grass,6,1,1,1,0,,0,0,0,0,0,0,1,1,0,0,1,1,16.0,0.02017841971112999,8.0,0,0,0,0,0,0,0,13.5,36.0,39.5,1,Wimbledon_2024,0,0,182.25,4.429989685404848,19.62480861279335
1744,Wimbledon,2024,Grass,7,1,1,1,0,,1,0,0,1,0,1,1,1,0,1,1,1,31.5,0.04750475047504754,1.0,1,0,1,0,0,0,0,9.5,28.0,39.5,0,Wimbledon_2024,1,1,90.25,-3.5700103145951516,12.744973646315774
1745,Australian Open,2025,Hard,2,0,0,0,0,,0,0,0,0,0,0,0,1,0,1,1,1,257.0,0.03450549450549456,330.0,1,0,0,0,0,0,0,9.0,28.0,1.0,1,Australian Open_2025,0,0,81.0,-3.5700103145951516,12.744973646315774
1746,Australian Open,2025,Hard,2,1,1,1,0,,1,0,0,1,0,0,0,1,0,0,0,0,106.0,0.04242424242424253,20.0,0,0,0,0,0,0,0,1.0,28.5,429.5,1,Australian Open_2025,0,1,1.0,-3.0700103145951516,9.424963331720623
1747,Australian Open,2025,Hard,2,1,1,1,0,,0,0,0,1,0,1,0,1,0,1,1,1,484.5,0.4255644852659778,753.0,0,0,1,0,0,0,0,16.0,32.5,52.5,0,Australian Open_2025,1,1,256.0,0.9299896854048484,0.8648808149594088
1748,Australian Open,2025,Hard,2,0,0,0,0,,0,0,0,1,0,0,0,1,0,1,1,1,73.5,0.0423728813559322,1.0,0,0,0,0,0,0,0,1.0,26.5,32.0,1,Australian Open_2025,0,0,1.0,-5.070010314595152,25.70500459010123
1749,Australian Open,2025,Hard,2,1,1,1,0,,0,0,0,0,0,0,0,1,0,1,1,1,545.0,,680.0,1,0,0,0,0,0,0,7.0,25.0,29.0,1,Australian Open_2025,0,0,49.0,-6.570010314595152,43.16503553388668
1750,Australian Open,2025,Hard,2,0,0,0,0,,0,0,0,0,0,0,0,1,0,0,0,0,51.0,0.0003734129947722264,20.0,0,0,0,0,0,0,0,11.0,31.5,61.5,1,Australian Open_2025,0,0,121.0,-0.07001031459515161,0.004901444149712099
1752,Australian Open,2025,Hard,2,0,0,0,0,,0,0,0,0,0,0,0,1,0,1,1,1,20.5,0.01710058017649063,3.0,0,0,0,0,0,0,0,21.5,39.5,214.5,1,Australian Open_2025,0,0,462.25,7.929989685404848,62.88473641062728
1753,Australian Open,2025,Hard,2,0,0,0,0,,0,0,0,0,0,0,0,1,0,1,1,1,57.0,0.0595611285266458,0.0,0,0,0,0,0,0,0,1.0,28.5,6.5,1,Australian Open_2025,0,0,1.0,-3.0700103145951516,9.424963331720623
1754,Australian Open,2025,Hard,2,0,0,0,0,,0,0,0,0,0,0,0,1,0,1,1,1,179.0,0.2592592592592592,144.0,0,0,0,0,0,0,0,5.0,28.5,153.0,1,Australian Open_2025,0,0,25.0,-3.0700103145951516,9.424963331720623
1755,Australian Open,2025,Hard,2,1,1,1,0,,0,0,0,1,0,0,0,1,0,0,1,1,333.5,,513.0,0,0,0,1,0,0,0,5.0,28.0,40.5,1,Australian Open_2025,1,1,25.0,-3.5700103145951516,12.744973646315774
1756,Australian Open,2025,Hard,2,1,1,1,0,,0,0,0,0,0,0,0,1,0,0,0,0,32.0,0.09857852519300658,32.0,0,0,0,0,0,0,0,19.0,41.5,276.5,1,Australian Open_2025,0,0,361.0,9.929989685404848,98.60469515224668
1757,Australian Open,2025,Hard,2,1,1,1,0,,0,0,0,1,0,0,0,1,0,0,1,1,410.5,,273.0,0,0,0,1,0,0,0,8.0,26.5,30.0,1,Australian Open_2025,1,1,64.0,-5.070010314595152,25.70500459010123
1758,Australian Open,2025,Hard,2,0,0,0,0,,0,0,0,1,0,0,0,1,0,0,0,0,735.0,,1044.0,0,0,0,0,0,0,0,10.0,29.5,168.0,1,Australian Open_2025,0,0,100.0,-2.0700103145951516,4.284942702530318
1759,Australian Open,2025,Hard,2,0,0,0,0,,0,0,0,0,0,0,0,1,0,0,0,0,65.5,0.002279942279942271,11.0,0,0,0,0,0,0,0,20.0,38.0,62.0,1,Australian Open_2025,0,0,400.0,6.429989685404848,41.34476735441274
1760,Australian Open,2025,Hard,2,1,1,1,0,,0,0,0,0,0,0,0,1,0,0,0,0,12.5,0.03874544590527484,9.0,0,0,0,0,0,0,0,16.5,37.5,164.0,1,Australian Open_2025,0,0,272.25,5.929989685404848,35.16477766900789
1761,Australian Open,2025,Hard,2,1,1,1,0,,0,0,0,1,0,1,0,1,0,1,1,1,331.5,,505.0,0,0,0,0,0,0,0,11.5,32.5,20.0,0,Australian Open_2025,0,0,132.25,0.9299896854048484,0.8648808149594088
1762,Australian Open,2025,Hard,2,0,0,0,0,,0,0,0,0,0,0,0,1,0,1,1,1,490.0,,746.0,0,0,0,0,0,0,0,9.0,28.0,37.0,1,Australian Open_2025,0,0,81.0,-3.5700103145951516,12.744973646315774
1763,Australian Open,2025,Hard,2,0,0,0,0,,0,0,0,1,0,1,0,1,0,1,1,1,155.5,0.0357142857142857,23.0,0,0,0,0,0,0,0,1.0,26.0,45.5,0,Australian Open_2025,0,0,1.0,-5.570010314595152,31.02501490469638
1764,Australian Open,2025,Hard,2,1,1,1,0,,0,0,0,0,0,0,0,1,0,1,1,1,229.5,0.03497023809523811,47.0,1,0,0,0,0,0,0,7.5,26.5,27.0,1,Australian Open_2025,0,0,56.25,-5.070010314595152,25.70500459010123
1765,Australian Open,2025,Hard,2,0,0,0,0,,0,0,0,0,0,0,0,1,0,0,0,0,512.0,0.108294930875576,428.0,0,0,0,0,0,0,0,14.0,27.5,31.0,1,Australian Open_2025,0,0,196.0,-4.070010314595152,16.564983960910926
1767,Australian Open,2025,Hard,2,1,1,1,0,,0,0,0,0,0,0,0,1,0,0,0,0,106.0,0.1349789915966386,62.0,0,0,0,0,0,0,0,18.0,32.5,182.5,1,Australian Open_2025,0,0,324.0,0.9299896854048484,0.8648808149594088
1768,Australian Open,2025,Hard,2,0,0,0,0,,0,0,0,0,0,0,0,1,0,0,1,1,559.0,0.1090909090909091,592.0,0,0,0,0,0,0,0,13.5,31.5,9.5,1,Australian Open_2025,0,0,182.25,-0.07001031459515161,0.004901444149712099
1769,Australian Open,2025,Hard,2,1,1,1,0,,0,0,0,0,0,0,0,1,0,0,1,1,75.0,0.06689895470383267,6.0,0,0,0,0,0,0,0,1.0,25.0,13.5,1,Australian Open_2025,0,0,1.0,-6.570010314595152,43.16503553388668
1770,Australian Open,2025,Hard,2,1,1,1,0,,0,0,0,1,0,0,0,1,0,1,1,1,236.5,0.1549096622152395,333.0,0,0,0,0,0,0,0,8.0,30.0,301.5,1,Australian Open_2025,0,0,64.0,-1.5700103145951516,2.464932387935167
1771,Australian Open,2025,Hard,2,1,1,1,0,,0,0,0,0,0,0,0,1,0,0,0,0,45.5,0.005719514985129237,3.0,0,0,0,0,0,0,0,16.0,33.5,164.0,1,Australian Open_2025,0,0,256.0,1.9299896854048484,3.7248601857691055
1772,Australian Open,2025,Hard,2,0,0,0,0,,0,0,0,0,0,0,0,1,0,0,0,0,24.5,0.0559506317954746,19.0,0,0,0,0,0,0,0,15.0,35.0,36.0,1,Australian Open_2025,0,0,225.0,3.4299896854048484,11.764829241983652
1773,Australian Open,2025,Hard,2,0,0,0,0,,0,0,0,1,0,0,0,1,0,1,1,1,36.5,0.008045881472861782,3.0,0,0,0,0,0,0,0,27.0,35.5,31.5,1,Australian Open_2025,0,0,729.0,3.9299896854048484,15.4448189273885
1774,Australian Open,2025,Hard,2,0,0,0,0,,0,0,0,0,0,0,0,1,0,1,1,1,130.0,0.09523809523809518,38.0,0,0,0,0,0,0,0,1.0,28.0,40.0,1,Australian Open_2025,0,0,1.0,-3.5700103145951516,12.744973646315774
1775,Australian Open,2025,Hard,2,0,0,0,0,,0,0,0,0,0,0,0,1,0,0,0,0,59.5,0.01936842105263159,7.0,0,0,0,0,0,0,0,15.0,29.5,49.5,1,Australian Open_2025,0,0,225.0,-2.0700103145951516,4.284942702530318
1776,Australian Open,2025,Hard,2,1,1,0,0,,1,0,0,1,0,1,0,1,0,1,1,1,96.5,0.01157894736842108,7.0,0,0,0,0,0,0,0,19.0,32.5,80.0,0,Australian Open_2025,0,1,361.0,0.9299896854048484,0.8648808149594088
1777,Australian Open,2025,Hard,3,0,0,0,0,,0,0,0,0,0,0,0,1,0,0,0,0,429.5,0.02285395763656631,649.0,0,0,0,0,0,0,0,10.0,29.0,1.0,1,Australian Open_2025,0,0,100.0,-2.5700103145951516,6.60495301712547
1778,Australian Open,2025,Hard,3,1,1,1,0,,0,0,0,0,0,0,0,1,0,0,0,0,52.5,0.003737113402061898,1.0,0,0,0,0,0,0,0,1.0,32.5,32.0,1,Australian Open_2025,0,0,1.0,0.9299896854048484,0.8648808149594088
1779,Australian Open,2025,Hard,3,0,0,0,0,,0,0,0,0,0,0,0,1,0,1,1,1,29.0,0.03205128205128205,22.0,0,0,0,0,0,0,0,12.0,34.5,61.5,1,Australian Open_2025,0,0,144.0,2.9299896854048484,8.584839556578803
1780,Australian Open,2025,Hard,3,0,0,0,0,,0,0,0,0,0,0,0,1,0,1,1,1,882.5,0.04421052631578948,793.0,0,0,0,0,0,0,0,11.0,31.0,214.5,1,Australian Open_2025,0,0,121.0,-0.5700103145951516,0.3249117587448637
1781,Australian Open,2025,Hard,3,1,1,1,0,,0,0,0,0,0,0,0,1,0,0,0,0,153.0,0.1058278981695771,130.0,0,0,0,0,0,0,0,1.0,27.5,6.5,1,Australian Open_2025,0,0,1.0,-4.070010314595152,16.564983960910926
1782,Australian Open,2025,Hard,3,0,0,0,0,,0,0,0,0,0,0,0,1,0,0,0,0,40.5,0.057744686267023,21.0,0,0,0,0,0,0,0,17.5,37.5,276.5,1,Australian Open_2025,0,0,306.25,5.929989685404848,35.16477766900789
1783,Australian Open,2025,Hard,3,0,0,0,0,,0,0,0,0,0,0,0,1,0,0,1,1,30.0,0.006762041898193405,6.0,0,0,0,0,0,0,0,17.5,38.0,168.0,1,Australian Open_2025,0,0,306.25,6.429989685404848,41.34476735441274
1784,Australian Open,2025,Hard,3,1,1,1,0,,0,0,0,1,0,0,0,1,0,0,0,0,62.0,0.01980198019801993,6.0,0,0,0,0,0,0,0,15.0,36.5,164.0,1,Australian Open_2025,0,0,225.0,4.929989685404848,24.304798298198197
1785,Australian Open,2025,Hard,3,1,1,1,0,,0,0,0,1,0,0,0,1,0,1,1,1,20.0,0.002501202501202449,0.0,0,0,0,1,0,0,0,9.0,32.0,37.0,1,Australian Open_2025,1,1,81.0,0.4299896854048484,0.1848911295545605
1786,Australian Open,2025,Hard,3,0,0,0,0,,0,0,0,1,0,0,0,1,0,0,0,0,45.5,0.02941144132554885,1.0,0,0,0,0,0,0,0,17.5,35.5,27.0,1,Australian Open_2025,0,0,306.25,3.9299896854048484,15.4448189273885
1787,Australian Open,2025,Hard,3,1,1,1,0,,0,0,0,1,0,0,0,1,0,0,0,0,65.0,0.1657894736842105,2.0,0,0,0,0,0,0,0,1.0,30.0,31.0,1,Australian Open_2025,0,0,1.0,-1.5700103145951516,2.464932387935167
1788,Australian Open,2025,Hard,3,0,0,0,0,,0,0,0,1,0,1,0,1,0,0,0,0,182.5,0.05370843989769819,183.0,1,0,0,0,0,0,0,1.0,28.0,9.5,0,Australian Open_2025,0,0,1.0,-3.5700103145951516,12.744973646315774
1789,Australian Open,2025,Hard,3,1,1,1,0,,0,0,0,0,0,0,0,1,0,1,1,1,301.5,0.149092970521542,409.0,0,0,0,0,0,0,0,10.0,27.0,13.5,1,Australian Open_2025,0,0,100.0,-4.570010314595152,20.884994275506077
1790,Australian Open,2025,Hard,3,0,0,0,0,,0,0,0,0,0,0,0,1,0,1,1,1,164.0,0.0315789473684211,52.0,0,0,0,0,0,0,0,3.0,25.0,36.0,1,Australian Open_2025,0,0,9.0,-6.570010314595152,43.16503553388668
1791,Australian Open,2025,Hard,3,1,1,1,0,,0,0,0,1,0,1,0,1,0,0,0,0,40.0,0.1108658819332976,28.0,0,0,1,0,0,0,0,21.0,35.0,31.5,0,Australian Open_2025,1,1,441.0,3.4299896854048484,11.764829241983652
1792,Australian Open,2025,Hard,3,0,0,0,0,,0,0,0,1,0,1,0,1,0,1,1,1,80.0,0.0,0.0,0,0,0,0,0,0,0,1.0,27.5,49.5,0,Australian Open_2025,0,0,1.0,-4.070010314595152,16.564983960910926
1793,Australian Open,2025,Hard,4,1,1,1,0,,0,0,0,0,0,0,0,1,0,1,1,1,32.0,0.008230452674897193,8.0,0,0,0,0,0,0,0,1.0,32.5,1.0,1,Australian Open_2025,0,0,1.0,0.9299896854048484,0.8648808149594088
1794,Australian Open,2025,Hard,4,0,0,0,0,,0,0,0,0,0,0,0,1,0,1,1,1,214.5,0.1263368983957219,151.0,0,0,0,0,0,0,0,13.0,30.0,61.5,1,Australian Open_2025,0,0,169.0,-1.5700103145951516,2.464932387935167
1795,Australian Open,2025,Hard,4,1,1,1,0,,0,0,0,0,0,0,0,1,0,1,1,1,276.5,0.00661785412559851,81.0,0,0,0,0,0,0,0,10.0,28.0,6.5,1,Australian Open_2025,0,0,100.0,-3.5700103145951516,12.744973646315774
1796,Australian Open,2025,Hard,4,1,1,1,0,,0,0,0,1,0,0,0,1,0,1,1,1,168.0,0.1374269005847953,50.0,0,0,0,0,0,0,0,9.5,29.5,164.0,1,Australian Open_2025,0,0,90.25,-2.0700103145951516,4.284942702530318
1797,Australian Open,2025,Hard,4,1,1,0,0,,1,0,0,1,0,0,0,1,0,0,0,1,37.0,0.05863945578231283,10.0,0,0,0,0,0,0,0,14.5,34.5,27.0,1,Australian Open_2025,0,1,210.25,2.9299896854048484,8.584839556578803
1798,Australian Open,2025,Hard,4,1,1,1,0,,0,0,0,1,0,1,0,1,0,0,0,0,31.0,0.07397573815518416,12.0,0,0,1,0,0,0,0,9.0,31.5,9.5,0,Australian Open_2025,1,1,81.0,-0.07001031459515161,0.004901444149712099
1799,Australian Open,2025,Hard,4,1,1,1,0,,0,0,0,0,0,0,0,1,0,1,1,1,36.0,0.01677122628266325,14.0,0,0,0,0,0,0,0,17.0,38.0,13.5,1,Australian Open_2025,0,0,289.0,6.429989685404848,41.34476735441274
1800,Australian Open,2025,Hard,4,0,0,0,0,,0,0,0,1,0,0,0,1,0,0,0,0,49.5,0.05446009389671358,1.0,1,0,0,0,0,0,0,10.5,27.0,31.5,1,Australian Open_2025,0,0,110.25,-4.570010314595152,20.884994275506077
1801,Australian Open,2025,Hard,5,0,0,0,0,,0,0,0,1,0,0,0,1,0,0,0,0,1.0,0.04901135386713307,0.0,0,0,0,0,0,0,0,13.5,33.5,61.5,1,Australian Open_2025,0,0,182.25,1.9299896854048484,3.7248601857691055
1802,Australian Open,2025,Hard,5,1,1,1,0,,0,0,0,0,0,0,0,1,0,1,1,1,164.0,0.06001984126984139,176.0,1,0,0,0,0,0,0,8.0,28.0,6.5,1,Australian Open_2025,0,0,64.0,-3.5700103145951516,12.744973646315774
1803,Australian Open,2025,Hard,5,1,1,1,0,,0,0,0,0,0,0,0,1,0,1,1,1,27.0,0.001288926372070121,8.0,0,0,0,0,0,0,0,10.0,30.5,9.5,1,Australian Open_2025,0,0,100.0,-1.0700103145951516,1.1449220733400154
1804,Australian Open,2025,Hard,5,0,0,0,0,,0,0,0,0,0,0,0,1,0,0,1,1,31.5,,15.0,0,0,0,0,0,0,0,15.0,34.0,13.5,1,Australian Open_2025,0,0,225.0,2.4299896854048484,5.904849871173954
1805,Australian Open,2025,Hard,6,0,0,0,0,,0,0,0,1,0,1,0,1,0,0,0,0,61.5,0.02150537634408611,13.0,0,0,0,0,0,0,0,7.0,31.0,6.5,0,Australian Open_2025,0,0,49.0,-0.5700103145951516,0.3249117587448637
1806,Australian Open,2025,Hard,6,1,1,0,0,,1,0,0,1,0,0,0,1,0,1,1,1,9.5,0.02310606060606069,1.0,0,0,0,0,0,0,0,14.5,35.5,13.5,1,Australian Open_2025,0,1,210.25,3.9299896854048484,15.4448189273885
1807,Australian Open,2025,Hard,7,1,1,1,0,,0,0,0,1,0,1,0,1,0,1,1,1,6.5,0.03143728110001298,1.0,0,0,1,0,0,0,0,16.5,35.0,13.5,0,Australian Open_2025,1,1,272.25,3.4299896854048484,11.764829241983652
1808,Roland Garros,2025,Clay,2,0,0,0,0,,0,0,0,0,0,0,0,1,0,1,1,1,92.5,0.00661785412559851,13.0,1,0,0,0,0,0,0,10.0,28.0,1.0,1,Roland Garros_2025,0,0,100.0,-3.5700103145951516,12.744973646315774
1809,Roland Garros,2025,Clay,2,0,0,0,0,,0,0,0,0,0,0,0,1,0,1,1,1,1002.5,,837.0,0,0,0,0,0,0,0,11.0,28.5,596.5,1,Roland Garros_2025,0,0,121.0,-3.0700103145951516,9.424963331720623
1810,Roland Garros,2025,Clay,2,1,1,1,0,,0,0,0,0,0,0,0,1,0,0,0,0,76.5,0.08177466863033866,1.0,0,0,0,0,0,0,0,22.0,37.0,403.5,1,Roland Garros_2025,0,0,484.0,5.429989685404848,29.484787983603045
1811,Roland Garros,2025,Clay,2,1,1,1,0,,0,0,0,1,0,1,0,1,0,0,0,0,50.5,0.03128514056224896,9.0,0,0,1,0,0,0,0,15.0,34.0,35.5,0,Roland Garros_2025,1,1,225.0,2.4299896854048484,5.904849871173954
1812,Roland Garros,2025,Clay,2,1,1,1,0,,0,0,0,0,0,0,0,1,0,1,1,1,22.0,0.01710058017649063,6.0,0,0,0,0,0,0,0,21.5,39.5,86.5,1,Roland Garros_2025,0,0,462.25,7.929989685404848,62.88473641062728
1813,Roland Garros,2025,Clay,2,1,1,0,0,,1,0,0,1,0,1,0,1,0,0,0,0,150.5,0.04213483146067409,119.0,0,0,0,0,0,0,0,15.0,33.0,39.5,0,Roland Garros_2025,0,1,225.0,1.4299896854048484,2.044870500364257
1814,Roland Garros,2025,Clay,2,0,0,0,0,,0,0,0,1,0,0,0,1,0,1,1,1,710.0,0.0,496.0,0,0,0,0,0,0,0,1.0,18.0,412.5,1,Roland Garros_2025,0,0,1.0,-13.570010314595152,184.1451799382188
1815,Roland Garros,2025,Clay,2,0,0,0,0,,0,0,0,1,0,1,0,1,0,0,0,0,198.5,0.1054945054945055,151.0,1,0,0,0,0,0,0,6.0,25.0,15.0,0,Roland Garros_2025,0,0,36.0,-6.570010314595152,43.16503553388668
1816,Roland Garros,2025,Clay,2,0,0,0,0,,0,0,0,0,0,0,0,1,0,1,1,1,81.0,0.1948051948051948,6.0,0,0,0,0,0,0,0,1.0,28.5,5.5,1,Roland Garros_2025,0,0,1.0,-3.0700103145951516,9.424963331720623
1817,Roland Garros,2025,Clay,2,0,0,0,0,,0,0,0,1,0,1,0,1,0,1,1,1,452.0,0.25,674.0,0,0,0,0,0,0,0,9.0,25.5,61.0,0,Roland Garros_2025,0,0,81.0,-6.070010314595152,36.84502521929153
1818,Roland Garros,2025,Clay,2,0,0,0,0,,0,0,0,1,0,0,0,1,0,1,1,1,132.5,0.1028622540250447,55.0,0,0,0,0,0,0,0,7.5,26.0,59.0,1,Roland Garros_2025,0,0,56.25,-5.570010314595152,31.02501490469638
1819,Roland Garros,2025,Clay,2,0,0,0,0,,0,0,0,0,0,0,0,1,0,0,1,1,29.5,0.004832857060008244,1.0,0,0,0,0,0,0,0,21.0,40.0,532.5,1,Roland Garros_2025,0,0,441.0,8.429989685404848,71.06472609603213
1820,Roland Garros,2025,Clay,2,0,0,0,0,,0,0,0,1,0,1,0,1,0,1,1,1,23.5,0.002501202501202449,1.0,0,0,0,0,0,0,0,9.0,32.0,63.0,0,Roland Garros_2025,0,0,81.0,0.4299896854048484,0.1848911295545605
1821,Roland Garros,2025,Clay,2,1,1,1,0,,0,0,0,0,0,0,0,1,0,1,1,1,437.5,0.06101010101010096,857.0,1,0,0,0,0,0,0,13.0,31.5,224.5,1,Roland Garros_2025,0,0,169.0,-0.07001031459515161,0.004901444149712099
1822,Roland Garros,2025,Clay,2,1,1,0,0,,1,0,0,1,0,1,0,1,0,0,0,0,108.5,0.1058278981695771,57.0,0,0,0,0,0,0,0,1.0,27.5,47.0,0,Roland Garros_2025,0,1,1.0,-4.070010314595152,16.564983960910926
1823,Roland Garros,2025,Clay,2,1,1,1,0,,0,0,0,0,0,0,0,1,0,0,0,0,50.0,0.00660211267605626,2.0,0,0,0,0,0,0,0,10.5,28.5,10.5,1,Roland Garros_2025,0,0,110.25,-3.0700103145951516,9.424963331720623
1824,Roland Garros,2025,Clay,2,0,0,0,0,,0,0,0,0,0,0,0,1,0,0,0,0,160.0,0.1680911680911681,128.0,0,0,0,0,0,0,0,11.0,31.5,17.5,1,Roland Garros_2025,0,0,121.0,-0.07001031459515161,0.004901444149712099
1825,Roland Garros,2025,Clay,2,0,0,0,0,,0,0,0,0,0,0,0,1,0,1,1,1,591.5,,587.0,1,0,0,0,0,0,0,7.0,25.0,50.5,1,Roland Garros_2025,0,0,49.0,-6.570010314595152,43.16503553388668
1826,Roland Garros,2025,Clay,2,0,0,0,0,,0,0,0,1,0,1,0,1,0,0,1,1,441.0,0.2255639097744361,272.0,0,0,0,0,0,0,0,7.0,25.5,700.0,0,Roland Garros_2025,0,0,49.0,-6.070010314595152,36.84502521929153
1827,Roland Garros,2025,Clay,2,1,1,1,0,,0,0,0,0,0,0,0,1,0,1,1,1,396.0,0.1333333333333333,370.0,1,0,0,0,0,0,0,7.5,25.0,29.0,1,Roland Garros_2025,0,0,56.25,-6.570010314595152,43.16503553388668
1828,Roland Garros,2025,Clay,2,1,1,0,0,,1,0,0,1,0,1,0,1,0,1,1,1,917.0,0.25,492.0,0,0,0,0,0,0,0,1.0,25.0,32.0,0,Roland Garros_2025,0,1,1.0,-6.570010314595152,43.16503553388668
1829,Roland Garros,2025,Clay,2,0,0,0,0,,0,0,0,1,0,0,0,1,0,1,1,1,119.5,0.06233062330623312,75.0,0,0,0,0,0,0,0,10.0,28.0,59.0,1,Roland Garros_2025,0,0,100.0,-3.5700103145951516,12.744973646315774
1830,Roland Garros,2025,Clay,2,0,0,0,0,,0,0,0,0,0,0,0,1,0,0,0,0,971.5,0.0357142857142857,217.0,1,0,0,0,0,0,0,9.0,24.5,66.5,1,Roland Garros_2025,0,0,81.0,-7.070010314595152,49.98504584848183
1831,Roland Garros,2025,Clay,2,1,1,1,0,,0,0,0,0,0,0,0,1,0,1,1,1,306.5,0.0790823211875844,309.0,0,0,0,0,0,0,0,20.0,38.5,7.5,1,Roland Garros_2025,0,0,400.0,6.929989685404848,48.02475703981759
1832,Roland Garros,2025,Clay,2,0,0,0,0,,0,0,0,1,0,0,0,1,0,0,0,0,67.5,0.03888888888888892,9.0,0,0,0,0,0,0,0,1.0,29.5,15.0,1,Roland Garros_2025,0,0,1.0,-2.0700103145951516,4.284942702530318
1833,Roland Garros,2025,Clay,2,1,1,1,0,,0,0,0,1,0,0,0,1,0,0,0,0,65.5,0.0558008658008658,17.0,0,0,0,1,0,0,0,20.0,34.0,39.5,1,Roland Garros_2025,1,1,400.0,2.4299896854048484,5.904849871173954
1834,Roland Garros,2025,Clay,2,0,0,0,0,,0,0,0,0,0,0,0,1,0,1,1,1,39.5,0.008045881472861782,11.0,0,0,0,0,0,0,0,27.0,35.5,44.0,1,Roland Garros_2025,0,0,729.0,3.9299896854048484,15.4448189273885
1835,Roland Garros,2025,Clay,2,0,0,0,0,,0,0,0,0,0,0,0,1,0,0,0,0,39.0,0.07397573815518416,8.0,0,0,0,0,0,0,0,9.0,31.5,19.5,1,Roland Garros_2025,0,0,81.0,-0.07001031459515161,0.004901444149712099
1836,Roland Garros,2025,Clay,2,0,0,0,0,,0,0,0,0,0,0,0,1,0,1,1,1,596.5,0.0976190476190476,557.0,0,0,0,0,0,0,0,17.0,34.0,24.0,1,Roland Garros_2025,0,0,289.0,2.4299896854048484,5.904849871173954
1837,Roland Garros,2025,Clay,2,1,1,1,0,,0,0,0,1,0,0,0,1,0,1,1,1,69.0,0.006071645415907767,4.0,0,0,0,0,0,0,0,1.0,23.5,42.5,1,Roland Garros_2025,0,0,1.0,-8.070010314595152,65.12506647767214
1838,Roland Garros,2025,Clay,2,0,0,0,0,,0,0,0,0,0,0,0,1,0,0,0,0,70.5,0.01224489795918371,9.0,0,0,0,0,0,0,0,16.0,31.0,977.5,1,Roland Garros_2025,0,0,256.0,-0.5700103145951516,0.3249117587448637
1839,Roland Garros,2025,Clay,2,0,0,0,0,,0,0,0,0,0,0,0,1,0,1,1,1,69.5,0.0423728813559322,1.0,0,0,0,0,0,0,0,1.0,26.5,3.5,1,Roland Garros_2025,0,0,1.0,-5.070010314595152,25.70500459010123
1840,Roland Garros,2025,Clay,3,0,0,0,0,,0,0,0,0,0,0,0,1,0,0,0,0,596.5,,521.0,0,0,0,0,0,0,0,8.0,25.0,1.0,1,Roland Garros_2025,0,0,64.0,-6.570010314595152,43.16503553388668
1841,Roland Garros,2025,Clay,3,0,0,0,0,,0,0,0,0,0,0,0,1,0,1,1,1,403.5,0.04421052631578948,169.0,0,0,0,0,0,0,0,11.0,31.0,35.5,1,Roland Garros_2025,0,0,121.0,-0.5700103145951516,0.3249117587448637
1842,Roland Garros,2025,Clay,3,0,0,0,0,,0,0,0,0,0,0,0,1,0,0,0,0,86.5,0.0803571428571428,3.0,0,0,0,0,0,0,0,1.0,30.0,39.5,1,Roland Garros_2025,0,0,1.0,-1.5700103145951516,2.464932387935167
1843,Roland Garros,2025,Clay,3,1,1,1,0,,0,0,0,0,0,0,0,1,0,1,1,1,412.5,0.1902439024390244,659.0,0,0,0,0,0,0,0,2.0,23.0,15.0,1,Roland Garros_2025,0,0,4.0,-8.570010314595152,73.44507679226729
1844,Roland Garros,2025,Clay,3,1,1,1,0,,0,0,0,1,0,1,0,1,0,1,1,1,5.5,0.02310606060606069,1.0,0,0,0,0,0,0,0,14.5,35.5,61.0,0,Roland Garros_2025,0,0,210.25,3.9299896854048484,15.4448189273885
1845,Roland Garros,2025,Clay,3,1,1,1,0,,0,0,0,1,0,0,0,1,0,1,1,1,532.5,,95.0,0,0,0,1,0,0,0,5.0,23.0,59.0,1,Roland Garros_2025,1,1,25.0,-8.570010314595152,73.44507679226729
1846,Roland Garros,2025,Clay,3,1,1,1,0,,0,0,0,0,0,0,0,1,0,1,1,1,224.5,0.142084385142445,327.0,0,0,0,0,0,0,0,14.0,31.5,63.0,1,Roland Garros_2025,0,0,196.0,-0.07001031459515161,0.004901444149712099
1847,Roland Garros,2025,Clay,3,0,0,0,0,,0,0,0,0,0,0,0,1,0,0,0,0,47.0,0.04745564111148304,6.0,0,0,0,0,0,0,0,10.0,27.5,10.5,1,Roland Garros_2025,0,0,100.0,-4.070010314595152,16.564983960910926
1848,Roland Garros,2025,Clay,3,0,0,0,0,,0,0,0,0,0,0,0,1,0,0,0,0,50.5,0.01936842105263159,7.0,0,0,0,0,0,0,0,15.0,29.5,17.5,1,Roland Garros_2025,0,0,225.0,-2.0700103145951516,4.284942702530318
1849,Roland Garros,2025,Clay,3,0,0,0,0,,0,0,0,0,0,0,0,1,0,0,0,0,29.0,0.02150537634408611,4.0,0,0,0,0,0,0,0,7.0,31.0,700.0,1,Roland Garros_2025,0,0,49.0,-0.5700103145951516,0.3249117587448637
1850,Roland Garros,2025,Clay,3,1,1,1,0,,0,0,0,0,0,0,0,1,0,1,1,1,59.0,0.0,0.0,0,0,0,0,0,0,0,1.0,27.5,32.0,1,Roland Garros_2025,0,0,1.0,-4.070010314595152,16.564983960910926
1851,Roland Garros,2025,Clay,3,0,0,0,0,,0,0,0,0,0,0,0,1,0,0,0,0,66.5,0.01980198019801993,3.0,0,0,0,0,0,0,0,15.0,36.5,7.5,1,Roland Garros_2025,0,0,225.0,4.929989685404848,24.304798298198197
1852,Roland Garros,2025,Clay,3,1,1,1,0,,0,0,0,1,0,1,0,1,0,0,0,0,15.0,0.03874544590527484,4.0,0,0,1,0,0,0,0,16.5,37.5,39.5,0,Roland Garros_2025,1,1,272.25,5.929989685404848,35.16477766900789
1853,Roland Garros,2025,Clay,3,0,0,0,0,,0,0,0,0,0,0,0,1,0,0,1,1,44.0,0.1307590584501454,8.0,0,0,0,0,0,0,0,9.0,31.5,19.5,1,Roland Garros_2025,0,0,81.0,-0.07001031459515161,0.004901444149712099
1854,Roland Garros,2025,Clay,3,1,1,1,0,,0,0,0,1,0,1,0,1,0,1,1,1,24.0,0.008230452674897193,4.0,0,0,1,0,0,0,0,1.0,32.5,42.5,0,Roland Garros_2025,1,1,1.0,0.9299896854048484,0.8648808149594088
1855,Roland Garros,2025,Clay,3,0,0,0,0,,0,0,0,0,0,0,0,1,0,0,1,1,977.5,0.2,619.0,0,0,0,0,0,0,0,2.0,24.0,3.5,1,Roland Garros_2025,0,0,4.0,-7.570010314595152,57.30505616307698
1856,Roland Garros,2025,Clay,4,0,0,0,0,,0,0,0,1,0,1,0,1,0,0,0,0,1.0,0.04901135386713307,0.0,0,0,0,0,0,0,0,13.5,33.5,35.5,0,Roland Garros_2025,0,0,182.25,1.9299896854048484,3.7248601857691055
1857,Roland Garros,2025,Clay,4,1,1,0,0,,1,0,0,1,0,0,0,1,0,1,1,1,15.0,0.001288926372070121,2.0,0,0,0,0,0,0,0,10.0,30.5,39.5,1,Roland Garros_2025,0,1,100.0,-1.0700103145951516,1.1449220733400154
1858,Roland Garros,2025,Clay,4,1,1,1,0,,0,0,0,1,0,1,0,1,0,0,0,0,59.0,0.0632624113475177,6.0,0,0,0,0,0,0,0,16.0,36.0,61.0,0,Roland Garros_2025,0,0,256.0,4.429989685404848,19.62480861279335
1859,Roland Garros,2025,Clay,4,0,0,0,0,,0,0,0,0,0,0,0,1,0,0,0,1,63.0,0.0368052904703442,20.0,0,0,0,0,0,0,0,18.5,38.5,10.5,1,Roland Garros_2025,0,0,342.25,6.929989685404848,48.02475703981759
1860,Roland Garros,2025,Clay,4,1,1,1,0,,0,0,0,0,0,0,0,1,0,0,0,0,700.0,0.08907841743662626,1198.0,1,0,0,0,0,0,0,6.5,29.0,17.5,1,Roland Garros_2025,0,0,42.25,-2.5700103145951516,6.60495301712547
1861,Roland Garros,2025,Clay,4,1,1,1,0,,0,0,0,0,0,0,0,1,0,1,1,1,7.5,0.03143728110001298,1.0,0,0,0,0,0,0,0,16.5,35.0,32.0,1,Roland Garros_2025,0,0,272.25,3.4299896854048484,11.764829241983652
1862,Roland Garros,2025,Clay,4,0,0,0,0,,0,0,0,0,0,0,0,1,0,0,1,1,39.5,0.02232828615317095,3.0,0,0,0,0,0,0,0,13.5,33.0,19.5,1,Roland Garros_2025,0,0,182.25,1.4299896854048484,2.044870500364257
1863,Roland Garros,2025,Clay,4,1,1,1,0,,0,0,0,0,0,0,0,1,0,0,0,0,42.5,0.0617934407888745,19.0,0,0,0,0,0,0,0,17.5,38.0,3.5,1,Roland Garros_2025,0,0,306.25,6.429989685404848,41.34476735441274
1864,Roland Garros,2025,Clay,5,0,0,0,0,,0,0,0,1,0,0,0,1,0,0,0,0,39.5,0.003737113402061898,5.0,0,0,0,0,0,0,0,1.0,32.5,35.5,1,Roland Garros_2025,0,0,1.0,0.9299896854048484,0.8648808149594088
1865,Roland Garros,2025,Clay,5,1,1,1,0,,0,0,0,0,0,0,0,1,0,0,0,0,61.0,0.0272192653919443,6.0,0,0,0,0,0,0,0,21.0,33.5,10.5,1,Roland Garros_2025,0,0,441.0,1.9299896854048484,3.7248601857691055
1866,Roland Garros,2025,Clay,5,1,1,1,0,,0,0,0,1,0,1,0,1,0,1,1,1,32.0,0.04087726725064311,8.0,0,0,1,0,0,0,0,16.5,37.5,17.5,0,Roland Garros_2025,1,1,272.25,5.929989685404848,35.16477766900789
1867,Roland Garros,2025,Clay,5,0,0,0,0,,0,0,0,0,0,0,0,1,0,0,0,0,3.5,0.00784762663215699,1.0,0,0,0,0,0,0,0,17.0,32.5,19.5,1,Roland Garros_2025,0,0,289.0,0.9299896854048484,0.8648808149594088
1868,Roland Garros,2025,Clay,6,1,1,1,0,,0,0,0,1,0,1,0,1,0,0,1,1,35.5,,7.0,0,0,1,0,0,0,0,15.0,34.0,10.5,0,Roland Garros_2025,1,1,225.0,2.4299896854048484,5.904849871173954
1869,Roland Garros,2025,Clay,6,1,1,1,0,,1,0,0,1,0,1,0,1,0,1,1,1,19.5,0.1355042016806723,3.0,0,0,1,0,0,0,0,15.0,32.0,17.5,0,Roland Garros_2025,1,1,225.0,0.4299896854048484,0.1848911295545605
1870,Roland Garros,2025,Clay,7,1,1,1,0,,0,0,0,1,0,0,0,1,0,1,1,1,17.5,0.03205128205128205,5.0,0,0,0,1,0,0,0,12.0,34.5,10.5,1,Roland Garros_2025,1,1,144.0,2.9299896854048484,8.584839556578803
1871,US Open,2025,Hard,2,1,1,1,0,,0,0,0,0,0,0,0,1,0,1,1,1,1.5,0.001288926372070121,1.0,0,0,0,0,0,0,0,10.0,30.5,38.0,1,US Open_2025,0,0,100.0,-1.0700103145951516,1.1449220733400154
1872,US Open,2025,Hard,2,1,1,1,0,,0,0,0,0,0,0,0,1,0,1,1,1,129.0,0.08270676691729323,68.0,0,0,0,0,0,0,0,3.0,26.5,62.0,1,US Open_2025,0,0,9.0,-5.070010314595152,25.70500459010123
1873,US Open,2025,Hard,2,0,0,0,0,,0,0,0,0,0,0,0,1,0,0,0,0,54.0,0.01499107469931482,28.0,0,0,0,0,0,0,0,21.0,39.5,50.0,1,US Open_2025,0,0,441.0,7.929989685404848,62.88473641062728
1874,US Open,2025,Hard,2,0,0,0,0,,0,0,0,0,0,0,0,1,0,0,0,0,38.0,0.02150537634408611,10.0,0,0,0,0,0,0,0,7.0,31.0,29.5,1,US Open_2025,0,0,49.0,-0.5700103145951516,0.3249117587448637
1875,US Open,2025,Hard,2,0,0,0,0,,0,0,0,0,0,0,0,1,0,0,0,1,45.0,0.0368052904703442,16.0,0,0,0,0,0,0,0,18.5,38.5,21.0,1,US Open_2025,0,0,342.25,6.929989685404848,48.02475703981759
1876,US Open,2025,Hard,2,1,1,1,0,,1,0,0,1,0,1,0,1,0,1,1,1,120.5,0.01626794258373199,143.0,0,0,1,0,0,0,0,10.0,27.0,86.0,0,US Open_2025,1,1,100.0,-4.570010314595152,20.884994275506077
1877,US Open,2025,Hard,2,0,0,0,0,,0,0,0,0,0,0,0,1,0,0,0,0,46.0,0.1408306019030875,16.0,0,0,0,0,0,0,0,22.0,39.0,58.5,1,US Open_2025,0,0,484.0,7.429989685404848,55.204746725222435
1878,US Open,2025,Hard,2,1,1,1,0,,0,0,0,1,0,0,0,1,0,1,1,1,97.0,0.00661785412559851,12.0,1,0,0,0,0,0,0,10.0,28.0,12.5,1,US Open_2025,0,0,100.0,-3.5700103145951516,12.744973646315774
1879,US Open,2025,Hard,2,1,1,1,0,,0,0,0,1,0,1,0,1,0,0,0,0,5.0,0.00784762663215699,0.0,0,0,1,0,0,0,0,17.0,32.5,76.0,0,US Open_2025,1,1,289.0,0.9299896854048484,0.8648808149594088
1880,US Open,2025,Hard,2,0,0,0,0,,0,0,0,1,0,1,0,1,0,0,0,0,963.5,,193.0,0,0,0,0,0,0,0,14.0,31.5,64.5,0,US Open_2025,0,0,196.0,-0.07001031459515161,0.004901444149712099
1881,US Open,2025,Hard,2,1,1,1,0,,0,0,0,1,0,0,0,1,0,0,0,0,624.5,0.03933747412008279,515.0,0,0,0,1,0,0,0,9.0,30.0,539.5,1,US Open_2025,1,1,81.0,-1.5700103145951516,2.464932387935167
1882,US Open,2025,Hard,2,0,0,0,0,,0,0,0,0,0,0,0,1,0,0,0,0,312.0,0.008333333333333304,48.0,1,0,0,0,0,0,0,8.0,25.0,27.5,1,US Open_2025,0,0,64.0,-6.570010314595152,43.16503553388668
1883,US Open,2025,Hard,2,1,1,1,0,,0,0,0,0,0,0,0,1,0,0,0,1,70.5,0.04489795918367345,1.0,0,0,0,0,0,0,0,12.5,35.0,27.0,1,US Open_2025,0,0,156.25,3.4299896854048484,11.764829241983652
1884,US Open,2025,Hard,2,1,1,1,0,,0,0,0,0,0,0,0,1,0,0,0,0,55.5,0.03128514056224896,21.0,0,0,0,0,0,0,0,15.0,34.0,41.0,1,US Open_2025,0,0,225.0,2.4299896854048484,5.904849871173954
1885,US Open,2025,Hard,2,1,1,1,0,,0,0,0,1,0,1,0,1,0,1,1,1,99.5,0.4137931034482759,45.0,0,0,0,0,0,0,0,1.0,26.0,425.5,0,US Open_2025,0,0,1.0,-5.570010314595152,31.02501490469638
1886,US Open,2025,Hard,2,1,1,1,0,,0,0,0,0,0,0,0,1,0,1,1,1,766.0,,1002.0,0,0,0,0,0,0,0,8.0,24.0,12.5,1,US Open_2025,0,0,64.0,-7.570010314595152,57.30505616307698
1888,US Open,2025,Hard,2,0,0,0,0,,0,0,0,0,0,0,0,1,0,0,0,0,337.0,0.13433575677462,498.0,0,0,0,0,0,0,0,14.0,32.0,49.0,1,US Open_2025,0,0,196.0,0.4299896854048484,0.1848911295545605
1889,US Open,2025,Hard,2,1,1,1,0,,1,0,0,1,0,1,0,1,0,1,1,1,259.5,0.1666666666666667,13.0,0,0,0,0,0,0,0,7.0,28.5,80.5,0,US Open_2025,0,1,49.0,-3.0700103145951516,9.424963331720623
1890,US Open,2025,Hard,2,1,1,1,0,,0,0,0,0,0,0,0,1,0,0,0,0,42.5,0.0298947368421052,3.0,0,0,0,0,0,0,0,12.0,32.0,22.0,1,US Open_2025,0,0,144.0,0.4299896854048484,0.1848911295545605
1891,US Open,2025,Hard,2,0,0,0,0,,0,0,0,0,0,0,0,1,0,1,1,1,463.5,0.02727272727272728,241.0,0,0,0,0,0,0,0,6.5,26.0,28.5,1,US Open_2025,0,0,42.25,-5.570010314595152,31.02501490469638
1892,US Open,2025,Hard,2,1,1,1,0,,0,0,0,0,0,0,0,1,0,1,1,1,751.5,,377.0,1,0,0,0,0,0,0,5.0,31.0,95.5,1,US Open_2025,0,0,25.0,-0.5700103145951516,0.3249117587448637
1893,US Open,2025,Hard,2,1,1,1,0,,0,0,0,0,0,0,0,1,0,1,1,1,58.0,0.0423728813559322,0.0,0,0,0,0,0,0,0,1.0,26.5,702.5,1,US Open_2025,0,0,1.0,-5.070010314595152,25.70500459010123
1894,US Open,2025,Hard,2,1,1,1,0,,0,0,0,0,0,0,0,1,0,1,1,1,656.0,0.2717948717948718,810.0,1,0,0,0,0,0,0,14.5,32.5,7.5,1,US Open_2025,0,0,210.25,0.9299896854048484,0.8648808149594088
1895,US Open,2025,Hard,2,0,0,0,0,,0,0,0,0,0,0,0,1,0,1,1,1,104.5,0.1518518518518519,7.0,0,0,0,0,0,0,0,6.0,29.5,12.5,1,US Open_2025,0,0,36.0,-2.0700103145951516,4.284942702530318
1897,US Open,2025,Hard,2,1,1,1,0,,0,0,0,1,0,1,0,1,0,1,1,1,72.5,0.07100424328147098,1.0,0,0,0,0,0,0,0,1.0,29.5,75.0,0,US Open_2025,0,0,1.0,-2.0700103145951516,4.284942702530318
1898,US Open,2025,Hard,2,1,1,1,0,,0,0,0,0,0,0,0,1,0,0,0,0,47.5,0.08585164835164827,17.0,1,0,0,0,0,0,0,4.0,29.0,20.0,1,US Open_2025,0,0,16.0,-2.5700103145951516,6.60495301712547
1899,US Open,2025,Hard,2,1,1,1,0,,0,0,0,0,0,0,0,1,0,1,1,1,33.0,0.05710766198571071,34.0,1,0,0,0,0,0,0,15.5,34.5,87.0,1,US Open_2025,0,0,240.25,2.9299896854048484,8.584839556578803
1900,US Open,2025,Hard,2,1,1,1,0,,1,0,0,1,0,0,0,1,0,1,1,1,707.5,0.2017543859649122,367.0,0,0,0,0,0,0,0,7.0,24.5,44.0,1,US Open_2025,0,1,49.0,-7.070010314595152,49.98504584848183
1901,US Open,2025,Hard,2,1,1,1,0,,0,0,0,1,0,0,0,1,0,0,1,1,71.0,0.0291327913279133,8.0,0,0,0,0,0,0,0,1.0,26.0,132.5,1,US Open_2025,0,0,1.0,-5.570010314595152,31.02501490469638
1902,US Open,2025,Hard,2,1,1,1,0,,0,0,0,1,0,1,0,1,0,0,0,0,98.5,0.02886597938144331,41.0,0,0,0,0,0,0,0,8.0,31.5,3.0,0,US Open_2025,0,0,64.0,-0.07001031459515161,0.004901444149712099
1903,US Open,2025,Hard,3,1,1,1,0,,1,0,0,1,0,0,0,1,0,0,0,0,38.0,0.02352882900733111,8.0,0,0,0,0,0,0,0,10.0,30.5,62.0,1,US Open_2025,0,1,100.0,-1.0700103145951516,1.1449220733400154
1904,US Open,2025,Hard,3,0,0,0,0,,0,0,0,0,0,0,0,1,0,1,1,1,50.0,0.008045881472861782,4.0,0,0,0,0,0,0,0,27.0,35.5,29.5,1,US Open_2025,0,0,729.0,3.9299896854048484,15.4448189273885
1905,US Open,2025,Hard,3,0,0,0,0,,0,0,0,0,0,0,0,1,0,0,0,0,86.0,0.2911902530459232,2.0,0,0,0,0,0,0,0,22.0,34.5,21.0,1,US Open_2025,0,0,484.0,2.9299896854048484,8.584839556578803
1906,US Open,2025,Hard,3,1,1,1,0,,1,0,0,1,0,1,0,1,0,1,1,1,12.5,0.03143728110001298,1.0,0,0,1,0,0,0,0,16.5,35.0,58.5,0,US Open_2025,1,1,272.25,3.4299896854048484,11.764829241983652
1907,US Open,2025,Hard,3,1,1,1,0,,0,0,0,1,0,1,0,1,0,0,0,0,64.5,0.03387458006718924,1.0,0,0,1,0,0,0,0,15.0,30.5,76.0,0,US Open_2025,1,1,225.0,-1.0700103145951516,1.1449220733400154
1908,US Open,2025,Hard,3,1,1,1,0,,0,0,0,0,0,0,0,1,0,0,0,0,27.5,0.003737113402061898,7.0,0,0,0,0,0,0,0,1.0,32.5,539.5,1,US Open_2025,0,0,1.0,0.9299896854048484,0.8648808149594088
1909,US Open,2025,Hard,3,0,0,0,0,,0,0,0,0,0,0,0,1,0,0,0,0,27.0,0.00660211267605626,2.0,0,0,0,0,0,0,0,10.5,28.5,41.0,1,US Open_2025,0,0,110.25,-3.0700103145951516,9.424963331720623
1910,US Open,2025,Hard,3,0,0,0,0,,0,0,0,0,0,0,0,1,0,1,1,1,425.5,0.1953125,235.0,0,0,0,0,0,0,0,5.5,25.5,12.5,1,US Open_2025,0,0,30.25,-6.070010314595152,36.84502521929153
1912,US Open,2025,Hard,3,1,1,1,0,,0,0,0,1,0,1,0,1,0,0,0,0,80.5,0.008181818181818179,1.0,0,0,0,0,0,0,0,1.0,27.5,22.0,0,US Open_2025,0,0,1.0,-4.070010314595152,16.564983960910926
1913,US Open,2025,Hard,3,0,0,0,0,,0,0,0,0,0,0,0,1,0,0,1,1,95.5,0.1115691335670532,5.0,0,0,0,0,0,0,0,13.5,37.0,28.5,1,US Open_2025,0,0,182.25,5.429989685404848,29.484787983603045
1914,US Open,2025,Hard,3,1,1,1,0,,0,0,0,0,0,0,0,1,0,1,1,1,702.5,0.1666666666666667,771.0,0,0,0,0,0,0,0,1.0,22.0,7.5,1,US Open_2025,0,0,1.0,-9.570010314595152,91.58509742145759
1916,US Open,2025,Hard,3,0,0,0,0,,0,0,0,0,0,0,0,1,0,0,0,0,75.0,0.05941878567721837,2.0,0,0,0,0,0,0,0,1.0,26.5,20.0,1,US Open_2025,0,0,1.0,-5.070010314595152,25.70500459010123
1917,US Open,2025,Hard,3,1,1,0,0,,1,0,0,1,0,1,0,1,0,0,1,1,44.0,0.07299519449052161,34.0,0,0,0,0,0,0,0,11.5,34.5,87.0,0,US Open_2025,0,1,132.25,2.9299896854048484,8.584839556578803
1918,US Open,2025,Hard,3,1,1,1,0,,0,0,0,1,0,1,0,1,0,0,0,0,3.0,0.04901135386713307,0.0,0,0,0,0,0,0,0,13.5,33.5,132.5,0,US Open_2025,0,0,182.25,1.9299896854048484,3.7248601857691055
1919,US Open,2025,Hard,4,1,1,1,0,,0,0,0,1,0,0,0,1,0,1,1,1,62.0,0.0,0.0,0,0,0,0,0,0,0,1.0,27.5,29.5,1,US Open_2025,0,0,1.0,-4.070010314595152,16.564983960910926
1920,US Open,2025,Hard,4,0,0,0,0,,0,0,0,0,0,0,0,1,0,1,1,1,21.0,0.01710058017649063,2.0,0,0,0,0,0,0,0,21.5,39.5,58.5,1,US Open_2025,0,0,462.25,7.929989685404848,62.88473641062728
1921,US Open,2025,Hard,4,0,0,0,0,,0,0,0,0,0,0,0,1,0,1,1,1,539.5,0.01190476190476189,235.0,1,0,0,0,0,0,0,8.5,26.0,76.0,1,US Open_2025,0,0,72.25,-5.570010314595152,31.02501490469638
1922,US Open,2025,Hard,4,1,1,1,0,,1,0,0,1,0,1,0,1,0,0,0,0,41.0,0.0619205457078349,10.0,0,0,1,0,0,0,0,9.5,30.0,12.5,0,US Open_2025,1,1,90.25,-1.5700103145951516,2.464932387935167
1923,US Open,2025,Hard,4,1,1,1,0,,0,0,0,1,0,1,0,1,0,0,0,0,49.0,0.0632624113475177,4.0,0,0,1,0,0,0,0,16.0,36.0,22.0,0,US Open_2025,1,1,256.0,4.429989685404848,19.62480861279335
1924,US Open,2025,Hard,4,0,0,0,0,,0,0,0,0,0,0,0,1,0,1,1,1,7.5,0.02310606060606069,1.0,0,0,0,0,0,0,0,14.5,35.5,28.5,1,US Open_2025,0,0,210.25,3.9299896854048484,15.4448189273885
1925,US Open,2025,Hard,4,1,1,1,0,,0,0,0,1,0,1,0,1,0,0,1,1,20.0,,2.0,0,0,0,0,0,0,0,15.0,34.0,12.5,0,US Open_2025,0,0,225.0,2.4299896854048484,5.904849871173954
1926,US Open,2025,Hard,4,0,0,0,0,,0,0,0,1,0,1,0,1,0,0,0,0,87.0,0.09090909090909088,6.0,0,0,0,0,0,0,0,18.0,32.5,132.5,0,US Open_2025,0,0,324.0,0.9299896854048484,0.8648808149594088
1927,US Open,2025,Hard,5,1,1,1,0,,0,0,0,0,0,0,0,1,0,1,1,1,29.5,0.008230452674897193,1.0,0,0,0,0,0,0,0,1.0,32.5,58.5,1,US Open_2025,0,0,1.0,0.9299896854048484,0.8648808149594088
1928,US Open,2025,Hard,5,0,0,0,0,,0,0,0,1,0,0,0,1,0,0,0,0,76.0,0.003760262725780006,14.0,0,0,0,0,0,0,0,20.0,32.5,12.5,1,US Open_2025,0,0,400.0,0.9299896854048484,0.8648808149594088
1929,US Open,2025,Hard,5,1,1,1,0,,0,0,0,1,0,0,0,1,0,0,0,0,22.0,0.04935286839366027,26.0,0,0,0,1,0,0,0,19.0,39.0,28.5,1,US Open_2025,1,1,361.0,7.429989685404848,55.204746725222435
1930,US Open,2025,Hard,5,1,1,1,0,,0,0,0,0,0,0,0,1,0,1,1,1,132.5,0.04137323943661975,35.0,1,0,0,0,0,0,0,8.0,26.5,12.5,1,US Open_2025,0,0,64.0,-5.070010314595152,25.70500459010123
1931,US Open,2025,Hard,6,0,0,0,0,,0,0,0,1,0,0,0,1,0,1,1,1,58.5,0.006071645415907767,3.0,0,0,0,0,0,0,0,1.0,23.5,12.5,1,US Open_2025,0,0,1.0,-8.070010314595152,65.12506647767214
1932,US Open,2025,Hard,6,1,1,1,0,,0,0,0,1,0,1,0,1,0,0,1,1,28.5,0.05582353532308315,7.0,0,0,1,0,0,0,0,16.5,35.5,12.5,0,US Open_2025,1,1,272.25,3.9299896854048484,15.4448189273885
1933,US Open,2025,Hard,7,1,1,1,0,,0,0,0,1,0,1,0,1,0,1,1,1,12.5,0.03205128205128205,5.0,0,0,0,0,0,0,0,12.0,34.5,12.5,0,US Open_2025,0,0,144.0,2.9299896854048484,8.584839556578803
1934,Wimbledon,2025,Grass,2,0,0,0,0,,0,0,0,0,0,0,0,1,0,0,0,0,471.5,,245.0,0,0,0,0,0,0,0,14.0,31.0,1.0,1,Wimbledon_2025,0,0,196.0,-0.5700103145951516,0.3249117587448637
1935,Wimbledon,2025,Grass,2,0,0,0,0,,0,0,0,1,0,0,0,1,0,1,1,1,260.0,0.06279342723004694,272.0,1,0,0,0,0,0,0,5.5,22.5,96.5,1,Wimbledon_2025,0,0,30.25,-9.070010314595152,82.26508710686244
1936,Wimbledon,2025,Grass,2,1,1,1,0,,0,0,0,0,0,0,0,1,0,0,1,1,36.0,0.004832857060008244,4.0,0,0,0,0,0,0,0,21.0,40.0,43.5,1,Wimbledon_2025,0,0,441.0,8.429989685404848,71.06472609603213
1937,Wimbledon,2025,Grass,2,0,0,0,0,,0,0,0,0,0,0,0,1,0,1,1,1,36.5,0.04087726725064311,23.0,0,0,0,0,0,0,0,16.5,37.5,65.0,1,Wimbledon_2025,0,0,272.25,5.929989685404848,35.16477766900789
1938,Wimbledon,2025,Grass,2,1,1,1,0,,0,0,0,0,0,0,0,1,0,1,1,1,127.0,0.1636363636363636,108.0,0,0,0,0,0,0,0,10.0,31.0,22.5,1,Wimbledon_2025,0,0,100.0,-0.5700103145951516,0.3249117587448637
1939,Wimbledon,2025,Grass,2,1,1,1,0,,0,0,0,0,0,0,0,1,0,1,1,1,615.5,0.05023547880690729,539.0,0,0,0,0,0,0,0,7.0,25.0,60.0,1,Wimbledon_2025,0,0,49.0,-6.570010314595152,43.16503553388668
1940,Wimbledon,2025,Grass,2,1,1,1,0,,0,0,0,0,0,0,0,1,0,0,0,1,46.0,0.0368052904703442,20.0,0,0,0,0,0,0,0,18.5,38.5,43.5,1,Wimbledon_2025,0,0,342.25,6.929989685404848,48.02475703981759
1941,Wimbledon,2025,Grass,2,1,1,1,0,,0,0,0,0,0,0,0,1,0,0,0,0,53.0,0.03128514056224896,20.0,0,0,0,0,0,0,0,15.0,34.0,14.5,1,Wimbledon_2025,0,0,225.0,2.4299896854048484,5.904849871173954
1942,Wimbledon,2025,Grass,2,0,0,0,0,,0,0,0,0,0,0,0,1,0,0,0,0,51.5,0.07384863323622376,5.0,0,0,0,0,0,0,0,17.0,39.5,5.5,1,Wimbledon_2025,0,0,289.0,7.929989685404848,62.88473641062728
1943,Wimbledon,2025,Grass,2,0,0,0,0,,0,0,0,0,0,0,0,1,0,0,0,0,344.0,0.4,460.0,0,0,0,0,0,0,0,9.0,29.5,70.5,1,Wimbledon_2025,0,0,81.0,-2.0700103145951516,4.284942702530318
1944,Wimbledon,2025,Grass,2,1,1,1,0,,0,0,0,0,0,0,0,1,0,1,1,1,83.0,0.1948051948051948,4.0,0,0,0,0,0,0,0,1.0,28.5,69.5,1,Wimbledon_2025,0,0,1.0,-3.0700103145951516,9.424963331720623
1945,Wimbledon,2025,Grass,2,1,1,1,0,,1,0,0,1,0,1,0,1,0,0,0,0,29.0,0.02150537634408611,4.0,0,0,0,0,0,0,0,7.0,31.0,115.5,0,Wimbledon_2025,0,1,49.0,-0.5700103145951516,0.3249117587448637
1946,Wimbledon,2025,Grass,2,1,1,1,0,,0,0,0,1,0,0,0,1,0,0,1,1,690.5,0.1684210526315789,389.0,0,0,0,1,0,0,0,4.5,25.0,24.5,1,Wimbledon_2025,1,1,20.25,-6.570010314595152,43.16503553388668
1947,Wimbledon,2025,Grass,2,1,1,1,0,,0,0,0,0,0,0,0,1,0,0,1,1,800.0,,1242.0,0,0,0,0,0,0,0,3.0,25.5,47.0,1,Wimbledon_2025,0,0,9.0,-6.070010314595152,36.84502521929153
1948,Wimbledon,2025,Grass,2,1,1,1,0,,0,0,0,1,0,1,0,1,0,0,0,0,55.0,0.0272192653919443,4.0,0,0,1,0,0,0,0,21.0,33.5,51.0,0,Wimbledon_2025,1,1,441.0,1.9299896854048484,3.7248601857691055
1949,Wimbledon,2025,Grass,2,1,1,1,0,,0,0,0,0,0,0,0,1,0,1,1,1,1086.0,,362.0,0,0,0,0,0,0,0,1.0,23.0,16.5,1,Wimbledon_2025,0,0,1.0,-8.570010314595152,73.44507679226729
1950,Wimbledon,2025,Grass,2,0,0,0,0,,0,0,0,1,0,0,0,1,0,1,1,1,131.5,0.2571428571428572,53.0,0,0,0,0,0,0,0,1.0,28.0,14.0,1,Wimbledon_2025,0,0,1.0,-3.5700103145951516,12.744973646315774
1951,Wimbledon,2025,Grass,2,1,1,0,0,,1,0,0,1,0,1,0,1,0,0,1,1,725.5,,259.0,0,0,0,0,0,0,0,13.5,31.5,74.5,0,Wimbledon_2025,0,1,182.25,-0.07001031459515161,0.004901444149712099
1952,Wimbledon,2025,Grass,2,1,1,0,0,,1,0,0,1,0,1,0,1,0,1,1,1,418.0,0.2152976966536288,106.0,1,0,0,0,0,0,0,19.0,36.0,73.5,0,Wimbledon_2025,0,1,361.0,4.429989685404848,19.62480861279335
1953,Wimbledon,2025,Grass,2,0,0,0,0,,0,0,0,0,0,0,0,1,0,0,0,0,230.5,0.2357660455486543,293.0,0,0,0,0,0,0,0,14.0,31.5,26.0,1,Wimbledon_2025,0,0,196.0,-0.07001031459515161,0.004901444149712099
1954,Wimbledon,2025,Grass,2,1,1,1,0,,0,0,0,0,0,0,0,1,0,0,1,1,42.0,0.1307590584501454,6.0,0,0,0,0,0,0,0,9.0,31.5,36.0,1,Wimbledon_2025,0,0,81.0,-0.07001031459515161,0.004901444149712099
1955,Wimbledon,2025,Grass,2,1,1,1,0,,0,0,0,0,0,0,0,1,0,1,1,1,76.0,0.07629847815414825,2.0,0,0,0,0,0,0,0,21.0,41.0,336.0,1,Wimbledon_2025,0,0,441.0,9.429989685404848,88.92470546684183
1956,Wimbledon,2025,Grass,2,0,0,0,0,,0,0,0,0,0,0,0,1,0,1,1,1,609.0,0.08571428571428569,528.0,0,0,0,0,0,0,0,3.0,23.5,75.0,1,Wimbledon_2025,0,0,9.0,-8.070010314595152,65.12506647767214
1957,Wimbledon,2025,Grass,2,1,1,1,0,,0,0,0,0,0,0,0,1,0,0,1,1,489.0,0.2257142857142857,792.0,1,0,0,0,0,0,0,1.0,24.0,7.5,1,Wimbledon_2025,0,0,1.0,-7.570010314595152,57.30505616307698
1958,Wimbledon,2025,Grass,2,1,1,1,0,,0,0,0,0,0,0,0,1,0,0,0,0,80.5,0.05941878567721837,5.0,0,0,0,0,0,0,0,1.0,26.5,11.0,1,Wimbledon_2025,0,0,1.0,-5.070010314595152,25.70500459010123
1959,Wimbledon,2025,Grass,2,0,0,0,0,,0,0,0,0,0,0,0,1,0,1,1,1,721.0,0.01190476190476189,748.0,0,0,0,0,0,0,0,8.5,26.0,63.0,1,Wimbledon_2025,0,0,72.25,-5.570010314595152,31.02501490469638
1960,Wimbledon,2025,Grass,2,0,0,0,0,,0,0,0,0,0,0,0,1,0,1,1,1,78.0,0.03714923469387749,22.0,0,0,0,0,0,0,0,5.5,25.5,54.5,1,Wimbledon_2025,0,0,30.25,-6.070010314595152,36.84502521929153
1961,Wimbledon,2025,Grass,2,1,1,1,0,,0,0,0,0,0,0,0,1,0,1,1,1,18.5,0.1355042016806723,1.0,0,0,0,0,0,0,0,15.0,32.0,69.0,1,Wimbledon_2025,0,0,225.0,0.4299896854048484,0.1848911295545605
1962,Wimbledon,2025,Grass,2,1,1,1,0,,0,0,0,0,0,0,0,1,0,1,1,1,30.0,0.002501202501202449,4.0,0,0,0,0,0,0,0,9.0,32.0,78.5,1,Wimbledon_2025,0,0,81.0,0.4299896854048484,0.1848911295545605
1963,Wimbledon,2025,Grass,2,1,1,1,0,,0,0,0,0,0,0,0,1,0,1,1,1,207.5,0.1333333333333333,219.0,0,0,0,0,0,0,0,1.0,24.5,510.5,1,Wimbledon_2025,0,0,1.0,-7.070010314595152,49.98504584848183
1964,Wimbledon,2025,Grass,2,1,1,1,0,,0,0,0,0,0,0,0,1,0,0,0,0,266.0,0.06427015250544671,156.0,0,0,0,0,0,0,0,7.0,25.5,499.5,1,Wimbledon_2025,0,0,49.0,-6.070010314595152,36.84502521929153
1965,Wimbledon,2025,Grass,2,1,1,1,0,,0,0,0,0,0,0,0,1,0,1,1,1,1174.0,0.4285714285714285,4.0,0,0,0,0,0,0,0,19.0,27.0,3.0,1,Wimbledon_2025,0,0,361.0,-4.570010314595152,20.884994275506077
1966,Wimbledon,2025,Grass,3,0,0,0,0,,0,0,0,0,0,0,0,1,0,1,1,1,96.5,0.00661785412559851,13.0,1,0,0,0,0,0,0,10.0,28.0,1.0,1,Wimbledon_2025,0,0,100.0,-3.5700103145951516,12.744973646315774
1967,Wimbledon,2025,Grass,3,1,1,1,0,,0,0,0,0,0,0,0,1,0,0,0,0,43.5,0.00660211267605626,7.0,0,0,0,0,0,0,0,10.5,28.5,65.0,1,Wimbledon_2025,0,0,110.25,-3.0700103145951516,9.424963331720623
1968,Wimbledon,2025,Grass,3,0,0,0,0,,0,0,0,0,0,0,0,1,0,1,1,1,60.0,0.0,0.0,0,0,0,0,0,0,0,1.0,27.5,22.5,1,Wimbledon_2025,0,0,1.0,-4.070010314595152,16.564983960910926
1969,Wimbledon,2025,Grass,3,1,1,1,0,,0,0,0,0,0,0,0,1,0,1,1,1,14.5,0.03143728110001298,1.0,0,0,0,0,0,0,0,16.5,35.0,43.5,1,Wimbledon_2025,0,0,272.25,3.4299896854048484,11.764829241983652
1970,Wimbledon,2025,Grass,3,1,1,1,0,,0,0,0,0,0,0,0,1,0,0,1,1,70.5,0.0291327913279133,3.0,0,0,0,0,0,0,0,1.0,26.0,5.5,1,Wimbledon_2025,0,0,1.0,-5.570010314595152,31.02501490469638
1971,Wimbledon,2025,Grass,3,1,1,1,0,,1,0,0,1,0,0,0,1,0,1,1,1,69.5,0.006071645415907767,3.0,0,0,0,1,0,0,0,1.0,23.5,115.5,1,Wimbledon_2025,1,1,1.0,-8.070010314595152,65.12506647767214
1972,Wimbledon,2025,Grass,3,1,1,1,0,,0,0,0,1,0,1,0,1,0,1,1,1,24.5,0.008230452674897193,3.0,0,0,0,0,0,0,0,1.0,32.5,47.0,0,Wimbledon_2025,0,0,1.0,0.9299896854048484,0.8648808149594088
1973,Wimbledon,2025,Grass,3,1,1,1,0,,1,0,0,1,0,0,0,1,0,0,0,0,16.5,0.03874544590527484,7.0,0,0,0,0,0,0,0,16.5,37.5,51.0,1,Wimbledon_2025,0,1,272.25,5.929989685404848,35.16477766900789
1974,Wimbledon,2025,Grass,3,1,1,1,0,,0,0,0,0,0,0,0,1,0,0,0,0,74.5,0.01224489795918371,9.0,0,0,0,0,0,0,0,16.0,31.0,14.0,1,Wimbledon_2025,0,0,256.0,-0.5700103145951516,0.3249117587448637
1975,Wimbledon,2025,Grass,3,1,1,1,0,,0,0,0,1,0,0,0,1,0,0,0,0,73.5,0.1335753176043557,37.0,0,0,0,1,0,0,0,1.0,26.0,26.0,1,Wimbledon_2025,1,1,1.0,-5.570010314595152,31.02501490469638
1976,Wimbledon,2025,Grass,3,1,1,1,0,,0,0,0,0,0,0,0,1,0,0,0,0,336.0,,496.0,1,0,0,0,0,0,0,8.5,30.0,36.0,1,Wimbledon_2025,0,0,72.25,-1.5700103145951516,2.464932387935167
1977,Wimbledon,2025,Grass,3,0,0,0,0,,0,0,0,0,0,0,0,1,0,0,0,0,75.0,0.01980198019801993,2.0,0,0,0,0,0,0,0,15.0,36.5,7.5,1,Wimbledon_2025,0,0,225.0,4.929989685404848,24.304798298198197
1978,Wimbledon,2025,Grass,3,0,0,0,0,,0,0,0,0,0,0,0,1,0,0,0,0,63.0,0.1000967117988394,2.0,0,0,0,0,0,0,0,15.0,32.0,11.0,1,Wimbledon_2025,0,0,225.0,0.4299896854048484,0.1848911295545605
1979,Wimbledon,2025,Grass,3,0,0,0,0,,0,0,0,0,0,0,0,1,0,0,0,0,54.5,0.0632624113475177,9.0,0,0,0,0,0,0,0,16.0,36.0,69.0,1,Wimbledon_2025,0,0,256.0,4.429989685404848,19.62480861279335
1980,Wimbledon,2025,Grass,3,1,1,1,0,,0,0,0,1,0,0,0,1,0,0,0,0,510.5,0.008333333333333304,157.0,0,0,0,1,0,0,0,8.0,25.0,78.5,1,Wimbledon_2025,1,1,64.0,-6.570010314595152,43.16503553388668
1981,Wimbledon,2025,Grass,3,1,1,1,0,,0,0,0,0,0,0,0,1,0,1,1,1,499.5,0.25,781.0,0,0,0,0,0,0,0,18.0,32.5,3.0,1,Wimbledon_2025,0,0,324.0,0.9299896854048484,0.8648808149594088
1982,Wimbledon,2025,Grass,4,1,1,1,0,,0,0,0,0,0,0,0,1,0,1,1,1,65.0,0.0423728813559322,0.0,0,0,0,0,0,0,0,1.0,26.5,1.0,1,Wimbledon_2025,0,0,1.0,-5.070010314595152,25.70500459010123
1983,Wimbledon,2025,Grass,4,1,1,1,0,,0,0,0,1,0,1,0,1,0,0,0,0,43.5,0.0619205457078349,5.0,0,0,0,0,0,0,0,9.5,30.0,22.5,0,Wimbledon_2025,0,0,90.25,-1.5700103145951516,2.464932387935167
1984,Wimbledon,2025,Grass,4,0,0,0,0,,0,0,0,0,0,0,0,1,0,1,1,1,5.5,0.02310606060606069,1.0,0,0,0,0,0,0,0,14.5,35.5,115.5,1,Wimbledon_2025,0,0,210.25,3.9299896854048484,15.4448189273885
1985,Wimbledon,2025,Grass,4,0,0,0,0,,0,0,0,1,0,0,0,1,0,0,0,0,47.0,0.04745564111148304,10.0,0,0,0,0,0,0,0,10.0,27.5,51.0,1,Wimbledon_2025,0,0,100.0,-4.070010314595152,16.564983960910926
1986,Wimbledon,2025,Grass,4,1,1,1,0,,1,0,0,1,0,0,0,1,0,1,1,1,26.0,0.01710058017649063,8.0,0,0,0,1,0,0,0,21.5,39.5,14.0,1,Wimbledon_2025,1,1,462.25,7.929989685404848,62.88473641062728
1987,Wimbledon,2025,Grass,4,1,1,0,0,,1,0,0,1,0,0,0,1,0,0,1,1,36.0,0.02232828615317095,2.0,0,0,0,0,0,0,0,13.5,33.0,7.5,1,Wimbledon_2025,0,1,182.25,1.4299896854048484,2.044870500364257
1988,Wimbledon,2025,Grass,4,0,0,0,0,,0,0,0,0,0,0,0,1,0,0,0,0,69.0,0.07013483146067412,36.0,0,0,0,0,0,0,0,17.0,35.0,11.0,1,Wimbledon_2025,0,0,289.0,3.4299896854048484,11.764829241983652
1990,Wimbledon,2025,Grass,5,1,1,1,0,,1,0,0,1,0,0,0,1,0,0,1,1,22.5,,3.0,0,0,0,1,0,0,0,15.0,34.0,1.0,1,Wimbledon_2025,1,1,225.0,2.4299896854048484,5.904849871173954
1991,Wimbledon,2025,Grass,5,1,1,1,0,,0,0,0,0,0,0,0,1,0,1,1,1,51.0,0.008045881472861782,14.0,0,0,0,0,0,0,0,27.0,35.5,115.5,1,Wimbledon_2025,0,0,729.0,3.9299896854048484,15.4448189273885
1992,Wimbledon,2025,Grass,5,1,1,1,0,,0,0,0,0,0,0,0,1,0,1,1,1,14.0,0.03205128205128205,6.0,0,0,0,0,0,0,0,12.0,34.5,7.5,1,Wimbledon_2025,0,0,144.0,2.9299896854048484,8.584839556578803
1993,Wimbledon,2025,Grass,5,1,1,0,0,,1,0,0,1,0,0,0,1,0,0,0,0,3.0,0.00784762663215699,0.0,0,0,0,0,0,0,0,17.0,32.5,11.0,1,Wimbledon_2025,0,1,289.0,0.9299896854048484,0.8648808149594088
1994,Wimbledon,2025,Grass,6,1,1,1,0,,1,0,0,1,0,1,0,1,0,0,0,0,1.0,0.04901135386713307,0.0,0,0,1,0,0,0,0,13.5,33.5,115.5,0,Wimbledon_2025,1,1,182.25,1.9299896854048484,3.7248601857691055
1995,Wimbledon,2025,Grass,6,0,0,0,0,,0,0,0,0,0,0,0,1,0,0,1,1,7.5,0.01057318491443759,1.0,0,0,0,0,0,0,0,22.0,39.5,11.0,1,Wimbledon_2025,0,0,484.0,7.929989685404848,62.88473641062728
1996,Wimbledon,2025,Grass,7,1,1,1,0,,0,0,0,0,0,0,0,1,0,0,0,0,115.5,0.08585164835164827,67.0,1,0,0,0,0,0,0,4.0,29.0,11.0,1,Wimbledon_2025,0,0,16.0,-2.5700103145951516,6.60495301712547
