match_id,tournament,year,surface,stage_code,any_tb,regular_tb,match_tb,tb_s3_regular,three_sets,comeback,winner_lost_s1,pre_olympic,olympic_period,olympics_tourn,same_country,same_language,ling_prox,rank_mean,wl_career_diff,rank_gap,single_top100,win,won_tb_s1,won_tb_s2,exp_mean,opp_rank_mean,lost_set1,won_regular_tb,won_any_tb,exp_mean_sq,ic_team,ic_team_dm
0,Australian Open,2018,Hard,2,0,0,0,0,0,0,0,0,0,0,0.0,0.0,0.0,1.0,0.005113704012382425,0.0,0,1,0,0,18.0,67.5,0,0,0,324.0,49.0,-13.946095571095569
1,Australian Open,2018,Hard,2,0,0,0,0,0,0,0,0,0,0,1.0,1.0,1.0,166.5,0.2293972044263251,73.0,0,1,0,0,4.0,204.0,0,0,0,16.0,90.0,27.05390442890443
2,Australian Open,2018,Hard,2,1,1,0,0,1,1,1,0,0,0,0.0,0.0,0.0,55.5,0.1229791054917854,83.0,0,1,0,0,14.5,87.5,1,0,0,210.25,63.5,0.5539044289044313
3,Australian Open,2018,Hard,2,1,1,0,0,0,0,0,0,0,0,0.0,1.0,1.0,35.0,0.1044022455747792,26.0,0,1,1,0,14.0,472.5,0,1,1,196.0,69.5,6.553904428904431
4,Australian Open,2018,Hard,2,0,0,0,0,0,0,0,0,0,0,1.0,1.0,1.0,22.0,0.09247104247104243,4.0,0,1,0,0,20.0,47.0,0,0,0,400.0,51.0,-11.946095571095569
5,Australian Open,2018,Hard,2,0,0,0,0,0,0,0,0,0,0,0.0,0.0,0.0,115.0,0.02195281782437752,84.0,0,1,0,0,6.5,268.5,0,0,0,42.25,56.5,-6.446095571095569
7,Australian Open,2018,Hard,2,1,1,0,0,0,0,0,0,0,0,0.0,0.0,1.0,79.5,0.02777389976102296,5.0,0,1,1,1,16.0,20.0,0,1,1,256.0,71.0,8.053904428904431
8,Australian Open,2018,Hard,2,1,1,0,0,0,0,0,0,0,0,1.0,1.0,1.0,8.5,0.0790823211875844,5.0,0,1,1,0,13.0,198.0,0,1,1,169.0,71.0,8.053904428904431
9,Australian Open,2018,Hard,2,1,0,0,1,1,1,1,0,0,0,0.0,0.0,0.0,58.5,0.004561746497230401,1.0,0,1,0,0,11.0,493.5,1,0,1,121.0,31.0,-31.94609557109557
10,Australian Open,2018,Hard,2,0,0,0,0,1,0,0,0,0,0,0.0,1.0,1.0,46.0,0.02856549432290223,16.0,0,1,0,0,10.0,62.5,0,0,0,100.0,84.0,21.05390442890443
11,Australian Open,2018,Hard,2,0,0,0,0,1,0,0,0,0,0,0.0,1.0,1.0,124.5,0.1789263490294418,89.0,0,1,0,0,9.5,28.5,0,0,0,90.25,71.0,8.053904428904431
12,Australian Open,2018,Hard,2,1,1,0,0,0,0,0,0,0,0,0.0,0.0,0.0,22.5,,7.0,0,1,0,1,15.0,143.5,0,1,1,225.0,59.5,-3.4460955710955687
13,Australian Open,2018,Hard,2,1,1,0,0,0,0,0,0,0,0,0.0,0.0,0.0,181.0,0.01754186341999969,100.0,0,1,1,0,12.5,85.5,0,1,1,156.25,36.5,-26.44609557109557
14,Australian Open,2018,Hard,2,0,0,0,0,0,0,0,0,0,0,0.0,0.0,0.0,54.5,0.1403679653679654,3.0,0,1,0,0,13.5,533.0,0,0,0,182.25,79.5,16.55390442890443
15,Australian Open,2018,Hard,2,0,0,0,0,0,0,0,0,0,0,0.0,0.0,0.0,16.5,0.1054227223003594,1.0,0,1,0,0,13.5,369.5,0,0,0,182.25,44.0,-18.94609557109557
16,Australian Open,2018,Hard,2,0,0,0,0,1,1,1,0,0,0,0.0,0.0,0.0,9.5,0.04913998809726816,1.0,0,1,0,0,15.5,207.0,1,0,0,240.25,63.5,0.5539044289044313
17,Australian Open,2018,Hard,2,0,0,0,0,0,0,0,0,0,0,1.0,1.0,1.0,64.5,0.1924819272007537,7.0,0,1,0,0,20.0,818.5,0,0,0,400.0,48.0,-14.946095571095569
18,Australian Open,2018,Hard,2,0,0,0,0,0,0,0,0,0,0,0.0,0.0,0.0,41.5,0.05176174945195955,21.0,0,1,0,0,15.0,67.0,0,0,0,225.0,44.0,-18.94609557109557
19,Australian Open,2018,Hard,2,1,1,0,0,0,0,0,0,0,0,1.0,1.0,1.0,25.0,0.006430370146846442,4.0,0,1,1,1,10.5,73.0,0,1,1,110.25,13.0,-49.94609557109557
20,Australian Open,2018,Hard,2,0,0,0,0,0,0,0,0,0,0,1.0,1.0,1.0,113.0,0.003331403948807043,102.0,0,1,0,0,9.0,36.0,0,0,0,81.0,91.0,28.05390442890443
21,Australian Open,2018,Hard,2,0,0,0,0,0,0,0,0,0,0,1.0,1.0,1.0,238.0,,178.0,1,1,0,0,13.0,95.0,0,0,0,169.0,51.0,-11.946095571095569
22,Australian Open,2018,Hard,2,0,0,0,0,0,0,0,0,0,0,1.0,1.0,1.0,129.0,,86.0,0,1,0,0,16.0,609.0,0,0,0,256.0,90.0,27.05390442890443
23,Australian Open,2018,Hard,2,0,0,0,0,0,0,0,0,0,0,0.0,0.0,0.0,7.5,0.05927088002390557,1.0,0,1,0,0,15.0,60.0,0,0,0,225.0,55.0,-7.946095571095569
24,Australian Open,2018,Hard,2,0,0,0,0,1,1,1,0,0,0,1.0,1.0,1.0,12.0,0.0003609504402074526,0.0,0,1,0,0,20.0,443.5,1,0,0,400.0,91.0,28.05390442890443
25,Australian Open,2018,Hard,2,1,1,0,1,1,0,0,0,0,0,0.0,0.0,0.0,41.5,0.1579317013588478,5.0,0,1,1,0,18.5,336.0,0,1,1,342.25,47.0,-15.946095571095569
26,Australian Open,2018,Hard,2,1,0,0,1,1,0,0,0,0,0,1.0,1.0,1.0,81.0,0.1497357604227834,22.0,0,1,0,0,7.0,49.5,0,0,1,49.0,90.0,27.05390442890443
27,Australian Open,2018,Hard,2,1,1,0,1,1,0,0,0,0,0,1.0,1.0,1.0,73.5,0.02179137210984344,79.0,0,1,0,0,12.5,27.0,0,0,1,156.25,71.0,8.053904428904431
28,Australian Open,2018,Hard,2,1,1,0,0,0,0,0,0,0,0,0.0,0.0,0.0,39.5,0.02560345599565228,15.0,0,1,1,0,17.5,49.0,0,1,1,306.25,37.0,-25.94609557109557
29,Australian Open,2018,Hard,2,0,0,0,0,0,0,0,0,0,0,0.0,0.0,0.0,53.5,0.05798503611971101,25.0,0,1,0,0,20.0,90.0,0,0,0,400.0,52.0,-10.946095571095569
30,Australian Open,2018,Hard,2,1,1,0,0,0,0,0,0,0,0,0.0,0.0,0.0,304.0,0.02870967741935482,184.0,0,1,1,0,7.0,69.0,0,1,1,49.0,24.0,-38.94609557109557
31,Australian Open,2018,Hard,2,0,0,0,0,1,1,1,0,0,0,0.0,0.0,0.0,3.5,0.03954461804929088,1.0,0,1,0,0,8.5,310.0,1,0,0,72.25,76.5,13.553904428904431
32,Australian Open,2018,Hard,3,1,1,0,0,0,0,0,0,0,0,0.0,0.0,0.0,1.0,0.005113704012382425,0.0,0,1,0,1,18.0,166.5,0,1,1,324.0,49.0,-13.946095571095569
33,Australian Open,2018,Hard,3,1,1,0,0,1,1,1,0,0,0,0.0,1.0,1.0,35.0,0.1044022455747792,26.0,0,1,0,1,14.0,55.5,1,1,1,196.0,69.5,6.553904428904431
34,Australian Open,2018,Hard,3,0,0,0,0,1,1,1,0,0,0,0.0,0.0,0.0,115.0,0.02195281782437752,84.0,0,1,0,0,6.5,22.0,1,0,0,42.25,56.5,-6.446095571095569
36,Australian Open,2018,Hard,3,1,1,0,1,1,0,0,0,0,0,0.0,0.0,0.0,58.5,0.004561746497230401,1.0,0,1,1,0,11.0,8.5,0,1,1,121.0,31.0,-31.94609557109557
37,Australian Open,2018,Hard,3,0,0,0,0,0,0,0,0,0,0,0.0,1.0,1.0,46.0,0.02856549432290223,16.0,0,1,0,0,10.0,124.5,0,0,0,100.0,84.0,21.05390442890443
38,Australian Open,2018,Hard,3,1,1,0,0,0,0,0,0,0,0,0.0,0.0,0.0,22.5,,7.0,0,1,0,1,15.0,181.0,0,1,1,225.0,59.5,-3.4460955710955687
39,Australian Open,2018,Hard,3,1,1,0,0,1,1,1,0,0,0,0.0,0.0,0.0,16.5,0.1054227223003594,1.0,0,1,0,0,13.5,54.5,1,0,0,182.25,44.0,-18.94609557109557
40,Australian Open,2018,Hard,3,1,1,0,1,1,0,0,0,0,0,1.0,1.0,1.0,64.5,0.1924819272007537,7.0,0,1,1,0,20.0,9.5,0,1,1,400.0,48.0,-14.946095571095569
41,Australian Open,2018,Hard,3,1,1,0,0,0,0,0,0,0,0,1.0,1.0,1.0,25.0,0.006430370146846442,4.0,0,1,1,0,10.5,41.5,0,1,1,110.25,13.0,-49.94609557109557
42,Australian Open,2018,Hard,3,0,0,0,0,0,0,0,0,0,0,1.0,1.0,1.0,238.0,,178.0,1,1,0,0,13.0,113.0,0,0,0,169.0,51.0,-11.946095571095569
43,Australian Open,2018,Hard,3,1,1,0,0,1,0,0,0,0,0,1.0,1.0,1.0,129.0,,86.0,0,1,1,0,16.0,7.5,0,1,1,256.0,90.0,27.05390442890443
44,Australian Open,2018,Hard,3,1,1,0,0,1,1,1,0,0,0,1.0,1.0,1.0,12.0,0.0003609504402074526,0.0,0,1,0,0,20.0,41.5,1,0,0,400.0,91.0,28.05390442890443
46,Australian Open,2018,Hard,3,1,1,0,0,0,0,0,0,0,0,0.0,0.0,0.0,39.5,0.02560345599565228,15.0,0,1,1,0,17.5,53.5,0,1,1,306.25,37.0,-25.94609557109557
47,Australian Open,2018,Hard,3,1,1,0,0,0,0,0,0,0,0,0.0,0.0,0.0,304.0,0.02870967741935482,184.0,0,1,0,1,7.0,3.5,0,1,1,49.0,24.0,-38.94609557109557
48,Australian Open,2018,Hard,4,1,1,0,0,1,1,1,0,0,0,0.0,0.0,0.0,1.0,0.005113704012382425,0.0,0,1,0,1,18.0,35.0,1,1,1,324.0,49.0,-13.946095571095569
50,Australian Open,2018,Hard,4,0,0,0,0,0,0,0,0,0,0,0.0,1.0,1.0,46.0,0.02856549432290223,16.0,0,1,0,0,10.0,58.5,0,0,0,100.0,84.0,21.05390442890443
51,Australian Open,2018,Hard,4,1,1,0,0,1,0,0,0,0,0,0.0,0.0,0.0,16.5,0.1054227223003594,1.0,0,1,0,0,13.5,22.5,0,0,0,182.25,44.0,-18.94609557109557
52,Australian Open,2018,Hard,4,0,0,0,0,0,0,0,0,0,0,1.0,1.0,1.0,25.0,0.006430370146846442,4.0,0,1,0,0,10.5,64.5,0,0,0,110.25,13.0,-49.94609557109557
54,Australian Open,2018,Hard,4,1,1,0,0,1,1,1,0,0,0,1.0,1.0,1.0,12.0,0.0003609504402074526,0.0,0,1,0,1,20.0,73.5,1,1,1,400.0,91.0,28.05390442890443
56,Australian Open,2018,Hard,5,1,1,0,1,1,0,0,0,0,0,0.0,0.0,0.0,115.0,0.02195281782437752,84.0,0,1,0,0,6.5,1.0,0,0,1,42.25,56.5,-6.446095571095569
57,Australian Open,2018,Hard,5,1,1,0,1,1,0,0,0,0,0,0.0,0.0,0.0,16.5,0.1054227223003594,1.0,0,1,0,0,13.5,46.0,0,0,1,182.25,44.0,-18.94609557109557
58,Australian Open,2018,Hard,5,0,0,0,0,0,0,0,0,0,0,1.0,1.0,1.0,25.0,0.006430370146846442,4.0,0,1,0,0,10.5,129.0,0,0,0,110.25,13.0,-49.94609557109557
59,Australian Open,2018,Hard,5,0,0,0,0,0,0,0,0,0,0,1.0,1.0,1.0,12.0,0.0003609504402074526,0.0,0,1,0,0,20.0,39.5,0,0,0,400.0,91.0,28.05390442890443
60,Australian Open,2018,Hard,6,1,0,0,1,1,1,1,0,0,0,0.0,0.0,0.0,16.5,0.1054227223003594,1.0,0,1,0,0,13.5,115.0,1,0,1,182.25,44.0,-18.94609557109557
61,Australian Open,2018,Hard,6,1,1,0,0,0,0,0,0,0,0,1.0,1.0,1.0,25.0,0.006430370146846442,4.0,0,1,1,0,10.5,12.0,0,1,1,110.25,13.0,-49.94609557109557
62,Australian Open,2018,Hard,7,0,0,0,0,0,0,0,0,0,0,0.0,0.0,0.0,16.5,0.1054227223003594,1.0,0,1,0,0,13.5,25.0,0,0,0,182.25,44.0,-18.94609557109557
63,Roland Garros,2018,Clay,2,0,0,0,0,0,0,0,0,0,0,0.0,0.0,0.0,2.5,0.005113704012382425,1.0,0,1,0,0,18.0,328.0,0,0,0,324.0,49.0,-13.946095571095569
64,Roland Garros,2018,Clay,2,0,0,0,0,0,0,0,0,0,0,0.0,0.0,0.0,2.5,0.1054227223003594,3.0,0,1,0,0,13.5,71.5,0,0,0,182.25,44.0,-18.94609557109557
65,Roland Garros,2018,Clay,2,0,0,0,0,0,0,0,0,0,0,0.0,0.0,0.0,7.5,0.03954461804929088,1.0,0,1,0,0,8.5,368.5,0,0,0,72.25,76.5,13.553904428904431
66,Roland Garros,2018,Clay,2,0,0,0,0,0,0,0,0,0,0,0.0,0.0,0.0,11.5,0.04913998809726816,1.0,0,1,0,0,15.5,354.5,0,0,0,240.25,63.5,0.5539044289044313
67,Roland Garros,2018,Clay,2,1,1,0,0,0,0,0,0,0,0,1.0,1.0,1.0,12.0,0.006430370146846442,4.0,0,1,1,1,10.5,40.0,0,1,1,110.25,13.0,-49.94609557109557
68,Roland Garros,2018,Clay,2,1,0,0,1,1,0,0,0,0,0,1.0,1.0,1.0,18.5,0.0790823211875844,1.0,0,1,0,0,13.0,50.0,0,0,1,169.0,71.0,8.053904428904431
69,Roland Garros,2018,Clay,2,0,0,0,0,0,0,0,0,0,0,0.0,0.0,0.0,22.0,0.05176174945195955,2.0,0,1,0,0,15.0,43.5,0,0,0,225.0,44.0,-18.94609557109557
70,Roland Garros,2018,Clay,2,0,0,0,0,1,1,1,0,0,0,0.0,0.0,0.0,22.5,0.01015821763930658,13.0,0,1,0,0,14.0,61.5,1,0,0,196.0,62.0,-0.9460955710955687
71,Roland Garros,2018,Clay,2,0,0,0,0,0,0,0,0,0,0,0.0,1.0,1.0,23.0,0.01088081143884523,16.0,0,1,0,0,12.5,578.5,0,0,0,156.25,72.0,9.053904428904431
72,Roland Garros,2018,Clay,2,0,0,0,0,0,0,0,0,0,0,0.0,1.0,1.0,23.5,0.07558847068884234,7.0,0,1,0,0,14.5,130.5,0,0,0,210.25,43.5,-19.44609557109557
73,Roland Garros,2018,Clay,2,0,0,0,0,0,0,0,0,0,0,1.0,1.0,1.0,24.0,0.09247104247104243,4.0,0,1,0,0,20.0,57.0,0,0,0,400.0,51.0,-11.946095571095569
74,Roland Garros,2018,Clay,2,0,0,0,0,0,0,0,0,0,0,0.0,0.0,0.0,26.0,0.02621829619041405,4.0,0,1,0,0,15.5,442.5,0,0,0,240.25,59.5,-3.4460955710955687
75,Roland Garros,2018,Clay,2,0,0,0,0,0,0,0,0,0,0,0.0,1.0,1.0,35.5,0.07263736263736265,3.0,0,1,0,0,15.0,927.5,0,0,0,225.0,34.5,-28.44609557109557
76,Roland Garros,2018,Clay,2,1,1,0,0,1,1,1,0,0,0,0.0,0.0,1.0,74.5,0.2538135325020571,13.0,0,1,0,1,9.5,30.5,1,1,1,90.25,55.0,-7.946095571095569
77,Roland Garros,2018,Clay,2,0,0,0,0,0,0,0,0,0,0,1.0,1.0,1.0,324.0,0.3211907559733647,356.0,1,1,0,0,6.5,164.5,0,0,0,42.25,25.0,-37.94609557109557
78,Roland Garros,2018,Clay,2,0,0,0,0,1,0,0,0,0,0,0.0,0.0,0.0,237.5,0.07918036933974198,87.0,0,1,0,0,11.0,588.0,0,0,0,121.0,63.5,0.5539044289044313
79,Roland Garros,2018,Clay,2,0,0,0,0,1,0,0,0,0,0,1.0,1.0,1.0,172.0,0.0591861327400815,254.0,1,1,0,0,10.0,63.5,0,0,0,100.0,48.0,-14.946095571095569
80,Roland Garros,2018,Clay,2,0,0,0,0,0,0,0,0,0,0,1.0,1.0,1.0,337.5,0.1636363636363636,161.0,0,1,0,0,3.0,388.5,0,0,0,9.0,71.0,8.053904428904431
81,Roland Garros,2018,Clay,2,1,1,0,0,1,1,1,0,0,0,1.0,1.0,1.0,721.0,0.176056338028169,910.0,0,1,0,1,19.5,259.0,1,1,1,380.25,76.0,13.053904428904431
82,Roland Garros,2018,Clay,2,0,0,0,0,1,1,1,0,0,0,1.0,1.0,1.0,345.5,0.08572385310860586,309.0,0,1,0,0,11.5,101.5,1,0,0,132.25,51.0,-11.946095571095569
83,Roland Garros,2018,Clay,2,0,0,0,0,0,0,0,0,0,0,0.0,0.0,0.0,167.5,0.0613164184592756,63.0,0,1,0,0,11.0,255.0,0,0,0,121.0,58.5,-4.446095571095569
84,Roland Garros,2018,Clay,2,1,1,0,1,1,0,0,0,0,0,0.0,0.0,0.0,43.0,0.07140883614451488,26.0,0,1,1,0,14.5,66.5,0,1,1,210.25,34.0,-28.94609557109557
85,Roland Garros,2018,Clay,2,1,1,0,0,1,1,1,0,0,0,0.0,0.0,0.0,242.0,0.08594059405940602,332.0,0,1,0,1,9.5,21.0,1,1,1,90.25,34.5,-28.44609557109557
86,Roland Garros,2018,Clay,2,0,0,0,0,0,0,0,0,0,0,0.0,1.0,1.0,76.5,0.2081261370527593,7.0,0,1,0,0,9.0,45.5,0,0,0,81.0,71.0,8.053904428904431
87,Roland Garros,2018,Clay,2,0,0,0,0,0,0,0,0,0,0,0.0,1.0,1.0,94.5,0.06007751937984496,31.0,0,1,0,0,10.0,98.5,0,0,0,100.0,34.5,-28.44609557109557
88,Roland Garros,2018,Clay,2,0,0,0,0,0,0,0,0,0,0,1.0,1.0,1.0,45.0,0.03194616977225673,12.0,0,1,0,0,14.5,730.0,0,0,0,210.25,80.0,17.05390442890443
89,Roland Garros,2018,Clay,2,1,0,0,1,1,0,0,0,0,0,1.0,1.0,1.0,501.5,0.02790697674418613,371.0,0,1,0,0,11.0,112.0,0,0,1,121.0,71.0,8.053904428904431
90,Roland Garros,2018,Clay,2,1,1,0,0,0,0,0,0,0,0,1.0,1.0,1.0,74.0,0.186978246758148,84.0,1,1,1,0,6.5,54.0,0,1,1,42.25,91.0,28.05390442890443
91,Roland Garros,2018,Clay,2,1,1,0,0,1,1,1,0,0,0,0.0,0.0,0.0,54.5,0.1403679653679654,11.0,0,1,0,0,13.5,74.5,1,0,0,182.25,79.5,16.55390442890443
92,Roland Garros,2018,Clay,2,1,1,0,0,0,0,0,0,0,0,0.0,0.0,0.0,86.0,0.01754186341999969,2.0,0,1,1,0,12.5,437.0,0,1,1,156.25,36.5,-26.44609557109557
93,Roland Garros,2018,Clay,2,0,0,0,0,0,0,0,0,0,0,1.0,1.0,1.0,159.0,0.01666666666666672,128.0,0,1,0,0,9.5,514.5,0,0,0,90.25,46.0,-16.94609557109557
94,Roland Garros,2018,Clay,2,0,0,0,0,0,0,0,0,0,0,1.0,1.0,1.0,56.5,0.1482898289828982,9.0,0,1,0,0,8.5,37.0,0,0,0,72.25,89.0,26.05390442890443
95,Roland Garros,2018,Clay,3,0,0,0,0,0,0,0,0,0,0,0.0,0.0,0.0,2.5,0.005113704012382425,1.0,0,1,0,0,18.0,345.5,0,0,0,324.0,49.0,-13.946095571095569
96,Roland Garros,2018,Clay,3,0,0,0,0,0,0,0,0,0,0,0.0,0.0,0.0,2.5,0.1054227223003594,3.0,0,1,0,0,13.5,172.0,0,0,0,182.25,44.0,-18.94609557109557
97,Roland Garros,2018,Clay,3,0,0,0,0,0,0,0,0,0,0,0.0,0.0,0.0,7.5,0.03954461804929088,1.0,0,1,0,0,8.5,324.0,0,0,0,72.25,76.5,13.553904428904431
98,Roland Garros,2018,Clay,3,1,1,0,0,0,0,0,0,0,0,1.0,1.0,1.0,12.0,0.006430370146846442,4.0,0,1,0,1,10.5,159.0,0,1,1,110.25,13.0,-49.94609557109557
99,Roland Garros,2018,Clay,3,1,1,0,0,0,0,0,0,0,0,1.0,1.0,1.0,18.5,0.0790823211875844,1.0,0,1,0,1,13.0,45.0,0,1,1,169.0,71.0,8.053904428904431
100,Roland Garros,2018,Clay,3,0,0,0,0,0,0,0,0,0,0,0.0,0.0,0.0,22.0,0.05176174945195955,2.0,0,1,0,0,15.0,237.5,0,0,0,225.0,44.0,-18.94609557109557
101,Roland Garros,2018,Clay,3,1,1,0,0,0,0,0,0,0,0,0.0,1.0,1.0,23.0,0.01088081143884523,16.0,0,1,1,0,12.5,76.5,0,1,1,156.25,72.0,9.053904428904431
102,Roland Garros,2018,Clay,3,0,0,0,0,0,0,0,0,0,0,1.0,1.0,1.0,24.0,0.09247104247104243,4.0,0,1,0,0,20.0,43.0,0,0,0,400.0,51.0,-11.946095571095569
103,Roland Garros,2018,Clay,3,0,0,0,0,0,0,0,0,0,0,0.0,0.0,0.0,26.0,0.02621829619041405,4.0,0,1,0,0,15.5,337.5,0,0,0,240.25,59.5,-3.4460955710955687
104,Roland Garros,2018,Clay,3,1,1,0,0,0,0,0,0,0,0,0.0,0.0,1.0,74.5,0.2538135325020571,13.0,0,1,1,0,9.5,167.5,0,1,1,90.25,55.0,-7.946095571095569
105,Roland Garros,2018,Clay,3,0,0,0,0,1,1,1,0,0,0,1.0,1.0,1.0,721.0,0.176056338028169,910.0,0,1,0,0,19.5,56.5,1,0,0,380.25,76.0,13.053904428904431
106,Roland Garros,2018,Clay,3,0,0,0,0,1,0,0,0,0,0,0.0,1.0,1.0,94.5,0.06007751937984496,31.0,0,1,0,0,10.0,11.5,0,0,0,100.0,34.5,-28.44609557109557
107,Roland Garros,2018,Clay,3,0,0,0,0,1,1,1,0,0,0,1.0,1.0,1.0,501.5,0.02790697674418613,371.0,0,1,0,0,11.0,35.5,1,0,0,121.0,71.0,8.053904428904431
108,Roland Garros,2018,Clay,3,0,0,0,0,0,0,0,0,0,0,1.0,1.0,1.0,74.0,0.186978246758148,84.0,1,1,0,0,6.5,23.5,0,0,0,42.25,91.0,28.05390442890443
109,Roland Garros,2018,Clay,3,0,0,0,0,1,1,1,0,0,0,0.0,0.0,0.0,54.5,0.1403679653679654,11.0,0,1,0,0,13.5,22.5,1,0,0,182.25,79.5,16.55390442890443
110,Roland Garros,2018,Clay,3,0,0,0,0,0,0,0,0,0,0,0.0,0.0,0.0,86.0,0.01754186341999969,2.0,0,1,0,0,12.5,242.0,0,0,0,156.25,36.5,-26.44609557109557
111,Roland Garros,2018,Clay,4,0,0,0,0,1,0,0,0,0,0,0.0,0.0,0.0,2.5,0.1054227223003594,3.0,0,1,0,0,13.5,74.5,0,0,0,182.25,44.0,-18.94609557109557
112,Roland Garros,2018,Clay,4,1,1,0,0,0,0,0,0,0,0,0.0,0.0,0.0,7.5,0.03954461804929088,1.0,0,1,1,0,8.5,721.0,0,1,1,72.25,76.5,13.553904428904431
113,Roland Garros,2018,Clay,4,0,0,0,0,1,1,1,0,0,0,1.0,1.0,1.0,12.0,0.006430370146846442,4.0,0,1,0,0,10.5,54.5,1,0,0,110.25,13.0,-49.94609557109557
114,Roland Garros,2018,Clay,4,0,0,0,0,0,0,0,0,0,0,1.0,1.0,1.0,18.5,0.0790823211875844,1.0,0,1,0,0,13.0,74.0,0,0,0,169.0,71.0,8.053904428904431
115,Roland Garros,2018,Clay,4,1,1,0,0,0,0,0,0,0,0,0.0,0.0,0.0,22.0,0.05176174945195955,2.0,0,1,1,1,15.0,23.0,0,1,1,225.0,44.0,-18.94609557109557
116,Roland Garros,2018,Clay,4,0,0,0,0,0,0,0,0,0,0,1.0,1.0,1.0,24.0,0.09247104247104243,4.0,0,1,0,0,20.0,86.0,0,0,0,400.0,51.0,-11.946095571095569
117,Roland Garros,2018,Clay,4,1,1,0,0,0,0,0,0,0,0,0.0,0.0,0.0,26.0,0.02621829619041405,4.0,0,1,0,1,15.5,2.5,0,1,1,240.25,59.5,-3.4460955710955687
118,Roland Garros,2018,Clay,4,0,0,0,0,0,0,0,0,0,0,0.0,1.0,1.0,94.5,0.06007751937984496,31.0,0,1,0,0,10.0,501.5,0,0,0,100.0,34.5,-28.44609557109557
119,Roland Garros,2018,Clay,5,0,0,0,0,1,1,1,0,0,0,0.0,0.0,0.0,2.5,0.1054227223003594,3.0,0,1,0,0,13.5,12.0,1,0,0,182.25,44.0,-18.94609557109557
120,Roland Garros,2018,Clay,5,1,1,0,0,0,0,0,0,0,0,1.0,1.0,1.0,18.5,0.0790823211875844,1.0,0,1,0,1,13.0,94.5,0,1,1,169.0,71.0,8.053904428904431
121,Roland Garros,2018,Clay,5,1,1,0,0,0,0,0,0,0,0,0.0,0.0,0.0,22.0,0.05176174945195955,2.0,0,1,1,0,15.0,26.0,0,1,1,225.0,44.0,-18.94609557109557
122,Roland Garros,2018,Clay,5,1,1,0,1,1,0,0,0,0,0,1.0,1.0,1.0,24.0,0.09247104247104243,4.0,0,1,0,0,20.0,7.5,0,0,1,400.0,51.0,-11.946095571095569
123,Roland Garros,2018,Clay,6,0,0,0,0,0,0,0,0,0,0,0.0,0.0,0.0,2.5,0.1054227223003594,3.0,0,1,0,0,13.5,24.0,0,0,0,182.25,44.0,-18.94609557109557
124,Roland Garros,2018,Clay,6,0,0,0,0,0,0,0,0,0,0,1.0,1.0,1.0,18.5,0.0790823211875844,1.0,0,1,0,0,13.0,22.0,0,0,0,169.0,71.0,8.053904428904431
125,Roland Garros,2018,Clay,7,1,1,0,0,0,0,0,0,0,0,1.0,1.0,1.0,18.5,0.0790823211875844,1.0,0,1,0,1,13.0,2.5,0,1,1,169.0,71.0,8.053904428904431
126,US Open,2018,Hard,2,1,1,0,1,1,1,1,0,0,0,0.0,0.0,0.0,7.5,0.03954461804929088,1.0,0,1,0,1,8.5,58.5,1,1,1,72.25,76.5,13.553904428904431
127,US Open,2018,Hard,2,0,0,0,0,0,0,0,0,0,0,1.0,1.0,1.0,1.5,0.07984748328417635,1.0,1,1,0,0,13.5,681.0,0,0,0,182.25,91.0,28.05390442890443
128,US Open,2018,Hard,2,0,0,0,0,0,0,0,0,0,0,0.0,0.0,0.0,11.5,0.04913998809726816,1.0,0,1,0,0,15.5,222.0,0,0,0,240.25,63.5,0.5539044289044313
129,US Open,2018,Hard,2,0,0,0,0,0,0,0,0,0,0,1.0,1.0,1.0,9.5,0.006430370146846442,1.0,0,1,0,0,10.5,231.0,0,0,0,110.25,13.0,-49.94609557109557
130,US Open,2018,Hard,2,0,0,0,0,0,0,0,0,0,0,0.0,0.0,0.0,22.5,0.05927088002390557,5.0,0,1,0,0,15.0,78.5,0,0,0,225.0,55.0,-7.946095571095569
131,US Open,2018,Hard,2,1,1,0,0,0,0,0,0,0,0,0.0,0.0,0.0,5.5,0.005113704012382425,1.0,0,1,0,1,18.0,189.5,0,1,1,324.0,49.0,-13.946095571095569
132,US Open,2018,Hard,2,0,0,0,0,0,0,0,0,0,0,0.0,1.0,1.0,17.0,0.01088081143884523,4.0,0,1,0,0,12.5,665.5,0,0,0,156.25,72.0,9.053904428904431
133,US Open,2018,Hard,2,1,0,0,1,1,0,0,0,0,0,1.0,1.0,1.0,17.0,0.0790823211875844,2.0,0,1,0,0,13.0,72.0,0,0,1,169.0,71.0,8.053904428904431
134,US Open,2018,Hard,2,0,0,0,0,1,1,1,0,0,0,1.0,1.0,1.0,27.5,0.09247104247104243,1.0,0,1,0,0,20.0,990.0,1,0,0,400.0,51.0,-11.946095571095569
135,US Open,2018,Hard,2,1,1,0,0,1,0,0,0,0,0,0.0,0.0,0.0,23.0,0.03334115293248452,2.0,0,1,0,0,14.5,82.0,0,0,0,210.25,42.0,-20.94609557109557
136,US Open,2018,Hard,2,0,0,0,0,0,0,0,0,0,0,0.0,1.0,1.0,32.5,0.07263736263736265,3.0,0,1,0,0,15.0,55.0,0,0,0,225.0,34.5,-28.44609557109557
137,US Open,2018,Hard,2,1,0,0,1,1,0,0,0,0,0,1.0,1.0,1.0,35.5,0.03194616977225673,1.0,0,1,0,0,14.5,250.0,0,0,1,210.25,80.0,17.05390442890443
138,US Open,2018,Hard,2,0,0,0,0,1,1,1,0,0,0,0.0,0.0,0.0,28.0,0.02621829619041405,4.0,0,1,0,0,15.5,253.0,1,0,0,240.25,59.5,-3.4460955710955687
139,US Open,2018,Hard,2,1,1,0,0,0,0,0,0,0,0,0.0,0.0,0.0,30.5,0.05884820747520975,15.0,0,1,0,1,0.0,49.0,0,1,1,0.0,61.0,-1.9460955710955687
140,US Open,2018,Hard,2,1,1,0,0,0,0,0,0,0,0,0.0,0.0,0.0,82.0,0.06720430107526876,36.0,0,1,1,1,12.5,49.0,0,1,1,156.25,38.0,-24.94609557109557
141,US Open,2018,Hard,2,1,1,0,0,1,0,0,0,0,0,1.0,1.0,1.0,180.5,0.1854903002923199,109.0,0,1,1,0,9.5,25.0,0,1,1,90.25,76.0,13.053904428904431
142,US Open,2018,Hard,2,0,0,0,0,1,0,0,0,0,0,1.0,1.0,1.0,83.5,0.07673039392159464,41.0,0,1,0,0,14.5,195.0,0,0,0,210.25,76.0,13.053904428904431
143,US Open,2018,Hard,2,0,0,0,0,0,0,0,0,0,0,1.0,1.0,1.0,101.0,0.02179137210984344,62.0,0,1,0,0,12.5,70.5,0,0,0,156.25,71.0,8.053904428904431
144,US Open,2018,Hard,2,1,1,0,0,0,0,0,0,0,0,0.0,0.0,0.0,45.0,0.1003563845920534,2.0,0,1,0,1,10.0,50.5,0,1,1,100.0,79.5,16.55390442890443
145,US Open,2018,Hard,2,1,1,0,0,0,0,0,0,0,0,0.0,0.0,0.0,49.5,0.07140883614451488,9.0,0,1,0,1,14.5,112.0,0,1,1,210.25,34.0,-28.94609557109557
146,US Open,2018,Hard,2,0,0,0,0,0,0,0,0,0,0,0.0,1.0,1.0,105.0,0.0321179272398785,46.0,0,1,0,0,7.0,277.0,0,0,0,49.0,90.5,27.55390442890443
147,US Open,2018,Hard,2,0,0,0,0,0,0,0,0,0,0,1.0,1.0,1.0,123.5,0.001020408163265318,1.0,0,1,0,0,2.5,1001.0,0,0,0,6.25,91.0,28.05390442890443
148,US Open,2018,Hard,2,0,0,0,0,0,0,0,0,0,0,0.0,1.0,1.0,45.5,0.06007751937984496,11.0,0,1,0,0,10.0,71.0,0,0,0,100.0,34.5,-28.44609557109557
149,US Open,2018,Hard,2,0,0,0,0,0,0,0,0,0,0,1.0,1.0,1.0,155.5,0.02890756302521014,205.0,0,1,0,0,11.0,190.0,0,0,0,121.0,91.0,28.05390442890443
150,US Open,2018,Hard,2,0,0,0,0,0,0,0,0,0,0,0.0,0.0,0.0,48.5,0.08948856711033115,3.0,0,1,0,0,11.0,134.0,0,0,0,121.0,52.0,-10.946095571095569
151,US Open,2018,Hard,2,0,0,0,0,0,0,0,0,0,0,1.0,1.0,1.0,118.0,0.1939862718983711,114.0,0,1,0,0,6.5,57.5,0,0,0,42.25,91.0,28.05390442890443
152,US Open,2018,Hard,2,0,0,0,0,1,1,1,0,0,0,0.0,0.0,0.0,353.5,0.03135228251507322,153.0,0,1,0,0,6.5,155.0,1,0,0,42.25,30.0,-32.94609557109557
153,US Open,2018,Hard,2,1,1,0,0,1,1,1,0,0,0,0.0,0.0,0.0,60.0,0.01754186341999969,24.0,0,1,0,1,12.5,3.5,1,1,1,156.25,36.5,-26.44609557109557
154,US Open,2018,Hard,2,0,0,0,0,0,0,0,0,0,0,0.0,0.0,0.0,370.0,0.1474401595744681,296.0,0,1,0,0,3.0,176.5,0,0,0,9.0,68.5,5.553904428904431
155,US Open,2018,Hard,2,1,1,0,0,0,0,0,0,0,0,0.0,0.0,0.0,87.0,0.0741676755447942,140.0,0,1,1,0,14.5,306.0,0,1,1,210.25,44.0,-18.94609557109557
156,US Open,2018,Hard,2,0,0,0,0,0,0,0,0,0,0,1.0,1.0,1.0,72.5,0.1401190476190477,21.0,0,1,0,0,12.0,170.5,0,0,0,144.0,67.0,4.053904428904431
157,US Open,2018,Hard,2,0,0,0,0,0,0,0,0,0,0,0.0,1.0,1.0,38.0,0.005721003134796288,2.0,0,1,0,0,17.0,613.0,0,0,0,289.0,63.5,0.5539044289044313
158,US Open,2018,Hard,3,0,0,0,0,0,0,0,0,0,0,1.0,1.0,1.0,1.5,0.07984748328417635,1.0,1,1,0,0,13.5,370.0,0,0,0,182.25,91.0,28.05390442890443
159,US Open,2018,Hard,3,0,0,0,0,0,0,0,0,0,0,0.0,0.0,0.0,11.5,0.04913998809726816,1.0,0,1,0,0,15.5,45.0,0,0,0,240.25,63.5,0.5539044289044313
160,US Open,2018,Hard,3,1,1,0,0,0,0,0,0,0,0,1.0,1.0,1.0,9.5,0.006430370146846442,1.0,0,1,0,1,10.5,49.5,0,1,1,110.25,13.0,-49.94609557109557
161,US Open,2018,Hard,3,0,0,0,0,1,0,0,0,0,0,0.0,0.0,0.0,5.5,0.005113704012382425,1.0,0,1,0,0,18.0,38.0,0,0,0,324.0,49.0,-13.946095571095569
162,US Open,2018,Hard,3,0,0,0,0,0,0,0,0,0,0,1.0,1.0,1.0,17.0,0.0790823211875844,2.0,0,1,0,0,13.0,83.5,0,0,0,169.0,71.0,8.053904428904431
163,US Open,2018,Hard,3,1,1,0,0,0,0,0,0,0,0,0.0,0.0,0.0,23.0,0.03334115293248452,2.0,0,1,0,1,14.5,123.5,0,1,1,210.25,42.0,-20.94609557109557
164,US Open,2018,Hard,3,0,0,0,0,1,0,0,0,0,0,1.0,1.0,1.0,35.5,0.03194616977225673,1.0,0,1,0,0,14.5,72.5,0,0,0,210.25,80.0,17.05390442890443
165,US Open,2018,Hard,3,0,0,0,0,0,0,0,0,0,0,0.0,0.0,0.0,28.0,0.02621829619041405,4.0,0,1,0,0,15.5,105.0,0,0,0,240.25,59.5,-3.4460955710955687
166,US Open,2018,Hard,3,1,1,0,0,1,1,1,0,0,0,0.0,0.0,0.0,30.5,0.05884820747520975,15.0,0,1,0,0,0.0,353.5,1,0,0,0.0,61.0,-1.9460955710955687
167,US Open,2018,Hard,3,1,1,0,0,1,1,1,0,0,0,0.0,0.0,0.0,82.0,0.06720430107526876,36.0,0,1,0,1,12.5,22.5,1,1,1,156.25,38.0,-24.94609557109557
168,US Open,2018,Hard,3,1,1,0,1,1,0,0,0,0,0,1.0,1.0,1.0,101.0,0.02179137210984344,62.0,0,1,1,0,12.5,7.5,0,1,1,156.25,71.0,8.053904428904431
169,US Open,2018,Hard,3,1,1,0,0,0,0,0,0,0,0,0.0,1.0,1.0,45.5,0.06007751937984496,11.0,0,1,0,1,10.0,17.0,0,1,1,100.0,34.5,-28.44609557109557
170,US Open,2018,Hard,3,0,0,0,0,1,0,0,0,0,0,1.0,1.0,1.0,155.5,0.02890756302521014,205.0,0,1,0,0,11.0,27.5,0,0,0,121.0,91.0,28.05390442890443
171,US Open,2018,Hard,3,1,1,0,0,0,0,0,0,0,0,0.0,0.0,0.0,48.5,0.08948856711033115,3.0,0,1,1,0,11.0,180.5,0,1,1,121.0,52.0,-10.946095571095569
172,US Open,2018,Hard,3,1,1,0,0,0,0,0,0,0,0,1.0,1.0,1.0,118.0,0.1939862718983711,114.0,0,1,0,1,6.5,32.5,0,1,1,42.25,91.0,28.05390442890443
173,US Open,2018,Hard,3,0,0,0,0,0,0,0,0,0,0,0.0,0.0,0.0,87.0,0.0741676755447942,140.0,0,1,0,0,14.5,60.0,0,0,0,210.25,44.0,-18.94609557109557
174,US Open,2018,Hard,4,0,0,0,0,0,0,0,0,0,0,1.0,1.0,1.0,1.5,0.07984748328417635,1.0,1,1,0,0,13.5,30.5,0,0,0,182.25,91.0,28.05390442890443
175,US Open,2018,Hard,4,1,1,0,0,0,0,0,0,0,0,0.0,0.0,0.0,11.5,0.04913998809726816,1.0,0,1,1,0,15.5,35.5,0,1,1,240.25,63.5,0.5539044289044313
176,US Open,2018,Hard,4,0,0,0,0,1,0,0,0,0,0,1.0,1.0,1.0,9.5,0.006430370146846442,1.0,0,1,0,0,10.5,23.0,0,0,0,110.25,13.0,-49.94609557109557
177,US Open,2018,Hard,4,0,0,0,0,1,0,0,0,0,0,0.0,0.0,0.0,5.5,0.005113704012382425,1.0,0,1,0,0,18.0,17.0,0,0,0,324.0,49.0,-13.946095571095569
178,US Open,2018,Hard,4,1,1,0,0,1,0,0,0,0,0,0.0,0.0,0.0,28.0,0.02621829619041405,4.0,0,1,1,0,15.5,101.0,0,1,1,240.25,59.5,-3.4460955710955687
179,US Open,2018,Hard,4,1,0,0,1,1,0,0,0,0,0,0.0,0.0,0.0,82.0,0.06720430107526876,36.0,0,1,0,0,12.5,155.5,0,0,1,156.25,38.0,-24.94609557109557
180,US Open,2018,Hard,4,0,0,0,0,0,0,0,0,0,0,0.0,1.0,1.0,45.5,0.06007751937984496,11.0,0,1,0,0,10.0,48.5,0,0,0,100.0,34.5,-28.44609557109557
181,US Open,2018,Hard,4,0,0,0,0,0,0,0,0,0,0,1.0,1.0,1.0,118.0,0.1939862718983711,114.0,0,1,0,0,6.5,87.0,0,0,0,42.25,91.0,28.05390442890443
182,US Open,2018,Hard,5,1,1,0,0,0,0,0,0,0,0,1.0,1.0,1.0,1.5,0.07984748328417635,1.0,1,1,0,1,13.5,45.5,0,1,1,182.25,91.0,28.05390442890443
183,US Open,2018,Hard,5,0,0,0,0,0,0,0,0,0,0,1.0,1.0,1.0,9.5,0.006430370146846442,1.0,0,1,0,0,10.5,28.0,0,0,0,110.25,13.0,-49.94609557109557
184,US Open,2018,Hard,5,0,0,0,0,0,0,0,0,0,0,0.0,0.0,0.0,5.5,0.005113704012382425,1.0,0,1,0,0,18.0,118.0,0,0,0,324.0,49.0,-13.946095571095569
185,US Open,2018,Hard,5,0,0,0,0,0,0,0,0,0,0,0.0,0.0,0.0,82.0,0.06720430107526876,36.0,0,1,0,0,12.5,11.5,0,0,0,156.25,38.0,-24.94609557109557
186,US Open,2018,Hard,6,1,1,0,0,1,0,0,0,0,0,1.0,1.0,1.0,1.5,0.07984748328417635,1.0,1,1,0,0,13.5,9.5,0,0,0,182.25,91.0,28.05390442890443
187,US Open,2018,Hard,6,1,1,0,0,1,0,0,0,0,0,0.0,0.0,0.0,5.5,0.005113704012382425,1.0,0,1,1,0,18.0,82.0,0,1,1,324.0,49.0,-13.946095571095569
188,US Open,2018,Hard,7,0,0,0,0,0,0,0,0,0,0,1.0,1.0,1.0,1.5,0.07984748328417635,1.0,1,1,0,0,13.5,5.5,0,0,0,182.25,91.0,28.05390442890443
189,Wimbledon,2018,Grass,1,1,1,0,0,1,0,0,0,0,0,0.0,0.0,0.0,112.5,0.1216022889842632,3.0,0,1,0,0,8.5,99.5,0,0,0,72.25,56.5,-6.446095571095569
190,Wimbledon,2018,Grass,1,1,1,0,0,0,0,0,0,0,0,0.0,1.0,1.0,93.5,,5.0,0,1,1,0,6.0,873.0,0,1,1,36.0,69.5,6.553904428904431
191,Wimbledon,2018,Grass,1,1,1,0,0,0,0,0,0,0,0,1.0,1.0,1.0,102.5,0.08426573426573425,33.0,0,1,0,1,6.5,98.0,0,1,1,42.25,67.0,4.053904428904431
192,Wimbledon,2018,Grass,1,0,0,0,0,0,0,0,0,0,0,1.0,1.0,1.0,108.5,0.1361386138613861,3.0,0,1,0,0,10.0,91.5,0,0,0,100.0,48.0,-14.946095571095569
193,Wimbledon,2018,Grass,0,1,0,1,0,1,1,1,0,0,0,0.0,0.0,0.0,91.5,0.003307706061147886,7.0,0,1,0,0,0.0,222.0,1,0,1,0.0,45.5,-17.44609557109557
194,Wimbledon,2018,Grass,0,0,0,0,0,0,0,0,0,0,0,1.0,1.0,1.0,98.0,0.006165839829907926,10.0,0,1,0,0,4.5,109.0,0,0,0,20.25,75.0,12.053904428904431
195,Wimbledon,2018,Grass,0,1,1,0,0,0,0,0,0,0,0,0.0,0.0,0.0,112.5,0.1216022889842632,3.0,0,1,1,0,8.5,202.5,0,1,1,72.25,56.5,-6.446095571095569
196,Wimbledon,2018,Grass,0,1,1,0,0,0,0,0,0,0,0,0.0,1.0,1.0,93.5,,5.0,0,1,1,0,6.0,484.5,0,1,1,36.0,69.5,6.553904428904431
197,Wimbledon,2018,Grass,0,0,0,0,0,1,0,0,0,0,0,1.0,1.0,1.0,102.5,0.08426573426573425,33.0,0,1,0,0,6.5,187.0,0,0,0,42.25,67.0,4.053904428904431
198,Wimbledon,2018,Grass,0,0,0,0,0,0,0,0,0,0,0,1.0,1.0,1.0,108.5,0.1361386138613861,3.0,0,1,0,0,10.0,235.5,0,0,0,100.0,48.0,-14.946095571095569
199,Wimbledon,2018,Grass,0,0,0,0,0,1,0,0,0,0,0,0.0,0.0,0.0,99.5,0.1995238095238096,11.0,0,1,0,0,10.0,116.0,0,0,0,100.0,26.5,-36.44609557109557
200,Wimbledon,2018,Grass,0,0,0,0,0,1,1,1,0,0,0,1.0,1.0,1.0,873.0,0.6332288401253918,744.0,0,1,0,0,3.0,109.5,1,0,0,9.0,89.0,26.05390442890443
201,Wimbledon,2018,Grass,2,0,0,0,0,1,0,0,0,0,0,0.0,0.0,0.0,3.5,0.005113704012382425,1.0,0,1,0,0,18.0,79.5,0,0,0,324.0,49.0,-13.946095571095569
202,Wimbledon,2018,Grass,2,0,0,0,0,1,0,0,0,0,0,1.0,1.0,1.0,9.5,0.0790823211875844,1.0,0,1,0,0,13.0,381.0,0,0,0,169.0,71.0,8.053904428904431
203,Wimbledon,2018,Grass,2,0,0,0,0,1,0,0,0,0,0,0.0,0.0,0.0,13.5,0.04913998809726816,1.0,0,1,0,0,15.5,195.0,0,0,0,240.25,63.5,0.5539044289044313
204,Wimbledon,2018,Grass,2,1,1,0,0,1,0,0,0,0,0,1.0,1.0,1.0,14.0,0.006430370146846442,4.0,0,1,0,1,10.5,100.0,0,1,1,110.25,13.0,-49.94609557109557
206,Wimbledon,2018,Grass,2,0,0,0,0,1,0,0,0,0,0,0.0,0.0,0.0,18.5,0.05176174945195955,1.0,0,1,0,0,15.0,401.0,0,0,0,225.0,44.0,-18.94609557109557
207,Wimbledon,2018,Grass,2,1,1,0,0,1,0,0,0,0,0,0.0,0.0,0.0,23.5,0.04004484672810305,25.0,0,1,1,0,17.5,287.5,0,1,1,306.25,47.0,-15.946095571095569
208,Wimbledon,2018,Grass,2,0,0,0,0,1,0,0,0,0,0,0.0,1.0,1.0,25.0,0.07558847068884234,6.0,0,1,0,0,14.5,112.5,0,0,0,210.25,43.5,-19.44609557109557
209,Wimbledon,2018,Grass,2,0,0,0,0,1,0,0,0,0,0,0.0,0.0,0.0,25.0,0.02621829619041405,2.0,0,1,0,0,15.5,397.5,0,0,0,240.25,59.5,-3.4460955710955687
210,Wimbledon,2018,Grass,2,0,0,0,0,1,0,0,0,0,0,0.0,1.0,1.0,26.5,0.01088081143884523,7.0,0,1,0,0,12.5,124.0,0,0,0,156.25,72.0,9.053904428904431
211,Wimbledon,2018,Grass,2,0,0,0,0,1,0,0,0,0,0,0.0,0.0,0.0,29.5,0.02195281782437752,5.0,0,1,0,0,6.5,51.0,0,0,0,42.25,56.5,-6.446095571095569
212,Wimbledon,2018,Grass,2,0,0,0,0,1,0,0,0,0,0,0.0,0.0,0.0,33.5,0.05884820747520975,1.0,0,1,0,0,0.0,155.0,0,0,0,0.0,61.0,-1.9460955710955687
213,Wimbledon,2018,Grass,2,1,1,0,1,1,0,0,0,0,0,1.0,1.0,1.0,45.5,0.06080233079336622,29.0,0,1,1,1,16.0,93.5,0,1,1,256.0,80.0,17.05390442890443
214,Wimbledon,2018,Grass,2,1,1,0,0,1,0,0,0,0,0,0.0,1.0,1.0,59.5,0.2120067487597895,19.0,0,1,0,0,9.5,229.0,0,0,0,90.25,21.0,-41.94609557109557
215,Wimbledon,2018,Grass,2,1,1,0,1,1,0,0,0,0,0,1.0,1.0,1.0,108.5,0.1361386138613861,3.0,0,1,1,0,10.0,44.0,0,1,1,100.0,48.0,-14.946095571095569
216,Wimbledon,2018,Grass,2,1,0,0,1,1,0,0,0,0,0,0.0,1.0,1.0,355.0,0.2268268268268269,120.0,1,1,0,0,8.5,64.5,0,0,1,72.25,25.0,-37.94609557109557
217,Wimbledon,2018,Grass,2,0,0,0,0,1,0,0,0,0,0,1.0,1.0,1.0,242.0,0.1228070175438596,268.0,0,1,0,0,4.0,266.0,0,0,0,16.0,89.0,26.05390442890443
218,Wimbledon,2018,Grass,2,1,1,0,0,1,1,1,0,0,0,0.0,1.0,1.0,124.0,0.00222267124671649,120.0,0,1,0,0,9.5,1.5,1,0,0,90.25,38.0,-24.94609557109557
219,Wimbledon,2018,Grass,2,0,0,0,0,1,0,0,0,0,0,0.0,0.0,0.0,52.5,0.07140883614451488,9.0,0,1,0,0,14.5,725.5,0,0,0,210.25,34.0,-28.94609557109557
220,Wimbledon,2018,Grass,2,0,0,0,0,1,0,0,0,0,0,0.0,1.0,1.0,295.5,0.06526996039191157,257.0,0,1,0,0,7.5,470.5,0,0,0,56.25,90.5,27.55390442890443
221,Wimbledon,2018,Grass,2,1,1,0,1,1,0,0,0,0,0,0.0,0.0,0.0,75.5,0.007700678121685067,49.0,0,1,1,1,18.5,66.5,0,1,1,342.25,57.0,-5.946095571095569
222,Wimbledon,2018,Grass,2,0,0,0,0,1,0,0,0,0,0,0.0,1.0,1.0,67.5,0.06007751937984496,19.0,0,1,0,0,10.0,5.5,0,0,0,100.0,34.5,-28.44609557109557
223,Wimbledon,2018,Grass,2,1,1,0,0,1,0,0,0,0,0,0.0,0.0,0.0,51.0,0.05282212885154058,10.0,0,1,1,0,16.5,23.0,0,1,1,272.25,75.5,12.553904428904431
224,Wimbledon,2018,Grass,2,0,0,0,0,1,0,0,0,0,0,0.0,0.0,0.0,64.5,0.08948856711033115,5.0,0,1,0,0,11.0,493.0,0,0,0,121.0,52.0,-10.946095571095569
225,Wimbledon,2018,Grass,2,1,1,0,0,1,0,0,0,0,0,1.0,1.0,1.0,102.5,0.08426573426573425,33.0,0,1,0,1,6.5,74.0,0,1,1,42.25,67.0,4.053904428904431
226,Wimbledon,2018,Grass,2,1,1,0,1,1,0,0,0,0,0,0.0,0.0,0.0,76.0,0.01754186341999969,6.0,0,1,1,0,12.5,69.0,0,1,1,156.25,36.5,-26.44609557109557
228,Wimbledon,2018,Grass,2,1,1,0,0,1,0,0,0,0,0,0.0,1.0,1.0,39.0,0.07263736263736265,4.0,0,1,0,0,15.0,36.5,0,0,0,225.0,34.5,-28.44609557109557
229,Wimbledon,2018,Grass,2,1,1,0,0,1,0,0,0,0,0,1.0,1.0,1.0,87.0,0.1401190476190477,10.0,0,1,0,1,12.0,265.5,0,1,1,144.0,67.0,4.053904428904431
230,Wimbledon,2018,Grass,2,0,0,0,0,1,0,0,0,0,0,0.0,0.0,0.0,64.5,0.007488679902472983,3.0,0,1,0,0,9.5,854.0,0,0,0,90.25,36.0,-26.94609557109557
231,Wimbledon,2018,Grass,2,1,1,0,0,1,0,0,0,0,0,0.0,1.0,1.0,41.5,0.005721003134796288,5.0,0,1,1,0,17.0,239.5,0,1,1,289.0,63.5,0.5539044289044313
232,Wimbledon,2018,Grass,2,0,0,0,0,1,0,0,0,0,0,1.0,1.0,1.0,45.5,0.1482898289828982,7.0,0,1,0,0,8.5,305.5,0,0,0,72.25,89.0,26.05390442890443
233,Wimbledon,2018,Grass,3,0,0,0,0,1,0,0,0,0,0,0.0,0.0,0.0,13.5,0.04913998809726816,1.0,0,1,0,0,15.5,295.5,0,0,0,240.25,63.5,0.5539044289044313
234,Wimbledon,2018,Grass,3,0,0,0,0,1,0,0,0,0,0,1.0,1.0,1.0,14.0,0.006430370146846442,4.0,0,1,0,0,10.5,64.5,0,0,0,110.25,13.0,-49.94609557109557
235,Wimbledon,2018,Grass,3,1,1,0,1,1,1,1,0,0,0,1.0,1.0,1.0,16.5,0.07984748328417635,17.0,1,1,0,0,13.5,45.5,1,0,1,182.25,91.0,28.05390442890443
236,Wimbledon,2018,Grass,3,1,1,0,0,1,1,1,0,0,0,0.0,0.0,0.0,18.5,0.05176174945195955,1.0,0,1,0,1,15.0,355.0,1,1,1,225.0,44.0,-18.94609557109557
237,Wimbledon,2018,Grass,3,0,0,0,0,1,0,0,0,0,0,0.0,1.0,1.0,26.5,0.01088081143884523,7.0,0,1,0,0,12.5,59.5,0,0,0,156.25,72.0,9.053904428904431
238,Wimbledon,2018,Grass,3,1,1,0,1,1,0,0,0,0,0,0.0,0.0,0.0,29.5,0.02195281782437752,5.0,0,1,1,0,6.5,108.5,0,1,1,42.25,56.5,-6.446095571095569
239,Wimbledon,2018,Grass,3,1,0,0,1,1,0,0,0,0,0,0.0,0.0,0.0,33.5,0.05884820747520975,1.0,0,1,0,0,0.0,52.5,0,0,1,0.0,61.0,-1.9460955710955687
240,Wimbledon,2018,Grass,3,1,1,0,1,1,1,1,0,0,0,0.0,0.0,0.0,75.5,0.007700678121685067,49.0,0,1,0,0,18.5,3.5,1,0,1,342.25,57.0,-5.946095571095569
241,Wimbledon,2018,Grass,3,1,1,0,0,1,0,0,0,0,0,0.0,1.0,1.0,67.5,0.06007751937984496,19.0,0,1,1,0,10.0,242.0,0,1,1,100.0,34.5,-28.44609557109557
242,Wimbledon,2018,Grass,3,1,1,0,1,1,0,0,0,0,0,0.0,0.0,0.0,51.0,0.05282212885154058,10.0,0,1,1,0,16.5,64.5,0,1,1,272.25,75.5,12.553904428904431
243,Wimbledon,2018,Grass,3,1,0,0,1,1,0,0,0,0,0,1.0,1.0,1.0,102.5,0.08426573426573425,33.0,0,1,0,0,6.5,25.0,0,0,1,42.25,67.0,4.053904428904431
244,Wimbledon,2018,Grass,3,1,1,0,0,1,0,0,0,0,0,0.0,0.0,0.0,76.0,0.01754186341999969,6.0,0,1,0,1,12.5,124.0,0,1,1,156.25,36.5,-26.44609557109557
245,Wimbledon,2018,Grass,3,1,1,0,0,1,0,0,0,0,0,0.0,0.0,0.0,109.5,0.1362536834234948,59.0,0,1,0,1,10.5,25.0,0,1,1,110.25,81.5,18.55390442890443
246,Wimbledon,2018,Grass,3,1,1,0,1,1,0,0,0,0,0,1.0,1.0,1.0,87.0,0.1401190476190477,10.0,0,1,0,0,12.0,9.5,0,0,1,144.0,67.0,4.053904428904431
247,Wimbledon,2018,Grass,3,1,1,0,0,1,1,1,0,0,0,0.0,1.0,1.0,41.5,0.005721003134796288,5.0,0,1,0,0,17.0,39.0,1,0,0,289.0,63.5,0.5539044289044313
248,Wimbledon,2018,Grass,3,1,0,0,1,1,0,0,0,0,0,1.0,1.0,1.0,45.5,0.1482898289828982,7.0,0,1,0,0,8.5,23.5,0,0,1,72.25,89.0,26.05390442890443
249,Wimbledon,2018,Grass,4,0,0,0,0,1,0,0,0,0,0,0.0,0.0,0.0,13.5,0.04913998809726816,1.0,0,1,0,0,15.5,45.5,0,0,0,240.25,63.5,0.5539044289044313
250,Wimbledon,2018,Grass,4,1,1,0,0,1,0,0,0,0,0,1.0,1.0,1.0,16.5,0.07984748328417635,17.0,1,1,0,0,13.5,102.5,0,0,0,182.25,91.0,28.05390442890443
251,Wimbledon,2018,Grass,4,1,1,0,1,1,0,0,0,0,0,0.0,1.0,1.0,26.5,0.01088081143884523,7.0,0,1,0,1,12.5,76.0,0,1,1,156.25,72.0,9.053904428904431
252,Wimbledon,2018,Grass,4,1,0,0,1,1,0,0,0,0,0,0.0,0.0,0.0,29.5,0.02195281782437752,5.0,0,1,0,0,6.5,87.0,0,0,1,42.25,56.5,-6.446095571095569
253,Wimbledon,2018,Grass,4,1,1,0,1,1,1,1,0,0,0,0.0,0.0,0.0,33.5,0.05884820747520975,1.0,0,1,0,1,0.0,67.5,1,1,1,0.0,61.0,-1.9460955710955687
254,Wimbledon,2018,Grass,4,0,0,0,0,1,0,0,0,0,0,0.0,0.0,0.0,51.0,0.05282212885154058,10.0,0,1,0,0,16.5,18.5,0,0,0,272.25,75.5,12.553904428904431
255,Wimbledon,2018,Grass,4,1,1,0,0,1,1,1,0,0,0,0.0,0.0,0.0,109.5,0.1362536834234948,59.0,0,1,0,1,10.5,14.0,1,1,1,110.25,81.5,18.55390442890443
256,Wimbledon,2018,Grass,4,1,1,0,0,1,1,1,0,0,0,0.0,1.0,1.0,41.5,0.005721003134796288,5.0,0,1,0,0,17.0,75.5,1,0,0,289.0,63.5,0.5539044289044313
257,Wimbledon,2018,Grass,5,1,1,0,1,1,0,0,0,0,0,1.0,1.0,1.0,16.5,0.07984748328417635,17.0,1,1,1,1,13.5,41.5,0,1,1,182.25,91.0,28.05390442890443
258,Wimbledon,2018,Grass,5,1,1,0,0,1,1,1,0,0,0,0.0,1.0,1.0,26.5,0.01088081143884523,7.0,0,1,0,1,12.5,13.5,1,1,1,156.25,72.0,9.053904428904431
259,Wimbledon,2018,Grass,5,1,1,0,1,1,0,0,0,0,0,0.0,0.0,0.0,33.5,0.05884820747520975,1.0,0,1,0,0,0.0,51.0,0,0,1,0.0,61.0,-1.9460955710955687
260,Wimbledon,2018,Grass,5,1,1,0,1,1,0,0,0,0,0,0.0,0.0,0.0,109.5,0.1362536834234948,59.0,0,1,1,0,10.5,29.5,0,1,1,110.25,81.5,18.55390442890443
261,Wimbledon,2018,Grass,6,1,0,0,1,1,0,0,0,0,0,1.0,1.0,1.0,16.5,0.07984748328417635,17.0,1,1,0,0,13.5,33.5,0,0,1,182.25,91.0,28.05390442890443
262,Wimbledon,2018,Grass,6,1,1,0,0,1,0,0,0,0,0,0.0,1.0,1.0,26.5,0.01088081143884523,7.0,0,1,1,0,12.5,109.5,0,1,1,156.25,72.0,9.053904428904431
263,Wimbledon,2018,Grass,7,1,1,0,0,1,0,0,0,0,0,1.0,1.0,1.0,16.5,0.07984748328417635,17.0,1,1,0,0,13.5,26.5,0,0,0,182.25,91.0,28.05390442890443
264,Australian Open,2019,Hard,2,1,1,0,0,1,0,0,0,0,0,0.0,0.0,0.0,3.5,0.1054227223003594,1.0,0,1,0,0,14.5,156.0,0,0,0,210.25,44.0,-18.94609557109557
265,Australian Open,2019,Hard,2,1,1,0,0,0,0,0,0,0,0,0.0,0.0,0.0,7.0,0.04913998809726816,0.0,0,1,0,1,16.5,50.5,0,1,1,272.25,63.5,0.5539044289044313
266,Australian Open,2019,Hard,2,1,1,0,0,0,0,0,0,0,0,1.0,1.0,1.0,7.0,0.0003609504402074526,12.0,0,1,1,1,21.0,236.5,0,1,1,441.0,91.0,28.05390442890443
267,Australian Open,2019,Hard,2,1,1,0,0,0,0,0,0,0,0,1.0,1.0,1.0,11.5,0.0790823211875844,1.0,0,1,1,0,14.0,77.0,0,1,1,196.0,71.0,8.053904428904431
268,Australian Open,2019,Hard,2,0,0,0,0,1,1,1,0,0,0,0.0,1.0,1.0,15.0,0.01088081143884523,0.0,0,1,0,0,13.5,342.5,1,0,0,182.25,72.0,9.053904428904431
269,Australian Open,2019,Hard,2,0,0,0,0,1,0,0,0,0,0,0.0,0.0,0.0,20.0,0.0490852390852391,20.0,0,1,0,0,16.5,369.5,0,0,0,272.25,53.0,-9.946095571095569
270,Australian Open,2019,Hard,2,0,0,0,0,0,0,0,0,0,0,0.0,0.0,0.0,22.5,0.05884820747520975,5.0,0,1,0,0,0.0,356.0,0,0,0,0.0,61.0,-1.9460955710955687
271,Australian Open,2019,Hard,2,0,0,0,0,0,0,0,0,0,0,0.0,1.0,1.0,24.5,0.06283712425079746,5.0,0,1,0,0,10.0,98.5,0,0,0,100.0,90.0,27.05390442890443
273,Australian Open,2019,Hard,2,1,1,0,0,0,0,0,0,0,0,0.0,0.0,0.0,30.0,0.001175837409306602,12.0,0,1,0,1,16.0,130.0,0,1,1,256.0,52.0,-10.946095571095569
274,Australian Open,2019,Hard,2,1,0,0,1,1,0,0,0,0,0,0.0,0.0,0.0,84.0,0.06720430107526876,32.0,1,1,0,0,13.5,19.5,0,0,1,182.25,38.0,-24.94609557109557
275,Australian Open,2019,Hard,2,1,1,0,0,1,0,0,0,0,0,0.0,0.0,1.0,59.5,0.2538135325020571,7.0,0,1,0,0,10.5,22.5,0,0,0,110.25,55.0,-7.946095571095569
276,Australian Open,2019,Hard,2,0,0,0,0,0,0,0,0,0,0,1.0,1.0,1.0,53.0,0.001418988648090869,4.0,0,1,0,0,6.0,384.5,0,0,0,36.0,89.0,26.05390442890443
277,Australian Open,2019,Hard,2,1,1,0,0,0,0,0,0,0,0,0.0,0.0,0.0,203.0,0.1829138603332152,142.0,0,1,0,1,6.5,109.0,0,1,1,42.25,45.0,-17.94609557109557
278,Australian Open,2019,Hard,2,0,0,0,0,1,0,0,0,0,0,1.0,1.0,1.0,116.0,0.0941830639191586,64.0,0,1,0,0,13.5,35.5,0,0,0,182.25,51.0,-11.946095571095569
279,Australian Open,2019,Hard,2,0,0,0,0,0,0,0,0,0,0,1.0,1.0,1.0,114.0,0.02179137210984344,48.0,0,1,0,0,13.5,216.0,0,0,0,182.25,71.0,8.053904428904431
280,Australian Open,2019,Hard,2,0,0,0,0,0,0,0,0,0,0,0.0,1.0,1.0,65.5,0.04954487630763149,35.0,0,1,0,0,16.5,63.5,0,0,0,272.25,43.5,-19.44609557109557
281,Australian Open,2019,Hard,2,0,0,0,0,1,1,1,0,0,0,0.0,0.0,0.0,42.0,0.1003563845920534,4.0,0,1,0,0,11.0,100.5,1,0,0,121.0,79.5,16.55390442890443
282,Australian Open,2019,Hard,2,0,0,0,0,1,1,1,0,0,0,0.0,0.0,0.0,63.0,0.05156879372482503,12.0,0,1,0,0,15.5,58.0,1,0,0,240.25,56.0,-6.946095571095569
283,Australian Open,2019,Hard,2,1,1,0,0,0,0,0,0,0,0,1.0,1.0,1.0,373.0,,238.0,0,1,1,0,2.0,101.0,0,1,1,4.0,90.0,27.05390442890443
284,Australian Open,2019,Hard,2,1,1,0,0,0,0,0,0,0,0,0.0,1.0,1.0,198.0,0.0390720390720391,22.0,0,1,1,0,3.0,188.0,0,1,1,9.0,90.0,27.05390442890443
285,Australian Open,2019,Hard,2,0,0,0,0,1,0,0,0,0,0,1.0,1.0,1.0,99.0,0.02142857142857152,4.0,0,1,0,0,12.0,153.0,0,0,0,144.0,20.0,-42.94609557109557
286,Australian Open,2019,Hard,2,0,0,0,0,1,1,1,0,0,0,0.0,1.0,1.0,46.5,0.06007751937984496,7.0,0,1,0,0,11.0,120.0,1,0,0,121.0,34.5,-28.44609557109557
287,Australian Open,2019,Hard,2,0,0,0,0,1,0,0,0,0,0,1.0,1.0,1.0,90.0,0.04078277886497061,36.0,1,1,0,0,12.5,38.5,0,0,0,156.25,91.0,28.05390442890443
288,Australian Open,2019,Hard,2,0,0,0,0,0,0,0,0,0,0,1.0,1.0,1.0,138.5,0.1662290124930374,89.0,0,1,0,0,8.0,76.0,0,0,0,64.0,91.0,28.05390442890443
289,Australian Open,2019,Hard,2,1,1,0,0,0,0,0,0,0,0,0.0,1.0,1.0,38.5,0.09335202242691226,7.0,0,1,0,1,12.5,58.5,0,1,1,156.25,85.0,22.05390442890443
290,Australian Open,2019,Hard,2,1,1,0,0,1,1,1,0,0,0,0.0,0.0,0.0,42.0,0.009476117103235815,56.0,0,1,0,1,10.0,69.0,1,1,1,100.0,50.0,-12.946095571095569
291,Australian Open,2019,Hard,2,0,0,0,0,0,0,0,0,0,0,0.0,0.0,0.0,173.5,0.2646520146520147,205.0,0,1,0,0,10.5,315.0,0,0,0,110.25,69.0,6.053904428904431
292,Australian Open,2019,Hard,2,1,1,0,0,1,0,0,0,0,0,0.0,0.0,0.0,65.5,0.01754186341999969,41.0,0,1,0,0,13.5,32.0,0,0,0,182.25,36.5,-26.44609557109557
293,Australian Open,2019,Hard,2,0,0,0,0,1,1,1,0,0,0,0.0,0.0,0.0,65.5,0.003307706061147886,3.0,0,1,0,0,0.0,242.0,1,0,0,0.0,45.5,-17.44609557109557
294,Australian Open,2019,Hard,2,0,0,0,0,0,0,0,0,0,0,1.0,1.0,1.0,43.0,0.1482898289828982,22.0,0,1,0,0,9.5,284.5,0,0,0,90.25,89.0,26.05390442890443
295,Australian Open,2019,Hard,2,1,1,0,0,1,1,1,0,0,0,1.0,1.0,1.0,45.5,0.1634566457717583,87.0,0,1,0,0,5.5,5.0,1,0,0,30.25,91.0,28.05390442890443
296,Australian Open,2019,Hard,3,0,0,0,0,1,1,1,0,0,0,0.0,0.0,0.0,7.0,0.04913998809726816,0.0,0,1,0,0,16.5,53.0,1,0,0,272.25,63.5,0.5539044289044313
297,Australian Open,2019,Hard,3,0,0,0,0,1,0,0,0,0,0,1.0,1.0,1.0,7.0,0.0003609504402074526,12.0,0,1,0,0,21.0,173.5,0,0,0,441.0,91.0,28.05390442890443
298,Australian Open,2019,Hard,3,1,1,0,0,1,0,0,0,0,0,1.0,1.0,1.0,11.5,0.0790823211875844,1.0,0,1,0,0,14.0,65.5,0,0,0,196.0,71.0,8.053904428904431
299,Australian Open,2019,Hard,3,1,1,0,0,0,0,0,0,0,0,0.0,1.0,1.0,15.0,0.01088081143884523,0.0,0,1,1,0,13.5,42.0,0,1,1,182.25,72.0,9.053904428904431
300,Australian Open,2019,Hard,3,0,0,0,0,1,0,0,0,0,0,0.0,0.0,0.0,20.0,0.0490852390852391,20.0,0,1,0,0,16.5,114.0,0,0,0,272.25,53.0,-9.946095571095569
301,Australian Open,2019,Hard,3,0,0,0,0,0,0,0,0,0,0,0.0,1.0,1.0,24.5,0.06283712425079746,5.0,0,1,0,0,10.0,65.5,0,0,0,100.0,90.0,27.05390442890443
302,Australian Open,2019,Hard,3,0,0,0,0,0,0,0,0,0,0,0.0,0.0,0.0,28.0,0.03954461804929088,0.0,0,1,0,0,9.5,43.0,0,0,0,90.25,76.5,13.553904428904431
303,Australian Open,2019,Hard,3,0,0,0,0,1,1,1,0,0,0,0.0,0.0,0.0,84.0,0.06720430107526876,32.0,1,1,0,0,13.5,138.5,1,0,0,182.25,38.0,-24.94609557109557
304,Australian Open,2019,Hard,3,0,0,0,0,1,0,0,0,0,0,1.0,1.0,1.0,116.0,0.0941830639191586,64.0,0,1,0,0,13.5,99.0,0,0,0,182.25,51.0,-11.946095571095569
305,Australian Open,2019,Hard,3,0,0,0,0,0,0,0,0,0,0,0.0,0.0,0.0,63.0,0.05156879372482503,12.0,0,1,0,0,15.5,22.5,0,0,0,240.25,56.0,-6.946095571095569
306,Australian Open,2019,Hard,3,1,1,0,0,1,1,1,0,0,0,1.0,1.0,1.0,373.0,,238.0,0,1,0,1,2.0,59.5,1,1,1,4.0,90.0,27.05390442890443
307,Australian Open,2019,Hard,3,0,0,0,0,0,0,0,0,0,0,0.0,1.0,1.0,46.5,0.06007751937984496,7.0,0,1,0,0,11.0,3.5,0,0,0,121.0,34.5,-28.44609557109557
308,Australian Open,2019,Hard,3,1,1,0,0,0,0,0,0,0,0,1.0,1.0,1.0,90.0,0.04078277886497061,36.0,1,1,0,1,12.5,38.5,0,1,1,156.25,91.0,28.05390442890443
309,Australian Open,2019,Hard,3,1,1,0,0,0,0,0,0,0,0,0.0,0.0,0.0,42.0,0.009476117103235815,56.0,0,1,0,1,10.0,30.0,0,1,1,100.0,50.0,-12.946095571095569
310,Australian Open,2019,Hard,3,1,1,0,0,0,0,0,0,0,0,0.0,0.0,0.0,65.5,0.01754186341999969,41.0,0,1,1,0,13.5,203.0,0,1,1,182.25,36.5,-26.44609557109557
311,Australian Open,2019,Hard,3,1,1,0,1,1,1,1,0,0,0,1.0,1.0,1.0,45.5,0.1634566457717583,87.0,0,1,0,0,5.5,198.0,1,0,1,30.25,91.0,28.05390442890443
312,Australian Open,2019,Hard,4,1,1,0,0,1,1,1,0,0,0,0.0,0.0,0.0,7.0,0.04913998809726816,0.0,0,1,0,0,16.5,42.0,1,0,0,272.25,63.5,0.5539044289044313
313,Australian Open,2019,Hard,4,1,1,0,0,0,0,0,0,0,0,1.0,1.0,1.0,7.0,0.0003609504402074526,12.0,0,1,0,1,21.0,116.0,0,1,1,441.0,91.0,28.05390442890443
314,Australian Open,2019,Hard,4,1,1,0,0,1,1,1,0,0,0,1.0,1.0,1.0,11.5,0.0790823211875844,1.0,0,1,0,1,14.0,24.5,1,1,1,196.0,71.0,8.053904428904431
315,Australian Open,2019,Hard,4,0,0,0,0,0,0,0,0,0,0,0.0,1.0,1.0,15.0,0.01088081143884523,0.0,0,1,0,0,13.5,63.0,0,0,0,182.25,72.0,9.053904428904431
316,Australian Open,2019,Hard,4,1,1,0,0,0,0,0,0,0,0,0.0,0.0,0.0,20.0,0.0490852390852391,20.0,0,1,0,1,16.5,373.0,0,1,1,272.25,53.0,-9.946095571095569
317,Australian Open,2019,Hard,4,1,1,0,0,0,0,0,0,0,0,0.0,0.0,0.0,28.0,0.03954461804929088,0.0,0,1,1,0,9.5,84.0,0,1,1,90.25,76.5,13.553904428904431
318,Australian Open,2019,Hard,4,0,0,0,0,1,1,1,0,0,0,1.0,1.0,1.0,90.0,0.04078277886497061,36.0,1,1,0,0,12.5,45.5,1,0,0,156.25,91.0,28.05390442890443
319,Australian Open,2019,Hard,4,0,0,0,0,0,0,0,0,0,0,0.0,0.0,0.0,65.5,0.01754186341999969,41.0,0,1,0,0,13.5,46.5,0,0,0,182.25,36.5,-26.44609557109557
320,Australian Open,2019,Hard,5,1,1,0,0,0,0,0,0,0,0,1.0,1.0,1.0,11.5,0.0790823211875844,1.0,0,1,0,1,14.0,7.0,0,1,1,196.0,71.0,8.053904428904431
321,Australian Open,2019,Hard,5,0,0,0,0,0,0,0,0,0,0,0.0,0.0,0.0,28.0,0.03954461804929088,0.0,0,1,0,0,9.5,7.0,0,0,0,90.25,76.5,13.553904428904431
322,Australian Open,2019,Hard,5,1,1,0,0,1,1,1,0,0,0,1.0,1.0,1.0,90.0,0.04078277886497061,36.0,1,1,0,1,12.5,20.0,1,1,1,156.25,91.0,28.05390442890443
323,Australian Open,2019,Hard,5,1,1,0,0,0,0,0,0,0,0,0.0,0.0,0.0,65.5,0.01754186341999969,41.0,0,1,0,1,13.5,15.0,0,1,1,182.25,36.5,-26.44609557109557
324,Australian Open,2019,Hard,6,0,0,0,0,0,0,0,0,0,0,1.0,1.0,1.0,11.5,0.0790823211875844,1.0,0,1,0,0,14.0,90.0,0,0,0,196.0,71.0,8.053904428904431
325,Australian Open,2019,Hard,6,1,1,0,0,0,0,0,0,0,0,0.0,0.0,0.0,28.0,0.03954461804929088,0.0,0,1,0,1,9.5,65.5,0,1,1,90.25,76.5,13.553904428904431
326,Australian Open,2019,Hard,7,1,1,0,0,0,0,0,0,0,0,1.0,1.0,1.0,11.5,0.0790823211875844,1.0,0,1,0,1,14.0,28.0,0,1,1,196.0,71.0,8.053904428904431
327,Roland Garros,2019,Clay,2,1,1,0,0,0,0,0,0,0,0,0.0,0.0,0.0,3.5,0.005113704012382425,1.0,0,1,0,1,19.0,178.5,0,1,1,361.0,49.0,-13.946095571095569
328,Roland Garros,2019,Clay,2,0,0,0,0,0,0,0,0,0,0,1.0,1.0,1.0,10.0,0.006430370146846442,0.0,0,1,0,0,11.5,116.5,0,0,0,132.25,13.0,-49.94609557109557
329,Roland Garros,2019,Clay,2,1,1,0,0,0,0,0,0,0,0,0.0,0.0,0.0,13.0,0.1054227223003594,2.0,0,1,1,0,14.5,69.0,0,1,1,210.25,44.0,-18.94609557109557
330,Roland Garros,2019,Clay,2,0,0,0,0,1,1,1,0,0,0,1.0,1.0,1.0,17.5,0.0003609504402074526,33.0,0,1,0,0,21.0,120.5,1,0,0,441.0,91.0,28.05390442890443
331,Roland Garros,2019,Clay,2,0,0,0,0,0,0,0,0,0,0,0.0,0.0,0.0,17.5,0.03954461804929088,3.0,0,1,0,0,9.5,51.0,0,0,0,90.25,76.5,13.553904428904431
332,Roland Garros,2019,Clay,2,1,1,0,0,0,0,0,0,0,0,0.0,0.0,0.0,20.5,0.05927088002390557,1.0,0,1,0,1,16.0,348.5,0,1,1,256.0,55.0,-7.946095571095569
334,Roland Garros,2019,Clay,2,0,0,0,0,0,0,0,0,0,0,0.0,0.0,0.0,30.0,0.04709249084249079,50.0,0,1,0,0,19.5,269.5,0,0,0,380.25,63.0,0.053904428904431256
335,Roland Garros,2019,Clay,2,1,1,0,0,1,1,1,0,0,0,0.0,0.0,0.0,32.5,0.02181491464510332,5.0,0,1,0,1,16.0,67.5,1,1,1,256.0,77.0,14.053904428904431
336,Roland Garros,2019,Clay,2,1,1,0,0,0,0,0,0,0,0,1.0,1.0,1.0,258.0,0.0184019370460049,86.0,0,1,0,1,7.0,132.5,0,1,1,49.0,71.0,8.053904428904431
337,Roland Garros,2019,Clay,2,0,0,0,0,1,1,1,0,0,0,0.0,0.0,0.0,225.5,0.125,13.0,0,1,0,0,3.0,433.5,1,0,0,9.0,58.5,-4.446095571095569
339,Roland Garros,2019,Clay,2,1,0,0,1,1,1,1,0,0,0,1.0,1.0,1.0,378.5,0.01428833119618972,491.0,0,1,0,0,5.0,7.5,1,0,1,25.0,76.0,13.053904428904431
340,Roland Garros,2019,Clay,2,1,1,0,0,0,0,0,0,0,0,1.0,1.0,1.0,209.5,0.1518716577540107,57.0,0,1,1,0,3.5,342.0,0,1,1,12.25,71.0,8.053904428904431
341,Roland Garros,2019,Clay,2,1,1,0,0,0,0,0,0,0,0,0.0,0.0,0.0,292.0,0.2410432033719704,504.0,1,1,0,1,13.5,14.0,0,1,1,182.25,39.0,-23.94609557109557
342,Roland Garros,2019,Clay,2,0,0,0,0,0,0,0,0,0,0,1.0,1.0,1.0,58.5,0.02179137210984344,1.0,0,1,0,0,13.5,34.5,0,0,0,182.25,71.0,8.053904428904431
343,Roland Garros,2019,Clay,2,0,0,0,0,0,0,0,0,0,0,1.0,1.0,1.0,287.5,0.08571428571428569,39.0,0,1,0,0,7.5,230.5,0,0,0,56.25,71.0,8.053904428904431
344,Roland Garros,2019,Clay,2,0,0,0,0,1,0,0,0,0,0,0.0,1.0,1.0,84.0,0.0864757070340827,64.0,0,1,0,0,18.5,13.5,0,0,0,342.25,43.5,-19.44609557109557
345,Roland Garros,2019,Clay,2,0,0,0,0,0,0,0,0,0,0,0.0,0.0,0.0,40.5,0.1003563845920534,31.0,0,1,0,0,11.0,437.0,0,0,0,121.0,79.5,16.55390442890443
346,Roland Garros,2019,Clay,2,0,0,0,0,1,0,0,0,0,0,0.0,0.0,0.0,43.5,0.0205831073227431,9.0,0,1,0,0,13.0,137.5,0,0,0,169.0,43.0,-19.94609557109557
348,Roland Garros,2019,Clay,2,0,0,0,0,1,1,1,0,0,0,1.0,1.0,1.0,377.5,0.01098901098901112,287.0,0,1,0,0,7.5,195.5,1,0,0,56.25,89.0,26.05390442890443
349,Roland Garros,2019,Clay,2,0,0,0,0,0,0,0,0,0,0,0.0,0.0,0.0,71.5,,13.0,0,1,0,0,9.0,36.5,0,0,0,81.0,15.5,-47.44609557109557
350,Roland Garros,2019,Clay,2,0,0,0,0,1,1,1,0,0,0,0.0,0.0,0.0,355.0,0.0,196.0,0,1,0,0,3.0,29.5,1,0,0,9.0,47.0,-15.946095571095569
351,Roland Garros,2019,Clay,2,0,0,0,0,0,0,0,0,0,0,1.0,1.0,1.0,52.5,0.08426573426573425,3.0,0,1,0,0,7.5,410.5,0,0,0,56.25,67.0,4.053904428904431
352,Roland Garros,2019,Clay,2,0,0,0,0,1,0,0,0,0,0,0.0,0.0,0.0,115.5,,59.0,0,1,0,0,9.0,68.5,0,0,0,81.0,57.0,-5.946095571095569
353,Roland Garros,2019,Clay,2,1,0,0,1,1,0,0,0,0,0,1.0,1.0,1.0,190.0,,22.0,1,1,0,0,14.5,55.0,0,0,1,210.25,25.0,-37.94609557109557
354,Roland Garros,2019,Clay,2,0,0,0,0,0,0,0,0,0,0,0.0,0.0,0.0,52.0,0.126268115942029,22.0,0,1,0,0,12.5,51.0,0,0,0,156.25,73.5,10.553904428904431
355,Roland Garros,2019,Clay,2,1,1,0,0,1,0,0,0,0,0,0.0,0.0,0.0,68.5,0.003307706061147886,1.0,0,1,1,0,0.0,19.5,0,1,1,0.0,45.5,-17.44609557109557
356,Roland Garros,2019,Clay,2,0,0,0,0,0,0,0,0,0,0,0.0,0.0,0.0,106.0,0.2807000154188418,48.0,0,1,0,0,20.0,136.5,0,0,0,400.0,59.5,-3.4460955710955687
357,Roland Garros,2019,Clay,2,0,0,0,0,1,1,1,0,0,0,1.0,1.0,1.0,83.5,0.01666666666666672,25.0,0,1,0,0,10.5,722.5,1,0,0,110.25,46.0,-16.94609557109557
358,Roland Garros,2019,Clay,2,0,0,0,0,0,0,0,0,0,0,1.0,1.0,1.0,38.0,0.1482898289828982,22.0,0,1,0,0,9.5,43.0,0,0,0,90.25,89.0,26.05390442890443
359,Roland Garros,2019,Clay,3,0,0,0,0,1,1,1,0,0,0,0.0,0.0,0.0,3.5,0.005113704012382425,1.0,0,1,0,0,19.0,40.5,1,0,0,361.0,49.0,-13.946095571095569
360,Roland Garros,2019,Clay,3,0,0,0,0,1,0,0,0,0,0,1.0,1.0,1.0,10.0,0.006430370146846442,0.0,0,1,0,0,11.5,106.0,0,0,0,132.25,13.0,-49.94609557109557
361,Roland Garros,2019,Clay,3,0,0,0,0,0,0,0,0,0,0,0.0,0.0,0.0,13.0,0.1054227223003594,2.0,0,1,0,0,14.5,225.5,0,0,0,210.25,44.0,-18.94609557109557
362,Roland Garros,2019,Clay,3,1,1,0,0,0,0,0,0,0,0,1.0,1.0,1.0,17.5,0.0003609504402074526,33.0,0,1,0,1,21.0,38.0,0,1,1,441.0,91.0,28.05390442890443
363,Roland Garros,2019,Clay,3,0,0,0,0,0,0,0,0,0,0,0.0,0.0,0.0,17.5,0.03954461804929088,3.0,0,1,0,0,9.5,43.5,0,0,0,90.25,76.5,13.553904428904431
364,Roland Garros,2019,Clay,3,0,0,0,0,0,0,0,0,0,0,0.0,0.0,0.0,20.5,0.05927088002390557,1.0,0,1,0,0,16.0,301.0,0,0,0,256.0,55.0,-7.946095571095569
365,Roland Garros,2019,Clay,3,1,1,0,0,1,0,0,0,0,0,0.0,1.0,1.0,23.5,0.06283712425079746,1.0,0,1,0,0,10.0,287.5,0,0,0,100.0,90.0,27.05390442890443
366,Roland Garros,2019,Clay,3,0,0,0,0,1,1,1,0,0,0,0.0,0.0,0.0,32.5,0.02181491464510332,5.0,0,1,0,0,16.0,377.5,1,0,0,256.0,77.0,14.053904428904431
367,Roland Garros,2019,Clay,3,1,1,0,0,1,0,0,0,0,0,1.0,1.0,1.0,258.0,0.0184019370460049,86.0,0,1,1,0,7.0,71.5,0,1,1,49.0,71.0,8.053904428904431
368,Roland Garros,2019,Clay,3,0,0,0,0,0,0,0,0,0,0,0.0,0.0,0.0,292.0,0.2410432033719704,504.0,1,1,0,0,13.5,209.5,0,0,0,182.25,39.0,-23.94609557109557
369,Roland Garros,2019,Clay,3,1,1,0,0,0,0,0,0,0,0,1.0,1.0,1.0,58.5,0.02179137210984344,1.0,0,1,1,0,13.5,52.0,0,1,1,182.25,71.0,8.053904428904431
370,Roland Garros,2019,Clay,3,0,0,0,0,1,0,0,0,0,0,1.0,1.0,1.0,109.0,0.0006417661404183872,52.0,0,1,0,0,11.0,355.0,0,0,0,121.0,46.0,-16.94609557109557
371,Roland Garros,2019,Clay,3,0,0,0,0,0,0,0,0,0,0,1.0,1.0,1.0,52.5,0.08426573426573425,3.0,0,1,0,0,7.5,30.0,0,0,0,56.25,67.0,4.053904428904431
372,Roland Garros,2019,Clay,3,0,0,0,0,1,0,0,0,0,0,0.0,0.0,0.0,115.5,,59.0,0,1,0,0,9.0,84.0,0,0,0,81.0,57.0,-5.946095571095569
373,Roland Garros,2019,Clay,3,1,1,0,0,0,0,0,0,0,0,1.0,1.0,1.0,190.0,,22.0,1,1,0,1,14.5,68.5,0,1,1,210.25,25.0,-37.94609557109557
374,Roland Garros,2019,Clay,3,0,0,0,0,0,0,0,0,0,0,1.0,1.0,1.0,83.5,0.01666666666666672,25.0,0,1,0,0,10.5,378.5,0,0,0,110.25,46.0,-16.94609557109557
375,Roland Garros,2019,Clay,4,0,0,0,0,0,0,0,0,0,0,1.0,1.0,1.0,10.0,0.006430370146846442,0.0,0,1,0,0,11.5,32.5,0,0,0,132.25,13.0,-49.94609557109557
376,Roland Garros,2019,Clay,4,0,0,0,0,1,1,1,0,0,0,0.0,0.0,0.0,20.5,0.05927088002390557,1.0,0,1,0,0,16.0,17.5,1,0,0,256.0,55.0,-7.946095571095569
377,Roland Garros,2019,Clay,4,1,0,0,1,1,1,1,0,0,0,0.0,1.0,1.0,23.5,0.06283712425079746,1.0,0,1,0,0,10.0,17.5,1,0,1,100.0,90.0,27.05390442890443
378,Roland Garros,2019,Clay,4,0,0,0,0,1,1,1,0,0,0,1.0,1.0,1.0,58.5,0.02179137210984344,1.0,0,1,0,0,13.5,3.5,1,0,0,182.25,71.0,8.053904428904431
379,Roland Garros,2019,Clay,4,0,0,0,0,1,1,1,0,0,0,1.0,1.0,1.0,52.5,0.08426573426573425,3.0,0,1,0,0,7.5,13.0,1,0,0,56.25,67.0,4.053904428904431
380,Roland Garros,2019,Clay,4,1,1,0,0,1,1,1,0,0,0,0.0,0.0,0.0,115.5,,59.0,0,1,0,1,9.0,109.0,1,1,1,81.0,57.0,-5.946095571095569
381,Roland Garros,2019,Clay,4,1,0,0,1,1,1,1,0,0,0,1.0,1.0,1.0,190.0,,22.0,1,1,0,0,14.5,292.0,1,0,1,210.25,25.0,-37.94609557109557
382,Roland Garros,2019,Clay,4,0,0,0,0,0,0,0,0,0,0,1.0,1.0,1.0,83.5,0.01666666666666672,25.0,0,1,0,0,10.5,258.0,0,0,0,110.25,46.0,-16.94609557109557
383,Roland Garros,2019,Clay,5,0,0,0,0,0,0,0,0,0,0,1.0,1.0,1.0,10.0,0.006430370146846442,0.0,0,1,0,0,11.5,115.5,0,0,0,132.25,13.0,-49.94609557109557
384,Roland Garros,2019,Clay,5,1,1,0,0,0,0,0,0,0,0,1.0,1.0,1.0,58.5,0.02179137210984344,1.0,0,1,0,1,13.5,23.5,0,1,1,182.25,71.0,8.053904428904431
385,Roland Garros,2019,Clay,5,1,1,0,1,1,0,0,0,0,0,1.0,1.0,1.0,52.5,0.08426573426573425,3.0,0,1,0,0,7.5,190.0,0,0,1,56.25,67.0,4.053904428904431
386,Roland Garros,2019,Clay,5,0,0,0,0,0,0,0,0,0,0,1.0,1.0,1.0,83.5,0.01666666666666672,25.0,0,1,0,0,10.5,20.5,0,0,0,110.25,46.0,-16.94609557109557
387,Roland Garros,2019,Clay,6,0,0,0,0,0,0,0,0,0,0,1.0,1.0,1.0,58.5,0.02179137210984344,1.0,0,1,0,0,13.5,10.0,0,0,0,182.25,71.0,8.053904428904431
388,Roland Garros,2019,Clay,6,0,0,0,0,0,0,0,0,0,0,1.0,1.0,1.0,52.5,0.08426573426573425,3.0,0,1,0,0,7.5,83.5,0,0,0,56.25,67.0,4.053904428904431
389,Roland Garros,2019,Clay,7,1,1,0,0,0,0,0,0,0,0,1.0,1.0,1.0,52.5,0.08426573426573425,3.0,0,1,0,1,7.5,58.5,0,1,1,56.25,67.0,4.053904428904431
390,US Open,2019,Hard,2,0,0,0,0,0,0,0,0,0,0,1.0,1.0,1.0,1.0,0.006430370146846442,0.0,0,1,0,0,11.5,293.0,0,0,0,132.25,13.0,-49.94609557109557
391,US Open,2019,Hard,2,0,0,0,0,1,0,0,0,0,0,1.0,1.0,1.0,180.0,0.01098901098901112,18.0,0,1,0,0,7.5,61.5,0,0,0,56.25,89.0,26.05390442890443
392,US Open,2019,Hard,2,1,1,0,0,0,0,0,0,0,0,1.0,1.0,1.0,84.5,0.03820184790334047,69.0,0,1,0,1,16.0,68.0,0,1,1,256.0,51.0,-11.946095571095569
393,US Open,2019,Hard,2,0,0,0,0,0,0,0,0,0,0,1.0,1.0,1.0,24.5,0.1254761904761905,19.0,0,1,0,0,12.5,58.5,0,0,0,156.25,80.0,17.05390442890443
394,US Open,2019,Hard,2,0,0,0,0,1,1,1,0,0,0,1.0,1.0,1.0,21.0,0.1497472494796313,20.0,0,1,0,0,11.0,128.0,1,0,0,121.0,33.0,-29.94609557109557
395,US Open,2019,Hard,2,1,0,0,1,1,1,1,0,0,0,0.0,0.0,0.0,48.5,0.04448621553884713,13.0,0,1,0,0,5.5,256.0,1,0,1,30.25,67.5,4.553904428904431
396,US Open,2019,Hard,2,0,0,0,0,1,0,0,0,0,0,0.0,0.0,0.0,68.0,0.06720430107526876,10.0,1,1,0,0,13.5,113.5,0,0,0,182.25,38.0,-24.94609557109557
397,US Open,2019,Hard,2,1,1,0,0,0,0,0,0,0,0,1.0,1.0,1.0,34.0,0.02179137210984344,2.0,0,1,1,0,13.5,18.0,0,1,1,182.25,71.0,8.053904428904431
398,US Open,2019,Hard,2,0,0,0,0,0,0,0,0,0,0,0.0,1.0,1.0,62.5,0.05556958608017137,47.0,0,1,0,0,9.0,12.0,0,0,0,81.0,64.0,1.0539044289044313
399,US Open,2019,Hard,2,1,1,0,0,0,0,0,0,0,0,1.0,1.0,1.0,370.0,0.123943661971831,174.0,1,1,0,1,13.0,224.5,0,1,1,169.0,76.0,13.053904428904431
400,US Open,2019,Hard,2,0,0,0,0,1,0,0,0,0,0,0.0,0.0,0.0,410.5,0.1142857142857143,75.0,0,1,0,0,10.5,657.0,0,0,0,110.25,53.0,-9.946095571095569
401,US Open,2019,Hard,2,0,0,0,0,0,0,0,0,0,0,1.0,1.0,1.0,28.5,0.03561869925952366,15.0,0,1,0,0,11.0,104.5,0,0,0,121.0,89.0,26.05390442890443
402,US Open,2019,Hard,2,1,1,0,0,0,0,0,0,0,0,1.0,1.0,1.0,58.0,0.1634566457717583,96.0,0,1,0,1,5.5,21.5,0,1,1,30.25,91.0,28.05390442890443
403,US Open,2019,Hard,2,1,1,0,0,1,0,0,0,0,0,0.0,0.0,0.0,29.5,,15.0,0,1,1,0,7.0,265.5,0,1,1,49.0,81.0,18.05390442890443
404,US Open,2019,Hard,2,0,0,0,0,0,0,0,0,0,0,0.0,1.0,1.0,160.0,0.0855826201448322,48.0,0,1,0,0,10.0,62.0,0,0,0,100.0,48.5,-14.446095571095569
405,US Open,2019,Hard,2,1,1,0,0,0,0,0,0,0,0,1.0,1.0,1.0,16.0,0.0003609504402074526,26.0,0,1,0,1,21.0,538.5,0,1,1,441.0,91.0,28.05390442890443
406,US Open,2019,Hard,2,1,1,0,0,0,0,0,0,0,0,0.0,1.0,1.0,17.0,0.01057318491443759,20.0,0,1,1,0,16.0,47.0,0,1,1,256.0,48.5,-14.446095571095569
407,US Open,2019,Hard,2,1,1,0,1,1,0,0,0,0,0,1.0,1.0,1.0,121.5,0.03613892365456817,3.0,0,1,0,0,5.0,318.0,0,0,1,25.0,91.0,28.05390442890443
409,US Open,2019,Hard,2,0,0,0,0,0,0,0,0,0,0,0.0,1.0,1.0,21.0,0.06283712425079746,8.0,0,1,0,0,10.0,86.5,0,0,0,100.0,90.0,27.05390442890443
410,US Open,2019,Hard,2,1,1,0,0,1,1,1,0,0,0,1.0,1.0,1.0,28.5,0.006161816578483248,19.0,0,1,0,0,20.5,185.0,1,0,0,420.25,55.0,-7.946095571095569
411,US Open,2019,Hard,2,1,1,0,1,1,1,1,0,0,0,0.0,0.0,0.0,213.0,0.207428068115091,64.0,1,1,0,0,8.5,48.0,1,0,1,72.25,60.0,-2.9460955710955687
412,US Open,2019,Hard,2,0,0,0,0,0,0,0,0,0,0,0.0,0.0,0.0,330.5,0.0,229.0,0,1,0,0,3.0,70.0,0,0,0,9.0,47.0,-15.946095571095569
413,US Open,2019,Hard,2,0,0,0,0,0,0,0,0,0,0,0.0,1.0,1.0,8.5,0.01088081143884523,1.0,0,1,0,0,13.5,213.0,0,0,0,182.25,72.0,9.053904428904431
414,US Open,2019,Hard,2,0,0,0,0,1,1,1,0,0,0,0.0,0.0,0.0,13.0,0.04246260069044883,2.0,0,1,0,0,13.0,190.0,1,0,0,169.0,35.5,-27.44609557109557
415,US Open,2019,Hard,2,0,0,0,0,1,1,1,0,0,0,0.0,0.0,0.0,64.5,0.1132559581209533,23.0,0,1,0,0,7.0,93.5,1,0,0,49.0,54.0,-8.946095571095569
416,US Open,2019,Hard,2,1,1,0,0,0,0,0,0,0,0,1.0,1.0,1.0,351.0,,36.0,0,1,1,0,0.0,499.0,0,1,1,0.0,91.0,28.05390442890443
417,US Open,2019,Hard,2,0,0,0,0,0,0,0,0,0,0,1.0,1.0,1.0,23.5,0.08426573426573425,1.0,0,1,0,0,7.5,44.5,0,0,0,56.25,67.0,4.053904428904431
418,US Open,2019,Hard,2,1,1,0,0,1,1,1,0,0,0,0.0,0.0,0.0,27.0,0.03954461804929088,2.0,0,1,0,1,9.5,60.0,1,1,1,90.25,76.5,13.553904428904431
419,US Open,2019,Hard,2,0,0,0,0,0,0,0,0,0,0,0.0,0.0,0.0,60.0,0.01754186341999969,28.0,0,1,0,0,13.5,66.5,0,0,0,182.25,36.5,-26.44609557109557
420,US Open,2019,Hard,2,1,0,0,1,1,1,1,0,0,0,0.0,0.0,0.0,769.5,0.09090909090909091,645.0,1,1,0,0,10.5,58.5,1,0,1,110.25,51.5,-11.446095571095569
421,US Open,2019,Hard,2,0,0,0,0,0,0,0,0,0,0,0.0,0.0,0.0,4.5,0.005113704012382425,1.0,0,1,0,0,19.0,62.5,0,0,0,361.0,49.0,-13.946095571095569
422,US Open,2019,Hard,3,0,0,0,0,1,1,1,0,0,0,1.0,1.0,1.0,1.0,0.006430370146846442,0.0,0,1,0,0,11.5,180.0,1,0,0,132.25,13.0,-49.94609557109557
423,US Open,2019,Hard,3,1,1,0,0,0,0,0,0,0,0,1.0,1.0,1.0,24.5,0.1254761904761905,19.0,0,1,1,0,12.5,84.5,0,1,1,156.25,80.0,17.05390442890443
424,US Open,2019,Hard,3,1,1,0,0,1,0,0,0,0,0,0.0,0.0,0.0,48.5,0.04448621553884713,13.0,0,1,0,0,5.5,21.0,0,0,0,30.25,67.5,4.553904428904431
425,US Open,2019,Hard,3,0,0,0,0,0,0,0,0,0,0,1.0,1.0,1.0,34.0,0.02179137210984344,2.0,0,1,0,0,13.5,68.0,0,0,0,182.25,71.0,8.053904428904431
427,US Open,2019,Hard,3,0,0,0,0,0,0,0,0,0,0,1.0,1.0,1.0,28.5,0.03561869925952366,15.0,0,1,0,0,11.0,410.5,0,0,0,121.0,89.0,26.05390442890443
428,US Open,2019,Hard,3,1,1,0,0,1,0,0,0,0,0,1.0,1.0,1.0,58.0,0.1634566457717583,96.0,0,1,1,0,5.5,29.5,0,1,1,30.25,91.0,28.05390442890443
429,US Open,2019,Hard,3,0,0,0,0,1,1,1,0,0,0,1.0,1.0,1.0,16.0,0.0003609504402074526,26.0,0,1,0,0,21.0,160.0,1,0,0,441.0,91.0,28.05390442890443
430,US Open,2019,Hard,3,0,0,0,0,0,0,0,0,0,0,0.0,1.0,1.0,17.0,0.01057318491443759,20.0,0,1,0,0,16.0,121.5,0,0,0,256.0,48.5,-14.446095571095569
431,US Open,2019,Hard,3,0,0,0,0,0,0,0,0,0,0,0.0,1.0,1.0,21.0,0.06283712425079746,8.0,0,1,0,0,10.0,124.0,0,0,0,100.0,90.0,27.05390442890443
433,US Open,2019,Hard,3,0,0,0,0,1,0,0,0,0,0,0.0,0.0,0.0,330.5,0.0,229.0,0,1,0,0,3.0,8.5,0,0,0,9.0,47.0,-15.946095571095569
434,US Open,2019,Hard,3,1,1,0,0,0,0,0,0,0,0,0.0,0.0,0.0,64.5,0.1132559581209533,23.0,0,1,1,0,7.0,13.0,0,1,1,49.0,54.0,-8.946095571095569
435,US Open,2019,Hard,3,0,0,0,0,0,0,0,0,0,0,1.0,1.0,1.0,23.5,0.08426573426573425,1.0,0,1,0,0,7.5,351.0,0,0,0,56.25,67.0,4.053904428904431
436,US Open,2019,Hard,3,1,0,0,1,1,1,1,0,0,0,0.0,0.0,0.0,60.0,0.01754186341999969,28.0,0,1,0,0,13.5,27.0,1,0,1,182.25,36.5,-26.44609557109557
437,US Open,2019,Hard,3,0,0,0,0,0,0,0,0,0,0,0.0,0.0,0.0,4.5,0.005113704012382425,1.0,0,1,0,0,19.0,769.5,0,0,0,361.0,49.0,-13.946095571095569
438,US Open,2019,Hard,4,0,0,0,0,0,0,0,0,0,0,1.0,1.0,1.0,1.0,0.006430370146846442,0.0,0,1,0,0,11.5,24.5,0,0,0,132.25,13.0,-49.94609557109557
439,US Open,2019,Hard,4,1,1,0,0,0,0,0,0,0,0,0.0,0.0,0.0,48.5,0.04448621553884713,13.0,0,1,0,1,5.5,34.0,0,1,1,30.25,67.5,4.553904428904431
440,US Open,2019,Hard,4,0,0,0,0,0,0,0,0,0,0,1.0,1.0,1.0,28.5,0.03561869925952366,15.0,0,1,0,0,11.0,62.5,0,0,0,121.0,89.0,26.05390442890443
441,US Open,2019,Hard,4,0,0,0,0,0,0,0,0,0,0,1.0,1.0,1.0,58.0,0.1634566457717583,96.0,0,1,0,0,5.5,16.0,0,0,0,30.25,91.0,28.05390442890443
442,US Open,2019,Hard,4,1,0,0,1,1,0,0,0,0,0,0.0,1.0,1.0,17.0,0.01057318491443759,20.0,0,1,0,0,16.0,21.0,0,0,1,256.0,48.5,-14.446095571095569
443,US Open,2019,Hard,4,0,0,0,0,0,0,0,0,0,0,1.0,1.0,1.0,28.5,0.006161816578483248,19.0,0,1,0,0,20.5,330.5,0,0,0,420.25,55.0,-7.946095571095569
444,US Open,2019,Hard,4,0,0,0,0,1,1,1,0,0,0,1.0,1.0,1.0,23.5,0.08426573426573425,1.0,0,1,0,0,7.5,64.5,1,0,0,56.25,67.0,4.053904428904431
445,US Open,2019,Hard,4,1,1,0,0,0,0,0,0,0,0,0.0,0.0,0.0,60.0,0.01754186341999969,28.0,0,1,1,0,13.5,4.5,0,1,1,182.25,36.5,-26.44609557109557
446,US Open,2019,Hard,5,0,0,0,0,0,0,0,0,0,0,1.0,1.0,1.0,1.0,0.006430370146846442,0.0,0,1,0,0,11.5,48.5,0,0,0,132.25,13.0,-49.94609557109557
447,US Open,2019,Hard,5,1,0,0,1,1,1,1,0,0,0,1.0,1.0,1.0,28.5,0.03561869925952366,15.0,0,1,0,0,11.0,58.0,1,0,1,121.0,89.0,26.05390442890443
448,US Open,2019,Hard,5,1,1,0,0,0,0,0,0,0,0,0.0,1.0,1.0,17.0,0.01057318491443759,20.0,0,1,1,0,16.0,28.5,0,1,1,256.0,48.5,-14.446095571095569
449,US Open,2019,Hard,5,1,1,0,0,0,0,0,0,0,0,1.0,1.0,1.0,23.5,0.08426573426573425,1.0,0,1,1,0,7.5,60.0,0,1,1,56.25,67.0,4.053904428904431
450,US Open,2019,Hard,6,1,1,0,0,0,0,0,0,0,0,1.0,1.0,1.0,1.0,0.006430370146846442,0.0,0,1,1,1,11.5,28.5,0,1,1,132.25,13.0,-49.94609557109557
451,US Open,2019,Hard,6,1,1,0,0,0,0,0,0,0,0,0.0,1.0,1.0,17.0,0.01057318491443759,20.0,0,1,1,1,16.0,23.5,0,1,1,256.0,48.5,-14.446095571095569
452,US Open,2019,Hard,7,0,0,0,0,0,0,0,0,0,0,1.0,1.0,1.0,1.0,0.006430370146846442,0.0,0,1,0,0,11.5,17.0,0,0,0,132.25,13.0,-49.94609557109557
453,Wimbledon,2019,Grass,2,0,0,0,0,1,1,1,0,0,0,0.0,0.0,0.0,3.0,0.005113704012382425,2.0,0,1,0,0,19.0,37.5,1,0,0,361.0,49.0,-13.946095571095569
454,Wimbledon,2019,Grass,2,0,0,0,0,1,0,0,0,0,0,1.0,1.0,1.0,5.0,0.006430370146846442,0.0,0,1,0,0,11.5,1292.0,0,0,0,132.25,13.0,-49.94609557109557
455,Wimbledon,2019,Grass,2,1,1,0,0,1,0,0,0,0,0,0.0,1.0,1.0,9.5,0.01088081143884523,1.0,0,1,0,1,13.5,54.0,0,1,1,182.25,72.0,9.053904428904431
456,Wimbledon,2019,Grass,2,0,0,0,0,1,1,1,0,0,0,0.0,0.0,0.0,11.5,0.04246260069044883,9.0,0,1,0,0,13.0,72.5,1,0,0,169.0,35.5,-27.44609557109557
457,Wimbledon,2019,Grass,2,0,0,0,0,1,0,0,0,0,0,0.0,0.0,0.0,15.5,0.05927088002390557,3.0,0,1,0,0,16.0,310.5,0,0,0,256.0,55.0,-7.946095571095569
458,Wimbledon,2019,Grass,2,0,0,0,0,1,0,0,0,0,0,1.0,1.0,1.0,15.5,0.1497472494796313,9.0,0,1,0,0,11.0,303.5,0,0,0,121.0,33.0,-29.94609557109557
459,Wimbledon,2019,Grass,2,1,1,0,0,1,0,0,0,0,0,1.0,1.0,1.0,16.0,0.0003609504402074526,30.0,0,1,1,0,21.0,65.5,0,1,1,441.0,91.0,28.05390442890443
460,Wimbledon,2019,Grass,2,0,0,0,0,1,0,0,0,0,0,0.0,0.0,0.0,18.5,0.03954461804929088,7.0,0,1,0,0,9.5,64.0,0,0,0,90.25,76.5,13.553904428904431
461,Wimbledon,2019,Grass,2,1,1,0,0,1,0,0,0,0,0,1.0,1.0,1.0,19.0,0.07684555754323197,14.0,0,1,0,1,16.5,60.0,0,1,1,272.25,46.0,-16.94609557109557
462,Wimbledon,2019,Grass,2,0,0,0,0,1,0,0,0,0,0,1.0,1.0,1.0,21.5,0.01094362864274367,17.0,0,1,0,0,18.0,209.5,0,0,0,324.0,71.0,8.053904428904431
463,Wimbledon,2019,Grass,2,0,0,0,0,1,0,0,0,0,0,0.0,1.0,1.0,22.0,0.06283712425079746,6.0,0,1,0,0,10.0,71.0,0,0,0,100.0,90.0,27.05390442890443
464,Wimbledon,2019,Grass,2,0,0,0,0,1,0,0,0,0,0,1.0,1.0,1.0,32.0,0.006161816578483248,28.0,0,1,0,0,20.5,66.0,0,0,0,420.25,55.0,-7.946095571095569
465,Wimbledon,2019,Grass,2,0,0,0,0,1,0,0,0,0,0,0.0,0.0,0.0,37.5,0.02181491464510332,7.0,0,1,0,0,16.0,280.5,0,0,0,256.0,77.0,14.053904428904431
466,Wimbledon,2019,Grass,2,1,1,0,0,1,1,1,0,0,0,0.0,1.0,1.0,72.5,0.2146683052380179,5.0,0,1,0,0,8.0,277.5,1,0,0,64.0,24.5,-38.44609557109557
467,Wimbledon,2019,Grass,2,1,1,0,0,1,1,1,0,0,0,1.0,1.0,1.0,232.5,0.009803921568627416,105.0,1,1,0,0,8.0,93.0,1,0,0,64.0,39.0,-23.94609557109557
468,Wimbledon,2019,Grass,2,0,0,0,0,1,1,1,0,0,0,1.0,1.0,1.0,102.0,0.03820184790334047,96.0,0,1,0,0,16.0,240.0,1,0,0,256.0,51.0,-11.946095571095569
469,Wimbledon,2019,Grass,2,0,0,0,0,1,0,0,0,0,0,0.0,0.0,0.0,38.0,0.1003563845920534,22.0,0,1,0,0,11.0,92.0,0,0,0,121.0,79.5,16.55390442890443
470,Wimbledon,2019,Grass,2,0,0,0,0,1,0,0,0,0,0,1.0,1.0,1.0,224.0,0.01827875095201831,266.0,0,1,0,0,7.0,90.0,0,0,0,49.0,90.0,27.05390442890443
471,Wimbledon,2019,Grass,2,0,0,0,0,1,0,0,0,0,0,0.0,0.0,0.0,48.0,0.0205831073227431,10.0,0,1,0,0,13.0,23.5,0,0,0,169.0,43.0,-19.94609557109557
472,Wimbledon,2019,Grass,2,1,1,0,0,1,1,1,0,0,0,0.0,0.0,0.0,56.5,0.004037674425954929,39.0,0,1,0,1,14.5,20.0,1,1,1,210.25,42.5,-20.44609557109557
473,Wimbledon,2019,Grass,2,0,0,0,0,1,0,0,0,0,0,0.0,1.0,1.0,276.5,,323.0,1,1,0,0,12.5,169.5,0,0,0,156.25,85.0,22.05390442890443
474,Wimbledon,2019,Grass,2,1,1,0,0,1,0,0,0,0,0,1.0,1.0,1.0,72.0,0.006165839829907926,22.0,0,1,0,1,5.5,190.0,0,1,1,30.25,75.0,12.053904428904431
475,Wimbledon,2019,Grass,2,0,0,0,0,1,1,1,0,0,0,0.0,0.0,0.0,54.5,0.005401325638747956,9.0,0,1,0,0,19.5,264.0,1,0,0,380.25,22.0,-40.94609557109557
476,Wimbledon,2019,Grass,2,0,0,0,0,1,1,1,0,0,0,0.0,0.0,0.0,84.5,0.1930862659607599,127.0,1,1,0,0,11.5,305.5,1,0,0,132.25,80.0,17.05390442890443
477,Wimbledon,2019,Grass,2,0,0,0,0,1,0,0,0,0,0,1.0,1.0,1.0,282.5,0.05629465385562948,147.0,0,1,0,0,13.5,82.0,0,0,0,182.25,90.0,27.05390442890443
479,Wimbledon,2019,Grass,2,1,1,0,0,1,1,1,0,0,0,0.0,0.0,0.0,65.5,0.1053921568627452,3.0,0,1,0,0,14.5,86.5,1,0,0,210.25,69.0,6.053904428904431
480,Wimbledon,2019,Grass,2,0,0,0,0,1,0,0,0,0,0,0.0,1.0,1.0,68.5,0.02046534024996172,81.0,0,1,0,0,11.0,257.5,0,0,0,121.0,71.0,8.053904428904431
481,Wimbledon,2019,Grass,2,1,1,0,0,1,0,0,0,0,0,0.0,0.0,0.0,60.0,0.01754186341999969,42.0,0,1,1,0,13.5,272.0,0,1,1,182.25,36.5,-26.44609557109557
482,Wimbledon,2019,Grass,2,0,0,0,0,1,0,0,0,0,0,0.0,0.0,0.0,98.5,0.005856901646264179,11.0,0,1,0,0,14.5,439.0,0,0,0,210.25,79.0,16.05390442890443
483,Wimbledon,2019,Grass,2,0,0,0,0,1,1,1,0,0,0,0.0,0.0,0.0,188.0,0.01503213767364708,14.0,0,1,0,0,3.5,35.5,1,0,0,12.25,70.0,7.053904428904431
484,Wimbledon,2019,Grass,2,0,0,0,0,1,0,0,0,0,0,0.0,1.0,1.0,71.5,0.02208412330594772,47.0,0,1,0,0,9.5,494.5,0,0,0,90.25,89.5,26.55390442890443
485,Wimbledon,2019,Grass,3,1,1,0,0,1,1,1,0,0,0,0.0,0.0,0.0,3.0,0.005113704012382425,2.0,0,1,0,0,19.0,224.0,1,0,0,361.0,49.0,-13.946095571095569
486,Wimbledon,2019,Grass,3,0,0,0,0,1,1,1,0,0,0,1.0,1.0,1.0,5.0,0.006430370146846442,0.0,0,1,0,0,11.5,232.5,1,0,0,132.25,13.0,-49.94609557109557
487,Wimbledon,2019,Grass,3,1,1,0,0,1,0,0,0,0,0,0.0,1.0,1.0,9.5,0.01088081143884523,1.0,0,1,0,1,13.5,282.5,0,1,1,182.25,72.0,9.053904428904431
488,Wimbledon,2019,Grass,3,0,0,0,0,1,0,0,0,0,0,0.0,0.0,0.0,15.5,0.05927088002390557,3.0,0,1,0,0,16.0,68.5,0,0,0,256.0,55.0,-7.946095571095569
489,Wimbledon,2019,Grass,3,1,1,0,0,1,1,1,0,0,0,1.0,1.0,1.0,15.5,0.1497472494796313,9.0,0,1,0,0,11.0,84.5,1,0,0,121.0,33.0,-29.94609557109557
490,Wimbledon,2019,Grass,3,1,1,0,0,1,1,1,0,0,0,1.0,1.0,1.0,16.0,0.0003609504402074526,30.0,0,1,0,0,21.0,72.5,1,0,0,441.0,91.0,28.05390442890443
491,Wimbledon,2019,Grass,3,1,1,0,1,1,1,1,0,0,0,0.0,0.0,0.0,18.5,0.03954461804929088,7.0,0,1,0,0,9.5,65.5,1,0,1,90.25,76.5,13.553904428904431
492,Wimbledon,2019,Grass,3,1,1,0,0,1,0,0,0,0,0,1.0,1.0,1.0,19.0,0.07684555754323197,14.0,0,1,0,1,16.5,102.0,0,1,1,272.25,46.0,-16.94609557109557
493,Wimbledon,2019,Grass,3,0,0,0,0,1,0,0,0,0,0,1.0,1.0,1.0,21.5,0.01094362864274367,17.0,0,1,0,0,18.0,60.0,0,0,0,324.0,71.0,8.053904428904431
494,Wimbledon,2019,Grass,3,1,0,0,1,1,0,0,0,0,0,0.0,1.0,1.0,22.0,0.06283712425079746,6.0,0,1,0,0,10.0,276.5,0,0,1,100.0,90.0,27.05390442890443
495,Wimbledon,2019,Grass,3,1,1,0,1,1,0,0,0,0,0,0.0,0.0,0.0,37.5,0.02181491464510332,7.0,0,1,1,1,16.0,71.5,0,1,1,256.0,77.0,14.053904428904431
496,Wimbledon,2019,Grass,3,1,0,0,1,1,1,1,0,0,0,0.0,0.0,0.0,38.0,0.1003563845920534,22.0,0,1,0,0,11.0,188.0,1,0,1,121.0,79.5,16.55390442890443
497,Wimbledon,2019,Grass,3,1,1,0,1,1,0,0,0,0,0,0.0,0.0,0.0,48.0,0.0205831073227431,10.0,0,1,1,0,13.0,72.0,0,1,1,169.0,43.0,-19.94609557109557
498,Wimbledon,2019,Grass,3,1,1,0,0,1,0,0,0,0,0,0.0,0.0,0.0,56.5,0.004037674425954929,39.0,0,1,1,0,14.5,98.5,0,1,1,210.25,42.5,-20.44609557109557
499,Wimbledon,2019,Grass,3,1,0,0,1,1,1,1,0,0,0,0.0,0.0,0.0,54.5,0.005401325638747956,9.0,0,1,0,0,19.5,11.5,1,0,1,380.25,22.0,-40.94609557109557
500,Wimbledon,2019,Grass,3,0,0,0,0,1,0,0,0,0,0,0.0,0.0,0.0,59.5,0.02531462042568,17.0,0,1,0,0,12.0,32.0,0,0,0,144.0,56.5,-6.446095571095569
501,Wimbledon,2019,Grass,4,1,1,0,1,1,0,0,0,0,0,0.0,0.0,0.0,3.0,0.005113704012382425,2.0,0,1,0,0,19.0,48.0,0,0,1,361.0,49.0,-13.946095571095569
502,Wimbledon,2019,Grass,4,1,1,0,0,1,0,0,0,0,0,1.0,1.0,1.0,5.0,0.006430370146846442,0.0,0,1,1,1,11.5,59.5,0,1,1,132.25,13.0,-49.94609557109557
503,Wimbledon,2019,Grass,4,1,0,0,1,1,0,0,0,0,0,0.0,1.0,1.0,9.5,0.01088081143884523,1.0,0,1,0,0,13.5,37.5,0,0,1,182.25,72.0,9.053904428904431
504,Wimbledon,2019,Grass,4,1,1,0,0,1,0,0,0,0,0,0.0,0.0,0.0,15.5,0.05927088002390557,3.0,0,1,1,0,16.0,19.0,0,1,1,256.0,55.0,-7.946095571095569
505,Wimbledon,2019,Grass,4,1,1,0,0,1,0,0,0,0,0,0.0,0.0,0.0,18.5,0.03954461804929088,7.0,0,1,1,0,9.5,22.0,0,1,1,90.25,76.5,13.553904428904431
506,Wimbledon,2019,Grass,4,1,1,0,0,1,0,0,0,0,0,1.0,1.0,1.0,21.5,0.01094362864274367,17.0,0,1,1,0,18.0,16.0,0,1,1,324.0,71.0,8.053904428904431
507,Wimbledon,2019,Grass,4,1,1,0,0,1,0,0,0,0,0,0.0,0.0,0.0,38.0,0.1003563845920534,22.0,0,1,0,0,11.0,54.5,0,0,0,121.0,79.5,16.55390442890443
508,Wimbledon,2019,Grass,4,1,1,0,1,1,0,0,0,0,0,0.0,0.0,0.0,56.5,0.004037674425954929,39.0,0,1,1,0,14.5,15.5,0,1,1,210.25,42.5,-20.44609557109557
509,Wimbledon,2019,Grass,5,1,0,0,1,1,0,0,0,0,0,1.0,1.0,1.0,5.0,0.006430370146846442,0.0,0,1,0,0,11.5,15.5,0,0,1,132.25,13.0,-49.94609557109557
510,Wimbledon,2019,Grass,5,1,0,0,1,1,1,1,0,0,0,0.0,1.0,1.0,9.5,0.01088081143884523,1.0,0,1,0,0,13.5,18.5,1,0,1,182.25,72.0,9.053904428904431
511,Wimbledon,2019,Grass,5,1,1,0,0,1,0,0,0,0,0,1.0,1.0,1.0,21.5,0.01094362864274367,17.0,0,1,1,0,18.0,3.0,0,1,1,324.0,71.0,8.053904428904431
512,Wimbledon,2019,Grass,5,1,1,0,0,1,0,0,0,0,0,0.0,0.0,0.0,56.5,0.004037674425954929,39.0,0,1,0,1,14.5,38.0,0,1,1,210.25,42.5,-20.44609557109557
513,Wimbledon,2019,Grass,6,1,1,0,1,1,0,0,0,0,0,1.0,1.0,1.0,5.0,0.006430370146846442,0.0,0,1,0,0,11.5,9.5,0,0,1,132.25,13.0,-49.94609557109557
514,Wimbledon,2019,Grass,6,1,1,0,1,1,0,0,0,0,0,1.0,1.0,1.0,21.5,0.01094362864274367,17.0,0,1,0,1,18.0,56.5,0,1,1,324.0,71.0,8.053904428904431
515,Wimbledon,2019,Grass,7,1,1,0,1,1,1,1,0,0,0,1.0,1.0,1.0,5.0,0.006430370146846442,0.0,0,1,0,1,11.5,21.5,1,1,1,132.25,13.0,-49.94609557109557
673,Australian Open,2021,Hard,2,1,1,0,0,1,1,1,0,0,0,1.0,1.0,1.0,1.5,0.006430370146846442,1.0,0,1,0,1,13.5,163.0,1,1,1,182.25,13.0,-49.94609557109557
674,Australian Open,2021,Hard,2,1,1,0,0,0,0,0,0,0,0,1.0,1.0,1.0,4.5,0.03741686333404848,3.0,0,1,1,0,11.5,354.5,0,1,1,132.25,33.0,-29.94609557109557
675,Australian Open,2021,Hard,2,0,0,0,0,0,0,0,0,0,0,0.0,0.0,0.0,8.0,0.02525740025740031,2.0,0,1,0,0,16.0,59.5,0,0,0,256.0,70.0,7.053904428904431
676,Australian Open,2021,Hard,2,0,0,0,0,0,0,0,0,0,0,0.0,1.0,1.0,13.5,0.06283712425079746,3.0,0,1,0,0,12.0,68.5,0,0,0,144.0,90.0,27.05390442890443
677,Australian Open,2021,Hard,2,1,1,0,0,0,0,0,0,0,0,0.0,0.0,0.0,13.5,0.04913998809726816,17.0,0,1,1,0,18.5,399.5,0,1,1,342.25,63.5,0.5539044289044313
679,Australian Open,2021,Hard,2,0,0,0,0,0,0,0,0,0,0,1.0,1.0,1.0,16.5,0.0790823211875844,17.0,0,1,0,0,16.0,794.5,0,0,0,256.0,71.0,8.053904428904431
680,Australian Open,2021,Hard,2,0,0,0,0,0,0,0,0,0,0,0.0,0.0,0.0,16.5,0.004037674425954929,1.0,0,1,0,0,16.5,187.5,0,0,0,272.25,42.5,-20.44609557109557
681,Australian Open,2021,Hard,2,0,0,0,0,0,0,0,0,0,0,0.0,1.0,1.0,20.5,0.00867823765020026,15.0,0,1,0,0,11.0,80.5,0,0,0,121.0,84.5,21.55390442890443
682,Australian Open,2021,Hard,2,0,0,0,0,0,0,0,0,0,0,1.0,1.0,1.0,38.5,0.2293972044263251,3.0,0,1,0,0,7.0,303.5,0,0,0,49.0,90.0,27.05390442890443
683,Australian Open,2021,Hard,2,0,0,0,0,0,0,0,0,0,0,1.0,1.0,1.0,42.5,0.1482898289828982,31.0,0,1,0,0,11.5,74.5,0,0,0,132.25,89.0,26.05390442890443
684,Australian Open,2021,Hard,2,0,0,0,0,0,0,0,0,0,0,0.0,0.0,0.0,141.0,0.01728110599078331,26.0,0,1,0,0,14.0,66.5,0,0,0,196.0,59.5,-3.4460955710955687
685,Australian Open,2021,Hard,2,1,1,0,0,1,1,1,0,0,0,0.0,0.0,0.0,49.5,0.1010436819061196,5.0,0,1,0,1,14.0,45.0,1,1,1,196.0,49.5,-13.446095571095569
686,Australian Open,2021,Hard,2,1,1,0,1,1,1,1,0,0,0,1.0,1.0,1.0,62.0,0.03253241800152551,4.0,0,1,0,1,8.0,521.5,1,1,1,64.0,89.0,26.05390442890443
687,Australian Open,2021,Hard,2,0,0,0,0,0,0,0,0,0,0,0.0,0.0,0.0,203.5,0.06666666666666671,255.0,0,1,0,0,14.5,23.0,0,0,0,210.25,49.5,-13.446095571095569
688,Australian Open,2021,Hard,2,0,0,0,0,0,0,0,0,0,0,0.0,0.0,0.0,56.0,0.02002366105860365,26.0,0,1,0,0,18.5,28.5,0,0,0,342.25,61.0,-1.9460955710955687
689,Australian Open,2021,Hard,2,1,1,0,0,1,0,0,0,0,0,0.0,0.0,0.0,65.5,0.005928645458218473,29.0,0,1,0,0,18.0,308.5,0,0,0,324.0,19.5,-43.44609557109557
690,Australian Open,2021,Hard,2,1,1,0,0,0,0,0,0,0,0,1.0,1.0,1.0,87.0,0.09010695187165768,6.0,0,1,1,0,10.5,198.0,0,1,1,110.25,39.0,-23.94609557109557
691,Australian Open,2021,Hard,2,0,0,0,0,0,0,0,0,0,0,0.0,0.0,0.0,43.5,0.03393586098448154,3.0,0,1,0,0,14.5,289.5,0,0,0,210.25,67.0,4.053904428904431
692,Australian Open,2021,Hard,2,0,0,0,0,0,0,0,0,0,0,0.0,0.0,0.0,380.0,,62.0,1,1,0,0,10.5,735.5,0,0,0,110.25,50.5,-12.446095571095569
693,Australian Open,2021,Hard,2,0,0,0,0,0,0,0,0,0,0,1.0,1.0,1.0,172.0,0.1944146079484426,78.0,0,1,0,0,8.5,56.0,0,0,0,72.25,90.0,27.05390442890443
694,Australian Open,2021,Hard,2,1,1,0,0,1,1,1,0,0,0,1.0,1.0,1.0,102.5,0.1006400276768726,13.0,0,1,0,0,12.0,94.5,1,0,0,144.0,90.0,27.05390442890443
695,Australian Open,2021,Hard,2,0,0,0,0,0,0,0,0,0,0,1.0,1.0,1.0,457.0,0.1539772727272727,876.0,0,1,0,0,8.5,69.0,0,0,0,72.25,67.0,4.053904428904431
696,Australian Open,2021,Hard,2,0,0,0,0,1,0,0,0,0,0,0.0,0.0,0.0,222.5,0.0,63.0,0,1,0,0,5.0,32.0,0,0,0,25.0,47.0,-15.946095571095569
697,Australian Open,2021,Hard,2,1,1,0,1,1,1,1,0,0,0,0.0,0.0,0.0,328.0,0.1893104855161159,186.0,0,1,0,0,7.5,37.5,1,0,1,56.25,79.0,16.05390442890443
698,Australian Open,2021,Hard,2,0,0,0,0,0,0,0,0,0,0,1.0,1.0,1.0,638.5,0.002705575417914829,763.0,0,1,0,0,8.0,641.5,0,0,0,64.0,90.0,27.05390442890443
699,Australian Open,2021,Hard,2,0,0,0,0,1,0,0,0,0,0,1.0,1.0,1.0,185.5,,23.0,0,1,0,0,5.0,441.5,0,0,0,25.0,91.0,28.05390442890443
700,Australian Open,2021,Hard,2,1,1,0,0,0,0,0,0,0,0,0.0,0.0,0.0,510.0,0.009065825778478476,552.0,0,1,1,0,12.5,205.5,0,1,1,156.25,64.0,1.0539044289044313
701,Australian Open,2021,Hard,2,0,0,0,0,0,0,0,0,0,0,1.0,1.0,1.0,232.5,0.06292270531400956,317.0,0,1,0,0,11.5,7.5,0,0,0,132.25,91.0,28.05390442890443
702,Australian Open,2021,Hard,2,1,1,0,0,0,0,0,0,0,0,1.0,1.0,1.0,125.0,0.02068965517241383,12.0,0,1,0,1,0.0,43.0,0,1,1,0.0,18.0,-44.94609557109557
703,Australian Open,2021,Hard,2,1,1,0,0,0,0,0,0,0,0,1.0,1.0,1.0,122.0,0.04574284066884493,144.0,1,1,0,1,9.0,260.0,0,1,1,81.0,80.0,17.05390442890443
704,Australian Open,2021,Hard,2,1,1,0,0,1,1,1,0,0,0,1.0,1.0,1.0,160.5,0.1163928304705004,143.0,0,1,0,0,7.5,98.0,1,0,0,56.25,76.0,13.053904428904431
705,Australian Open,2021,Hard,3,0,0,0,0,0,0,0,0,0,0,1.0,1.0,1.0,4.5,0.03741686333404848,3.0,0,1,0,0,11.5,185.5,0,0,0,132.25,33.0,-29.94609557109557
706,Australian Open,2021,Hard,3,0,0,0,0,0,0,0,0,0,0,0.0,0.0,0.0,8.0,0.02525740025740031,2.0,0,1,0,0,16.0,638.5,0,0,0,256.0,70.0,7.053904428904431
707,Australian Open,2021,Hard,3,0,0,0,0,1,0,0,0,0,0,0.0,1.0,1.0,13.5,0.06283712425079746,3.0,0,1,0,0,12.0,65.5,0,0,0,144.0,90.0,27.05390442890443
708,Australian Open,2021,Hard,3,0,0,0,0,0,0,0,0,0,0,0.0,0.0,0.0,13.5,0.04913998809726816,17.0,0,1,0,0,18.5,380.0,0,0,0,342.25,63.5,0.5539044289044313
709,Australian Open,2021,Hard,3,1,1,0,0,0,0,0,0,0,0,0.0,0.0,0.0,16.0,0.03023686394688119,14.0,0,1,0,1,20.5,141.0,0,1,1,420.25,34.0,-28.94609557109557
710,Australian Open,2021,Hard,3,0,0,0,0,0,0,0,0,0,0,1.0,1.0,1.0,16.5,0.0790823211875844,17.0,0,1,0,0,16.0,457.0,0,0,0,256.0,71.0,8.053904428904431
711,Australian Open,2021,Hard,3,0,0,0,0,0,0,0,0,0,0,0.0,0.0,0.0,16.5,0.004037674425954929,1.0,0,1,0,0,16.5,62.0,0,0,0,272.25,42.5,-20.44609557109557
712,Australian Open,2021,Hard,3,0,0,0,0,0,0,0,0,0,0,0.0,1.0,1.0,20.5,0.00867823765020026,15.0,0,1,0,0,11.0,125.0,0,0,0,121.0,84.5,21.55390442890443
713,Australian Open,2021,Hard,3,0,0,0,0,0,0,0,0,0,0,0.0,0.0,0.0,49.5,0.1010436819061196,5.0,0,1,0,0,14.0,222.5,0,0,0,196.0,49.5,-13.446095571095569
714,Australian Open,2021,Hard,3,1,1,0,0,0,0,0,0,0,0,0.0,0.0,0.0,56.0,0.02002366105860365,26.0,0,1,0,1,18.5,160.5,0,1,1,342.25,61.0,-1.9460955710955687
715,Australian Open,2021,Hard,3,0,0,0,0,0,0,0,0,0,0,1.0,1.0,1.0,87.0,0.09010695187165768,6.0,0,1,0,0,10.5,1.5,0,0,0,110.25,39.0,-23.94609557109557
716,Australian Open,2021,Hard,3,1,1,0,0,1,0,0,0,0,0,0.0,0.0,0.0,43.5,0.03393586098448154,3.0,0,1,1,0,14.5,328.0,0,1,1,210.25,67.0,4.053904428904431
717,Australian Open,2021,Hard,3,1,1,0,0,0,0,0,0,0,0,1.0,1.0,1.0,172.0,0.1944146079484426,78.0,0,1,1,0,8.5,203.5,0,1,1,72.25,90.0,27.05390442890443
718,Australian Open,2021,Hard,3,1,1,0,0,0,0,0,0,0,0,1.0,1.0,1.0,102.5,0.1006400276768726,13.0,0,1,1,0,12.0,38.5,0,1,1,144.0,90.0,27.05390442890443
719,Australian Open,2021,Hard,3,1,1,0,0,1,1,1,0,0,0,0.0,0.0,0.0,510.0,0.009065825778478476,552.0,0,1,0,1,12.5,42.5,1,1,1,156.25,64.0,1.0539044289044313
720,Australian Open,2021,Hard,3,1,1,0,0,1,1,1,0,0,0,1.0,1.0,1.0,232.5,0.06292270531400956,317.0,0,1,0,1,11.5,122.0,1,1,1,132.25,91.0,28.05390442890443
721,Australian Open,2021,Hard,4,1,1,0,0,0,0,0,0,0,0,1.0,1.0,1.0,4.5,0.03741686333404848,3.0,0,1,1,0,11.5,510.0,0,1,1,132.25,33.0,-29.94609557109557
722,Australian Open,2021,Hard,4,1,1,0,0,0,0,0,0,0,0,0.0,1.0,1.0,13.5,0.06283712425079746,3.0,0,1,1,1,12.0,20.5,0,1,1,144.0,90.0,27.05390442890443
723,Australian Open,2021,Hard,4,1,1,0,0,1,1,1,0,0,0,0.0,0.0,0.0,13.5,0.04913998809726816,17.0,0,1,0,0,18.5,56.0,1,0,0,342.25,63.5,0.5539044289044313
724,Australian Open,2021,Hard,4,0,0,0,0,0,0,0,0,0,0,1.0,1.0,1.0,16.5,0.0790823211875844,17.0,0,1,0,0,16.0,172.0,0,0,0,256.0,71.0,8.053904428904431
725,Australian Open,2021,Hard,4,0,0,0,0,0,0,0,0,0,0,0.0,0.0,0.0,16.5,0.004037674425954929,1.0,0,1,0,0,16.5,16.0,0,0,0,272.25,42.5,-20.44609557109557
726,Australian Open,2021,Hard,4,1,1,0,0,1,1,1,0,0,0,0.0,0.0,0.0,49.5,0.1010436819061196,5.0,0,1,0,1,14.0,87.0,1,1,1,196.0,49.5,-13.446095571095569
727,Australian Open,2021,Hard,4,0,0,0,0,0,0,0,0,0,0,0.0,0.0,0.0,43.5,0.03393586098448154,3.0,0,1,0,0,14.5,232.5,0,0,0,210.25,67.0,4.053904428904431
728,Australian Open,2021,Hard,4,1,1,0,0,0,0,0,0,0,0,1.0,1.0,1.0,102.5,0.1006400276768726,13.0,0,1,1,0,12.0,8.0,0,1,1,144.0,90.0,27.05390442890443
729,Australian Open,2021,Hard,5,1,0,0,1,1,0,0,0,0,0,1.0,1.0,1.0,4.5,0.03741686333404848,3.0,0,1,0,0,11.5,16.5,0,0,1,132.25,33.0,-29.94609557109557
730,Australian Open,2021,Hard,5,1,1,0,0,0,0,0,0,0,0,0.0,1.0,1.0,13.5,0.06283712425079746,3.0,0,1,1,0,12.0,43.5,0,1,1,144.0,90.0,27.05390442890443
731,Australian Open,2021,Hard,5,0,0,0,0,0,0,0,0,0,0,0.0,0.0,0.0,13.5,0.04913998809726816,17.0,0,1,0,0,18.5,49.5,0,0,0,342.25,63.5,0.5539044289044313
732,Australian Open,2021,Hard,5,0,0,0,0,1,0,0,0,0,0,0.0,0.0,0.0,16.5,0.004037674425954929,1.0,0,1,0,0,16.5,102.5,0,0,0,272.25,42.5,-20.44609557109557
733,Australian Open,2021,Hard,6,1,1,0,0,0,0,0,0,0,0,0.0,1.0,1.0,13.5,0.06283712425079746,3.0,0,1,0,1,12.0,13.5,0,1,1,144.0,90.0,27.05390442890443
734,Australian Open,2021,Hard,6,0,0,0,0,1,1,1,0,0,0,0.0,0.0,0.0,16.5,0.004037674425954929,1.0,0,1,0,0,16.5,4.5,1,0,0,272.25,42.5,-20.44609557109557
735,Australian Open,2021,Hard,7,0,0,0,0,0,0,0,0,0,0,0.0,0.0,0.0,16.5,0.004037674425954929,1.0,0,1,0,0,16.5,13.5,0,0,0,272.25,42.5,-20.44609557109557
768,Roland Garros,2021,Clay,2,0,0,0,0,0,0,0,0,0,0,1.0,1.0,1.0,320.5,0.04477611940298504,263.0,0,1,0,0,11.5,108.0,0,0,0,132.25,51.0,-11.946095571095569
769,Roland Garros,2021,Clay,2,1,1,0,0,1,0,0,0,0,0,1.0,1.0,1.0,663.5,0.05627705627705631,677.0,0,1,0,0,2.0,172.5,0,0,0,4.0,71.0,8.053904428904431
770,Roland Garros,2021,Clay,2,0,0,0,0,0,0,0,0,0,0,1.0,1.0,1.0,152.0,0.1939862718983711,218.0,0,1,0,0,9.5,180.0,0,0,0,90.25,91.0,28.05390442890443
771,Roland Garros,2021,Clay,2,0,0,0,0,0,0,0,0,0,0,1.0,1.0,1.0,30.5,0.006165839829907926,3.0,0,1,0,0,7.5,113.0,0,0,0,56.25,75.0,12.053904428904431
772,Roland Garros,2021,Clay,2,1,1,0,1,1,1,1,0,0,0,0.0,0.0,0.0,40.0,0.1010436819061196,8.0,0,1,0,1,14.0,22.5,1,1,1,196.0,49.5,-13.446095571095569
773,Roland Garros,2021,Clay,2,1,1,0,0,1,1,1,0,0,0,1.0,1.0,1.0,81.5,0.01827875095201831,35.0,0,1,0,1,9.0,110.0,1,1,1,81.0,90.0,27.05390442890443
774,Roland Garros,2021,Clay,2,0,0,0,0,0,0,0,0,0,0,0.0,0.0,0.0,38.5,0.08551013994417017,3.0,0,1,0,0,18.0,228.0,0,0,0,324.0,40.5,-22.44609557109557
775,Roland Garros,2021,Clay,2,0,0,0,0,0,0,0,0,0,0,1.0,1.0,1.0,153.0,0.06292270531400956,154.0,0,1,0,0,11.5,17.5,0,0,0,132.25,91.0,28.05390442890443
776,Roland Garros,2021,Clay,2,0,0,0,0,0,0,0,0,0,0,0.0,1.0,1.0,7.5,0.06283712425079746,1.0,0,1,0,0,12.0,200.5,0,0,0,144.0,90.0,27.05390442890443
777,Roland Garros,2021,Clay,2,1,1,0,0,0,0,0,0,0,0,0.0,0.0,0.0,45.5,0.1200601374570447,15.0,0,1,1,0,10.5,166.0,0,1,1,110.25,69.0,6.053904428904431
778,Roland Garros,2021,Clay,2,0,0,0,0,1,0,0,0,0,0,0.0,1.0,1.0,93.5,0.0802888315451129,17.0,0,1,0,0,14.0,194.5,0,0,0,196.0,71.0,8.053904428904431
779,Roland Garros,2021,Clay,2,0,0,0,0,0,0,0,0,0,0,0.0,0.0,0.0,37.5,0.03393586098448154,7.0,0,1,0,0,14.5,331.0,0,0,0,210.25,67.0,4.053904428904431
780,Roland Garros,2021,Clay,2,0,0,0,0,1,0,0,0,0,0,1.0,1.0,1.0,20.0,0.04917771232204227,14.0,0,1,0,0,15.5,260.5,0,0,0,240.25,80.0,17.05390442890443
781,Roland Garros,2021,Clay,2,0,0,0,0,0,0,0,0,0,0,0.0,0.0,0.0,226.5,0.129585326953748,71.0,0,1,0,0,4.0,211.5,0,0,0,16.0,65.0,2.0539044289044313
782,Roland Garros,2021,Clay,2,1,1,0,0,0,0,0,0,0,0,1.0,1.0,1.0,89.0,0.09010695187165768,18.0,0,1,1,0,10.5,129.0,0,1,1,110.25,39.0,-23.94609557109557
783,Roland Garros,2021,Clay,2,1,1,0,1,1,0,0,0,0,0,0.0,0.0,0.0,9.5,0.004037674425954929,1.0,0,1,0,0,16.5,67.0,0,0,1,272.25,42.5,-20.44609557109557
784,Roland Garros,2021,Clay,2,0,0,0,0,1,0,0,0,0,0,1.0,1.0,1.0,13.0,0.0790823211875844,14.0,0,1,0,0,16.0,124.5,0,0,0,256.0,71.0,8.053904428904431
785,Roland Garros,2021,Clay,2,0,0,0,0,0,0,0,0,0,0,0.0,1.0,1.0,644.0,0.04177545691906004,1132.0,0,1,0,0,15.5,159.0,0,0,0,240.25,59.5,-3.4460955710955687
786,Roland Garros,2021,Clay,2,0,0,0,0,0,0,0,0,0,0,0.0,0.0,0.0,49.0,0.001380515508955793,20.0,0,1,0,0,14.0,70.5,0,0,0,196.0,73.5,10.553904428904431
787,Roland Garros,2021,Clay,2,0,0,0,0,1,1,1,0,0,0,0.0,1.0,1.0,20.0,0.00867823765020026,10.0,0,1,0,0,11.0,156.5,1,0,0,121.0,84.5,21.55390442890443
788,Roland Garros,2021,Clay,2,1,1,0,0,1,1,1,0,0,0,1.0,1.0,1.0,29.0,0.02179137210984344,2.0,0,1,0,0,15.5,229.0,1,0,0,240.25,71.0,8.053904428904431
789,Roland Garros,2021,Clay,2,0,0,0,0,0,0,0,0,0,0,0.0,0.0,0.0,54.0,0.02002366105860365,14.0,0,1,0,0,18.5,154.0,0,0,0,342.25,61.0,-1.9460955710955687
790,Roland Garros,2021,Clay,2,1,1,0,0,1,0,0,0,0,0,0.0,1.0,1.0,59.0,0.0513067008473973,14.0,0,1,0,0,13.5,862.0,0,0,0,182.25,25.0,-37.94609557109557
791,Roland Garros,2021,Clay,2,0,0,0,0,0,0,0,0,0,0,0.0,1.0,1.0,8.0,0.01057318491443759,6.0,0,1,0,0,18.0,97.5,0,0,0,324.0,48.5,-14.446095571095569
792,Roland Garros,2021,Clay,2,1,1,0,0,1,0,0,0,0,0,0.0,0.0,0.0,16.5,0.04913998809726816,9.0,0,1,1,0,18.5,59.5,0,1,1,342.25,63.5,0.5539044289044313
793,Roland Garros,2021,Clay,2,0,0,0,0,1,1,1,0,0,0,0.0,0.0,0.0,45.0,0.04032485181910472,24.0,0,1,0,0,23.0,52.0,1,0,0,529.0,34.5,-28.44609557109557
794,Roland Garros,2021,Clay,2,0,0,0,0,0,0,0,0,0,0,0.0,0.0,0.0,473.5,,137.0,0,1,0,0,13.5,79.0,0,0,0,182.25,31.5,-31.44609557109557
795,Roland Garros,2021,Clay,2,1,0,0,1,1,0,0,0,0,0,0.0,0.0,0.0,19.5,0.0004611330698287563,7.0,0,1,0,0,14.5,50.0,0,0,1,210.25,48.5,-14.446095571095569
796,Roland Garros,2021,Clay,2,0,0,0,0,0,0,0,0,0,0,0.0,0.0,0.0,33.0,0.1182914182006741,18.0,0,1,0,0,13.0,491.0,0,0,0,169.0,55.5,-7.446095571095569
797,Roland Garros,2021,Clay,2,1,1,0,1,1,0,0,0,0,0,1.0,1.0,1.0,41.5,0.2293972044263251,13.0,0,1,0,0,7.0,150.5,0,0,1,49.0,90.0,27.05390442890443
798,Roland Garros,2021,Clay,2,1,1,0,0,0,0,0,0,0,0,1.0,1.0,1.0,380.0,0.1533333333333333,308.0,0,1,1,0,17.0,407.5,0,1,1,289.0,71.0,8.053904428904431
799,Roland Garros,2021,Clay,2,0,0,0,0,0,0,0,0,0,0,1.0,1.0,1.0,3.5,0.006430370146846442,1.0,0,1,0,0,13.5,39.5,0,0,0,182.25,13.0,-49.94609557109557
800,Roland Garros,2021,Clay,3,0,0,0,0,0,0,0,0,0,0,1.0,1.0,1.0,320.5,0.04477611940298504,263.0,0,1,0,0,11.5,663.5,0,0,0,132.25,51.0,-11.946095571095569
801,Roland Garros,2021,Clay,3,0,0,0,0,0,0,0,0,0,0,1.0,1.0,1.0,30.5,0.006165839829907926,3.0,0,1,0,0,7.5,152.0,0,0,0,56.25,75.0,12.053904428904431
802,Roland Garros,2021,Clay,3,1,1,0,0,0,0,0,0,0,0,0.0,0.0,0.0,40.0,0.1010436819061196,8.0,0,1,1,0,14.0,81.5,0,1,1,196.0,49.5,-13.446095571095569
803,Roland Garros,2021,Clay,3,0,0,0,0,0,0,0,0,0,0,0.0,0.0,0.0,38.5,0.08551013994417017,3.0,0,1,0,0,18.0,153.0,0,0,0,324.0,40.5,-22.44609557109557
804,Roland Garros,2021,Clay,3,0,0,0,0,0,0,0,0,0,0,0.0,0.0,0.0,45.5,0.1200601374570447,15.0,0,1,0,0,10.5,7.5,0,0,0,110.25,69.0,6.053904428904431
805,Roland Garros,2021,Clay,3,0,0,0,0,0,0,0,0,0,0,0.0,1.0,1.0,93.5,0.0802888315451129,17.0,0,1,0,0,14.0,37.5,0,0,0,196.0,71.0,8.053904428904431
806,Roland Garros,2021,Clay,3,1,1,0,0,0,0,0,0,0,0,1.0,1.0,1.0,20.0,0.04917771232204227,14.0,0,1,0,1,15.5,226.5,0,1,1,240.25,80.0,17.05390442890443
807,Roland Garros,2021,Clay,3,1,1,0,0,0,0,0,0,0,0,1.0,1.0,1.0,89.0,0.09010695187165768,18.0,0,1,1,0,10.5,9.5,0,1,1,110.25,39.0,-23.94609557109557
808,Roland Garros,2021,Clay,3,0,0,0,0,1,0,0,0,0,0,1.0,1.0,1.0,13.0,0.0790823211875844,14.0,0,1,0,0,16.0,644.0,0,0,0,256.0,71.0,8.053904428904431
809,Roland Garros,2021,Clay,3,1,1,0,0,0,0,0,0,0,0,0.0,0.0,0.0,49.0,0.001380515508955793,20.0,0,1,0,1,14.0,20.0,0,1,1,196.0,73.5,10.553904428904431
810,Roland Garros,2021,Clay,3,0,0,0,0,0,0,0,0,0,0,0.0,0.0,0.0,54.0,0.02002366105860365,14.0,0,1,0,0,18.5,29.0,0,0,0,342.25,61.0,-1.9460955710955687
811,Roland Garros,2021,Clay,3,0,0,0,0,1,0,0,0,0,0,0.0,1.0,1.0,59.0,0.0513067008473973,14.0,0,1,0,0,13.5,8.0,0,0,0,182.25,25.0,-37.94609557109557
812,Roland Garros,2021,Clay,3,0,0,0,0,0,0,0,0,0,0,0.0,0.0,0.0,16.5,0.04913998809726816,9.0,0,1,0,0,18.5,45.0,0,0,0,342.25,63.5,0.5539044289044313
813,Roland Garros,2021,Clay,3,0,0,0,0,0,0,0,0,0,0,0.0,0.0,0.0,19.5,0.0004611330698287563,7.0,0,1,0,0,14.5,473.5,0,0,0,210.25,48.5,-14.446095571095569
814,Roland Garros,2021,Clay,3,0,0,0,0,1,1,1,0,0,0,1.0,1.0,1.0,41.5,0.2293972044263251,13.0,0,1,0,0,7.0,33.0,1,0,0,49.0,90.0,27.05390442890443
815,Roland Garros,2021,Clay,3,1,1,0,0,0,0,0,0,0,0,1.0,1.0,1.0,3.5,0.006430370146846442,1.0,0,1,1,0,13.5,380.0,0,1,1,182.25,13.0,-49.94609557109557
816,Roland Garros,2021,Clay,4,1,1,0,0,0,0,0,0,0,0,1.0,1.0,1.0,320.5,0.04477611940298504,263.0,0,1,0,1,11.5,30.5,0,1,1,132.25,51.0,-11.946095571095569
818,Roland Garros,2021,Clay,4,0,0,0,0,0,0,0,0,0,0,0.0,0.0,0.0,45.5,0.1200601374570447,15.0,0,1,0,0,10.5,93.5,0,0,0,110.25,69.0,6.053904428904431
819,Roland Garros,2021,Clay,4,1,1,0,0,1,0,0,0,0,0,1.0,1.0,1.0,89.0,0.09010695187165768,18.0,0,1,1,0,10.5,20.0,0,1,1,110.25,39.0,-23.94609557109557
820,Roland Garros,2021,Clay,4,1,0,0,1,1,1,1,0,0,0,1.0,1.0,1.0,13.0,0.0790823211875844,14.0,0,1,0,0,16.0,49.0,1,0,1,256.0,71.0,8.053904428904431
821,Roland Garros,2021,Clay,4,0,0,0,0,0,0,0,0,0,0,0.0,1.0,1.0,59.0,0.0513067008473973,14.0,0,1,0,0,13.5,54.0,0,0,0,182.25,25.0,-37.94609557109557
822,Roland Garros,2021,Clay,4,0,0,0,0,1,0,0,0,0,0,0.0,0.0,0.0,19.5,0.0004611330698287563,7.0,0,1,0,0,14.5,16.5,0,0,0,210.25,48.5,-14.446095571095569
823,Roland Garros,2021,Clay,4,0,0,0,0,0,0,0,0,0,0,1.0,1.0,1.0,3.5,0.006430370146846442,1.0,0,1,0,0,13.5,41.5,0,0,0,182.25,13.0,-49.94609557109557
824,Roland Garros,2021,Clay,5,0,0,0,0,0,0,0,0,0,0,1.0,1.0,1.0,320.5,0.04477611940298504,263.0,0,1,0,0,11.5,38.5,0,0,0,132.25,51.0,-11.946095571095569
825,Roland Garros,2021,Clay,5,0,0,0,0,0,0,0,0,0,0,1.0,1.0,1.0,89.0,0.09010695187165768,18.0,0,1,0,0,10.5,45.5,0,0,0,110.25,39.0,-23.94609557109557
826,Roland Garros,2021,Clay,5,1,1,0,0,0,0,0,0,0,0,1.0,1.0,1.0,13.0,0.0790823211875844,14.0,0,1,1,0,16.0,59.0,0,1,1,256.0,71.0,8.053904428904431
827,Roland Garros,2021,Clay,5,1,1,0,0,1,0,0,0,0,0,1.0,1.0,1.0,3.5,0.006430370146846442,1.0,0,1,0,0,13.5,19.5,0,0,0,182.25,13.0,-49.94609557109557
828,Roland Garros,2021,Clay,6,0,0,0,0,1,1,1,0,0,0,1.0,1.0,1.0,89.0,0.09010695187165768,18.0,0,1,0,0,10.5,320.5,1,0,0,110.25,39.0,-23.94609557109557
829,Roland Garros,2021,Clay,6,1,1,0,0,1,1,1,0,0,0,1.0,1.0,1.0,13.0,0.0790823211875844,14.0,0,1,0,1,16.0,3.5,1,1,1,256.0,71.0,8.053904428904431
830,Roland Garros,2021,Clay,7,1,1,0,0,1,1,1,0,0,0,1.0,1.0,1.0,13.0,0.0790823211875844,14.0,0,1,0,1,16.0,89.0,1,1,1,256.0,71.0,8.053904428904431
831,US Open,2021,Hard,2,0,0,0,0,0,0,0,0,0,0,1.0,1.0,1.0,85.5,0.002501202501202449,7.0,0,1,0,0,5.0,1.5,0,0,0,25.0,91.0,28.05390442890443
832,US Open,2021,Hard,2,0,0,0,0,0,0,0,0,0,0,0.0,0.0,0.0,180.0,0.05315315315315311,210.0,0,1,0,0,14.0,50.0,0,0,0,196.0,65.5,2.5539044289044313
833,US Open,2021,Hard,2,1,1,0,1,1,1,1,0,0,0,1.0,1.0,1.0,131.0,0.003331403948807043,70.0,0,1,0,0,12.0,32.0,1,0,1,144.0,91.0,28.05390442890443
834,US Open,2021,Hard,2,1,1,0,0,0,0,0,0,0,0,0.0,0.0,0.0,30.5,0.02002366105860365,7.0,0,1,1,0,18.5,90.5,0,1,1,342.25,61.0,-1.9460955710955687
835,US Open,2021,Hard,2,1,1,0,1,1,0,0,0,0,0,0.0,0.0,0.0,26.5,0.1182914182006741,7.0,0,1,0,0,13.0,261.5,0,0,1,169.0,55.5,-7.446095571095569
836,US Open,2021,Hard,2,0,0,0,0,1,1,1,0,0,0,0.0,1.0,1.0,58.0,0.01370293451951354,8.0,0,1,0,0,18.0,122.0,1,0,0,324.0,38.0,-24.94609557109557
837,US Open,2021,Hard,2,1,1,0,0,0,0,0,0,0,0,0.0,0.0,0.0,134.0,0.04870557261956998,80.0,0,1,0,1,17.0,372.0,0,1,1,289.0,77.0,14.053904428904431
838,US Open,2021,Hard,2,0,0,0,0,0,0,0,0,0,0,0.0,0.0,0.0,15.5,0.0004611330698287563,5.0,0,1,0,0,14.5,288.5,0,0,0,210.25,48.5,-14.446095571095569
839,US Open,2021,Hard,2,0,0,0,0,0,0,0,0,0,0,0.0,1.0,1.0,6.5,0.06283712425079746,1.0,0,1,0,0,12.0,266.5,0,0,0,144.0,90.0,27.05390442890443
840,US Open,2021,Hard,2,0,0,0,0,0,0,0,0,0,0,0.0,0.0,0.0,199.0,0.009065825778478476,46.0,0,1,0,0,12.5,105.0,0,0,0,156.25,64.0,1.0539044289044313
842,US Open,2021,Hard,2,1,0,0,1,1,1,1,0,0,0,0.0,0.0,0.0,30.0,0.02504245878110745,36.0,0,1,0,0,17.5,221.5,1,0,1,306.25,40.5,-22.44609557109557
843,US Open,2021,Hard,2,1,1,0,0,0,0,0,0,0,0,1.0,1.0,1.0,124.5,0.03613892365456817,23.0,0,1,1,0,7.0,19.5,0,1,1,49.0,91.0,28.05390442890443
844,US Open,2021,Hard,2,1,0,0,1,1,0,0,0,0,0,0.0,1.0,1.0,53.5,0.02477494732809804,19.0,0,1,0,0,9.0,60.5,0,0,1,81.0,90.0,27.05390442890443
845,US Open,2021,Hard,2,1,1,0,0,0,0,0,0,0,0,1.0,1.0,1.0,55.5,0.1046124124607583,27.0,0,1,1,1,10.0,341.5,0,1,1,100.0,90.0,27.05390442890443
846,US Open,2021,Hard,2,1,1,0,0,1,0,0,0,0,0,1.0,1.0,1.0,82.5,0.06932773109243712,53.0,0,1,0,0,7.0,9.0,0,0,0,49.0,60.0,-2.9460955710955687
847,US Open,2021,Hard,2,0,0,0,0,0,0,0,0,0,0,0.0,0.0,0.0,19.5,0.01226670722707635,11.0,0,1,0,0,13.0,59.5,0,0,0,169.0,71.0,8.053904428904431
848,US Open,2021,Hard,2,1,1,0,0,1,0,0,0,0,0,0.0,1.0,1.0,169.5,0.04177545691906004,209.0,0,1,0,0,15.5,43.5,0,0,0,240.25,59.5,-3.4460955710955687
849,US Open,2021,Hard,2,0,0,0,0,0,0,0,0,0,0,1.0,1.0,1.0,114.5,0.1553061224489796,13.0,0,1,0,0,5.5,908.0,0,0,0,30.25,91.0,28.05390442890443
850,US Open,2021,Hard,2,1,1,0,0,0,0,0,0,0,0,1.0,1.0,1.0,25.5,0.04917771232204227,19.0,0,1,1,0,15.5,125.5,0,1,1,240.25,80.0,17.05390442890443
851,US Open,2021,Hard,2,0,0,0,0,0,0,0,0,0,0,0.0,0.0,0.0,31.0,0.1248251748251749,14.0,0,1,0,0,12.0,325.0,0,0,0,144.0,53.0,-9.946095571095569
852,US Open,2021,Hard,2,1,1,0,0,1,1,1,0,0,0,0.0,1.0,1.0,46.0,0.0513067008473973,12.0,0,1,0,0,13.5,147.5,1,0,0,182.25,25.0,-37.94609557109557
854,US Open,2021,Hard,2,0,0,0,0,0,0,0,0,0,0,1.0,1.0,1.0,6.0,0.0790823211875844,6.0,0,1,0,0,16.0,944.5,0,0,0,256.0,71.0,8.053904428904431
855,US Open,2021,Hard,2,0,0,0,0,0,0,0,0,0,0,0.0,0.0,0.0,16.5,0.04913998809726816,11.0,0,1,0,0,18.5,272.5,0,0,0,342.25,63.5,0.5539044289044313
856,US Open,2021,Hard,2,0,0,0,0,1,1,1,0,0,0,1.0,1.0,1.0,483.5,0.2380952380952381,577.0,0,1,0,0,6.5,128.5,1,0,0,42.25,91.0,28.05390442890443
857,US Open,2021,Hard,2,0,0,0,0,0,0,0,0,0,0,0.0,1.0,1.0,72.5,0.06160479391990648,111.0,0,1,0,0,9.5,341.5,0,0,0,90.25,90.0,27.05390442890443
859,US Open,2021,Hard,2,0,0,0,0,0,0,0,0,0,0,1.0,1.0,1.0,31.5,0.006165839829907926,1.0,0,1,0,0,7.5,605.0,0,0,0,56.25,75.0,12.053904428904431
860,US Open,2021,Hard,2,0,0,0,0,1,0,0,0,0,0,0.0,0.0,0.0,65.5,0.01651973786862226,17.0,0,1,0,0,23.0,48.0,0,0,0,529.0,51.5,-11.446095571095569
861,US Open,2021,Hard,2,1,1,0,0,1,0,0,0,0,0,1.0,1.0,1.0,46.0,0.02179137210984344,18.0,0,1,0,0,15.5,61.5,0,0,0,240.25,71.0,8.053904428904431
862,US Open,2021,Hard,2,0,0,0,0,0,0,0,0,0,0,0.0,1.0,1.0,4.5,0.01057318491443759,1.0,0,1,0,0,18.0,184.0,0,0,0,324.0,48.5,-14.446095571095569
863,US Open,2021,Hard,3,0,0,0,0,0,0,0,0,0,0,0.0,0.0,0.0,180.0,0.05315315315315311,210.0,0,1,0,0,14.0,85.5,0,0,0,196.0,65.5,2.5539044289044313
864,US Open,2021,Hard,3,1,1,0,0,0,0,0,0,0,0,1.0,1.0,1.0,131.0,0.003331403948807043,70.0,0,1,1,0,12.0,30.5,0,1,1,144.0,91.0,28.05390442890443
865,US Open,2021,Hard,3,1,0,0,1,1,0,0,0,0,0,0.0,1.0,1.0,58.0,0.01370293451951354,8.0,0,1,0,0,18.0,26.5,0,0,1,324.0,38.0,-24.94609557109557
866,US Open,2021,Hard,3,1,1,0,0,0,0,0,0,0,0,0.0,0.0,0.0,15.5,0.0004611330698287563,5.0,0,1,1,1,14.5,134.0,0,1,1,210.25,48.5,-14.446095571095569
867,US Open,2021,Hard,3,0,0,0,0,0,0,0,0,0,0,0.0,1.0,1.0,6.5,0.06283712425079746,1.0,0,1,0,0,12.0,199.0,0,0,0,144.0,90.0,27.05390442890443
868,US Open,2021,Hard,3,0,0,0,0,1,0,0,0,0,0,0.0,0.0,0.0,30.0,0.02504245878110745,36.0,0,1,0,0,17.5,133.0,0,0,0,306.25,40.5,-22.44609557109557
869,US Open,2021,Hard,3,1,1,0,0,0,0,0,0,0,0,1.0,1.0,1.0,124.5,0.03613892365456817,23.0,0,1,1,0,7.0,53.5,0,1,1,49.0,91.0,28.05390442890443
870,US Open,2021,Hard,3,1,1,0,0,0,0,0,0,0,0,1.0,1.0,1.0,55.5,0.1046124124607583,27.0,0,1,0,1,10.0,82.5,0,1,1,100.0,90.0,27.05390442890443
871,US Open,2021,Hard,3,1,1,0,0,0,0,0,0,0,0,0.0,0.0,0.0,19.5,0.01226670722707635,11.0,0,1,1,0,13.0,169.5,0,1,1,169.0,71.0,8.053904428904431
872,US Open,2021,Hard,3,1,1,0,0,0,0,0,0,0,0,1.0,1.0,1.0,25.5,0.04917771232204227,19.0,0,1,0,1,15.5,114.5,0,1,1,240.25,80.0,17.05390442890443
873,US Open,2021,Hard,3,0,0,0,0,0,0,0,0,0,0,0.0,0.0,0.0,31.0,0.1248251748251749,14.0,0,1,0,0,12.0,46.0,0,0,0,144.0,53.0,-9.946095571095569
874,US Open,2021,Hard,3,1,1,0,1,1,0,0,0,0,0,1.0,1.0,1.0,6.0,0.0790823211875844,6.0,0,1,0,0,16.0,47.0,0,0,1,256.0,71.0,8.053904428904431
875,US Open,2021,Hard,3,1,1,0,0,0,0,0,0,0,0,0.0,0.0,0.0,16.5,0.04913998809726816,11.0,0,1,1,0,18.5,483.5,0,1,1,342.25,63.5,0.5539044289044313
877,US Open,2021,Hard,3,1,0,0,1,1,1,1,0,0,0,0.0,0.0,0.0,65.5,0.01651973786862226,17.0,0,1,0,0,23.0,31.5,1,0,1,529.0,51.5,-11.446095571095569
878,US Open,2021,Hard,3,1,1,0,1,1,1,1,0,0,0,0.0,1.0,1.0,4.5,0.01057318491443759,1.0,0,1,0,0,18.0,46.0,1,0,1,324.0,48.5,-14.446095571095569
879,US Open,2021,Hard,4,0,0,0,0,0,0,0,0,0,0,1.0,1.0,1.0,131.0,0.003331403948807043,70.0,0,1,0,0,12.0,180.0,0,0,0,144.0,91.0,28.05390442890443
880,US Open,2021,Hard,4,1,1,0,0,0,0,0,0,0,0,0.0,0.0,0.0,15.5,0.0004611330698287563,5.0,0,1,0,1,14.5,58.0,0,1,1,210.25,48.5,-14.446095571095569
881,US Open,2021,Hard,4,1,1,0,1,1,1,1,0,0,0,0.0,1.0,1.0,6.5,0.06283712425079746,1.0,0,1,0,0,12.0,30.0,1,0,1,144.0,90.0,27.05390442890443
882,US Open,2021,Hard,4,0,0,0,0,0,0,0,0,0,0,1.0,1.0,1.0,55.5,0.1046124124607583,27.0,0,1,0,0,10.0,124.5,0,0,0,100.0,90.0,27.05390442890443
883,US Open,2021,Hard,4,0,0,0,0,1,1,1,0,0,0,0.0,0.0,0.0,19.5,0.01226670722707635,11.0,0,1,0,0,13.0,25.5,1,0,0,169.0,71.0,8.053904428904431
884,US Open,2021,Hard,4,0,0,0,0,1,1,1,0,0,0,1.0,1.0,1.0,6.0,0.0790823211875844,6.0,0,1,0,0,16.0,31.0,1,0,0,256.0,71.0,8.053904428904431
885,US Open,2021,Hard,4,1,1,0,0,1,0,0,0,0,0,0.0,0.0,0.0,16.5,0.04913998809726816,11.0,0,1,1,0,18.5,197.0,0,1,1,342.25,63.5,0.5539044289044313
886,US Open,2021,Hard,4,0,0,0,0,0,0,0,0,0,0,0.0,1.0,1.0,4.5,0.01057318491443759,1.0,0,1,0,0,18.0,65.5,0,0,0,324.0,48.5,-14.446095571095569
887,US Open,2021,Hard,5,1,1,0,0,0,0,0,0,0,0,1.0,1.0,1.0,131.0,0.003331403948807043,70.0,0,1,0,1,12.0,15.5,0,1,1,144.0,91.0,28.05390442890443
888,US Open,2021,Hard,5,1,1,0,1,1,0,0,0,0,0,0.0,1.0,1.0,6.5,0.06283712425079746,1.0,0,1,1,0,12.0,55.5,0,1,1,144.0,90.0,27.05390442890443
889,US Open,2021,Hard,5,0,0,0,0,0,0,0,0,0,0,0.0,0.0,0.0,19.5,0.01226670722707635,11.0,0,1,0,0,13.0,6.0,0,0,0,169.0,71.0,8.053904428904431
890,US Open,2021,Hard,5,1,1,0,0,1,1,1,0,0,0,0.0,0.0,0.0,16.5,0.04913998809726816,11.0,0,1,0,0,18.5,4.5,1,0,0,342.25,63.5,0.5539044289044313
891,US Open,2021,Hard,6,1,1,0,0,0,0,0,0,0,0,0.0,1.0,1.0,6.5,0.06283712425079746,1.0,0,1,1,0,12.0,131.0,0,1,1,144.0,90.0,27.05390442890443
892,US Open,2021,Hard,6,0,0,0,0,1,0,0,0,0,0,0.0,0.0,0.0,16.5,0.04913998809726816,11.0,0,1,0,0,18.5,19.5,0,0,0,342.25,63.5,0.5539044289044313
893,US Open,2021,Hard,7,0,0,0,0,1,1,1,0,0,0,0.0,1.0,1.0,6.5,0.06283712425079746,1.0,0,1,0,0,12.0,16.5,1,0,0,144.0,90.0,27.05390442890443
894,Wimbledon,2021,Grass,2,0,0,0,0,0,0,0,0,0,0,1.0,1.0,1.0,2.0,0.03741686333404848,2.0,0,1,0,0,11.5,76.5,0,0,0,132.25,33.0,-29.94609557109557
895,Wimbledon,2021,Grass,2,1,1,0,0,0,0,0,0,0,0,1.0,1.0,1.0,79.0,0.01827875095201831,22.0,0,1,1,0,9.0,712.5,0,1,1,81.0,90.0,27.05390442890443
896,Wimbledon,2021,Grass,2,1,1,0,0,0,0,0,0,0,0,0.0,1.0,1.0,51.0,0.0513067008473973,12.0,0,1,1,0,13.5,656.5,0,1,1,182.25,25.0,-37.94609557109557
897,Wimbledon,2021,Grass,2,0,0,0,0,1,0,0,0,0,0,0.0,0.0,0.0,36.0,0.03393586098448154,10.0,0,1,0,0,14.5,722.5,0,0,0,210.25,67.0,4.053904428904431
898,Wimbledon,2021,Grass,2,0,0,0,0,1,1,1,0,0,0,0.0,0.0,0.0,91.0,0.02743182053526882,16.0,0,1,0,0,9.5,20.5,1,0,0,90.25,76.0,13.053904428904431
899,Wimbledon,2021,Grass,2,1,1,0,0,0,0,0,0,0,0,1.0,1.0,1.0,856.0,0.3,374.0,0,1,1,0,0.0,247.5,0,1,1,0.0,89.0,26.05390442890443
900,Wimbledon,2021,Grass,2,1,1,0,0,1,0,0,0,0,0,1.0,1.0,1.0,63.5,0.06080233079336622,57.0,0,1,1,0,19.0,64.5,0,1,1,361.0,80.0,17.05390442890443
901,Wimbledon,2021,Grass,2,0,0,0,0,1,0,0,0,0,0,0.0,0.0,0.0,18.0,0.005113704012382425,2.0,0,1,0,0,21.0,82.5,0,0,0,441.0,49.0,-13.946095571095569
902,Wimbledon,2021,Grass,2,0,0,0,0,0,0,0,0,0,0,1.0,1.0,1.0,4.5,0.006430370146846442,1.0,0,1,0,0,13.5,313.0,0,0,0,182.25,13.0,-49.94609557109557
904,Wimbledon,2021,Grass,2,1,1,0,0,0,0,0,0,0,0,1.0,1.0,1.0,64.0,0.03253241800152551,6.0,0,1,1,0,8.0,841.0,0,1,1,64.0,89.0,26.05390442890443
905,Wimbledon,2021,Grass,2,1,1,0,0,1,1,1,0,0,0,1.0,1.0,1.0,37.5,0.2293972044263251,11.0,0,1,0,1,7.0,135.5,1,1,1,49.0,90.0,27.05390442890443
906,Wimbledon,2021,Grass,2,1,1,1,0,1,1,1,0,0,0,1.0,1.0,1.0,71.5,0.1006400276768726,3.0,0,1,0,1,12.0,27.5,1,1,1,144.0,90.0,27.05390442890443
907,Wimbledon,2021,Grass,2,1,1,0,0,0,0,0,0,0,0,0.0,1.0,1.0,52.5,0.06084306095979247,1.0,0,1,0,1,11.5,61.5,0,1,1,132.25,22.0,-40.94609557109557
908,Wimbledon,2021,Grass,2,0,0,0,0,1,1,1,0,0,0,0.0,0.0,0.0,370.5,0.01818181818181819,171.0,1,1,0,0,12.0,248.5,1,0,0,144.0,78.0,15.053904428904431
909,Wimbledon,2021,Grass,2,0,0,0,0,0,0,0,0,0,0,0.0,1.0,1.0,11.5,0.06283712425079746,1.0,0,1,0,0,12.0,941.0,0,0,0,144.0,90.0,27.05390442890443
910,Wimbledon,2021,Grass,2,0,0,0,0,0,0,0,0,0,0,0.0,0.0,0.0,8.5,0.004037674425954929,1.0,0,1,0,0,16.5,256.0,0,0,0,272.25,42.5,-20.44609557109557
911,Wimbledon,2021,Grass,2,1,1,0,0,0,0,0,0,0,0,0.0,0.0,0.0,163.0,0.01503213767364708,18.0,0,1,0,1,5.5,224.0,0,1,1,30.25,70.0,7.053904428904431
912,Wimbledon,2021,Grass,2,1,0,1,0,1,0,0,0,0,0,0.0,0.0,0.0,142.5,0.05161290322580636,125.0,0,1,0,0,4.5,244.0,0,0,1,20.25,70.0,7.053904428904431
914,Wimbledon,2021,Grass,2,0,0,0,0,0,0,0,0,0,0,0.0,0.0,0.0,42.5,0.04032485181910472,25.0,0,1,0,0,23.0,28.5,0,0,0,529.0,34.5,-28.44609557109557
915,Wimbledon,2021,Grass,2,1,1,0,0,0,0,0,0,0,0,0.0,1.0,1.0,924.5,0.1734693877551021,1181.0,0,1,0,1,5.0,130.0,0,1,1,25.0,77.5,14.553904428904431
916,Wimbledon,2021,Grass,2,0,0,0,0,0,0,0,0,0,0,1.0,1.0,1.0,42.0,0.1482898289828982,48.0,0,1,0,0,11.5,367.0,0,0,0,132.25,89.0,26.05390442890443
917,Wimbledon,2021,Grass,2,0,0,0,0,0,0,0,0,0,0,0.0,1.0,1.0,8.5,0.01057318491443759,3.0,0,1,0,0,18.0,140.0,0,0,0,324.0,48.5,-14.446095571095569
918,Wimbledon,2021,Grass,2,1,1,0,0,1,0,0,0,0,0,0.0,0.0,0.0,17.5,0.04913998809726816,9.0,0,1,0,0,18.5,139.5,0,0,0,342.25,63.5,0.5539044289044313
919,Wimbledon,2021,Grass,2,1,1,0,0,1,1,1,0,0,0,0.0,0.0,0.0,42.0,0.07398268398268404,4.0,0,1,0,0,16.0,51.5,1,0,0,256.0,59.5,-3.4460955710955687
920,Wimbledon,2021,Grass,2,1,1,0,0,1,0,0,0,0,0,0.0,0.0,0.0,41.0,0.02002366105860365,10.0,0,1,0,0,18.5,260.5,0,0,0,342.25,61.0,-1.9460955710955687
921,Wimbledon,2021,Grass,2,1,1,0,0,0,0,0,0,0,0,0.0,0.0,0.0,24.0,,18.0,0,1,1,0,13.0,57.0,0,1,1,169.0,67.0,4.053904428904431
922,Wimbledon,2021,Grass,2,1,1,0,0,1,1,1,0,0,0,0.0,0.0,0.0,35.0,0.1182914182006741,24.0,0,1,0,0,13.0,71.5,1,0,0,169.0,55.5,-7.446095571095569
923,Wimbledon,2021,Grass,2,1,1,0,0,1,0,0,0,0,0,0.0,0.0,0.0,258.0,0.1614035087719298,194.0,0,1,1,0,9.5,93.0,0,1,1,90.25,63.5,0.5539044289044313
924,Wimbledon,2021,Grass,2,0,0,0,0,0,0,0,0,0,0,1.0,1.0,1.0,47.5,0.02179137210984344,21.0,0,1,0,0,15.5,132.5,0,0,0,240.25,71.0,8.053904428904431
925,Wimbledon,2021,Grass,2,0,0,0,0,0,0,0,0,0,0,1.0,1.0,1.0,4.0,0.0790823211875844,4.0,0,1,0,0,16.0,385.0,0,0,0,256.0,71.0,8.053904428904431
926,Wimbledon,2021,Grass,3,0,0,0,0,0,0,0,0,0,0,1.0,1.0,1.0,2.0,0.03741686333404848,2.0,0,1,0,0,11.5,79.0,0,0,0,132.25,33.0,-29.94609557109557
928,Wimbledon,2021,Grass,3,0,0,0,0,1,1,1,0,0,0,0.0,0.0,0.0,91.0,0.02743182053526882,16.0,0,1,0,0,9.5,856.0,1,0,0,90.25,76.0,13.053904428904431
929,Wimbledon,2021,Grass,3,0,0,0,0,0,0,0,0,0,0,0.0,0.0,0.0,18.0,0.005113704012382425,2.0,0,1,0,0,21.0,63.5,0,0,0,441.0,49.0,-13.946095571095569
930,Wimbledon,2021,Grass,3,1,1,0,0,0,0,0,0,0,0,1.0,1.0,1.0,4.5,0.006430370146846442,1.0,0,1,0,1,13.5,138.5,0,1,1,182.25,13.0,-49.94609557109557
931,Wimbledon,2021,Grass,3,0,0,0,0,0,0,0,0,0,0,1.0,1.0,1.0,37.5,0.2293972044263251,11.0,0,1,0,0,7.0,64.0,0,0,0,49.0,90.0,27.05390442890443
932,Wimbledon,2021,Grass,3,1,1,0,0,1,0,0,0,0,0,0.0,1.0,1.0,52.5,0.06084306095979247,1.0,0,1,1,0,11.5,71.5,0,1,1,132.25,22.0,-40.94609557109557
933,Wimbledon,2021,Grass,3,0,0,0,0,0,0,0,0,0,0,0.0,1.0,1.0,11.5,0.06283712425079746,1.0,0,1,0,0,12.0,370.5,0,0,0,144.0,90.0,27.05390442890443
934,Wimbledon,2021,Grass,3,1,1,0,0,1,0,0,0,0,0,0.0,0.0,0.0,163.0,0.01503213767364708,18.0,0,1,1,0,5.5,8.5,0,1,1,30.25,70.0,7.053904428904431
935,Wimbledon,2021,Grass,3,1,1,0,0,0,0,0,0,0,0,0.0,0.0,0.0,142.5,0.05161290322580636,125.0,0,1,0,1,4.5,20.5,0,1,1,20.25,70.0,7.053904428904431
936,Wimbledon,2021,Grass,3,1,1,0,0,1,0,0,0,0,0,0.0,0.0,0.0,42.5,0.04032485181910472,25.0,0,1,1,0,23.0,924.5,0,1,1,529.0,34.5,-28.44609557109557
937,Wimbledon,2021,Grass,3,1,1,1,0,1,0,0,0,0,0,0.0,1.0,1.0,8.5,0.01057318491443759,3.0,0,1,0,0,18.0,42.0,0,0,1,324.0,48.5,-14.446095571095569
938,Wimbledon,2021,Grass,3,1,1,0,0,1,1,1,0,0,0,0.0,0.0,0.0,42.0,0.07398268398268404,4.0,0,1,0,0,16.0,17.5,1,0,0,256.0,59.5,-3.4460955710955687
939,Wimbledon,2021,Grass,3,1,1,0,0,0,0,0,0,0,0,0.0,0.0,0.0,41.0,0.02002366105860365,10.0,0,1,1,0,18.5,24.0,0,1,1,342.25,61.0,-1.9460955710955687
940,Wimbledon,2021,Grass,3,0,0,0,0,1,1,1,0,0,0,0.0,0.0,0.0,35.0,0.1182914182006741,24.0,0,1,0,0,13.0,258.0,1,0,0,169.0,55.5,-7.446095571095569
942,Wimbledon,2021,Grass,4,1,0,0,1,1,0,0,0,0,0,1.0,1.0,1.0,2.0,0.03741686333404848,2.0,0,1,0,0,11.5,51.0,0,0,1,132.25,33.0,-29.94609557109557
944,Wimbledon,2021,Grass,4,0,0,0,0,1,0,0,0,0,0,1.0,1.0,1.0,4.5,0.006430370146846442,1.0,0,1,0,0,13.5,37.5,0,0,0,182.25,13.0,-49.94609557109557
945,Wimbledon,2021,Grass,4,1,0,0,1,1,0,0,0,0,0,0.0,1.0,1.0,11.5,0.06283712425079746,1.0,0,1,0,0,12.0,52.5,0,0,1,144.0,90.0,27.05390442890443
947,Wimbledon,2021,Grass,4,1,1,0,1,1,0,0,0,0,0,0.0,1.0,1.0,8.5,0.01057318491443759,3.0,0,1,0,1,18.0,42.5,0,1,1,324.0,48.5,-14.446095571095569
948,Wimbledon,2021,Grass,4,0,0,0,0,1,0,0,0,0,0,0.0,0.0,0.0,41.0,0.02002366105860365,10.0,0,1,0,0,18.5,42.0,0,0,0,342.25,61.0,-1.9460955710955687
949,Wimbledon,2021,Grass,4,1,1,0,1,1,1,1,0,0,0,0.0,0.0,0.0,35.0,0.1182914182006741,24.0,0,1,0,0,13.0,47.5,1,0,1,169.0,55.5,-7.446095571095569
950,Wimbledon,2021,Grass,5,0,0,0,0,1,1,1,0,0,0,1.0,1.0,1.0,2.0,0.03741686333404848,2.0,0,1,0,0,11.5,18.0,1,0,0,132.25,33.0,-29.94609557109557
951,Wimbledon,2021,Grass,5,1,0,0,1,1,0,0,0,0,0,0.0,1.0,1.0,11.5,0.06283712425079746,1.0,0,1,0,0,12.0,4.5,0,0,1,144.0,90.0,27.05390442890443
952,Wimbledon,2021,Grass,5,0,0,0,0,1,0,0,0,0,0,0.0,1.0,1.0,8.5,0.01057318491443759,3.0,0,1,0,0,18.0,142.5,0,0,0,324.0,48.5,-14.446095571095569
953,Wimbledon,2021,Grass,5,1,1,0,0,1,0,0,0,0,0,0.0,0.0,0.0,41.0,0.02002366105860365,10.0,0,1,1,0,18.5,35.0,0,1,1,342.25,61.0,-1.9460955710955687
954,Wimbledon,2021,Grass,6,1,1,0,1,1,0,0,0,0,0,1.0,1.0,1.0,2.0,0.03741686333404848,2.0,0,1,1,0,11.5,11.5,0,1,1,132.25,33.0,-29.94609557109557
955,Wimbledon,2021,Grass,6,1,0,0,1,1,0,0,0,0,0,0.0,1.0,1.0,8.5,0.01057318491443759,3.0,0,1,0,0,18.0,41.0,0,0,1,324.0,48.5,-14.446095571095569
956,Wimbledon,2021,Grass,7,1,1,0,0,1,0,0,0,0,0,1.0,1.0,1.0,2.0,0.03741686333404848,2.0,0,1,0,1,11.5,8.5,0,1,1,132.25,33.0,-29.94609557109557
957,Australian Open,2022,Hard,2,1,1,0,0,1,1,1,1,1,0,1.0,1.0,1.0,1.5,0.03741686333404848,1.0,0,1,0,1,12.5,199.5,1,1,1,156.25,33.0,-29.94609557109557
958,Australian Open,2022,Hard,2,0,0,0,0,0,0,0,1,1,0,1.0,1.0,1.0,346.5,0.002705575417914829,175.0,0,1,0,0,9.0,969.5,0,0,0,81.0,90.0,27.05390442890443
959,Australian Open,2022,Hard,2,0,0,0,0,0,0,0,1,1,0,1.0,1.0,1.0,86.5,0.07516497666183797,35.0,0,1,0,0,9.5,179.0,0,0,0,90.25,67.0,4.053904428904431
960,Australian Open,2022,Hard,2,0,0,0,0,0,0,0,1,1,0,0.0,1.0,1.0,43.0,0.06084306095979247,8.0,0,1,0,0,12.5,38.0,0,0,0,156.25,22.0,-40.94609557109557
961,Australian Open,2022,Hard,2,1,1,0,0,0,0,0,1,1,0,1.0,1.0,1.0,86.5,0.002501202501202449,5.0,0,1,1,0,6.0,29.5,0,1,1,36.0,91.0,28.05390442890443
963,Australian Open,2022,Hard,2,0,0,0,0,0,0,0,1,1,0,0.0,0.0,0.0,281.0,0.0844854070660522,172.0,0,1,0,0,7.5,289.5,0,0,0,56.25,61.0,-1.9460955710955687
964,Australian Open,2022,Hard,2,1,1,0,0,0,0,0,1,1,0,0.0,0.0,0.0,16.5,0.05237538940809972,3.0,0,1,0,1,12.0,134.5,0,1,1,144.0,73.0,10.053904428904431
965,Australian Open,2022,Hard,2,0,0,0,0,0,0,0,1,1,0,0.0,1.0,1.0,6.5,0.01057318491443759,1.0,0,1,0,0,19.0,314.0,0,0,0,361.0,48.5,-14.446095571095569
966,Australian Open,2022,Hard,2,0,0,0,0,0,0,0,1,1,0,0.0,0.0,0.0,72.0,0.1033125371360666,14.0,0,1,0,0,13.0,248.5,0,0,0,169.0,64.0,1.0539044289044313
967,Australian Open,2022,Hard,2,0,0,0,0,0,0,0,1,1,0,1.0,1.0,1.0,110.0,0.04477611940298504,60.0,0,1,0,0,12.5,151.0,0,0,0,156.25,51.0,-11.946095571095569
968,Australian Open,2022,Hard,2,1,1,0,1,1,1,1,1,1,0,1.0,1.0,1.0,209.5,0.03869674185463656,277.0,0,1,0,1,11.5,33.5,1,1,1,132.25,80.0,17.05390442890443
969,Australian Open,2022,Hard,2,1,1,0,0,0,0,0,1,1,0,1.0,1.0,1.0,27.5,0.08426573426573425,27.0,0,1,1,0,10.5,41.5,0,1,1,110.25,67.0,4.053904428904431
970,Australian Open,2022,Hard,2,1,1,0,0,0,0,0,1,1,0,1.0,1.0,1.0,59.5,0.0811477883048699,43.0,0,1,1,1,13.0,550.5,0,1,1,169.0,91.0,28.05390442890443
971,Australian Open,2022,Hard,2,0,0,0,0,1,1,1,1,1,0,1.0,1.0,1.0,571.0,0.1054945054945055,158.0,0,1,0,0,1.0,133.5,1,0,0,1.0,90.0,27.05390442890443
972,Australian Open,2022,Hard,2,0,0,0,0,0,0,0,1,1,0,0.0,0.0,0.0,10.5,0.01226670722707635,3.0,0,1,0,0,14.0,45.5,0,0,0,196.0,71.0,8.053904428904431
973,Australian Open,2022,Hard,2,1,1,0,0,1,0,0,1,1,0,0.0,0.0,0.0,56.0,0.03397368914610294,28.0,0,1,1,0,20.5,18.0,0,1,1,420.25,26.5,-36.44609557109557
974,Australian Open,2022,Hard,2,0,0,0,0,0,0,0,1,1,0,0.0,0.0,0.0,934.0,0.09090909090909088,470.0,1,1,0,0,7.5,66.5,0,0,0,56.25,54.5,-8.446095571095569
975,Australian Open,2022,Hard,2,1,0,0,1,1,1,1,1,1,0,0.0,0.0,0.0,282.5,0.1004983388704319,243.0,0,1,0,0,9.5,951.0,1,0,1,90.25,52.5,-10.446095571095569
976,Australian Open,2022,Hard,2,0,0,0,0,0,0,0,1,1,0,0.0,0.0,0.0,20.5,0.0005411255411255089,1.0,0,1,0,0,12.0,71.0,0,0,0,144.0,84.5,21.55390442890443
977,Australian Open,2022,Hard,2,1,1,0,0,1,0,0,1,1,0,0.0,0.0,0.0,38.0,0.1182914182006741,22.0,0,1,1,0,14.0,40.5,0,1,1,196.0,55.5,-7.446095571095569
978,Australian Open,2022,Hard,2,0,0,0,0,1,1,1,1,1,0,1.0,1.0,1.0,57.0,0.07595781317262151,6.0,0,1,0,0,15.0,200.5,1,0,0,225.0,89.0,26.05390442890443
979,Australian Open,2022,Hard,2,1,1,0,0,0,0,0,1,1,0,1.0,1.0,1.0,44.5,0.1046124124607583,21.0,0,1,1,0,11.0,63.0,0,1,1,121.0,90.0,27.05390442890443
980,Australian Open,2022,Hard,2,1,1,0,0,0,0,0,1,1,0,1.0,1.0,1.0,10.0,0.006430370146846442,0.0,0,1,0,1,14.5,232.0,0,1,1,210.25,13.0,-49.94609557109557
981,Australian Open,2022,Hard,2,0,0,0,0,0,0,0,1,1,0,0.0,0.0,0.0,17.5,0.04913998809726816,3.0,0,1,0,0,19.5,164.5,0,0,0,380.25,63.5,0.5539044289044313
982,Australian Open,2022,Hard,2,0,0,0,0,0,0,0,1,1,0,0.0,0.0,0.0,68.5,0.02743182053526882,11.0,0,1,0,0,10.5,385.5,0,0,0,110.25,76.0,13.053904428904431
983,Australian Open,2022,Hard,2,0,0,0,0,0,0,0,1,1,0,1.0,1.0,1.0,59.0,0.07673039392159464,68.0,0,1,0,0,18.5,74.5,0,0,0,342.25,76.0,13.053904428904431
984,Australian Open,2022,Hard,2,0,0,0,0,1,1,1,1,1,0,0.0,0.0,0.0,18.5,5.719722593455767e-05,11.0,0,1,0,0,21.0,105.0,1,0,0,441.0,35.5,-27.44609557109557
986,Australian Open,2022,Hard,2,1,1,0,0,1,1,1,1,1,0,0.0,0.0,0.0,144.5,,15.0,0,1,0,1,14.0,43.5,1,1,1,196.0,23.0,-39.94609557109557
988,Australian Open,2022,Hard,2,0,0,0,0,0,0,0,1,1,0,0.0,1.0,1.0,3.5,0.06283712425079746,1.0,0,1,0,0,13.0,346.0,0,0,0,169.0,90.0,27.05390442890443
989,Australian Open,2022,Hard,3,1,1,0,0,0,0,0,1,1,0,1.0,1.0,1.0,346.5,0.002705575417914829,175.0,0,1,1,0,9.0,1.5,0,1,1,81.0,90.0,27.05390442890443
990,Australian Open,2022,Hard,3,1,1,0,0,1,0,0,1,1,0,0.0,1.0,1.0,43.0,0.06084306095979247,8.0,0,1,1,0,12.5,86.5,0,1,1,156.25,22.0,-40.94609557109557
991,Australian Open,2022,Hard,3,1,1,0,0,1,1,1,1,1,0,1.0,1.0,1.0,877.5,0.3525,585.0,0,1,0,0,11.0,86.5,1,0,0,121.0,90.0,27.05390442890443
992,Australian Open,2022,Hard,3,0,0,0,0,0,0,0,1,1,0,0.0,0.0,0.0,16.5,0.05237538940809972,3.0,0,1,0,0,12.0,281.0,0,0,0,144.0,73.0,10.053904428904431
993,Australian Open,2022,Hard,3,0,0,0,0,0,0,0,1,1,0,0.0,1.0,1.0,6.5,0.01057318491443759,1.0,0,1,0,0,19.0,72.0,0,0,0,361.0,48.5,-14.446095571095569
994,Australian Open,2022,Hard,3,1,1,0,0,0,0,0,1,1,0,1.0,1.0,1.0,110.0,0.04477611940298504,60.0,0,1,0,1,12.5,209.5,0,1,1,156.25,51.0,-11.946095571095569
995,Australian Open,2022,Hard,3,1,1,0,0,1,0,0,1,1,0,1.0,1.0,1.0,27.5,0.08426573426573425,27.0,0,1,0,0,10.5,59.5,0,0,0,110.25,67.0,4.053904428904431
996,Australian Open,2022,Hard,3,0,0,0,0,1,0,0,1,1,0,0.0,0.0,0.0,10.5,0.01226670722707635,3.0,0,1,0,0,14.0,571.0,0,0,0,196.0,71.0,8.053904428904431
997,Australian Open,2022,Hard,3,1,0,0,1,1,1,1,1,1,0,0.0,0.0,0.0,934.0,0.09090909090909088,470.0,1,1,0,0,7.5,56.0,1,0,1,56.25,54.5,-8.446095571095569
998,Australian Open,2022,Hard,3,0,0,0,0,0,0,0,1,1,0,0.0,0.0,0.0,20.5,0.0005411255411255089,1.0,0,1,0,0,12.0,282.5,0,0,0,144.0,84.5,21.55390442890443
999,Australian Open,2022,Hard,3,0,0,0,0,0,0,0,1,1,0,0.0,0.0,0.0,38.0,0.1182914182006741,22.0,0,1,0,0,14.0,57.0,0,0,0,196.0,55.5,-7.446095571095569
1000,Australian Open,2022,Hard,3,0,0,0,0,1,1,1,1,1,0,1.0,1.0,1.0,44.5,0.1046124124607583,21.0,0,1,0,0,11.0,10.0,1,0,0,121.0,90.0,27.05390442890443
1001,Australian Open,2022,Hard,3,1,1,0,0,1,1,1,1,1,0,0.0,0.0,0.0,17.5,0.04913998809726816,3.0,0,1,0,1,19.5,68.5,1,1,1,380.25,63.5,0.5539044289044313
1002,Australian Open,2022,Hard,3,1,1,0,0,0,0,0,1,1,0,1.0,1.0,1.0,59.0,0.07673039392159464,68.0,0,1,1,0,18.5,18.5,0,1,1,342.25,76.0,13.053904428904431
1003,Australian Open,2022,Hard,3,1,1,0,0,0,0,0,1,1,0,1.0,1.0,1.0,772.5,0.2597402597402597,413.0,0,1,1,0,0.0,144.5,0,1,1,0.0,90.0,27.05390442890443
1004,Australian Open,2022,Hard,3,0,0,0,0,0,0,0,1,1,0,0.0,1.0,1.0,3.5,0.06283712425079746,1.0,0,1,0,0,13.0,77.0,0,0,0,169.0,90.0,27.05390442890443
1005,Australian Open,2022,Hard,4,0,0,0,0,1,0,0,1,1,0,1.0,1.0,1.0,346.5,0.002705575417914829,175.0,0,1,0,0,9.0,43.0,0,0,0,81.0,90.0,27.05390442890443
1007,Australian Open,2022,Hard,4,0,0,0,0,0,0,0,1,1,0,0.0,1.0,1.0,6.5,0.01057318491443759,1.0,0,1,0,0,19.0,110.0,0,0,0,361.0,48.5,-14.446095571095569
1008,Australian Open,2022,Hard,4,0,0,0,0,0,0,0,1,1,0,0.0,0.0,0.0,10.5,0.01226670722707635,3.0,0,1,0,0,14.0,27.5,0,0,0,196.0,71.0,8.053904428904431
1009,Australian Open,2022,Hard,4,0,0,0,0,0,0,0,1,1,0,0.0,0.0,0.0,20.5,0.0005411255411255089,1.0,0,1,0,0,12.0,934.0,0,0,0,144.0,84.5,21.55390442890443
1010,Australian Open,2022,Hard,4,1,1,0,0,0,0,0,1,1,0,1.0,1.0,1.0,44.5,0.1046124124607583,21.0,0,1,1,0,11.0,38.0,0,1,1,121.0,90.0,27.05390442890443
1011,Australian Open,2022,Hard,4,1,1,0,0,1,1,1,1,1,0,1.0,1.0,1.0,59.0,0.07673039392159464,68.0,0,1,0,1,18.5,17.5,1,1,1,342.25,76.0,13.053904428904431
1012,Australian Open,2022,Hard,4,0,0,0,0,0,0,0,1,1,0,0.0,1.0,1.0,3.5,0.06283712425079746,1.0,0,1,0,0,13.0,772.5,0,0,0,169.0,90.0,27.05390442890443
1013,Australian Open,2022,Hard,5,0,0,0,0,1,0,0,1,1,0,1.0,1.0,1.0,346.5,0.002705575417914829,175.0,0,1,0,0,9.0,16.5,0,0,0,81.0,90.0,27.05390442890443
1014,Australian Open,2022,Hard,5,1,1,0,0,0,0,0,1,1,0,0.0,1.0,1.0,6.5,0.01057318491443759,1.0,0,1,1,0,19.0,10.5,0,1,1,361.0,48.5,-14.446095571095569
1015,Australian Open,2022,Hard,5,1,0,0,1,1,1,1,1,1,0,1.0,1.0,1.0,44.5,0.1046124124607583,21.0,0,1,0,0,11.0,20.5,1,0,1,121.0,90.0,27.05390442890443
1016,Australian Open,2022,Hard,5,0,0,0,0,0,0,0,1,1,0,0.0,1.0,1.0,3.5,0.06283712425079746,1.0,0,1,0,0,13.0,59.0,0,0,0,169.0,90.0,27.05390442890443
1017,Australian Open,2022,Hard,6,1,1,0,0,0,0,0,1,1,0,1.0,1.0,1.0,346.5,0.002705575417914829,175.0,0,1,1,0,9.0,6.5,0,1,1,81.0,90.0,27.05390442890443
1018,Australian Open,2022,Hard,6,1,1,0,0,0,0,0,1,1,0,1.0,1.0,1.0,44.5,0.1046124124607583,21.0,0,1,0,1,11.0,3.5,0,1,1,121.0,90.0,27.05390442890443
1019,Australian Open,2022,Hard,7,0,0,0,0,0,0,0,1,1,0,1.0,1.0,1.0,346.5,0.002705575417914829,175.0,0,1,0,0,9.0,44.5,0,0,0,81.0,90.0,27.05390442890443
1020,Roland Garros,2022,Clay,2,0,0,0,0,0,0,0,1,1,0,0.0,1.0,1.0,1.5,0.06283712425079746,1.0,0,1,0,0,13.0,246.5,0,0,0,169.0,90.0,27.05390442890443
1021,Roland Garros,2022,Clay,2,0,0,0,0,0,0,0,1,1,0,0.0,0.0,0.0,448.0,0.01847826086956517,648.0,0,1,0,0,11.5,515.5,0,0,0,132.25,58.0,-4.946095571095569
1022,Roland Garros,2022,Clay,2,0,0,0,0,1,1,1,1,1,0,0.0,0.0,1.0,352.5,0.0357142857142857,571.0,0,1,0,0,14.0,79.0,1,0,0,196.0,71.0,8.053904428904431
1023,Roland Garros,2022,Clay,2,0,0,0,0,0,0,0,1,1,0,0.0,0.0,0.0,32.5,0.0328740224703753,17.0,0,1,0,0,22.0,524.0,0,0,0,484.0,42.0,-20.94609557109557
1025,Roland Garros,2022,Clay,2,1,1,0,0,0,0,0,1,1,0,0.0,0.0,0.0,49.5,0.2081161578555472,31.0,0,1,0,1,7.5,368.5,0,1,1,56.25,64.5,1.5539044289044313
1026,Roland Garros,2022,Clay,2,1,1,0,0,0,0,0,1,1,0,1.0,1.0,1.0,91.0,0.008230452674897193,2.0,0,1,0,1,0.0,68.0,0,1,1,0.0,71.0,8.053904428904431
1027,Roland Garros,2022,Clay,2,1,1,0,0,0,0,0,1,1,0,0.0,0.0,0.0,34.5,0.02692944392196983,5.0,0,1,0,1,14.0,16.0,0,1,1,196.0,62.0,-0.9460955710955687
1028,Roland Garros,2022,Clay,2,0,0,0,0,0,0,0,1,1,0,0.0,1.0,1.0,7.0,0.01057318491443759,2.0,0,1,0,0,19.0,820.5,0,0,0,361.0,48.5,-14.446095571095569
1029,Roland Garros,2022,Clay,2,1,1,0,0,0,0,0,1,1,0,1.0,1.0,1.0,250.5,0.2581053698074975,313.0,0,1,1,0,15.0,179.5,0,1,1,225.0,71.0,8.053904428904431
1030,Roland Garros,2022,Clay,2,0,0,0,0,1,0,0,1,1,0,0.0,1.0,1.0,89.5,0.004431570608041224,11.0,0,1,0,0,6.0,96.0,0,0,0,36.0,90.0,27.05390442890443
1031,Roland Garros,2022,Clay,2,1,1,0,0,0,0,0,1,1,0,1.0,1.0,1.0,112.5,0.1163928304705004,61.0,1,1,0,1,8.5,32.0,0,1,1,72.25,76.0,13.053904428904431
1032,Roland Garros,2022,Clay,2,0,0,0,0,0,0,0,1,1,0,0.0,0.0,0.0,20.5,0.04913998809726816,3.0,0,1,0,0,19.5,93.0,0,0,0,380.25,63.5,0.5539044289044313
1033,Roland Garros,2022,Clay,2,0,0,0,0,1,1,1,1,1,0,1.0,1.0,1.0,238.0,,194.0,0,1,0,0,6.0,55.0,1,0,0,36.0,91.0,28.05390442890443
1034,Roland Garros,2022,Clay,2,1,1,0,0,0,0,0,1,1,0,0.0,1.0,1.0,83.0,0.01702127659574471,8.0,0,1,1,0,10.0,358.5,0,1,1,100.0,69.5,6.553904428904431
1035,Roland Garros,2022,Clay,2,0,0,0,0,1,1,1,1,1,0,0.0,0.0,0.0,12.0,0.0005411255411255089,2.0,0,1,0,0,12.0,364.5,1,0,0,144.0,84.5,21.55390442890443
1036,Roland Garros,2022,Clay,2,0,0,0,0,0,0,0,1,1,0,0.0,0.0,0.0,14.0,0.05237538940809972,4.0,0,1,0,0,12.0,374.5,0,0,0,144.0,73.0,10.053904428904431
1037,Roland Garros,2022,Clay,2,1,0,0,1,1,0,0,1,1,0,1.0,1.0,1.0,154.5,0.1606512890094979,1.0,0,1,0,0,5.5,104.5,0,0,1,30.25,71.0,8.053904428904431
1038,Roland Garros,2022,Clay,2,1,1,0,0,1,1,1,1,1,0,1.0,1.0,1.0,280.0,0.2721804511278195,226.0,0,1,0,0,7.5,396.0,1,0,0,56.25,71.0,8.053904428904431
1039,Roland Garros,2022,Clay,2,1,1,0,0,0,0,0,1,1,0,0.0,0.0,0.0,27.5,0.05669137352422804,1.0,0,1,1,0,14.5,62.5,0,1,1,210.25,49.5,-13.446095571095569
1040,Roland Garros,2022,Clay,2,0,0,0,0,0,0,0,1,1,0,0.0,0.0,0.0,55.0,0.08941016488186299,6.0,0,1,0,0,0.0,31.5,0,0,0,0.0,44.5,-18.44609557109557
1041,Roland Garros,2022,Clay,2,0,0,0,0,0,0,0,1,1,0,0.0,0.0,0.0,74.5,,51.0,0,1,0,0,20.0,222.0,0,0,0,400.0,65.5,2.5539044289044313
1042,Roland Garros,2022,Clay,2,1,1,0,0,0,0,0,1,1,0,1.0,1.0,1.0,120.0,0.1818924539512775,102.0,0,1,1,0,9.5,333.5,0,1,1,90.25,90.0,27.05390442890443
1043,Roland Garros,2022,Clay,2,1,1,0,0,1,0,0,1,1,0,1.0,1.0,1.0,50.5,0.006165839829907926,5.0,0,1,0,0,8.5,5.5,0,0,0,72.25,75.0,12.053904428904431
1044,Roland Garros,2022,Clay,2,1,1,0,0,0,0,0,1,1,0,0.0,0.0,0.0,320.0,0.1877559377559378,424.0,0,1,1,1,15.0,9.0,0,1,1,225.0,61.0,-1.9460955710955687
1045,Roland Garros,2022,Clay,2,1,1,0,1,1,0,0,1,1,0,0.0,0.0,0.0,58.5,0.04232018933771908,9.0,0,1,0,0,7.5,46.5,0,0,1,56.25,65.5,2.5539044289044313
1046,Roland Garros,2022,Clay,2,0,0,0,0,0,0,0,1,1,0,0.0,1.0,1.0,42.5,0.06084306095979247,1.0,0,1,0,0,12.5,390.0,0,0,0,156.25,22.0,-40.94609557109557
1047,Roland Garros,2022,Clay,2,0,0,0,0,0,0,0,1,1,0,0.0,0.0,0.0,53.0,0.02743182053526882,18.0,0,1,0,0,10.5,18.5,0,0,0,110.25,76.0,13.053904428904431
1048,Roland Garros,2022,Clay,2,0,0,0,0,0,0,0,1,1,0,0.0,0.0,0.0,32.5,0.04840106290374302,13.0,0,1,0,0,19.5,479.5,0,0,0,380.25,64.0,1.0539044289044313
1049,Roland Garros,2022,Clay,2,0,0,0,0,0,0,0,1,1,0,0.0,0.0,0.0,38.5,0.09167149198996338,35.0,0,1,0,0,16.5,566.0,0,0,0,272.25,55.0,-7.946095571095569
1050,Roland Garros,2022,Clay,2,0,0,0,0,0,0,0,1,1,0,0.0,0.0,0.0,52.0,0.09495808486734081,14.0,0,1,0,0,18.5,557.0,0,0,0,342.25,72.5,9.553904428904431
1051,Roland Garros,2022,Clay,2,0,0,0,0,0,0,0,1,1,0,1.0,1.0,1.0,4.0,0.03741686333404848,2.0,0,1,0,0,12.5,53.0,0,0,0,156.25,33.0,-29.94609557109557
1052,Roland Garros,2022,Clay,3,1,1,0,0,0,0,0,1,1,0,0.0,1.0,1.0,1.5,0.06283712425079746,1.0,0,1,0,1,13.0,448.0,0,1,1,169.0,90.0,27.05390442890443
1053,Roland Garros,2022,Clay,3,0,0,0,0,0,0,0,1,1,0,0.0,0.0,1.0,352.5,0.0357142857142857,571.0,0,1,0,0,14.0,32.5,0,0,0,196.0,71.0,8.053904428904431
1054,Roland Garros,2022,Clay,3,0,0,0,0,0,0,0,1,1,0,0.0,0.0,0.0,49.5,0.2081161578555472,31.0,0,1,0,0,7.5,233.5,0,0,0,56.25,64.5,1.5539044289044313
1055,Roland Garros,2022,Clay,3,1,0,0,1,1,1,1,1,1,0,0.0,0.0,0.0,34.5,0.02692944392196983,5.0,0,1,0,0,14.0,91.0,1,0,1,196.0,62.0,-0.9460955710955687
1056,Roland Garros,2022,Clay,3,0,0,0,0,1,0,0,1,1,0,0.0,1.0,1.0,7.0,0.01057318491443759,2.0,0,1,0,0,19.0,250.5,0,0,0,361.0,48.5,-14.446095571095569
1057,Roland Garros,2022,Clay,3,1,1,0,0,0,0,0,1,1,0,0.0,1.0,1.0,89.5,0.004431570608041224,11.0,0,1,1,1,6.0,112.5,0,1,1,36.0,90.0,27.05390442890443
1058,Roland Garros,2022,Clay,3,1,1,0,0,1,0,0,1,1,0,1.0,1.0,1.0,238.0,,194.0,0,1,1,0,6.0,20.5,0,1,1,36.0,91.0,28.05390442890443
1059,Roland Garros,2022,Clay,3,0,0,0,0,0,0,0,1,1,0,0.0,0.0,0.0,12.0,0.0005411255411255089,2.0,0,1,0,0,12.0,83.0,0,0,0,144.0,84.5,21.55390442890443
1060,Roland Garros,2022,Clay,3,0,0,0,0,0,0,0,1,1,0,0.0,0.0,0.0,14.0,0.05237538940809972,4.0,0,1,0,0,12.0,154.5,0,0,0,144.0,73.0,10.053904428904431
1061,Roland Garros,2022,Clay,3,0,0,0,0,1,1,1,1,1,0,0.0,0.0,0.0,27.5,0.05669137352422804,1.0,0,1,0,0,14.5,280.0,1,0,0,210.25,49.5,-13.446095571095569
1062,Roland Garros,2022,Clay,3,0,0,0,0,1,0,0,1,1,0,0.0,0.0,0.0,55.0,0.08941016488186299,6.0,0,1,0,0,0.0,74.5,0,0,0,0.0,44.5,-18.44609557109557
1063,Roland Garros,2022,Clay,3,0,0,0,0,1,0,0,1,1,0,1.0,1.0,1.0,50.5,0.006165839829907926,5.0,0,1,0,0,8.5,120.0,0,0,0,72.25,75.0,12.053904428904431
1064,Roland Garros,2022,Clay,3,0,0,0,0,0,0,0,1,1,0,0.0,0.0,0.0,58.5,0.04232018933771908,9.0,0,1,0,0,7.5,320.0,0,0,0,56.25,65.5,2.5539044289044313
1065,Roland Garros,2022,Clay,3,0,0,0,0,0,0,0,1,1,0,0.0,0.0,0.0,53.0,0.02743182053526882,18.0,0,1,0,0,10.5,42.5,0,0,0,110.25,76.0,13.053904428904431
1066,Roland Garros,2022,Clay,3,0,0,0,0,0,0,0,1,1,0,0.0,0.0,0.0,32.5,0.04840106290374302,13.0,0,1,0,0,19.5,38.5,0,0,0,380.25,64.0,1.0539044289044313
1067,Roland Garros,2022,Clay,3,1,1,0,0,1,0,0,1,1,0,1.0,1.0,1.0,4.0,0.03741686333404848,2.0,0,1,1,0,12.5,52.0,0,1,1,156.25,33.0,-29.94609557109557
1068,Roland Garros,2022,Clay,4,0,0,0,0,0,0,0,1,1,0,0.0,1.0,1.0,1.5,0.06283712425079746,1.0,0,1,0,0,13.0,352.5,0,0,0,169.0,90.0,27.05390442890443
1069,Roland Garros,2022,Clay,4,0,0,0,0,0,0,0,1,1,0,0.0,0.0,0.0,34.5,0.02692944392196983,5.0,0,1,0,0,14.0,49.5,0,0,0,196.0,62.0,-0.9460955710955687
1070,Roland Garros,2022,Clay,4,0,0,0,0,0,0,0,1,1,0,0.0,1.0,1.0,7.0,0.01057318491443759,2.0,0,1,0,0,19.0,89.5,0,0,0,361.0,48.5,-14.446095571095569
1071,Roland Garros,2022,Clay,4,0,0,0,0,0,0,0,1,1,0,0.0,0.0,0.0,12.0,0.0005411255411255089,2.0,0,1,0,0,12.0,238.0,0,0,0,144.0,84.5,21.55390442890443
1072,Roland Garros,2022,Clay,4,0,0,0,0,1,0,0,1,1,0,0.0,0.0,0.0,27.5,0.05669137352422804,1.0,0,1,0,0,14.5,14.0,0,0,0,210.25,49.5,-13.446095571095569
1073,Roland Garros,2022,Clay,4,1,0,0,1,1,0,0,1,1,0,0.0,0.0,0.0,55.0,0.08941016488186299,6.0,0,1,0,0,0.0,50.5,0,0,1,0.0,44.5,-18.44609557109557
1074,Roland Garros,2022,Clay,4,1,1,0,0,0,0,0,1,1,0,0.0,0.0,0.0,53.0,0.02743182053526882,18.0,0,1,1,0,10.5,58.5,0,1,1,110.25,76.0,13.053904428904431
1075,Roland Garros,2022,Clay,4,1,1,0,1,1,1,1,1,1,0,0.0,0.0,0.0,32.5,0.04840106290374302,13.0,0,1,0,1,19.5,4.0,1,1,1,380.25,64.0,1.0539044289044313
1076,Roland Garros,2022,Clay,5,1,1,0,1,1,1,1,1,1,0,0.0,0.0,0.0,34.5,0.02692944392196983,5.0,0,1,0,1,14.0,1.5,1,1,1,196.0,62.0,-0.9460955710955687
1077,Roland Garros,2022,Clay,5,0,0,0,0,1,1,1,1,1,0,0.0,1.0,1.0,7.0,0.01057318491443759,2.0,0,1,0,0,19.0,12.0,1,0,0,361.0,48.5,-14.446095571095569
1078,Roland Garros,2022,Clay,5,1,1,0,0,0,0,0,1,1,0,0.0,0.0,0.0,27.5,0.05669137352422804,1.0,0,1,1,0,14.5,55.0,0,1,1,210.25,49.5,-13.446095571095569
1079,Roland Garros,2022,Clay,5,1,0,0,1,1,1,1,1,1,0,0.0,0.0,0.0,32.5,0.04840106290374302,13.0,0,1,0,0,19.5,53.0,1,0,1,380.25,64.0,1.0539044289044313
1080,Roland Garros,2022,Clay,6,1,1,0,0,1,1,1,1,1,0,0.0,0.0,0.0,34.5,0.02692944392196983,5.0,0,1,0,1,14.0,7.0,1,1,1,196.0,62.0,-0.9460955710955687
1081,Roland Garros,2022,Clay,6,1,0,0,1,1,1,1,1,1,0,0.0,0.0,0.0,27.5,0.05669137352422804,1.0,0,1,0,0,14.5,32.5,1,0,1,210.25,49.5,-13.446095571095569
1082,Roland Garros,2022,Clay,7,1,1,0,0,1,1,1,1,1,0,0.0,0.0,0.0,27.5,0.05669137352422804,1.0,0,1,0,1,14.5,34.5,1,1,1,210.25,49.5,-13.446095571095569
1083,US Open,2022,Hard,2,0,0,0,0,0,0,0,1,1,0,0.0,1.0,1.0,1.5,0.06283712425079746,1.0,0,1,0,0,13.0,656.5,0,0,0,169.0,90.0,27.05390442890443
1084,US Open,2022,Hard,2,1,1,0,0,0,0,0,1,1,0,0.0,0.0,0.0,3.5,0.0005411255411255089,1.0,0,1,0,1,12.0,72.0,0,1,1,144.0,84.5,21.55390442890443
1085,US Open,2022,Hard,2,1,1,0,0,0,0,0,1,1,0,0.0,0.0,0.0,5.5,0.05669137352422804,1.0,0,1,0,1,14.5,225.0,0,1,1,210.25,49.5,-13.446095571095569
1086,US Open,2022,Hard,2,1,1,0,0,1,1,1,1,1,0,0.0,0.0,0.0,7.5,0.05237538940809972,1.0,0,1,0,0,12.0,60.5,1,0,0,144.0,73.0,10.053904428904431
1087,US Open,2022,Hard,2,0,0,0,0,0,0,0,1,1,0,1.0,1.0,1.0,12.5,0.03741686333404848,1.0,0,1,0,0,12.5,713.0,0,0,0,156.25,33.0,-29.94609557109557
1088,US Open,2022,Hard,2,1,1,0,0,0,0,0,1,1,0,0.0,0.0,0.0,20.0,0.02692944392196983,12.0,0,1,1,0,14.0,289.5,0,1,1,196.0,62.0,-0.9460955710955687
1089,US Open,2022,Hard,2,0,0,0,0,1,1,1,1,1,0,1.0,1.0,1.0,20.5,0.002705575417914829,5.0,0,1,0,0,9.0,407.0,1,0,0,81.0,90.0,27.05390442890443
1090,US Open,2022,Hard,2,0,0,0,0,0,0,0,1,1,0,0.0,0.0,0.0,24.0,0.04913998809726816,18.0,0,1,0,0,19.5,83.5,0,0,0,380.25,63.5,0.5539044289044313
1091,US Open,2022,Hard,2,0,0,0,0,0,0,0,1,1,0,0.0,0.0,0.0,24.5,0.02743182053526882,7.0,0,1,0,0,10.5,125.0,0,0,0,110.25,76.0,13.053904428904431
1092,US Open,2022,Hard,2,1,1,0,0,0,0,0,1,1,0,1.0,1.0,1.0,25.5,0.08426573426573425,3.0,0,1,0,1,10.5,182.5,0,1,1,110.25,67.0,4.053904428904431
1093,US Open,2022,Hard,2,0,0,0,0,0,0,0,1,1,0,1.0,1.0,1.0,30.0,0.006430370146846442,0.0,0,1,0,0,14.5,1360.5,0,0,0,210.25,13.0,-49.94609557109557
1094,US Open,2022,Hard,2,0,0,0,0,0,0,0,1,1,0,1.0,1.0,1.0,33.0,0.07673039392159464,2.0,0,1,0,0,18.5,57.5,0,0,0,342.25,76.0,13.053904428904431
1095,US Open,2022,Hard,2,0,0,0,0,0,0,0,1,1,0,0.0,1.0,1.0,42.5,0.06084306095979247,1.0,0,1,0,0,12.5,616.5,0,0,0,156.25,22.0,-40.94609557109557
1096,US Open,2022,Hard,2,0,0,0,0,0,0,0,1,1,0,1.0,1.0,1.0,65.0,0.06001984126984139,34.0,0,1,0,0,5.0,67.5,0,0,0,25.0,27.0,-35.94609557109557
1097,US Open,2022,Hard,2,0,0,0,0,1,0,0,1,1,0,0.0,0.0,0.0,209.0,0.267379679144385,22.0,0,1,0,0,4.0,241.0,0,0,0,16.0,56.5,-6.446095571095569
1098,US Open,2022,Hard,2,1,1,0,1,1,1,1,1,1,0,0.0,1.0,1.0,229.0,0.04222730845702138,138.0,0,1,0,1,15.0,10.0,1,1,1,225.0,32.5,-30.44609557109557
1099,US Open,2022,Hard,2,1,1,0,0,1,0,0,1,1,0,1.0,1.0,1.0,36.5,0.1046124124607583,1.0,0,1,1,0,11.0,32.0,0,1,1,121.0,90.0,27.05390442890443
1100,US Open,2022,Hard,2,1,1,0,0,1,1,1,1,1,0,1.0,1.0,1.0,397.5,0.07716580608146867,237.0,0,1,0,1,5.0,116.5,1,1,1,25.0,91.0,28.05390442890443
1101,US Open,2022,Hard,2,0,0,0,0,0,0,0,1,1,0,1.0,1.0,1.0,101.5,0.1553061224489796,15.0,0,1,0,0,6.5,372.5,0,0,0,42.25,91.0,28.05390442890443
1102,US Open,2022,Hard,2,1,1,0,0,0,0,0,1,1,0,1.0,1.0,1.0,933.0,0.0,382.0,0,1,1,0,0.0,437.5,0,1,1,0.0,91.0,28.05390442890443
1103,US Open,2022,Hard,2,1,1,0,1,1,1,1,1,1,0,0.0,0.0,0.0,338.0,0.1537405628002745,520.0,0,1,0,0,6.0,124.5,1,0,1,36.0,58.5,-4.446095571095569
1105,US Open,2022,Hard,2,0,0,0,0,1,0,0,1,1,0,1.0,1.0,1.0,362.5,0.1160209846650525,359.0,0,1,0,0,14.0,33.5,0,0,0,196.0,71.0,8.053904428904431
1106,US Open,2022,Hard,2,1,1,0,1,1,1,1,1,1,0,0.0,0.0,0.0,75.5,0.1803063085995503,9.0,0,1,0,1,0.0,39.0,1,1,1,0.0,39.5,-23.44609557109557
1107,US Open,2022,Hard,2,1,1,0,0,1,1,1,1,1,0,0.0,0.0,0.0,93.5,0.004611166500498531,3.0,1,1,0,1,10.5,163.0,1,1,1,110.25,64.5,1.5539044289044313
1108,US Open,2022,Hard,2,1,1,0,0,1,1,1,1,1,0,0.0,0.0,0.0,59.0,0.01037440936383183,30.0,0,1,0,1,22.0,50.0,1,1,1,484.0,51.5,-11.446095571095569
1109,US Open,2022,Hard,2,0,0,0,0,0,0,0,1,1,0,1.0,1.0,1.0,64.5,0.002501202501202449,3.0,0,1,0,0,6.0,534.5,0,0,0,36.0,91.0,28.05390442890443
1110,US Open,2022,Hard,2,0,0,0,0,0,0,0,1,1,0,1.0,1.0,1.0,134.5,0.03975741239892178,125.0,0,1,0,0,16.5,130.5,0,0,0,272.25,51.0,-11.946095571095569
1111,US Open,2022,Hard,2,1,1,0,0,0,0,0,1,1,0,1.0,1.0,1.0,294.5,0.2184782608695652,169.0,0,1,1,0,18.0,549.0,0,1,1,324.0,91.0,28.05390442890443
1112,US Open,2022,Hard,2,0,0,0,0,0,0,0,1,1,0,0.0,0.0,0.0,54.5,0.03397368914610294,5.0,0,1,0,0,20.5,720.5,0,0,0,420.25,26.5,-36.44609557109557
1113,US Open,2022,Hard,2,1,1,0,0,0,0,0,1,1,0,0.0,0.0,0.0,53.0,0.04232018933771908,16.0,0,1,1,0,7.5,55.0,0,1,1,56.25,65.5,2.5539044289044313
1114,US Open,2022,Hard,2,1,1,0,0,0,0,0,1,1,0,1.0,1.0,1.0,72.5,0.1163928304705004,17.0,1,1,1,0,8.5,20.5,0,1,1,72.25,76.0,13.053904428904431
1115,US Open,2022,Hard,3,0,0,0,0,0,0,0,1,1,0,0.0,1.0,1.0,1.5,0.06283712425079746,1.0,0,1,0,0,13.0,93.5,0,0,0,169.0,90.0,27.05390442890443
1116,US Open,2022,Hard,3,1,1,0,0,1,0,0,1,1,0,0.0,0.0,0.0,3.5,0.0005411255411255089,1.0,0,1,0,0,12.0,64.5,0,0,0,144.0,84.5,21.55390442890443
1117,US Open,2022,Hard,3,0,0,0,0,0,0,0,1,1,0,0.0,0.0,0.0,5.5,0.05669137352422804,1.0,0,1,0,0,14.5,54.5,0,0,0,210.25,49.5,-13.446095571095569
1118,US Open,2022,Hard,3,1,1,0,0,0,0,0,1,1,0,0.0,0.0,0.0,7.5,0.05237538940809972,1.0,0,1,0,1,12.0,65.0,0,1,1,144.0,73.0,10.053904428904431
1119,US Open,2022,Hard,3,0,0,0,0,0,0,0,1,1,0,1.0,1.0,1.0,12.5,0.03741686333404848,1.0,0,1,0,0,12.5,933.0,0,0,0,156.25,33.0,-29.94609557109557
1120,US Open,2022,Hard,3,1,1,0,0,0,0,0,1,1,0,1.0,1.0,1.0,20.5,0.002705575417914829,5.0,0,1,0,1,9.0,338.0,0,1,1,81.0,90.0,27.05390442890443
1121,US Open,2022,Hard,3,1,1,0,0,0,0,0,1,1,0,0.0,0.0,0.0,24.5,0.02743182053526882,7.0,0,1,0,1,10.5,59.0,0,1,1,110.25,76.0,13.053904428904431
1122,US Open,2022,Hard,3,1,1,0,1,1,0,0,1,1,0,1.0,1.0,1.0,30.0,0.006430370146846442,0.0,0,1,1,0,14.5,75.5,0,1,1,210.25,13.0,-49.94609557109557
1123,US Open,2022,Hard,3,1,1,0,0,0,0,0,1,1,0,1.0,1.0,1.0,33.0,0.07673039392159464,2.0,0,1,1,0,18.5,294.5,0,1,1,342.25,76.0,13.053904428904431
1124,US Open,2022,Hard,3,1,1,0,1,1,1,1,1,1,0,0.0,1.0,1.0,42.5,0.06084306095979247,1.0,0,1,0,1,12.5,20.0,1,1,1,156.25,22.0,-40.94609557109557
1125,US Open,2022,Hard,3,0,0,0,0,0,0,0,1,1,0,0.0,1.0,1.0,229.0,0.04222730845702138,138.0,0,1,0,0,15.0,134.5,0,0,0,225.0,32.5,-30.44609557109557
1126,US Open,2022,Hard,3,0,0,0,0,0,0,0,1,1,0,1.0,1.0,1.0,36.5,0.1046124124607583,1.0,0,1,0,0,11.0,101.5,0,0,0,121.0,90.0,27.05390442890443
1127,US Open,2022,Hard,3,1,1,0,0,1,0,0,1,1,0,0.0,0.0,0.0,58.0,0.008816055100344444,8.0,0,1,1,0,17.0,25.5,0,1,1,289.0,67.5,4.553904428904431
1128,US Open,2022,Hard,3,1,0,0,1,1,0,0,1,1,0,1.0,1.0,1.0,362.5,0.1160209846650525,359.0,0,1,0,0,14.0,209.0,0,0,1,196.0,71.0,8.053904428904431
1129,US Open,2022,Hard,3,1,1,0,0,0,0,0,1,1,0,0.0,0.0,0.0,53.0,0.04232018933771908,16.0,0,1,1,1,7.5,24.0,0,1,1,56.25,65.5,2.5539044289044313
1130,US Open,2022,Hard,3,1,1,0,0,1,0,0,1,1,0,1.0,1.0,1.0,72.5,0.1163928304705004,17.0,1,1,0,0,8.5,397.5,0,0,0,72.25,76.0,13.053904428904431
1131,US Open,2022,Hard,4,0,0,0,0,0,0,0,1,1,0,0.0,1.0,1.0,1.5,0.06283712425079746,1.0,0,1,0,0,13.0,33.0,0,0,0,169.0,90.0,27.05390442890443
1132,US Open,2022,Hard,4,1,1,0,0,1,0,0,1,1,0,0.0,0.0,0.0,3.5,0.0005411255411255089,1.0,0,1,1,0,12.0,36.5,0,1,1,144.0,84.5,21.55390442890443
1133,US Open,2022,Hard,4,1,1,0,0,0,0,0,1,1,0,0.0,0.0,0.0,5.5,0.05669137352422804,1.0,0,1,0,1,14.5,362.5,0,1,1,210.25,49.5,-13.446095571095569
1134,US Open,2022,Hard,4,0,0,0,0,0,0,0,1,1,0,1.0,1.0,1.0,12.5,0.03741686333404848,1.0,0,1,0,0,12.5,58.0,0,0,0,156.25,33.0,-29.94609557109557
1135,US Open,2022,Hard,4,1,1,0,1,1,1,1,1,1,0,0.0,0.0,0.0,24.5,0.02743182053526882,7.0,0,1,0,1,10.5,20.5,1,1,1,110.25,76.0,13.053904428904431
1136,US Open,2022,Hard,4,1,1,0,0,1,1,1,1,1,0,1.0,1.0,1.0,30.0,0.006430370146846442,0.0,0,1,0,0,14.5,7.5,1,0,0,210.25,13.0,-49.94609557109557
1137,US Open,2022,Hard,4,1,1,0,0,0,0,0,1,1,0,0.0,1.0,1.0,229.0,0.04222730845702138,138.0,0,1,1,0,15.0,72.5,0,1,1,225.0,32.5,-30.44609557109557
1138,US Open,2022,Hard,4,0,0,0,0,0,0,0,1,1,0,0.0,0.0,0.0,53.0,0.04232018933771908,16.0,0,1,0,0,7.5,42.5,0,0,0,56.25,65.5,2.5539044289044313
1139,US Open,2022,Hard,5,1,1,0,0,1,0,0,1,1,0,0.0,1.0,1.0,1.5,0.06283712425079746,1.0,0,1,0,0,13.0,53.0,0,0,0,169.0,90.0,27.05390442890443
1140,US Open,2022,Hard,5,0,0,0,0,0,0,0,1,1,0,0.0,0.0,0.0,3.5,0.0005411255411255089,1.0,0,1,0,0,12.0,229.0,0,0,0,144.0,84.5,21.55390442890443
1141,US Open,2022,Hard,5,0,0,0,0,0,0,0,1,1,0,0.0,0.0,0.0,5.5,0.05669137352422804,1.0,0,1,0,0,14.5,12.5,0,0,0,210.25,49.5,-13.446095571095569
1142,US Open,2022,Hard,5,1,1,0,0,0,0,0,1,1,0,1.0,1.0,1.0,30.0,0.006430370146846442,0.0,0,1,1,0,14.5,24.5,0,1,1,210.25,13.0,-49.94609557109557
1143,US Open,2022,Hard,6,1,0,0,1,1,0,0,1,1,0,0.0,1.0,1.0,1.5,0.06283712425079746,1.0,0,1,0,0,13.0,30.0,0,0,1,169.0,90.0,27.05390442890443
1144,US Open,2022,Hard,6,0,0,0,0,0,0,0,1,1,0,0.0,0.0,0.0,3.5,0.0005411255411255089,1.0,0,1,0,0,12.0,5.5,0,0,0,144.0,84.5,21.55390442890443
1145,US Open,2022,Hard,7,1,1,0,0,0,0,0,1,1,0,0.0,1.0,1.0,1.5,0.06283712425079746,1.0,0,1,1,0,13.0,3.5,0,1,1,169.0,90.0,27.05390442890443
1146,Wimbledon,2022,Grass,2,1,1,0,1,1,0,0,1,1,0,0.0,1.0,1.0,1.5,0.06283712425079746,1.0,0,1,0,1,13.0,552.0,0,1,1,169.0,90.0,27.05390442890443
1147,Wimbledon,2022,Grass,2,1,1,0,0,1,1,1,1,1,0,0.0,1.0,1.0,57.5,0.02046534024996172,15.0,0,1,0,0,14.0,59.5,1,0,0,196.0,71.0,8.053904428904431
1148,Wimbledon,2022,Grass,2,1,1,0,0,1,0,0,1,1,0,0.0,0.0,0.0,57.0,0.03397368914610294,6.0,0,1,0,0,20.5,216.0,0,0,0,420.25,26.5,-36.44609557109557
1149,Wimbledon,2022,Grass,2,1,1,0,0,1,0,0,1,1,0,0.0,0.0,0.0,41.0,0.08941016488186299,2.0,0,1,0,0,0.0,526.0,0,0,0,0.0,44.5,-18.44609557109557
1150,Wimbledon,2022,Grass,2,0,0,0,0,1,0,0,1,1,0,1.0,1.0,1.0,33.0,,30.0,0,1,0,0,22.0,353.5,0,0,0,484.0,71.0,8.053904428904431
1151,Wimbledon,2022,Grass,2,1,1,0,0,1,0,0,1,1,0,0.0,0.0,0.0,68.0,0.1303181440338547,12.0,0,1,0,0,13.0,72.0,0,0,0,169.0,42.5,-20.44609557109557
1152,Wimbledon,2022,Grass,2,0,0,0,0,1,0,0,1,1,0,1.0,1.0,1.0,99.5,0.194980694980695,25.0,0,1,0,0,14.5,164.0,0,0,0,210.25,60.0,-2.9460955710955687
1153,Wimbledon,2022,Grass,2,1,1,0,1,1,0,0,1,1,0,0.0,0.0,0.0,18.0,0.02692944392196983,2.0,0,1,0,1,14.0,68.5,0,1,1,196.0,62.0,-0.9460955710955687
1154,Wimbledon,2022,Grass,2,0,0,0,0,1,0,0,1,1,0,0.0,0.0,0.0,7.5,0.0005411255411255089,1.0,0,1,0,0,12.0,208.5,0,0,0,144.0,84.5,21.55390442890443
1155,Wimbledon,2022,Grass,2,1,1,0,0,1,0,0,1,1,0,0.0,0.0,0.0,95.0,0.02535196358632369,8.0,0,1,0,1,8.0,68.0,0,1,1,64.0,70.5,7.553904428904431
1156,Wimbledon,2022,Grass,2,0,0,0,0,1,0,0,1,1,0,0.0,0.0,0.0,67.5,0.02383270455559611,23.0,0,1,0,0,7.0,393.0,0,0,0,49.0,83.0,20.05390442890443
1157,Wimbledon,2022,Grass,2,1,1,0,0,1,1,1,1,1,0,1.0,1.0,1.0,32.5,0.1046124124607583,3.0,0,1,0,0,11.0,56.0,1,0,0,121.0,90.0,27.05390442890443
1158,Wimbledon,2022,Grass,2,0,0,0,0,1,0,0,1,1,0,0.0,0.0,0.0,25.5,0.04913998809726816,9.0,0,1,0,0,19.5,144.0,0,0,0,380.25,63.5,0.5539044289044313
1159,Wimbledon,2022,Grass,2,1,1,0,1,1,0,0,1,1,0,0.0,0.0,0.0,69.5,0.1330438378825476,23.0,0,1,0,1,11.5,634.5,0,1,1,132.25,50.5,-12.446095571095569
1160,Wimbledon,2022,Grass,2,1,0,0,1,1,1,1,1,1,0,0.0,0.0,0.0,196.5,0.1853722409277965,59.0,0,1,0,0,11.5,44.0,1,0,1,132.25,58.5,-4.446095571095569
1161,Wimbledon,2022,Grass,2,0,0,0,0,1,1,1,1,1,0,0.0,0.0,0.0,15.5,0.01226670722707635,1.0,0,1,0,0,14.0,205.0,1,0,0,196.0,71.0,8.053904428904431
1162,Wimbledon,2022,Grass,2,0,0,0,0,1,0,0,1,1,0,1.0,1.0,1.0,12.0,0.006430370146846442,0.0,0,1,0,0,14.5,538.0,0,0,0,210.25,13.0,-49.94609557109557
1163,Wimbledon,2022,Grass,2,1,1,0,0,1,0,0,1,1,0,1.0,1.0,1.0,78.5,0.06001984126984139,23.0,0,1,1,0,5.0,146.5,0,1,1,25.0,27.0,-35.94609557109557
1164,Wimbledon,2022,Grass,2,1,1,0,0,1,0,0,1,1,0,0.0,0.0,0.0,492.5,0.2023350987000482,577.0,0,1,0,1,14.0,148.5,0,1,1,196.0,33.5,-29.44609557109557
1165,Wimbledon,2022,Grass,2,1,1,0,0,1,0,0,1,1,0,0.0,1.0,1.0,93.5,0.0688084392232079,1.0,0,1,1,1,0.0,422.0,0,1,1,0.0,10.5,-52.44609557109557
1166,Wimbledon,2022,Grass,2,1,1,0,0,1,0,0,1,1,0,0.0,1.0,1.0,33.0,0.01370293451951354,10.0,0,1,1,0,19.0,156.0,0,1,1,361.0,38.0,-24.94609557109557
1167,Wimbledon,2022,Grass,2,0,0,0,0,1,0,0,1,1,0,1.0,1.0,1.0,96.5,0.2653061224489796,3.0,0,1,0,0,7.0,439.0,0,0,0,49.0,91.0,28.05390442890443
1168,Wimbledon,2022,Grass,2,0,0,0,0,1,1,1,1,1,0,1.0,1.0,1.0,507.0,0.3458711629917856,904.0,0,1,0,0,6.0,330.5,1,0,0,36.0,60.0,-2.9460955710955687
1169,Wimbledon,2022,Grass,2,1,1,0,0,1,0,0,1,1,0,1.0,1.0,1.0,153.0,0.3532072592511854,200.0,0,1,1,0,11.5,10.5,0,1,1,132.25,91.0,28.05390442890443
1170,Wimbledon,2022,Grass,2,1,1,0,0,1,1,1,1,1,0,0.0,0.0,0.0,46.0,0.01037440936383183,10.0,0,1,0,1,22.0,11.5,1,1,1,484.0,51.5,-11.446095571095569
1171,Wimbledon,2022,Grass,2,0,0,0,0,1,0,0,1,1,0,1.0,1.0,1.0,89.5,0.04200640652300514,35.0,0,1,0,0,15.0,455.0,0,0,0,225.0,89.0,26.05390442890443
1172,Wimbledon,2022,Grass,2,1,1,0,1,1,0,0,1,1,0,1.0,1.0,1.0,575.5,0.09999999999999998,87.0,0,1,0,1,0.0,44.5,0,1,1,0.0,89.0,26.05390442890443
1173,Wimbledon,2022,Grass,2,1,0,0,1,1,1,1,1,1,0,1.0,1.0,1.0,29.5,0.08426573426573425,13.0,0,1,0,0,10.5,75.5,1,0,1,110.25,67.0,4.053904428904431
1174,Wimbledon,2022,Grass,2,0,0,0,0,1,0,0,1,1,0,0.0,0.0,0.0,37.5,0.02743182053526882,11.0,0,1,0,0,10.5,400.0,0,0,0,110.25,76.0,13.053904428904431
1175,Wimbledon,2022,Grass,2,1,0,0,1,1,1,1,1,1,0,0.0,0.0,0.0,156.0,0.1666666666666666,86.0,0,1,0,0,4.0,75.0,1,0,1,16.0,80.0,17.05390442890443
1176,Wimbledon,2022,Grass,2,1,1,0,1,1,0,0,1,1,0,1.0,1.0,1.0,117.0,,22.0,0,1,0,1,18.0,63.5,0,1,1,324.0,91.0,28.05390442890443
1177,Wimbledon,2022,Grass,2,0,0,0,0,1,0,0,1,1,0,1.0,1.0,1.0,4.5,0.03741686333404848,3.0,0,1,0,0,12.5,235.0,0,0,0,156.25,33.0,-29.94609557109557
1178,Wimbledon,2022,Grass,3,0,0,0,0,1,0,0,1,1,0,0.0,1.0,1.0,1.5,0.06283712425079746,1.0,0,1,0,0,13.0,57.5,0,0,0,169.0,90.0,27.05390442890443
1180,Wimbledon,2022,Grass,3,1,1,0,1,1,1,1,1,1,0,1.0,1.0,1.0,33.0,,30.0,0,1,0,0,22.0,68.0,1,0,1,484.0,71.0,8.053904428904431
1181,Wimbledon,2022,Grass,3,1,1,0,0,1,0,0,1,1,0,0.0,0.0,0.0,18.0,0.02692944392196983,2.0,0,1,1,0,14.0,99.5,0,1,1,196.0,62.0,-0.9460955710955687
1182,Wimbledon,2022,Grass,3,1,1,0,1,1,0,0,1,1,0,0.0,0.0,0.0,7.5,0.0005411255411255089,1.0,0,1,1,0,12.0,95.0,0,1,1,144.0,84.5,21.55390442890443
1183,Wimbledon,2022,Grass,3,1,1,0,0,1,0,0,1,1,0,1.0,1.0,1.0,32.5,0.1046124124607583,3.0,0,1,0,0,11.0,67.5,0,0,0,121.0,90.0,27.05390442890443
1184,Wimbledon,2022,Grass,3,1,1,0,0,1,0,0,1,1,0,0.0,0.0,0.0,25.5,0.04913998809726816,9.0,0,1,0,1,19.5,69.5,0,1,1,380.25,63.5,0.5539044289044313
1185,Wimbledon,2022,Grass,3,1,1,0,0,1,0,0,1,1,0,0.0,0.0,0.0,15.5,0.01226670722707635,1.0,0,1,1,0,14.0,196.5,0,1,1,196.0,71.0,8.053904428904431
1186,Wimbledon,2022,Grass,3,0,0,0,0,1,0,0,1,1,0,1.0,1.0,1.0,12.0,0.006430370146846442,0.0,0,1,0,0,14.5,78.5,0,0,0,210.25,13.0,-49.94609557109557
1187,Wimbledon,2022,Grass,3,0,0,0,0,1,0,0,1,1,0,0.0,0.0,0.0,492.5,0.2023350987000482,577.0,0,1,0,0,14.0,93.5,0,0,0,196.0,33.5,-29.44609557109557
1188,Wimbledon,2022,Grass,3,1,1,0,0,1,0,0,1,1,0,0.0,1.0,1.0,33.0,0.01370293451951354,10.0,0,1,1,0,19.0,96.5,0,1,1,361.0,38.0,-24.94609557109557
1190,Wimbledon,2022,Grass,3,0,0,0,0,1,0,0,1,1,0,1.0,1.0,1.0,89.5,0.04200640652300514,35.0,0,1,0,0,15.0,46.0,0,0,0,225.0,89.0,26.05390442890443
1191,Wimbledon,2022,Grass,3,1,1,0,0,1,0,0,1,1,0,1.0,1.0,1.0,29.5,0.08426573426573425,13.0,0,1,1,0,10.5,575.5,0,1,1,110.25,67.0,4.053904428904431
1192,Wimbledon,2022,Grass,3,0,0,0,0,1,0,0,1,1,0,0.0,0.0,0.0,37.5,0.02743182053526882,11.0,0,1,0,0,10.5,156.0,0,0,0,110.25,76.0,13.053904428904431
1193,Wimbledon,2022,Grass,3,0,0,0,0,1,0,0,1,1,0,1.0,1.0,1.0,4.5,0.03741686333404848,3.0,0,1,0,0,12.5,117.0,0,0,0,156.25,33.0,-29.94609557109557
1194,Wimbledon,2022,Grass,4,0,0,0,0,1,1,1,1,1,0,0.0,1.0,1.0,1.5,0.06283712425079746,1.0,0,1,0,0,13.0,41.0,1,0,0,169.0,90.0,27.05390442890443
1196,Wimbledon,2022,Grass,4,0,0,0,0,1,0,0,1,1,0,1.0,1.0,1.0,32.5,0.1046124124607583,3.0,0,1,0,0,11.0,7.5,0,0,0,121.0,90.0,27.05390442890443
1197,Wimbledon,2022,Grass,4,1,1,0,0,1,0,0,1,1,0,0.0,0.0,0.0,15.5,0.01226670722707635,1.0,0,1,1,0,14.0,25.5,0,1,1,196.0,71.0,8.053904428904431
1198,Wimbledon,2022,Grass,4,0,0,0,0,1,0,0,1,1,0,1.0,1.0,1.0,12.0,0.006430370146846442,0.0,0,1,0,0,14.5,492.5,0,0,0,210.25,13.0,-49.94609557109557
1199,Wimbledon,2022,Grass,4,0,0,0,0,1,0,0,1,1,0,1.0,1.0,1.0,153.0,0.3532072592511854,200.0,0,1,0,0,11.5,33.0,0,0,0,132.25,91.0,28.05390442890443
1200,Wimbledon,2022,Grass,4,1,1,0,0,1,0,0,1,1,0,1.0,1.0,1.0,29.5,0.08426573426573425,13.0,0,1,1,0,10.5,89.5,0,1,1,110.25,67.0,4.053904428904431
1201,Wimbledon,2022,Grass,4,1,1,0,0,1,0,0,1,1,0,1.0,1.0,1.0,4.5,0.03741686333404848,3.0,0,1,0,1,12.5,37.5,0,1,1,156.25,33.0,-29.94609557109557
1202,Wimbledon,2022,Grass,5,1,1,0,0,1,0,0,1,1,0,0.0,1.0,1.0,1.5,0.06283712425079746,1.0,0,1,0,0,13.0,33.0,0,0,0,169.0,90.0,27.05390442890443
1203,Wimbledon,2022,Grass,5,0,0,0,0,1,0,0,1,1,0,1.0,1.0,1.0,32.5,0.1046124124607583,3.0,0,1,0,0,11.0,15.5,0,0,0,121.0,90.0,27.05390442890443
1204,Wimbledon,2022,Grass,5,1,0,0,1,1,0,0,1,1,0,1.0,1.0,1.0,12.0,0.006430370146846442,0.0,0,1,0,0,14.5,153.0,0,0,1,210.25,13.0,-49.94609557109557
1205,Wimbledon,2022,Grass,5,0,0,0,0,1,0,0,1,1,0,1.0,1.0,1.0,4.5,0.03741686333404848,3.0,0,1,0,0,12.5,29.5,0,0,0,156.25,33.0,-29.94609557109557
1206,Wimbledon,2022,Grass,6,1,1,0,1,1,1,1,1,1,0,1.0,1.0,1.0,32.5,0.1046124124607583,3.0,0,1,0,0,11.0,1.5,1,0,1,121.0,90.0,27.05390442890443
1207,Wimbledon,2022,Grass,6,1,1,0,0,1,1,1,1,1,0,1.0,1.0,1.0,4.5,0.03741686333404848,3.0,0,1,0,1,12.5,12.0,1,1,1,156.25,33.0,-29.94609557109557
1208,Wimbledon,2022,Grass,7,1,1,0,0,1,0,0,1,1,0,1.0,1.0,1.0,32.5,0.1046124124607583,3.0,0,1,1,0,11.0,4.5,0,1,1,121.0,90.0,27.05390442890443
1209,Australian Open,2023,Hard,2,0,0,0,0,0,0,0,1,1,0,0.0,0.0,0.0,3.0,0.0005411255411255089,0.0,0,1,0,0,13.0,128.5,0,0,0,169.0,84.5,21.55390442890443
1210,Australian Open,2023,Hard,2,0,0,0,0,0,0,0,1,1,0,0.0,1.0,1.0,1.5,0.06283712425079746,1.0,0,1,0,0,14.0,424.5,0,0,0,196.0,90.0,27.05390442890443
1211,Australian Open,2023,Hard,2,1,1,0,0,0,0,0,1,1,0,0.0,0.0,0.0,6.0,0.05669137352422804,0.0,0,1,0,1,15.5,451.0,0,1,1,240.25,49.5,-13.446095571095569
1212,Australian Open,2023,Hard,2,0,0,0,0,0,0,0,1,1,0,1.0,1.0,1.0,6.5,0.03741686333404848,3.0,0,1,0,0,13.5,41.0,0,0,0,182.25,33.0,-29.94609557109557
1213,Australian Open,2023,Hard,2,1,1,0,0,0,0,0,1,1,0,0.0,0.0,0.0,11.5,0.02743182053526882,1.0,0,1,1,0,11.5,43.5,0,1,1,132.25,76.0,13.053904428904431
1214,Australian Open,2023,Hard,2,0,0,0,0,0,0,0,1,1,0,0.0,1.0,1.0,15.0,0.01057318491443759,2.0,0,1,0,0,20.0,461.5,0,0,0,400.0,48.5,-14.446095571095569
1215,Australian Open,2023,Hard,2,0,0,0,0,0,0,0,1,1,0,0.0,1.0,1.0,25.0,0.01544027954839367,20.0,0,1,0,0,16.5,80.0,0,0,0,272.25,84.0,21.05390442890443
1216,Australian Open,2023,Hard,2,1,1,0,0,1,0,0,1,1,0,1.0,1.0,1.0,27.0,0.006430370146846442,0.0,0,1,0,0,15.5,570.0,0,0,0,240.25,13.0,-49.94609557109557
1217,Australian Open,2023,Hard,2,1,1,0,0,1,0,0,1,1,0,0.0,0.0,0.0,30.0,0.04631816781349496,16.0,0,1,1,0,11.0,82.0,0,1,1,121.0,78.5,15.553904428904431
1218,Australian Open,2023,Hard,2,0,0,0,0,0,0,0,1,1,0,0.0,0.0,0.0,31.0,0.06491057180162063,2.0,0,1,0,0,21.5,366.0,0,0,0,462.25,50.5,-12.446095571095569
1219,Australian Open,2023,Hard,2,0,0,0,0,0,0,0,1,1,0,1.0,1.0,1.0,31.5,0.03194616977225673,21.0,0,1,0,0,19.5,234.5,0,0,0,380.25,80.0,17.05390442890443
1220,Australian Open,2023,Hard,2,0,0,0,0,1,0,0,1,1,0,0.0,1.0,1.0,57.0,0.01272108843537406,18.0,0,1,0,0,15.5,32.5,0,0,0,240.25,24.5,-38.44609557109557
1221,Australian Open,2023,Hard,2,0,0,0,0,0,0,0,1,1,0,1.0,1.0,1.0,489.0,0.01331478537360903,816.0,0,1,0,0,11.5,674.5,0,0,0,132.25,90.0,27.05390442890443
1222,Australian Open,2023,Hard,2,1,1,0,0,0,0,0,1,1,0,1.0,1.0,1.0,280.0,0.1606512890094979,150.0,0,1,0,1,6.5,977.0,0,1,1,42.25,71.0,8.053904428904431
1223,Australian Open,2023,Hard,2,1,1,0,0,1,1,1,1,1,0,0.0,0.0,0.0,54.5,0.01229159687685211,21.0,0,1,0,1,12.5,93.5,1,1,1,156.25,16.5,-46.44609557109557
1224,Australian Open,2023,Hard,2,0,0,0,0,1,1,1,1,1,0,0.0,0.0,0.0,79.0,0.04537805538917883,6.0,0,1,0,0,20.5,98.0,1,0,0,420.25,19.5,-43.44609557109557
1225,Australian Open,2023,Hard,2,0,0,0,0,0,0,0,1,1,0,1.0,1.0,1.0,63.5,0.03399052079535569,1.0,0,1,0,0,0.0,646.5,0,0,0,0.0,89.0,26.05390442890443
1226,Australian Open,2023,Hard,2,1,1,0,0,0,0,0,1,1,0,1.0,1.0,1.0,436.5,0.02179137210984344,757.0,0,1,1,0,17.5,102.5,0,1,1,306.25,71.0,8.053904428904431
1227,Australian Open,2023,Hard,2,1,1,0,1,1,1,1,1,1,0,0.0,0.0,0.0,89.0,0.1536732929991357,72.0,0,1,0,1,13.0,51.5,1,1,1,169.0,57.0,-5.946095571095569
1228,Australian Open,2023,Hard,2,0,0,0,0,0,0,0,1,1,0,1.0,1.0,1.0,58.5,0.008230452674897193,3.0,0,1,0,0,0.0,24.5,0,0,0,0.0,71.0,8.053904428904431
1229,Australian Open,2023,Hard,2,0,0,0,0,0,0,0,1,1,0,1.0,1.0,1.0,52.0,0.01985049455307897,4.0,0,1,0,0,8.5,21.5,0,0,0,72.25,55.0,-7.946095571095569
1230,Australian Open,2023,Hard,2,0,0,0,0,0,0,0,1,1,0,1.0,1.0,1.0,54.0,0.07626262626262631,10.0,0,1,0,0,18.0,178.5,0,0,0,324.0,39.0,-23.94609557109557
1231,Australian Open,2023,Hard,2,0,0,0,0,0,0,0,1,1,0,0.0,0.0,0.0,206.0,0.02664796633941102,276.0,0,1,0,0,6.0,138.0,0,0,0,36.0,69.5,6.553904428904431
1232,Australian Open,2023,Hard,2,1,1,0,0,0,0,0,1,1,0,1.0,1.0,1.0,105.0,0.08257713248638843,98.0,0,1,1,1,14.5,244.5,0,1,1,210.25,65.0,2.0539044289044313
1233,Australian Open,2023,Hard,2,1,1,0,0,0,0,0,1,1,0,1.0,1.0,1.0,220.0,0.03450549450549456,114.0,0,1,1,0,7.0,61.0,0,1,1,49.0,90.0,27.05390442890443
1234,Australian Open,2023,Hard,2,1,1,0,0,0,0,0,1,1,0,0.0,0.0,0.0,938.5,0.2,237.0,1,1,0,1,5.5,222.5,0,1,1,30.25,55.0,-7.946095571095569
1235,Australian Open,2023,Hard,2,0,0,0,0,0,0,0,1,1,0,1.0,1.0,1.0,254.5,0.1664133738601824,369.0,0,1,0,0,9.0,444.5,0,0,0,81.0,46.0,-16.94609557109557
1236,Australian Open,2023,Hard,2,1,1,0,0,1,0,0,1,1,0,1.0,1.0,1.0,100.5,,1.0,0,1,1,0,0.0,9.5,0,1,1,0.0,48.0,-14.946095571095569
1237,Australian Open,2023,Hard,2,1,1,0,0,1,1,1,1,1,0,0.0,0.0,0.0,38.0,0.04232018933771908,4.0,0,1,0,0,8.5,30.0,1,0,0,72.25,65.5,2.5539044289044313
1238,Australian Open,2023,Hard,2,0,0,0,0,0,0,0,1,1,0,1.0,1.0,1.0,671.0,0.1836734693877552,806.0,0,1,0,0,7.0,452.0,0,0,0,49.0,90.0,27.05390442890443
1239,Australian Open,2023,Hard,2,0,0,0,0,0,0,0,1,1,0,1.0,1.0,1.0,243.0,0.04750475047504754,420.0,0,1,0,0,8.5,70.5,0,0,0,72.25,90.0,27.05390442890443
1240,Australian Open,2023,Hard,2,0,0,0,0,1,1,1,1,1,0,1.0,1.0,1.0,108.0,0.1028622540250447,70.0,0,1,0,0,5.5,75.5,1,0,0,30.25,35.0,-27.94609557109557
1241,Australian Open,2023,Hard,3,1,1,0,1,1,0,0,1,1,0,0.0,0.0,0.0,3.0,0.0005411255411255089,0.0,0,1,1,0,13.0,108.0,0,1,1,169.0,84.5,21.55390442890443
1242,Australian Open,2023,Hard,3,1,1,0,0,1,0,0,1,1,0,0.0,1.0,1.0,1.5,0.06283712425079746,1.0,0,1,1,0,14.0,671.0,0,1,1,196.0,90.0,27.05390442890443
1243,Australian Open,2023,Hard,3,1,1,0,0,0,0,0,1,1,0,0.0,0.0,0.0,6.0,0.05669137352422804,0.0,0,1,1,0,15.5,254.5,0,1,1,240.25,49.5,-13.446095571095569
1244,Australian Open,2023,Hard,3,1,1,0,0,1,1,1,1,1,0,0.0,1.0,1.0,15.0,0.01057318491443759,2.0,0,1,0,1,20.0,89.0,1,1,1,400.0,48.5,-14.446095571095569
1245,Australian Open,2023,Hard,3,0,0,0,0,1,1,1,1,1,0,1.0,1.0,1.0,27.0,0.006430370146846442,0.0,0,1,0,0,15.5,54.0,1,0,0,240.25,13.0,-49.94609557109557
1246,Australian Open,2023,Hard,3,1,1,0,0,0,0,0,1,1,0,0.0,0.0,0.0,30.0,0.04631816781349496,16.0,0,1,0,1,11.0,206.0,0,1,1,121.0,78.5,15.553904428904431
1247,Australian Open,2023,Hard,3,1,1,0,0,0,0,0,1,1,0,1.0,1.0,1.0,31.5,0.03194616977225673,21.0,0,1,0,1,19.5,63.5,0,1,1,380.25,80.0,17.05390442890443
1248,Australian Open,2023,Hard,3,0,0,0,0,0,0,0,1,1,0,1.0,1.0,1.0,489.0,0.01331478537360903,816.0,0,1,0,0,11.5,6.5,0,0,0,132.25,90.0,27.05390442890443
1249,Australian Open,2023,Hard,3,1,1,0,1,1,1,1,1,1,0,1.0,1.0,1.0,280.0,0.1606512890094979,150.0,0,1,0,0,6.5,57.0,1,0,1,42.25,71.0,8.053904428904431
1250,Australian Open,2023,Hard,3,1,1,0,0,0,0,0,1,1,0,0.0,0.0,0.0,54.5,0.01229159687685211,21.0,0,1,1,0,12.5,25.0,0,1,1,156.25,16.5,-46.44609557109557
1251,Australian Open,2023,Hard,3,1,1,0,0,0,0,0,1,1,0,0.0,0.0,0.0,79.0,0.04537805538917883,6.0,0,1,1,1,20.5,31.0,0,1,1,420.25,19.5,-43.44609557109557
1252,Australian Open,2023,Hard,3,0,0,0,0,0,0,0,1,1,0,1.0,1.0,1.0,436.5,0.02179137210984344,757.0,0,1,0,0,17.5,100.5,0,0,0,306.25,71.0,8.053904428904431
1253,Australian Open,2023,Hard,3,0,0,0,0,0,0,0,1,1,0,1.0,1.0,1.0,105.0,0.08257713248638843,98.0,0,1,0,0,14.5,58.5,0,0,0,210.25,65.0,2.0539044289044313
1254,Australian Open,2023,Hard,3,0,0,0,0,1,1,1,1,1,0,1.0,1.0,1.0,220.0,0.03450549450549456,114.0,0,1,0,0,7.0,11.5,1,0,0,49.0,90.0,27.05390442890443
1255,Australian Open,2023,Hard,3,0,0,0,0,0,0,0,1,1,0,0.0,0.0,0.0,938.5,0.2,237.0,1,1,0,0,5.5,52.0,0,0,0,30.25,55.0,-7.946095571095569
1256,Australian Open,2023,Hard,3,1,0,0,1,1,1,1,1,1,0,0.0,0.0,0.0,38.0,0.04232018933771908,4.0,0,1,0,0,8.5,243.0,1,0,1,72.25,65.5,2.5539044289044313
1257,Australian Open,2023,Hard,4,0,0,0,0,0,0,0,1,1,0,0.0,0.0,0.0,3.0,0.0005411255411255089,0.0,0,1,0,0,13.0,79.0,0,0,0,169.0,84.5,21.55390442890443
1258,Australian Open,2023,Hard,4,1,1,0,0,0,0,0,1,1,0,0.0,0.0,0.0,6.0,0.05669137352422804,0.0,0,1,0,1,15.5,31.5,0,1,1,240.25,49.5,-13.446095571095569
1259,Australian Open,2023,Hard,4,1,1,0,0,0,0,0,1,1,0,0.0,1.0,1.0,15.0,0.01057318491443759,2.0,0,1,0,1,20.0,105.0,0,1,1,400.0,48.5,-14.446095571095569
1260,Australian Open,2023,Hard,4,0,0,0,0,0,0,0,1,1,0,0.0,0.0,0.0,30.0,0.04631816781349496,16.0,0,1,0,0,11.0,489.0,0,0,0,121.0,78.5,15.553904428904431
1261,Australian Open,2023,Hard,4,1,1,0,0,1,0,0,1,1,0,1.0,1.0,1.0,280.0,0.1606512890094979,150.0,0,1,1,0,6.5,27.0,0,1,1,42.25,71.0,8.053904428904431
1262,Australian Open,2023,Hard,4,1,1,0,0,0,0,0,1,1,0,1.0,1.0,1.0,436.5,0.02179137210984344,757.0,0,1,1,0,17.5,938.5,0,1,1,306.25,71.0,8.053904428904431
1263,Australian Open,2023,Hard,4,1,1,0,0,1,1,1,1,1,0,1.0,1.0,1.0,220.0,0.03450549450549456,114.0,0,1,0,1,7.0,54.5,1,1,1,49.0,90.0,27.05390442890443
1264,Australian Open,2023,Hard,4,1,1,0,0,1,1,1,1,1,0,0.0,0.0,0.0,38.0,0.04232018933771908,4.0,0,1,0,1,8.5,1.5,1,1,1,72.25,65.5,2.5539044289044313
1265,Australian Open,2023,Hard,5,1,1,0,0,1,0,0,1,1,0,0.0,1.0,1.0,15.0,0.01057318491443759,2.0,0,1,0,0,20.0,30.0,0,0,0,400.0,48.5,-14.446095571095569
1266,Australian Open,2023,Hard,5,1,0,0,1,1,0,0,1,1,0,1.0,1.0,1.0,436.5,0.02179137210984344,757.0,0,1,0,0,17.5,6.0,0,0,1,306.25,71.0,8.053904428904431
1267,Australian Open,2023,Hard,5,0,0,0,0,0,0,0,1,1,0,1.0,1.0,1.0,220.0,0.03450549450549456,114.0,0,1,0,0,7.0,3.0,0,0,0,49.0,90.0,27.05390442890443
1268,Australian Open,2023,Hard,5,0,0,0,0,0,0,0,1,1,0,0.0,0.0,0.0,38.0,0.04232018933771908,4.0,0,1,0,0,8.5,280.0,0,0,0,72.25,65.5,2.5539044289044313
1269,Australian Open,2023,Hard,6,0,0,0,0,0,0,0,1,1,0,1.0,1.0,1.0,220.0,0.03450549450549456,114.0,0,1,0,0,7.0,15.0,0,0,0,49.0,90.0,27.05390442890443
1270,Australian Open,2023,Hard,6,0,0,0,0,1,0,0,1,1,0,0.0,0.0,0.0,38.0,0.04232018933771908,4.0,0,1,0,0,8.5,436.5,0,0,0,72.25,65.5,2.5539044289044313
1271,Australian Open,2023,Hard,7,1,1,0,0,0,0,0,1,1,0,1.0,1.0,1.0,220.0,0.03450549450549456,114.0,0,1,0,1,7.0,38.0,0,1,1,49.0,90.0,27.05390442890443
1272,Roland Garros,2023,Clay,2,1,1,0,0,0,0,0,1,1,0,0.0,0.0,0.0,1.0,0.0005411255411255089,0.0,0,1,0,1,13.0,68.0,0,1,1,169.0,84.5,21.55390442890443
1273,Roland Garros,2023,Clay,2,0,0,0,0,1,1,1,1,1,0,0.0,1.0,1.0,3.5,0.06283712425079746,1.0,0,1,0,0,14.0,614.0,1,0,0,196.0,90.0,27.05390442890443
1274,Roland Garros,2023,Clay,2,1,0,0,1,1,0,0,1,1,0,0.0,0.0,0.0,6.0,0.05669137352422804,0.0,0,1,0,0,15.5,137.0,0,0,1,240.25,49.5,-13.446095571095569
1275,Roland Garros,2023,Clay,2,1,1,0,1,1,0,0,1,1,0,0.0,0.0,0.0,6.5,0.02692944392196983,3.0,0,1,1,0,15.0,464.0,0,1,1,225.0,62.0,-0.9460955710955687
1276,Roland Garros,2023,Clay,2,1,1,0,0,1,0,0,1,1,0,0.0,0.0,0.0,10.0,0.02743182053526882,0.0,0,1,1,0,11.5,34.5,0,1,1,132.25,76.0,13.053904428904431
1278,Roland Garros,2023,Clay,2,0,0,0,0,0,0,0,1,1,0,0.0,0.0,0.0,17.0,0.06491057180162063,2.0,0,1,0,0,21.5,67.5,0,0,0,462.25,50.5,-12.446095571095569
1279,Roland Garros,2023,Clay,2,0,0,0,0,0,0,0,1,1,0,0.0,1.0,1.0,21.0,0.01057318491443759,2.0,0,1,0,0,20.0,152.5,0,0,0,400.0,48.5,-14.446095571095569
1280,Roland Garros,2023,Clay,2,0,0,0,0,0,0,0,1,1,0,1.0,1.0,1.0,24.5,0.02310606060606069,3.0,0,1,0,0,12.5,357.5,0,0,0,156.25,67.0,4.053904428904431
1281,Roland Garros,2023,Clay,2,0,0,0,0,0,0,0,1,1,0,0.0,0.0,0.0,26.0,0.01889632107023409,4.0,0,1,0,0,15.5,350.5,0,0,0,240.25,73.5,10.553904428904431
1282,Roland Garros,2023,Clay,2,1,1,0,0,0,0,0,1,1,0,0.0,1.0,1.0,27.5,0.01544027954839367,17.0,0,1,1,0,16.5,74.5,0,1,1,272.25,84.0,21.05390442890443
1283,Roland Garros,2023,Clay,2,1,0,0,1,1,0,0,1,1,0,1.0,1.0,1.0,27.5,0.01710058017649063,5.0,0,1,0,0,19.5,66.0,0,0,1,380.25,46.0,-16.94609557109557
1284,Roland Garros,2023,Clay,2,1,1,0,1,1,1,1,1,1,0,0.0,0.0,0.0,53.5,0.02483682781724711,5.0,0,1,0,1,14.0,50.5,1,1,1,196.0,63.0,0.053904428904431256
1285,Roland Garros,2023,Clay,2,0,0,0,0,1,0,0,1,1,0,1.0,1.0,1.0,152.5,0.3473684210526316,29.0,0,1,0,0,0.0,625.5,0,0,0,0.0,71.0,8.053904428904431
1286,Roland Garros,2023,Clay,2,0,0,0,0,1,1,1,1,1,0,0.0,0.0,1.0,75.0,0.04591836734693877,8.0,0,1,0,0,11.0,80.5,1,0,0,121.0,52.0,-10.946095571095569
1287,Roland Garros,2023,Clay,2,1,1,0,0,0,0,0,1,1,0,0.0,0.0,0.0,77.5,0.04950617283950615,19.0,0,1,0,1,14.0,560.5,0,1,1,196.0,47.0,-15.946095571095569
1288,Roland Garros,2023,Clay,2,0,0,0,0,0,0,0,1,1,0,1.0,1.0,1.0,75.5,0.0908258979638526,1.0,0,1,0,0,13.0,191.0,0,0,0,169.0,48.0,-14.946095571095569
1289,Roland Garros,2023,Clay,2,1,1,0,0,1,0,0,1,1,0,1.0,1.0,1.0,49.0,0.07673039392159464,6.0,0,1,1,0,19.5,129.0,0,1,1,380.25,76.0,13.053904428904431
1290,Roland Garros,2023,Clay,2,0,0,0,0,0,0,0,1,1,0,1.0,1.0,1.0,55.0,0.006430370146846442,12.0,0,1,0,0,15.5,143.5,0,0,0,240.25,13.0,-49.94609557109557
1291,Roland Garros,2023,Clay,2,1,1,0,0,0,0,0,1,1,0,0.0,1.0,1.0,47.5,0.0328223270440251,19.0,0,1,1,1,8.0,30.0,0,1,1,64.0,32.5,-30.44609557109557
1292,Roland Garros,2023,Clay,2,0,0,0,0,1,1,1,1,1,0,0.0,0.0,0.0,1008.5,0.1547619047619047,323.0,0,1,0,0,8.0,524.5,1,0,0,64.0,33.0,-29.94609557109557
1293,Roland Garros,2023,Clay,2,0,0,0,0,0,0,0,1,1,0,1.0,1.0,1.0,224.0,0.1019476567255022,58.0,1,1,0,0,10.5,184.5,0,0,0,110.25,51.0,-11.946095571095569
1294,Roland Garros,2023,Clay,2,1,1,0,0,0,0,0,1,1,0,1.0,1.0,1.0,46.0,0.008230452674897193,2.0,0,1,0,1,0.0,13.0,0,1,1,0.0,71.0,8.053904428904431
1295,Roland Garros,2023,Clay,2,1,1,0,0,0,0,0,1,1,0,1.0,1.0,1.0,469.5,0.0676470588235294,713.0,0,1,1,0,9.0,187.5,0,1,1,81.0,71.0,8.053904428904431
1296,Roland Garros,2023,Clay,2,0,0,0,0,0,0,0,1,1,0,1.0,1.0,1.0,41.5,0.006165839829907926,1.0,0,1,0,0,9.5,14.0,0,0,0,90.25,75.0,12.053904428904431
1297,Roland Garros,2023,Clay,2,1,0,0,1,1,1,1,1,1,0,1.0,1.0,1.0,309.0,0.2180397727272727,500.0,0,1,0,0,8.0,218.0,1,0,1,64.0,91.0,28.05390442890443
1298,Roland Garros,2023,Clay,2,1,1,0,0,1,0,0,1,1,0,0.0,0.0,0.0,306.0,,30.0,1,1,0,0,8.0,56.5,0,0,0,64.0,45.5,-17.44609557109557
1299,Roland Garros,2023,Clay,2,0,0,0,0,0,0,0,1,1,0,0.0,0.0,0.0,505.0,0.1160042964554242,96.0,1,1,0,0,8.0,84.0,0,0,0,64.0,64.5,1.5539044289044313
1300,Roland Garros,2023,Clay,2,0,0,0,0,0,0,0,1,1,0,0.0,0.0,0.0,100.5,0.02725886389630189,11.0,0,1,0,0,14.0,347.0,0,0,0,196.0,63.0,0.053904428904431256
1301,Roland Garros,2023,Clay,2,0,0,0,0,1,1,1,1,1,0,0.0,0.0,0.0,40.0,0.008171835575186859,6.0,0,1,0,0,18.5,109.0,1,0,0,342.25,64.0,1.0539044289044313
1302,Roland Garros,2023,Clay,2,0,0,0,0,1,1,1,1,1,0,0.0,0.0,0.0,70.5,0.08395839583958387,7.0,0,1,0,0,15.5,31.5,1,0,0,240.25,34.5,-28.44609557109557
1303,Roland Garros,2023,Clay,2,0,0,0,0,1,1,1,1,1,0,0.0,1.0,1.0,97.0,0.166587140641775,88.0,0,1,0,0,4.0,49.0,1,0,0,16.0,90.5,27.55390442890443
1304,Roland Garros,2023,Clay,3,0,0,0,0,0,0,0,1,1,0,0.0,0.0,0.0,1.0,0.0005411255411255089,0.0,0,1,0,0,13.0,1008.5,0,0,0,169.0,84.5,21.55390442890443
1306,Roland Garros,2023,Clay,3,0,0,0,0,0,0,0,1,1,0,0.0,0.0,0.0,6.0,0.05669137352422804,0.0,0,1,0,0,15.5,75.0,0,0,0,240.25,49.5,-13.446095571095569
1307,Roland Garros,2023,Clay,3,0,0,0,0,0,0,0,1,1,0,0.0,0.0,0.0,6.5,0.02692944392196983,3.0,0,1,0,0,15.0,306.0,0,0,0,225.0,62.0,-0.9460955710955687
1308,Roland Garros,2023,Clay,3,1,1,0,0,0,0,0,1,1,0,0.0,0.0,0.0,10.0,0.02743182053526882,0.0,0,1,1,0,11.5,505.0,0,1,1,132.25,76.0,13.053904428904431
1309,Roland Garros,2023,Clay,3,0,0,0,0,0,0,0,1,1,0,0.0,0.0,0.0,17.0,0.06491057180162063,2.0,0,1,0,0,21.5,75.5,0,0,0,462.25,50.5,-12.446095571095569
1310,Roland Garros,2023,Clay,3,0,0,0,0,0,0,0,1,1,0,0.0,1.0,1.0,21.0,0.01057318491443759,2.0,0,1,0,0,20.0,49.0,0,0,0,400.0,48.5,-14.446095571095569
1311,Roland Garros,2023,Clay,3,0,0,0,0,0,0,0,1,1,0,1.0,1.0,1.0,24.5,0.02310606060606069,3.0,0,1,0,0,12.5,53.5,0,0,0,156.25,67.0,4.053904428904431
1312,Roland Garros,2023,Clay,3,0,0,0,0,0,0,0,1,1,0,0.0,0.0,0.0,26.0,0.01889632107023409,4.0,0,1,0,0,15.5,469.5,0,0,0,240.25,73.5,10.553904428904431
1313,Roland Garros,2023,Clay,3,0,0,0,0,0,0,0,1,1,0,0.0,1.0,1.0,27.5,0.01544027954839367,17.0,0,1,0,0,16.5,55.0,0,0,0,272.25,84.0,21.05390442890443
1314,Roland Garros,2023,Clay,3,1,1,0,0,1,0,0,1,1,0,1.0,1.0,1.0,27.5,0.01710058017649063,5.0,0,1,1,0,19.5,309.0,0,1,1,380.25,46.0,-16.94609557109557
1315,Roland Garros,2023,Clay,3,0,0,0,0,0,0,0,1,1,0,0.0,1.0,1.0,47.5,0.0328223270440251,19.0,0,1,0,0,8.0,97.0,0,0,0,64.0,32.5,-30.44609557109557
1316,Roland Garros,2023,Clay,3,0,0,0,0,0,0,0,1,1,0,1.0,1.0,1.0,46.0,0.008230452674897193,2.0,0,1,0,0,0.0,152.5,0,0,0,0.0,71.0,8.053904428904431
1317,Roland Garros,2023,Clay,3,0,0,0,0,0,0,0,1,1,0,1.0,1.0,1.0,41.5,0.006165839829907926,1.0,0,1,0,0,9.5,100.5,0,0,0,90.25,75.0,12.053904428904431
1318,Roland Garros,2023,Clay,3,1,1,0,0,0,0,0,1,1,0,0.0,0.0,0.0,40.0,0.008171835575186859,6.0,0,1,1,0,18.5,13.0,0,1,1,342.25,64.0,1.0539044289044313
1319,Roland Garros,2023,Clay,3,0,0,0,0,1,0,0,1,1,0,0.0,0.0,0.0,70.5,0.08395839583958387,7.0,0,1,0,0,15.5,77.5,0,0,0,240.25,34.5,-28.44609557109557
1320,Roland Garros,2023,Clay,4,0,0,0,0,0,0,0,1,1,0,0.0,0.0,0.0,1.0,0.0005411255411255089,0.0,0,1,0,0,13.0,70.5,0,0,0,169.0,84.5,21.55390442890443
1321,Roland Garros,2023,Clay,4,0,0,0,0,0,0,0,1,1,0,0.0,0.0,0.0,6.0,0.05669137352422804,0.0,0,1,0,0,15.5,27.5,0,0,0,240.25,49.5,-13.446095571095569
1322,Roland Garros,2023,Clay,4,1,1,0,0,1,1,1,1,1,0,0.0,0.0,0.0,6.5,0.02692944392196983,3.0,0,1,0,0,15.0,47.5,1,0,0,225.0,62.0,-0.9460955710955687
1323,Roland Garros,2023,Clay,4,0,0,0,0,0,0,0,1,1,0,0.0,1.0,1.0,21.0,0.01057318491443759,2.0,0,1,0,0,20.0,40.0,0,0,0,400.0,48.5,-14.446095571095569
1324,Roland Garros,2023,Clay,4,1,1,0,0,0,0,0,1,1,0,1.0,1.0,1.0,24.5,0.02310606060606069,3.0,0,1,0,1,12.5,46.0,0,1,1,156.25,67.0,4.053904428904431
1325,Roland Garros,2023,Clay,4,0,0,0,0,0,0,0,1,1,0,0.0,0.0,0.0,26.0,0.01889632107023409,4.0,0,1,0,0,15.5,10.0,0,0,0,240.25,73.5,10.553904428904431
1326,Roland Garros,2023,Clay,4,0,0,0,0,1,0,0,1,1,0,1.0,1.0,1.0,27.5,0.01710058017649063,5.0,0,1,0,0,19.5,3.5,0,0,0,380.25,46.0,-16.94609557109557
1327,Roland Garros,2023,Clay,4,1,1,0,1,1,0,0,1,1,0,1.0,1.0,1.0,41.5,0.006165839829907926,1.0,0,1,0,0,9.5,17.0,0,0,1,90.25,75.0,12.053904428904431
1328,Roland Garros,2023,Clay,5,1,1,0,0,1,0,0,1,1,0,0.0,0.0,0.0,6.5,0.02692944392196983,3.0,0,1,1,0,15.0,24.5,0,1,1,225.0,62.0,-0.9460955710955687
1329,Roland Garros,2023,Clay,5,1,1,0,0,0,0,0,1,1,0,0.0,1.0,1.0,21.0,0.01057318491443759,2.0,0,1,0,1,20.0,1.0,0,1,1,400.0,48.5,-14.446095571095569
1330,Roland Garros,2023,Clay,5,1,1,0,0,0,0,0,1,1,0,0.0,0.0,0.0,26.0,0.01889632107023409,4.0,0,1,1,0,15.5,6.0,0,1,1,240.25,73.5,10.553904428904431
1331,Roland Garros,2023,Clay,5,1,1,0,0,0,0,0,1,1,0,1.0,1.0,1.0,41.5,0.006165839829907926,1.0,0,1,0,1,9.5,27.5,0,1,1,90.25,75.0,12.053904428904431
1332,Roland Garros,2023,Clay,6,1,1,0,0,0,0,0,1,1,0,0.0,0.0,0.0,6.5,0.02692944392196983,3.0,0,1,0,1,15.0,21.0,0,1,1,225.0,62.0,-0.9460955710955687
1333,Roland Garros,2023,Clay,6,0,0,0,0,0,0,0,1,1,0,1.0,1.0,1.0,41.5,0.006165839829907926,1.0,0,1,0,0,9.5,26.0,0,0,0,90.25,75.0,12.053904428904431
1334,Roland Garros,2023,Clay,7,0,0,0,0,0,0,0,1,1,0,0.0,0.0,0.0,6.5,0.02692944392196983,3.0,0,1,0,0,15.0,41.5,0,0,0,225.0,62.0,-0.9460955710955687
1335,US Open,2023,Hard,2,1,1,0,0,0,0,0,1,1,0,0.0,0.0,0.0,1.5,0.0005411255411255089,1.0,0,1,0,1,13.0,168.0,0,1,1,169.0,84.5,21.55390442890443
1336,US Open,2023,Hard,2,0,0,0,0,1,0,0,1,1,0,1.0,1.0,1.0,58.5,0.006430370146846442,19.0,0,1,0,0,15.5,460.5,0,0,0,240.25,13.0,-49.94609557109557
1337,US Open,2023,Hard,2,1,1,0,1,1,0,0,1,1,0,0.0,0.0,0.0,57.0,0.04950617283950615,4.0,0,1,0,0,14.0,73.5,0,0,1,196.0,47.0,-15.946095571095569
1338,US Open,2023,Hard,2,0,0,0,0,0,0,0,1,1,0,1.0,1.0,1.0,30.5,0.002501202501202449,1.0,0,1,0,0,7.0,337.0,0,0,0,49.0,91.0,28.05390442890443
1339,US Open,2023,Hard,2,1,0,0,1,1,0,0,1,1,0,1.0,1.0,1.0,327.0,0.0184019370460049,234.0,1,1,0,0,11.0,18.5,0,0,1,121.0,71.0,8.053904428904431
1340,US Open,2023,Hard,2,0,0,0,0,0,0,0,1,1,0,1.0,1.0,1.0,60.0,0.03399052079535569,4.0,0,1,0,0,0.0,127.5,0,0,0,0.0,89.0,26.05390442890443
1341,US Open,2023,Hard,2,0,0,0,0,0,0,0,1,1,0,0.0,0.0,0.0,437.5,,729.0,0,1,0,0,13.0,404.0,0,0,0,169.0,39.0,-23.94609557109557
1342,US Open,2023,Hard,2,0,0,0,0,0,0,0,1,1,0,0.0,1.0,1.0,12.5,0.02406384127065708,3.0,0,1,0,0,18.5,664.5,0,0,0,342.25,69.0,6.053904428904431
1343,US Open,2023,Hard,2,0,0,0,0,0,0,0,1,1,0,0.0,0.0,0.0,8.0,0.05669137352422804,0.0,0,1,0,0,15.5,75.5,0,0,0,240.25,49.5,-13.446095571095569
1344,US Open,2023,Hard,2,1,1,0,0,0,0,0,1,1,0,0.0,0.0,0.0,203.0,,240.0,0,1,0,1,4.0,488.5,0,1,1,16.0,78.0,15.053904428904431
1345,US Open,2023,Hard,2,1,0,0,1,1,0,0,1,1,0,0.0,0.0,0.0,64.0,0.01660877116804171,2.0,0,1,0,0,10.5,199.5,0,0,1,110.25,81.0,18.05390442890443
1346,US Open,2023,Hard,2,1,1,0,0,0,0,0,1,1,0,0.0,0.0,0.0,26.0,0.02743182053526882,2.0,0,1,0,1,11.5,38.0,0,1,1,132.25,76.0,13.053904428904431
1347,US Open,2023,Hard,2,1,1,0,0,0,0,0,1,1,0,0.0,1.0,1.0,27.0,0.01544027954839367,2.0,0,1,1,1,16.5,48.0,0,1,1,272.25,84.0,21.05390442890443
1348,US Open,2023,Hard,2,0,0,0,0,0,0,0,1,1,0,1.0,1.0,1.0,126.5,0.0790823211875844,173.0,0,1,0,0,18.0,322.0,0,0,0,324.0,71.0,8.053904428904431
1349,US Open,2023,Hard,2,0,0,0,0,1,0,0,1,1,0,0.0,0.0,0.0,174.0,0.09999999999999998,88.0,1,1,0,0,7.0,76.5,0,0,0,49.0,45.0,-17.94609557109557
1350,US Open,2023,Hard,2,0,0,0,0,0,0,0,1,1,0,0.0,1.0,1.0,16.5,0.01057318491443759,1.0,0,1,0,0,20.0,467.0,0,0,0,400.0,48.5,-14.446095571095569
1351,US Open,2023,Hard,2,0,0,0,0,0,0,0,1,1,0,1.0,1.0,1.0,9.5,0.01710058017649063,5.0,0,1,0,0,19.5,348.5,0,0,0,380.25,46.0,-16.94609557109557
1352,US Open,2023,Hard,2,0,0,0,0,0,0,0,1,1,0,1.0,1.0,1.0,164.0,0.1291755508173419,80.0,0,1,0,0,12.0,502.5,0,0,0,144.0,71.0,8.053904428904431
1353,US Open,2023,Hard,2,0,0,0,0,0,0,0,1,1,0,0.0,0.0,0.0,127.0,0.1427566807313642,32.0,0,1,0,0,9.0,1318.5,0,0,0,81.0,85.0,22.05390442890443
1354,US Open,2023,Hard,2,1,1,0,0,1,1,1,1,1,0,0.0,1.0,1.0,50.5,0.0328223270440251,5.0,0,1,0,1,8.0,21.0,1,1,1,64.0,32.5,-30.44609557109557
1355,US Open,2023,Hard,2,1,1,0,1,1,0,0,1,1,0,0.0,0.0,0.0,32.5,0.1445843422114609,19.0,0,1,0,0,16.5,65.5,0,0,1,272.25,56.5,-6.446095571095569
1356,US Open,2023,Hard,2,1,1,0,0,0,0,0,1,1,0,0.0,0.0,0.0,44.5,0.09314903846153844,25.0,0,1,1,0,8.5,489.0,0,1,1,72.25,79.0,16.05390442890443
1357,US Open,2023,Hard,2,1,1,0,0,1,1,1,1,1,0,1.0,1.0,1.0,206.5,0.1664133738601824,245.0,1,1,0,0,9.0,34.5,1,0,0,81.0,46.0,-16.94609557109557
1358,US Open,2023,Hard,2,1,1,0,0,0,0,0,1,1,0,0.0,1.0,1.0,5.5,0.06283712425079746,1.0,0,1,0,1,14.0,42.0,0,1,1,196.0,90.0,27.05390442890443
1359,US Open,2023,Hard,2,0,0,0,0,1,0,0,1,1,0,0.0,0.0,0.0,12.5,,5.0,0,1,0,0,22.0,51.5,0,0,0,484.0,50.5,-12.446095571095569
1360,US Open,2023,Hard,2,1,1,0,0,0,0,0,1,1,0,0.0,0.0,0.0,69.5,0.0177748518762344,5.0,0,1,1,0,9.5,51.0,0,1,1,90.25,42.0,-20.94609557109557
1362,US Open,2023,Hard,2,0,0,0,0,0,0,0,1,1,0,0.0,0.0,0.0,18.5,0.04232018933771908,1.0,0,1,0,0,8.5,59.0,0,0,0,72.25,65.5,2.5539044289044313
1363,US Open,2023,Hard,2,1,1,0,0,1,0,0,1,1,0,0.0,0.0,0.0,28.5,0.1500550357732526,15.0,0,1,0,0,16.5,46.5,0,0,0,272.25,56.5,-6.446095571095569
1364,US Open,2023,Hard,2,0,0,0,0,0,0,0,1,1,0,1.0,1.0,1.0,621.0,0.1886043995672557,796.0,0,1,0,0,13.0,664.5,0,0,0,169.0,91.0,28.05390442890443
1365,US Open,2023,Hard,2,1,1,0,0,0,0,0,1,1,0,1.0,1.0,1.0,187.0,0.1028622540250447,140.0,0,1,1,0,5.5,64.5,0,1,1,30.25,35.0,-27.94609557109557
1366,US Open,2023,Hard,2,0,0,0,0,1,1,1,1,1,0,0.0,0.0,0.0,3.5,0.02692944392196983,1.0,0,1,0,0,15.0,314.5,1,0,0,225.0,62.0,-0.9460955710955687
1367,US Open,2023,Hard,3,1,1,0,0,1,0,0,1,1,0,0.0,0.0,0.0,1.5,0.0005411255411255089,1.0,0,1,1,0,13.0,58.5,0,1,1,169.0,84.5,21.55390442890443
1368,US Open,2023,Hard,3,1,1,0,0,0,0,0,1,1,0,1.0,1.0,1.0,30.5,0.002501202501202449,1.0,0,1,1,0,7.0,57.0,0,1,1,49.0,91.0,28.05390442890443
1369,US Open,2023,Hard,3,1,1,0,0,0,0,0,1,1,0,1.0,1.0,1.0,60.0,0.03399052079535569,4.0,0,1,1,0,0.0,327.0,0,1,1,0.0,89.0,26.05390442890443
1370,US Open,2023,Hard,3,0,0,0,0,0,0,0,1,1,0,0.0,1.0,1.0,12.5,0.02406384127065708,3.0,0,1,0,0,18.5,437.5,0,0,0,342.25,69.0,6.053904428904431
1371,US Open,2023,Hard,3,0,0,0,0,0,0,0,1,1,0,0.0,0.0,0.0,8.0,0.05669137352422804,0.0,0,1,0,0,15.5,203.0,0,0,0,240.25,49.5,-13.446095571095569
1372,US Open,2023,Hard,3,1,1,0,0,0,0,0,1,1,0,0.0,0.0,0.0,64.0,0.01660877116804171,2.0,0,1,1,1,10.5,26.0,0,1,1,110.25,81.0,18.05390442890443
1373,US Open,2023,Hard,3,0,0,0,0,0,0,0,1,1,0,1.0,1.0,1.0,126.5,0.0790823211875844,173.0,0,1,0,0,18.0,27.0,0,0,0,324.0,71.0,8.053904428904431
1374,US Open,2023,Hard,3,0,0,0,0,0,0,0,1,1,0,0.0,1.0,1.0,16.5,0.01057318491443759,1.0,0,1,0,0,20.0,174.0,0,0,0,400.0,48.5,-14.446095571095569
1375,US Open,2023,Hard,3,0,0,0,0,0,0,0,1,1,0,1.0,1.0,1.0,9.5,0.01710058017649063,5.0,0,1,0,0,19.5,164.0,0,0,0,380.25,46.0,-16.94609557109557
1376,US Open,2023,Hard,3,0,0,0,0,1,1,1,1,1,0,0.0,0.0,0.0,127.0,0.1427566807313642,32.0,0,1,0,0,9.0,50.5,1,0,0,81.0,85.0,22.05390442890443
1377,US Open,2023,Hard,3,0,0,0,0,0,0,0,1,1,0,0.0,0.0,0.0,44.5,0.09314903846153844,25.0,0,1,0,0,8.5,32.5,0,0,0,72.25,79.0,16.05390442890443
1378,US Open,2023,Hard,3,1,1,0,0,0,0,0,1,1,0,0.0,1.0,1.0,5.5,0.06283712425079746,1.0,0,1,0,1,14.0,206.5,0,1,1,196.0,90.0,27.05390442890443
1379,US Open,2023,Hard,3,1,1,0,1,1,1,1,1,1,0,0.0,0.0,0.0,12.5,,5.0,0,1,0,1,22.0,69.5,1,1,1,484.0,50.5,-12.446095571095569
1381,US Open,2023,Hard,3,0,0,0,0,1,0,0,1,1,0,1.0,1.0,1.0,621.0,0.1886043995672557,796.0,0,1,0,0,13.0,28.5,0,0,0,169.0,91.0,28.05390442890443
1382,US Open,2023,Hard,3,1,1,0,0,1,0,0,1,1,0,0.0,0.0,0.0,3.5,0.02692944392196983,1.0,0,1,0,0,15.0,187.0,0,0,0,225.0,62.0,-0.9460955710955687
1383,US Open,2023,Hard,4,1,1,0,0,0,0,0,1,1,0,1.0,1.0,1.0,30.5,0.002501202501202449,1.0,0,1,1,0,7.0,1.5,0,1,1,49.0,91.0,28.05390442890443
1384,US Open,2023,Hard,4,1,1,0,1,1,0,0,1,1,0,0.0,1.0,1.0,12.5,0.02406384127065708,3.0,0,1,0,0,18.5,60.0,0,0,1,342.25,69.0,6.053904428904431
1385,US Open,2023,Hard,4,0,0,0,0,1,1,1,1,1,0,0.0,0.0,0.0,64.0,0.01660877116804171,2.0,0,1,0,0,10.5,8.0,1,0,0,110.25,81.0,18.05390442890443
1386,US Open,2023,Hard,4,1,1,0,0,1,0,0,1,1,0,1.0,1.0,1.0,126.5,0.0790823211875844,173.0,0,1,1,0,18.0,16.5,0,1,1,324.0,71.0,8.053904428904431
1387,US Open,2023,Hard,4,1,1,0,0,1,0,0,1,1,0,1.0,1.0,1.0,9.5,0.01710058017649063,5.0,0,1,1,0,19.5,127.0,0,1,1,380.25,46.0,-16.94609557109557
1388,US Open,2023,Hard,4,0,0,0,0,1,0,0,1,1,0,0.0,1.0,1.0,5.5,0.06283712425079746,1.0,0,1,0,0,14.0,44.5,0,0,0,196.0,90.0,27.05390442890443
1389,US Open,2023,Hard,4,1,1,0,0,1,1,1,1,1,0,0.0,0.0,0.0,18.5,0.04232018933771908,1.0,0,1,0,0,8.5,12.5,1,0,0,72.25,65.5,2.5539044289044313
1390,US Open,2023,Hard,4,0,0,0,0,1,1,1,1,1,0,0.0,0.0,0.0,3.5,0.02692944392196983,1.0,0,1,0,0,15.0,621.0,1,0,0,225.0,62.0,-0.9460955710955687
1391,US Open,2023,Hard,5,1,1,0,0,0,0,0,1,1,0,0.0,1.0,1.0,12.5,0.02406384127065708,3.0,0,1,1,0,18.5,30.5,0,1,1,342.25,69.0,6.053904428904431
1392,US Open,2023,Hard,5,0,0,0,0,0,0,0,1,1,0,1.0,1.0,1.0,126.5,0.0790823211875844,173.0,0,1,0,0,18.0,64.0,0,0,0,324.0,71.0,8.053904428904431
1393,US Open,2023,Hard,5,0,0,0,0,0,0,0,1,1,0,0.0,1.0,1.0,5.5,0.06283712425079746,1.0,0,1,0,0,14.0,9.5,0,0,0,196.0,90.0,27.05390442890443
1394,US Open,2023,Hard,5,0,0,0,0,1,0,0,1,1,0,0.0,0.0,0.0,3.5,0.02692944392196983,1.0,0,1,0,0,15.0,18.5,0,0,0,225.0,62.0,-0.9460955710955687
1395,US Open,2023,Hard,6,1,1,0,0,0,0,0,1,1,0,0.0,1.0,1.0,12.5,0.02406384127065708,3.0,0,1,1,0,18.5,126.5,0,1,1,342.25,69.0,6.053904428904431
1396,US Open,2023,Hard,6,0,0,0,0,1,0,0,1,1,0,0.0,1.0,1.0,5.5,0.06283712425079746,1.0,0,1,0,0,14.0,3.5,0,0,0,196.0,90.0,27.05390442890443
1397,US Open,2023,Hard,7,0,0,0,0,1,1,1,1,1,0,0.0,1.0,1.0,5.5,0.06283712425079746,1.0,0,1,0,0,14.0,12.5,1,0,0,196.0,90.0,27.05390442890443
1398,Wimbledon,2023,Grass,2,0,0,0,0,0,0,0,1,1,0,0.0,0.0,0.0,2.0,0.0005411255411255089,0.0,0,1,0,0,13.0,489.5,0,0,0,169.0,84.5,21.55390442890443
1399,Wimbledon,2023,Grass,2,0,0,0,0,0,0,0,1,1,0,1.0,1.0,1.0,34.0,0.03450549450549456,6.0,1,1,0,0,7.0,641.5,0,0,0,49.0,90.0,27.05390442890443
1400,Wimbledon,2023,Grass,2,0,0,0,0,0,0,0,1,1,0,1.0,1.0,1.0,112.5,0.04750475047504754,113.0,0,1,0,0,8.5,145.5,0,0,0,72.25,90.0,27.05390442890443
1401,Wimbledon,2023,Grass,2,0,0,0,0,1,1,1,1,1,0,1.0,1.0,1.0,28.0,0.01710058017649063,8.0,0,1,0,0,19.5,99.0,1,0,0,380.25,46.0,-16.94609557109557
1402,Wimbledon,2023,Grass,2,1,1,0,0,0,0,0,1,1,0,1.0,1.0,1.0,17.0,0.03741686333404848,0.0,0,1,1,0,13.5,40.5,0,1,1,182.25,33.0,-29.94609557109557
1403,Wimbledon,2023,Grass,2,0,0,0,0,0,0,0,1,1,0,0.0,1.0,1.0,46.5,0.0328223270440251,5.0,0,1,0,0,8.0,190.5,0,0,0,64.0,32.5,-30.44609557109557
1404,Wimbledon,2023,Grass,2,1,1,0,0,0,0,0,1,1,0,0.0,0.0,0.0,71.0,0.04950617283950615,6.0,0,1,0,1,14.0,160.0,0,1,1,196.0,47.0,-15.946095571095569
1405,Wimbledon,2023,Grass,2,0,0,0,0,0,0,0,1,1,0,0.0,0.0,0.0,21.5,0.03315368283521147,1.0,0,1,0,0,13.5,475.0,0,0,0,182.25,69.0,6.053904428904431
1406,Wimbledon,2023,Grass,2,1,1,0,0,1,1,1,1,1,0,1.0,1.0,1.0,146.0,0.06233062330623312,60.0,0,1,0,0,8.0,5.5,1,0,0,64.0,80.0,17.05390442890443
1407,Wimbledon,2023,Grass,2,1,1,0,0,0,0,0,1,1,0,1.0,1.0,1.0,42.5,0.03143728110001298,1.0,0,1,0,1,14.5,51.5,0,1,1,210.25,76.0,13.053904428904431
1408,Wimbledon,2023,Grass,2,0,0,0,0,0,0,0,1,1,0,1.0,1.0,1.0,45.5,0.008230452674897193,1.0,0,1,0,0,0.0,424.0,0,0,0,0.0,71.0,8.053904428904431
1409,Wimbledon,2023,Grass,2,1,1,0,0,1,1,1,1,1,0,0.0,0.0,0.0,32.5,0.008171835575186859,7.0,0,1,0,0,18.5,49.5,1,0,0,342.25,64.0,1.0539044289044313
1410,Wimbledon,2023,Grass,2,1,1,0,0,0,0,0,1,1,0,0.0,0.0,0.0,25.0,0.02810063499718674,32.0,0,1,0,1,15.5,83.0,0,1,1,240.25,80.0,17.05390442890443
1411,Wimbledon,2023,Grass,2,0,0,0,0,0,0,0,1,1,0,0.0,0.0,0.0,83.0,0.06779100529100529,6.0,0,1,0,0,4.0,564.5,0,0,0,16.0,85.5,22.55390442890443
1412,Wimbledon,2023,Grass,2,1,1,0,0,1,1,1,1,1,0,1.0,1.0,1.0,353.0,0.06666666666666671,158.0,0,1,0,1,0.0,72.5,1,1,1,0.0,89.0,26.05390442890443
1413,Wimbledon,2023,Grass,2,1,1,0,1,1,0,0,1,1,0,0.0,1.0,1.0,14.0,0.02406384127065708,4.0,0,1,0,0,18.5,153.5,0,0,1,342.25,69.0,6.053904428904431
1414,Wimbledon,2023,Grass,2,1,0,0,1,1,1,1,1,1,0,0.0,0.0,0.0,10.5,,1.0,0,1,0,0,22.0,321.5,1,0,1,484.0,50.5,-12.446095571095569
1415,Wimbledon,2023,Grass,2,0,0,0,0,0,0,0,1,1,0,1.0,1.0,1.0,602.5,0.1666666666666667,113.0,0,1,0,0,0.0,630.5,0,0,0,0.0,89.0,26.05390442890443
1416,Wimbledon,2023,Grass,2,0,0,0,0,0,0,0,1,1,0,0.0,0.0,0.0,324.5,0.1666666666666666,481.0,1,1,0,0,5.0,857.0,0,0,0,25.0,80.0,17.05390442890443
1417,Wimbledon,2023,Grass,2,0,0,0,0,0,0,0,1,1,0,1.0,1.0,1.0,24.5,0.02310606060606069,11.0,0,1,0,0,12.5,66.5,0,0,0,156.25,67.0,4.053904428904431
1418,Wimbledon,2023,Grass,2,0,0,0,0,1,0,0,1,1,0,0.0,1.0,1.0,26.5,0.01544027954839367,13.0,0,1,0,0,16.5,56.0,0,0,0,272.25,84.0,21.05390442890443
1419,Wimbledon,2023,Grass,2,0,0,0,0,0,0,0,1,1,0,1.0,1.0,1.0,39.0,0.01985049455307897,2.0,0,1,0,0,8.5,381.0,0,0,0,72.25,55.0,-7.946095571095569
1420,Wimbledon,2023,Grass,2,0,0,0,0,1,0,0,1,1,0,0.0,0.0,0.0,368.0,,436.0,0,1,0,0,12.5,67.0,0,0,0,156.25,61.0,-1.9460955710955687
1421,Wimbledon,2023,Grass,2,0,0,0,0,0,0,0,1,1,0,0.0,0.0,0.0,10.0,0.04232018933771908,6.0,0,1,0,0,8.5,103.5,0,0,0,72.25,65.5,2.5539044289044313
1423,Wimbledon,2023,Grass,2,0,0,0,0,0,0,0,1,1,0,1.0,1.0,1.0,36.5,0.002501202501202449,5.0,0,1,0,0,7.0,748.5,0,0,0,49.0,91.0,28.05390442890443
1424,Wimbledon,2023,Grass,2,0,0,0,0,0,0,0,1,1,0,0.0,0.0,0.0,52.5,0.02483682781724711,1.0,0,1,0,0,14.0,771.0,0,0,0,196.0,63.0,0.053904428904431256
1425,Wimbledon,2023,Grass,2,0,0,0,0,0,0,0,1,1,0,1.0,1.0,1.0,24.0,0.006165839829907926,2.0,0,1,0,0,9.5,710.5,0,0,0,90.25,75.0,12.053904428904431
1426,Wimbledon,2023,Grass,2,1,1,0,1,1,1,1,1,1,0,0.0,1.0,1.0,27.0,0.01057318491443759,2.0,0,1,0,1,20.0,56.0,1,1,1,400.0,48.5,-14.446095571095569
1427,Wimbledon,2023,Grass,2,1,1,0,0,1,1,1,1,1,0,1.0,1.0,1.0,795.0,0.1185770750988143,4.0,0,1,0,0,2.0,139.5,1,0,0,4.0,71.0,8.053904428904431
1428,Wimbledon,2023,Grass,2,0,0,0,0,0,0,0,1,1,0,0.0,1.0,1.0,122.0,0.01530612244897955,90.0,0,1,0,0,8.0,197.0,0,0,0,64.0,78.0,15.053904428904431
1429,Wimbledon,2023,Grass,2,1,1,0,0,0,0,0,1,1,0,0.0,0.0,0.0,2.5,0.02692944392196983,3.0,0,1,1,0,15.0,93.5,0,1,1,225.0,62.0,-0.9460955710955687
1430,Wimbledon,2023,Grass,3,1,1,0,0,0,0,0,1,1,0,0.0,0.0,0.0,2.0,0.0005411255411255089,0.0,0,1,1,0,13.0,34.0,0,1,1,169.0,84.5,21.55390442890443
1431,Wimbledon,2023,Grass,3,0,0,0,0,1,0,0,1,1,0,1.0,1.0,1.0,112.5,0.04750475047504754,113.0,0,1,0,0,8.5,28.0,0,0,0,72.25,90.0,27.05390442890443
1432,Wimbledon,2023,Grass,3,1,1,0,0,0,0,0,1,1,0,1.0,1.0,1.0,17.0,0.03741686333404848,0.0,0,1,0,1,13.5,46.5,0,1,1,182.25,33.0,-29.94609557109557
1433,Wimbledon,2023,Grass,3,1,1,0,0,0,0,0,1,1,0,0.0,0.0,0.0,71.0,0.04950617283950615,6.0,0,1,1,0,14.0,21.5,0,1,1,196.0,47.0,-15.946095571095569
1434,Wimbledon,2023,Grass,3,1,1,0,1,1,1,1,1,1,0,1.0,1.0,1.0,146.0,0.06233062330623312,60.0,0,1,0,1,8.0,42.5,1,1,1,64.0,80.0,17.05390442890443
1435,Wimbledon,2023,Grass,3,0,0,0,0,0,0,0,1,1,0,0.0,0.0,0.0,32.5,0.008171835575186859,7.0,0,1,0,0,18.5,45.5,0,0,0,342.25,64.0,1.0539044289044313
1436,Wimbledon,2023,Grass,3,1,0,0,1,1,1,1,1,1,0,0.0,0.0,0.0,83.0,0.06779100529100529,6.0,0,1,0,0,4.0,25.0,1,0,1,16.0,85.5,22.55390442890443
1437,Wimbledon,2023,Grass,3,0,0,0,0,0,0,0,1,1,0,0.0,1.0,1.0,14.0,0.02406384127065708,4.0,0,1,0,0,18.5,353.0,0,0,0,342.25,69.0,6.053904428904431
1438,Wimbledon,2023,Grass,3,1,1,0,0,0,0,0,1,1,0,0.0,0.0,0.0,10.5,,1.0,0,1,0,1,22.0,602.5,0,1,1,484.0,50.5,-12.446095571095569
1440,Wimbledon,2023,Grass,3,1,1,0,0,1,1,1,1,1,0,0.0,1.0,1.0,26.5,0.01544027954839367,13.0,0,1,0,1,16.5,39.0,1,1,1,272.25,84.0,21.05390442890443
1441,Wimbledon,2023,Grass,3,1,1,0,0,0,0,0,1,1,0,0.0,0.0,0.0,10.0,0.04232018933771908,6.0,0,1,1,0,8.5,368.0,0,1,1,72.25,65.5,2.5539044289044313
1442,Wimbledon,2023,Grass,3,1,1,0,0,0,0,0,1,1,0,1.0,1.0,1.0,36.5,0.002501202501202449,5.0,0,1,0,1,7.0,14.0,0,1,1,49.0,91.0,28.05390442890443
1443,Wimbledon,2023,Grass,3,1,1,0,0,0,0,0,1,1,0,1.0,1.0,1.0,24.0,0.006165839829907926,2.0,0,1,1,0,9.5,52.5,0,1,1,90.25,75.0,12.053904428904431
1444,Wimbledon,2023,Grass,3,1,1,0,0,1,0,0,1,1,0,0.0,1.0,1.0,27.0,0.01057318491443759,2.0,0,1,1,0,20.0,795.0,0,1,1,400.0,48.5,-14.446095571095569
1445,Wimbledon,2023,Grass,3,1,1,0,0,1,1,1,1,1,0,0.0,1.0,1.0,122.0,0.01530612244897955,90.0,0,1,0,1,8.0,2.5,1,1,1,64.0,78.0,15.053904428904431
1446,Wimbledon,2023,Grass,4,1,1,0,0,0,0,0,1,1,0,0.0,0.0,0.0,2.0,0.0005411255411255089,0.0,0,1,0,1,13.0,112.5,0,1,1,169.0,84.5,21.55390442890443
1447,Wimbledon,2023,Grass,4,0,0,0,0,1,0,0,1,1,0,0.0,0.0,0.0,71.0,0.04950617283950615,6.0,0,1,0,0,14.0,17.0,0,0,0,196.0,47.0,-15.946095571095569
1448,Wimbledon,2023,Grass,4,0,0,0,0,0,0,0,1,1,0,1.0,1.0,1.0,146.0,0.06233062330623312,60.0,0,1,0,0,8.0,32.5,0,0,0,64.0,80.0,17.05390442890443
1449,Wimbledon,2023,Grass,4,1,0,0,1,1,0,0,1,1,0,0.0,1.0,1.0,14.0,0.02406384127065708,4.0,0,1,0,0,18.5,83.0,0,0,1,342.25,69.0,6.053904428904431
1450,Wimbledon,2023,Grass,4,0,0,0,0,1,0,0,1,1,0,1.0,1.0,1.0,24.5,0.02310606060606069,11.0,0,1,0,0,12.5,10.5,0,0,0,156.25,67.0,4.053904428904431
1451,Wimbledon,2023,Grass,4,0,0,0,0,0,0,0,1,1,0,0.0,1.0,1.0,26.5,0.01544027954839367,13.0,0,1,0,0,16.5,10.0,0,0,0,272.25,84.0,21.05390442890443
1452,Wimbledon,2023,Grass,4,0,0,0,0,0,0,0,1,1,0,1.0,1.0,1.0,36.5,0.002501202501202449,5.0,0,1,0,0,7.0,24.0,0,0,0,49.0,91.0,28.05390442890443
1453,Wimbledon,2023,Grass,4,1,1,0,0,0,0,0,1,1,0,0.0,1.0,1.0,27.0,0.01057318491443759,2.0,0,1,1,1,20.0,122.0,0,1,1,400.0,48.5,-14.446095571095569
1454,Wimbledon,2023,Grass,5,0,0,0,0,1,1,1,1,1,0,0.0,0.0,0.0,2.0,0.0005411255411255089,0.0,0,1,0,0,13.0,71.0,1,0,0,169.0,84.5,21.55390442890443
1455,Wimbledon,2023,Grass,5,1,1,0,0,1,1,1,1,1,0,0.0,1.0,1.0,14.0,0.02406384127065708,4.0,0,1,0,0,18.5,146.0,1,0,0,342.25,69.0,6.053904428904431
1456,Wimbledon,2023,Grass,5,0,0,0,0,0,0,0,1,1,0,1.0,1.0,1.0,24.5,0.02310606060606069,11.0,0,1,0,0,12.5,26.5,0,0,0,156.25,67.0,4.053904428904431
1457,Wimbledon,2023,Grass,5,0,0,0,0,0,0,0,1,1,0,0.0,1.0,1.0,27.0,0.01057318491443759,2.0,0,1,0,0,20.0,36.5,0,0,0,400.0,48.5,-14.446095571095569
1458,Wimbledon,2023,Grass,6,0,0,0,0,0,0,0,1,1,0,0.0,0.0,0.0,2.0,0.0005411255411255089,0.0,0,1,0,0,13.0,14.0,0,0,0,169.0,84.5,21.55390442890443
1459,Wimbledon,2023,Grass,6,0,0,0,0,0,0,0,1,1,0,0.0,1.0,1.0,27.0,0.01057318491443759,2.0,0,1,0,0,20.0,24.5,0,0,0,400.0,48.5,-14.446095571095569
1460,Wimbledon,2023,Grass,7,0,0,0,0,0,0,0,1,1,0,0.0,0.0,0.0,2.0,0.0005411255411255089,0.0,0,1,0,0,13.0,27.0,0,0,0,169.0,84.5,21.55390442890443
1461,Australian Open,2024,Hard,2,0,0,0,0,1,1,1,1,1,0,0.0,0.0,0.0,1.5,0.02692944392196983,1.0,0,1,0,0,16.0,267.5,1,0,0,256.0,62.0,-0.9460955710955687
1462,Australian Open,2024,Hard,2,0,0,0,0,1,1,1,1,1,0,0.0,0.0,0.0,65.5,0.07423930450697791,3.0,0,1,0,0,17.0,166.5,1,0,0,289.0,32.0,-30.94609557109557
1463,Australian Open,2024,Hard,2,1,0,0,1,1,1,1,1,1,0,1.0,1.0,1.0,50.5,0.03143728110001298,11.0,0,1,0,0,15.5,52.5,1,0,1,240.25,76.0,13.053904428904431
1464,Australian Open,2024,Hard,2,0,0,0,0,0,0,0,1,1,0,1.0,1.0,1.0,25.5,,29.0,0,1,0,0,24.0,742.0,0,0,0,576.0,71.0,8.053904428904431
1465,Australian Open,2024,Hard,2,1,1,0,0,0,0,0,1,1,0,0.0,0.0,0.0,25.5,0.04901135386713307,13.0,0,1,1,0,12.5,64.5,0,1,1,156.25,26.0,-36.94609557109557
1466,Australian Open,2024,Hard,2,0,0,0,0,0,0,0,1,1,0,0.0,0.0,0.0,74.0,0.09202096680256261,10.0,0,1,0,0,0.0,326.0,0,0,0,0.0,39.0,-23.94609557109557
1467,Australian Open,2024,Hard,2,0,0,0,0,0,0,0,1,1,0,0.0,0.0,0.0,579.0,0.0636363636363636,516.0,1,1,0,0,9.5,354.5,0,0,0,90.25,63.0,0.053904428904431256
1468,Australian Open,2024,Hard,2,0,0,0,0,0,0,0,1,1,0,1.0,1.0,1.0,19.0,0.02310606060606069,6.0,0,1,0,0,13.5,795.5,0,0,0,182.25,67.0,4.053904428904431
1469,Australian Open,2024,Hard,2,1,1,0,0,0,0,0,1,1,0,0.0,1.0,1.0,8.0,0.01057318491443759,2.0,0,1,0,1,21.0,65.0,0,1,1,441.0,48.5,-14.446095571095569
1470,Australian Open,2024,Hard,2,1,1,0,0,1,1,1,1,1,0,0.0,0.0,0.0,693.5,,1319.0,0,1,0,0,11.0,299.0,1,0,0,121.0,78.5,15.553904428904431
1471,Australian Open,2024,Hard,2,0,0,0,0,0,0,0,1,1,0,1.0,1.0,1.0,634.0,0.0926535087719298,502.0,1,1,0,0,8.5,216.5,0,0,0,72.25,67.0,4.053904428904431
1472,Australian Open,2024,Hard,2,0,0,0,0,0,0,0,1,1,0,1.0,1.0,1.0,27.0,0.03450549450549456,6.0,1,1,0,0,8.0,643.0,0,0,0,64.0,90.0,27.05390442890443
1473,Australian Open,2024,Hard,2,1,1,0,0,0,0,0,1,1,0,0.0,0.0,0.0,24.5,0.06931131435219595,13.0,0,1,1,0,15.0,90.5,0,1,1,225.0,84.5,21.55390442890443
1474,Australian Open,2024,Hard,2,0,0,0,0,0,0,0,1,1,0,0.0,0.0,0.0,61.5,0.08030199039121488,13.0,0,1,0,0,10.0,162.0,0,0,0,100.0,71.0,8.053904428904431
1475,Australian Open,2024,Hard,2,1,1,0,0,0,0,0,1,1,0,1.0,1.0,1.0,61.5,0.04750475047504754,57.0,1,1,0,1,9.5,39.0,0,1,1,90.25,90.0,27.05390442890443
1476,Australian Open,2024,Hard,2,1,1,0,0,1,1,1,1,1,0,0.0,0.0,0.0,16.0,0.04232018933771908,2.0,0,1,0,0,9.5,439.5,1,0,0,90.25,65.5,2.5539044289044313
1477,Australian Open,2024,Hard,2,1,1,0,0,0,0,0,1,1,0,0.0,0.0,0.0,10.5,0.08436235895252286,1.0,0,1,1,0,17.5,79.0,0,1,1,306.25,59.5,-3.4460955710955687
1478,Australian Open,2024,Hard,2,1,1,0,1,1,0,0,1,1,0,0.0,0.0,0.0,63.0,0.1164249539594843,20.0,0,1,0,0,9.0,169.5,0,0,1,81.0,58.0,-4.946095571095569
1479,Australian Open,2024,Hard,2,1,1,0,1,1,1,1,1,1,0,0.0,0.0,0.0,62.0,0.1155179052753177,6.0,0,1,0,1,15.0,50.0,1,1,1,225.0,25.5,-37.44609557109557
1480,Australian Open,2024,Hard,2,0,0,0,0,0,0,0,1,1,0,0.0,0.0,0.0,52.5,0.04950617283950615,9.0,0,1,0,0,15.0,20.5,0,0,0,225.0,47.0,-15.946095571095569
1481,Australian Open,2024,Hard,2,0,0,0,0,0,0,0,1,1,0,0.0,0.0,0.0,345.0,,560.0,0,1,0,0,9.5,26.0,0,0,0,90.25,39.0,-23.94609557109557
1483,Australian Open,2024,Hard,2,0,0,0,0,0,0,0,1,1,0,0.0,0.0,0.0,482.5,0.2273691654879774,805.0,0,1,0,0,12.0,103.5,0,0,0,144.0,48.5,-14.446095571095569
1484,Australian Open,2024,Hard,2,1,1,0,0,0,0,0,1,1,0,0.0,1.0,1.0,5.5,0.06283712425079746,1.0,0,1,1,0,15.0,46.0,0,1,1,225.0,90.0,27.05390442890443
1485,Australian Open,2024,Hard,2,0,0,0,0,0,0,0,1,1,0,1.0,1.0,1.0,13.0,0.01710058017649063,0.0,0,1,0,0,20.5,333.0,0,0,0,420.25,46.0,-16.94609557109557
1486,Australian Open,2024,Hard,2,1,1,0,1,1,0,0,1,1,0,0.0,0.0,0.0,349.0,0.132063492063492,256.0,1,1,0,0,5.5,48.0,0,0,1,30.25,58.5,-4.446095571095569
1487,Australian Open,2024,Hard,2,0,0,0,0,1,1,1,1,1,0,1.0,1.0,1.0,320.0,0.1160209846650525,80.0,0,1,0,0,16.0,48.0,1,0,0,256.0,71.0,8.053904428904431
1488,Australian Open,2024,Hard,2,0,0,0,0,1,1,1,1,1,0,1.0,1.0,1.0,24.0,0.002501202501202449,2.0,0,1,0,0,8.0,124.0,1,0,0,64.0,91.0,28.05390442890443
1489,Australian Open,2024,Hard,2,1,1,0,0,1,0,0,1,1,0,0.0,0.0,0.0,25.5,0.01910815173527036,35.0,0,1,1,0,16.0,35.5,0,1,1,256.0,56.5,-6.446095571095569
1490,Australian Open,2024,Hard,2,1,1,0,0,0,0,0,1,1,0,0.0,0.0,0.0,33.5,0.07588095438562725,9.0,0,1,0,1,14.5,159.0,0,1,1,210.25,76.5,13.553904428904431
1491,Australian Open,2024,Hard,2,1,1,0,1,1,1,1,1,1,0,1.0,1.0,1.0,495.5,,151.0,0,1,0,0,18.0,570.0,1,0,1,324.0,90.0,27.05390442890443
1492,Australian Open,2024,Hard,2,1,1,0,1,1,0,0,1,1,0,0.0,1.0,1.0,3.5,0.02406384127065708,1.0,0,1,1,0,19.5,734.5,0,1,1,380.25,69.0,6.053904428904431
1493,Australian Open,2024,Hard,3,1,1,0,1,1,0,0,1,1,0,0.0,0.0,0.0,65.5,0.07423930450697791,3.0,0,1,0,0,17.0,1.5,0,0,1,289.0,32.0,-30.94609557109557
1494,Australian Open,2024,Hard,3,1,1,0,0,1,0,0,1,1,0,1.0,1.0,1.0,50.5,0.03143728110001298,11.0,0,1,1,0,15.5,25.5,0,1,1,240.25,76.0,13.053904428904431
1495,Australian Open,2024,Hard,3,0,0,0,0,0,0,0,1,1,0,0.0,0.0,0.0,25.5,0.04901135386713307,13.0,0,1,0,0,12.5,74.0,0,0,0,156.25,26.0,-36.94609557109557
1496,Australian Open,2024,Hard,3,0,0,0,0,0,0,0,1,1,0,1.0,1.0,1.0,19.0,0.02310606060606069,6.0,0,1,0,0,13.5,579.0,0,0,0,182.25,67.0,4.053904428904431
1497,Australian Open,2024,Hard,3,0,0,0,0,0,0,0,1,1,0,0.0,1.0,1.0,8.0,0.01057318491443759,2.0,0,1,0,0,21.0,693.5,0,0,0,441.0,48.5,-14.446095571095569
1498,Australian Open,2024,Hard,3,0,0,0,0,1,0,0,1,1,0,1.0,1.0,1.0,634.0,0.0926535087719298,502.0,1,1,0,0,8.5,27.0,0,0,0,72.25,67.0,4.053904428904431
1499,Australian Open,2024,Hard,3,1,1,0,0,1,0,0,1,1,0,0.0,0.0,0.0,24.5,0.06931131435219595,13.0,0,1,1,0,15.0,61.5,0,1,1,225.0,84.5,21.55390442890443
1500,Australian Open,2024,Hard,3,1,1,0,0,1,0,0,1,1,0,0.0,0.0,0.0,16.0,0.04232018933771908,2.0,0,1,0,0,9.5,61.5,0,0,0,90.25,65.5,2.5539044289044313
1501,Australian Open,2024,Hard,3,0,0,0,0,0,0,0,1,1,0,0.0,0.0,0.0,10.5,0.08436235895252286,1.0,0,1,0,0,17.5,63.0,0,0,0,306.25,59.5,-3.4460955710955687
1502,Australian Open,2024,Hard,3,1,1,0,0,0,0,0,1,1,0,0.0,0.0,0.0,52.5,0.04950617283950615,9.0,0,1,0,1,15.0,62.0,0,1,1,225.0,47.0,-15.946095571095569
1503,Australian Open,2024,Hard,3,1,1,0,0,0,0,0,1,1,0,0.0,0.0,0.0,345.0,,560.0,0,1,1,0,9.5,977.0,0,1,1,90.25,39.0,-23.94609557109557
1504,Australian Open,2024,Hard,3,0,0,0,0,0,0,0,1,1,0,0.0,1.0,1.0,5.5,0.06283712425079746,1.0,0,1,0,0,15.0,482.5,0,0,0,225.0,90.0,27.05390442890443
1507,Australian Open,2024,Hard,3,0,0,0,0,0,0,0,1,1,0,0.0,0.0,0.0,25.5,0.01910815173527036,35.0,0,1,0,0,16.0,33.5,0,0,0,256.0,56.5,-6.446095571095569
1508,Australian Open,2024,Hard,3,0,0,0,0,0,0,0,1,1,0,0.0,1.0,1.0,3.5,0.02406384127065708,1.0,0,1,0,0,19.5,495.5,0,0,0,380.25,69.0,6.053904428904431
1509,Australian Open,2024,Hard,4,0,0,0,0,0,0,0,1,1,0,1.0,1.0,1.0,50.5,0.03143728110001298,11.0,0,1,0,0,15.5,65.5,0,0,0,240.25,76.0,13.053904428904431
1510,Australian Open,2024,Hard,4,0,0,0,0,0,0,0,1,1,0,1.0,1.0,1.0,19.0,0.02310606060606069,6.0,0,1,0,0,13.5,25.5,0,0,0,182.25,67.0,4.053904428904431
1511,Australian Open,2024,Hard,4,1,1,0,0,1,0,0,1,1,0,1.0,1.0,1.0,634.0,0.0926535087719298,502.0,1,1,1,0,8.5,8.0,0,1,1,72.25,67.0,4.053904428904431
1512,Australian Open,2024,Hard,4,1,0,0,1,1,1,1,1,1,0,0.0,0.0,0.0,16.0,0.04232018933771908,2.0,0,1,0,0,9.5,24.5,1,0,1,90.25,65.5,2.5539044289044313
1513,Australian Open,2024,Hard,4,1,1,0,0,1,1,1,1,1,0,0.0,0.0,0.0,52.5,0.04950617283950615,9.0,0,1,0,1,15.0,10.5,1,1,1,225.0,47.0,-15.946095571095569
1514,Australian Open,2024,Hard,4,0,0,0,0,1,1,1,1,1,0,0.0,0.0,0.0,345.0,,560.0,0,1,0,0,9.5,5.5,1,0,0,90.25,39.0,-23.94609557109557
1515,Australian Open,2024,Hard,4,1,1,0,1,1,0,0,1,1,0,1.0,1.0,1.0,13.0,0.01710058017649063,0.0,0,1,1,0,20.5,24.0,0,1,1,420.25,46.0,-16.94609557109557
1516,Australian Open,2024,Hard,4,1,1,0,0,0,0,0,1,1,0,0.0,1.0,1.0,3.5,0.02406384127065708,1.0,0,1,1,1,19.5,25.5,0,1,1,380.25,69.0,6.053904428904431
1517,Australian Open,2024,Hard,5,0,0,0,0,0,0,0,1,1,0,1.0,1.0,1.0,50.5,0.03143728110001298,11.0,0,1,0,0,15.5,19.0,0,0,0,240.25,76.0,13.053904428904431
1518,Australian Open,2024,Hard,5,1,1,0,0,0,0,0,1,1,0,1.0,1.0,1.0,634.0,0.0926535087719298,502.0,1,1,0,1,8.5,16.0,0,1,1,72.25,67.0,4.053904428904431
1519,Australian Open,2024,Hard,5,0,0,0,0,0,0,0,1,1,0,0.0,0.0,0.0,345.0,,560.0,0,1,0,0,9.5,52.5,0,0,0,90.25,39.0,-23.94609557109557
1520,Australian Open,2024,Hard,5,1,1,0,0,0,0,0,1,1,0,0.0,1.0,1.0,3.5,0.02406384127065708,1.0,0,1,0,1,19.5,13.0,0,1,1,380.25,69.0,6.053904428904431
1521,Australian Open,2024,Hard,6,1,0,0,1,1,0,0,1,1,0,1.0,1.0,1.0,50.5,0.03143728110001298,11.0,0,1,0,0,15.5,634.0,0,0,1,240.25,76.0,13.053904428904431
1522,Australian Open,2024,Hard,6,1,0,0,1,1,0,0,1,1,0,0.0,1.0,1.0,3.5,0.02406384127065708,1.0,0,1,0,0,19.5,345.0,0,0,1,380.25,69.0,6.053904428904431
1523,Australian Open,2024,Hard,7,1,1,0,0,0,0,0,1,1,0,0.0,1.0,1.0,3.5,0.02406384127065708,1.0,0,1,1,0,19.5,50.5,0,1,1,380.25,69.0,6.053904428904431
1556,Roland Garros,2024,Clay,2,0,0,0,0,0,0,0,1,1,0,0.0,1.0,1.0,1.0,0.01057318491443759,0.0,0,1,0,0,21.0,221.5,0,0,0,441.0,48.5,-14.446095571095569
1557,Roland Garros,2024,Clay,2,0,0,0,0,0,0,0,1,1,0,1.0,1.0,1.0,45.0,0.01985049455307897,0.0,0,1,0,0,9.5,193.0,0,0,0,90.25,55.0,-7.946095571095569
1558,Roland Garros,2024,Clay,2,0,0,0,0,0,0,0,1,1,0,1.0,1.0,1.0,161.5,0.01435574229691866,151.0,1,1,0,0,9.0,516.5,0,0,0,81.0,91.0,28.05390442890443
1559,Roland Garros,2024,Clay,2,1,1,0,0,1,1,1,1,1,0,0.0,0.0,0.0,29.5,0.04232018933771908,1.0,0,1,0,0,9.5,139.5,1,0,0,90.25,65.5,2.5539044289044313
1560,Roland Garros,2024,Clay,2,0,0,0,0,1,1,1,1,1,0,0.0,0.0,0.0,62.0,0.05446009389671358,6.0,0,1,0,0,9.5,26.0,1,0,0,90.25,39.0,-23.94609557109557
1561,Roland Garros,2024,Clay,2,0,0,0,0,0,0,0,1,1,0,1.0,1.0,1.0,117.5,0.03869674185463656,123.0,0,1,0,0,13.5,213.0,0,0,0,182.25,80.0,17.05390442890443
1562,Roland Garros,2024,Clay,2,0,0,0,0,1,0,0,1,1,0,1.0,1.0,1.0,431.0,,566.0,0,1,0,0,8.0,429.5,0,0,0,64.0,39.0,-23.94609557109557
1563,Roland Garros,2024,Clay,2,1,1,0,0,0,0,0,1,1,0,1.0,1.0,1.0,16.5,0.01710058017649063,1.0,0,1,1,0,20.5,31.5,0,1,1,420.25,46.0,-16.94609557109557
1564,Roland Garros,2024,Clay,2,0,0,0,0,1,0,0,1,1,0,0.0,0.0,0.0,7.5,0.02692944392196983,1.0,0,1,0,0,16.0,45.5,0,0,0,256.0,62.0,-0.9460955710955687
1565,Roland Garros,2024,Clay,2,1,1,0,0,0,0,0,1,1,0,1.0,1.0,1.0,107.5,0.1028622540250447,69.0,0,1,1,0,6.5,65.5,0,1,1,42.25,35.0,-27.94609557109557
1566,Roland Garros,2024,Clay,2,1,1,0,0,0,0,0,1,1,0,0.0,0.0,0.0,66.0,0.02250549450549455,22.0,0,1,1,0,8.5,55.5,0,1,1,72.25,68.0,5.053904428904431
1567,Roland Garros,2024,Clay,2,1,1,0,0,0,0,0,1,1,0,1.0,1.0,1.0,104.5,0.1578947368421052,9.0,0,1,1,0,8.0,25.0,0,1,1,64.0,71.0,8.053904428904431
1568,Roland Garros,2024,Clay,2,0,0,0,0,0,0,0,1,1,0,0.0,0.0,0.0,17.0,0.04901135386713307,8.0,0,1,0,0,12.5,639.5,0,0,0,156.25,26.0,-36.94609557109557
1569,Roland Garros,2024,Clay,2,1,1,0,0,0,0,0,1,1,0,0.0,1.0,1.0,394.0,0.06742635350318471,522.0,1,1,1,0,12.0,663.0,0,1,1,144.0,85.0,22.05390442890443
1570,Roland Garros,2024,Clay,2,1,0,0,1,1,0,0,1,1,0,1.0,1.0,1.0,101.5,0.0926535087719298,21.0,1,1,0,0,8.5,728.0,0,0,1,72.25,67.0,4.053904428904431
1571,Roland Garros,2024,Clay,2,0,0,0,0,0,0,0,1,1,0,1.0,1.0,1.0,14.0,0.02310606060606069,0.0,0,1,0,0,13.5,167.0,0,0,0,182.25,67.0,4.053904428904431
1572,Roland Garros,2024,Clay,2,1,1,0,0,1,0,0,1,1,0,0.0,0.0,0.0,15.5,0.01910815173527036,13.0,0,1,0,0,16.0,63.0,0,0,0,256.0,56.5,-6.446095571095569
1573,Roland Garros,2024,Clay,2,1,1,0,0,1,1,1,1,1,0,1.0,1.0,1.0,34.5,0.04750475047504754,3.0,1,1,0,0,9.5,124.0,1,0,0,90.25,90.0,27.05390442890443
1574,Roland Garros,2024,Clay,2,1,1,0,1,1,0,0,1,1,0,1.0,1.0,1.0,40.5,0.008045881472861782,7.0,0,1,1,0,26.0,60.5,0,1,1,676.0,38.0,-24.94609557109557
1575,Roland Garros,2024,Clay,2,0,0,0,0,0,0,0,1,1,0,1.0,1.0,1.0,21.5,0.03143728110001298,3.0,0,1,0,0,15.5,331.5,0,0,0,240.25,76.0,13.053904428904431
1576,Roland Garros,2024,Clay,2,0,0,0,0,0,0,0,1,1,0,0.0,1.0,1.0,27.5,0.01544027954839367,1.0,0,1,0,0,17.5,352.5,0,0,0,306.25,84.0,21.05390442890443
1577,Roland Garros,2024,Clay,2,0,0,0,0,0,0,0,1,1,0,1.0,1.0,1.0,659.5,0.04175824175824167,457.0,1,1,0,0,12.0,537.0,0,0,0,144.0,71.0,8.053904428904431
1578,Roland Garros,2024,Clay,2,1,1,0,0,0,0,0,1,1,0,0.0,0.0,0.0,43.5,0.0276107377274693,7.0,0,1,1,0,15.0,74.5,0,1,1,225.0,23.5,-39.44609557109557
1579,Roland Garros,2024,Clay,2,0,0,0,0,0,0,0,1,1,0,0.0,1.0,1.0,5.5,0.06283712425079746,1.0,0,1,0,0,15.0,34.5,0,0,0,225.0,90.0,27.05390442890443
1580,Roland Garros,2024,Clay,2,0,0,0,0,1,0,0,1,1,0,0.0,0.0,0.0,43.5,0.00784762663215699,11.0,0,1,0,0,16.0,11.5,0,0,0,256.0,76.0,13.053904428904431
1581,Roland Garros,2024,Clay,2,0,0,0,0,0,0,0,1,1,0,0.0,0.0,0.0,70.0,0.01964285714285718,8.0,0,1,0,0,0.0,68.0,0,0,0,0.0,67.5,4.553904428904431
1582,Roland Garros,2024,Clay,2,1,1,0,0,0,0,0,1,1,0,0.0,0.0,0.0,189.0,0.2144093359046631,292.0,1,1,0,1,11.0,50.0,0,1,1,121.0,64.5,1.5539044289044313
1583,Roland Garros,2024,Clay,2,1,1,0,0,1,0,0,1,1,0,1.0,1.0,1.0,18.0,0.006165839829907926,0.0,0,1,1,0,10.5,369.0,0,1,1,110.25,75.0,12.053904428904431
1584,Roland Garros,2024,Clay,2,1,1,0,0,1,1,1,1,1,0,1.0,1.0,1.0,98.5,0.1473684210526316,57.0,0,1,0,1,0.0,31.5,1,1,1,0.0,71.0,8.053904428904431
1585,Roland Garros,2024,Clay,2,0,0,0,0,0,0,0,1,1,0,0.0,0.0,0.0,81.5,0.01980198019801993,5.0,0,1,0,0,14.0,73.5,0,0,0,196.0,39.0,-23.94609557109557
1586,Roland Garros,2024,Clay,2,1,1,0,0,0,0,0,1,1,0,0.0,0.0,0.0,435.0,0.1437444543034605,2.0,1,1,1,1,6.0,316.5,0,1,1,36.0,42.0,-20.94609557109557
1587,Roland Garros,2024,Clay,2,0,0,0,0,1,0,0,1,1,0,0.0,1.0,1.0,3.5,0.02406384127065708,1.0,0,1,0,0,19.5,97.5,0,0,0,380.25,69.0,6.053904428904431
1588,Roland Garros,2024,Clay,3,1,1,0,0,0,0,0,1,1,0,0.0,1.0,1.0,1.0,0.01057318491443759,0.0,0,1,1,0,21.0,45.0,0,1,1,441.0,48.5,-14.446095571095569
1589,Roland Garros,2024,Clay,3,0,0,0,0,1,1,1,1,1,0,0.0,0.0,0.0,29.5,0.04232018933771908,1.0,0,1,0,0,9.5,161.5,1,0,0,90.25,65.5,2.5539044289044313
1590,Roland Garros,2024,Clay,3,0,0,0,0,0,0,0,1,1,0,0.0,0.0,0.0,62.0,0.05446009389671358,6.0,0,1,0,0,9.5,117.5,0,0,0,90.25,39.0,-23.94609557109557
1592,Roland Garros,2024,Clay,3,0,0,0,0,1,1,1,1,1,0,1.0,1.0,1.0,107.5,0.1028622540250447,69.0,0,1,0,0,6.5,7.5,1,0,0,42.25,35.0,-27.94609557109557
1593,Roland Garros,2024,Clay,3,1,1,0,0,0,0,0,1,1,0,1.0,1.0,1.0,104.5,0.1578947368421052,9.0,0,1,0,1,8.0,66.0,0,1,1,64.0,71.0,8.053904428904431
1596,Roland Garros,2024,Clay,3,0,0,0,0,1,1,1,1,1,0,1.0,1.0,1.0,34.5,0.04750475047504754,3.0,1,1,0,0,9.5,15.5,1,0,0,90.25,90.0,27.05390442890443
1597,Roland Garros,2024,Clay,3,0,0,0,0,0,0,0,1,1,0,1.0,1.0,1.0,21.5,0.03143728110001298,3.0,0,1,0,0,15.5,40.5,0,0,0,240.25,76.0,13.053904428904431
1598,Roland Garros,2024,Clay,3,1,1,0,0,0,0,0,1,1,0,1.0,1.0,1.0,659.5,0.04175824175824167,457.0,1,1,0,1,12.0,27.5,0,1,1,144.0,71.0,8.053904428904431
1599,Roland Garros,2024,Clay,3,0,0,0,0,0,0,0,1,1,0,0.0,1.0,1.0,5.5,0.06283712425079746,1.0,0,1,0,0,15.0,43.5,0,0,0,225.0,90.0,27.05390442890443
1600,Roland Garros,2024,Clay,3,0,0,0,0,0,0,0,1,1,0,0.0,0.0,0.0,43.5,0.00784762663215699,11.0,0,1,0,0,16.0,70.0,0,0,0,256.0,76.0,13.053904428904431
1601,Roland Garros,2024,Clay,3,0,0,0,0,0,0,0,1,1,0,1.0,1.0,1.0,18.0,0.006165839829907926,0.0,0,1,0,0,10.5,189.0,0,0,0,110.25,75.0,12.053904428904431
1602,Roland Garros,2024,Clay,3,0,0,0,0,1,0,0,1,1,0,0.0,0.0,0.0,81.5,0.01980198019801993,5.0,0,1,0,0,14.0,98.5,0,0,0,196.0,39.0,-23.94609557109557
1604,Roland Garros,2024,Clay,4,0,0,0,0,0,0,0,1,1,0,0.0,1.0,1.0,1.0,0.01057318491443759,0.0,0,1,0,0,21.0,29.5,0,0,0,441.0,48.5,-14.446095571095569
1605,Roland Garros,2024,Clay,4,0,0,0,0,0,0,0,1,1,0,0.0,0.0,0.0,62.0,0.05446009389671358,6.0,0,1,0,0,9.5,16.5,0,0,0,90.25,39.0,-23.94609557109557
1606,Roland Garros,2024,Clay,4,1,1,0,0,0,0,0,1,1,0,1.0,1.0,1.0,107.5,0.1028622540250447,69.0,0,1,1,0,6.5,104.5,0,1,1,42.25,35.0,-27.94609557109557
1607,Roland Garros,2024,Clay,4,1,1,0,0,0,0,0,1,1,0,0.0,0.0,0.0,17.0,0.04901135386713307,8.0,0,1,1,1,12.5,14.0,0,1,1,156.25,26.0,-36.94609557109557
1608,Roland Garros,2024,Clay,4,0,0,0,0,0,0,0,1,1,0,1.0,1.0,1.0,21.5,0.03143728110001298,3.0,0,1,0,0,15.5,34.5,0,0,0,240.25,76.0,13.053904428904431
1609,Roland Garros,2024,Clay,4,0,0,0,0,0,0,0,1,1,0,0.0,1.0,1.0,5.5,0.06283712425079746,1.0,0,1,0,0,15.0,659.5,0,0,0,225.0,90.0,27.05390442890443
1611,Roland Garros,2024,Clay,4,1,1,0,1,1,1,1,1,1,0,0.0,1.0,1.0,3.5,0.02406384127065708,1.0,0,1,0,0,19.5,81.5,1,0,1,380.25,69.0,6.053904428904431
1612,Roland Garros,2024,Clay,5,0,0,0,0,0,0,0,1,1,0,0.0,1.0,1.0,1.0,0.01057318491443759,0.0,0,1,0,0,21.0,62.0,0,0,0,441.0,48.5,-14.446095571095569
1613,Roland Garros,2024,Clay,5,0,0,0,0,0,0,0,1,1,0,0.0,0.0,0.0,17.0,0.04901135386713307,8.0,0,1,0,0,12.5,107.5,0,0,0,156.25,26.0,-36.94609557109557
1614,Roland Garros,2024,Clay,5,0,0,0,0,1,1,1,1,1,0,1.0,1.0,1.0,21.5,0.03143728110001298,3.0,0,1,0,0,15.5,5.5,1,0,0,240.25,76.0,13.053904428904431
1615,Roland Garros,2024,Clay,5,1,1,0,0,1,0,0,1,1,0,0.0,1.0,1.0,3.5,0.02406384127065708,1.0,0,1,1,0,19.5,18.0,0,1,1,380.25,69.0,6.053904428904431
1616,Roland Garros,2024,Clay,6,0,0,0,0,1,1,1,1,1,0,0.0,0.0,0.0,17.0,0.04901135386713307,8.0,0,1,0,0,12.5,1.0,1,0,0,156.25,26.0,-36.94609557109557
1617,Roland Garros,2024,Clay,6,0,0,0,0,1,0,0,1,1,0,1.0,1.0,1.0,21.5,0.03143728110001298,3.0,0,1,0,0,15.5,3.5,0,0,0,240.25,76.0,13.053904428904431
1618,Roland Garros,2024,Clay,7,0,0,0,0,0,0,0,1,1,0,0.0,0.0,0.0,17.0,0.04901135386713307,8.0,0,1,0,0,12.5,21.5,0,0,0,156.25,26.0,-36.94609557109557
1619,US Open,2024,Hard,2,0,0,0,0,0,0,0,0,1,0,0.0,1.0,1.0,1.0,0.01057318491443759,0.0,0,1,0,0,21.0,401.0,0,0,0,441.0,48.5,-14.446095571095569
1620,US Open,2024,Hard,2,0,0,0,0,0,0,0,0,1,0,0.0,0.0,0.0,65.0,0.01926973406500632,32.0,0,1,0,0,15.5,56.0,0,0,0,240.25,67.5,4.553904428904431
1621,US Open,2024,Hard,2,0,0,0,0,0,0,0,0,1,0,0.0,0.0,0.0,44.5,0.005719514985129237,7.0,0,1,0,0,15.0,91.0,0,0,0,225.0,59.5,-3.4460955710955687
1622,US Open,2024,Hard,2,1,1,0,0,1,1,1,0,1,0,0.0,0.0,0.0,31.0,0.002161769380989109,18.0,0,1,0,0,16.5,45.0,1,0,0,272.25,85.5,22.55390442890443
1623,US Open,2024,Hard,2,1,1,0,0,0,0,0,0,1,0,0.0,0.0,0.0,24.5,0.04232018933771908,1.0,0,1,1,0,9.5,259.5,0,1,1,90.25,65.5,2.5539044289044313
1624,US Open,2024,Hard,2,1,1,0,0,0,0,0,0,1,0,1.0,1.0,1.0,215.0,0.06001984126984139,262.0,0,1,1,0,7.0,585.5,0,1,1,49.0,27.0,-35.94609557109557
1625,US Open,2024,Hard,2,0,0,0,0,0,0,0,0,1,0,0.0,0.0,0.0,60.0,0.09519912711402073,8.0,0,1,0,0,11.0,277.5,0,0,0,121.0,78.5,15.553904428904431
1626,US Open,2024,Hard,2,0,0,0,0,0,0,0,0,1,0,1.0,1.0,1.0,15.5,0.04750475047504754,5.0,1,1,0,0,9.5,351.5,0,0,0,90.25,90.0,27.05390442890443
1627,US Open,2024,Hard,2,1,1,0,0,1,1,1,0,1,0,0.0,1.0,1.0,5.5,0.06283712425079746,1.0,0,1,0,0,15.0,187.0,1,0,0,225.0,90.0,27.05390442890443
1628,US Open,2024,Hard,2,1,1,0,0,1,0,0,0,1,0,0.0,1.0,1.0,46.5,0.1277343346308863,9.0,1,1,0,0,6.0,114.0,0,0,0,36.0,89.5,26.55390442890443
1629,US Open,2024,Hard,2,1,1,0,0,0,0,0,0,1,0,1.0,1.0,1.0,128.0,0.1876607968027976,58.0,0,1,1,0,17.0,494.5,0,1,1,289.0,71.0,8.053904428904431
1630,US Open,2024,Hard,2,1,1,0,0,1,1,1,0,1,0,1.0,1.0,1.0,26.0,0.002501202501202449,0.0,0,1,0,0,8.0,185.0,1,0,0,64.0,91.0,28.05390442890443
1631,US Open,2024,Hard,2,1,1,0,0,0,0,0,0,1,0,0.0,0.0,0.0,21.0,0.01910815173527036,14.0,0,1,0,1,16.0,170.5,0,1,1,256.0,56.5,-6.446095571095569
1632,US Open,2024,Hard,2,0,0,0,0,0,0,0,0,1,0,1.0,1.0,1.0,36.0,0.008045881472861782,4.0,0,1,0,0,26.0,76.0,0,0,0,676.0,38.0,-24.94609557109557
1633,US Open,2024,Hard,2,0,0,0,0,0,0,0,0,1,0,0.0,0.0,0.0,811.5,0.3121693121693122,681.0,1,1,0,0,4.0,684.0,0,0,0,16.0,72.0,9.053904428904431
1634,US Open,2024,Hard,2,0,0,0,0,0,0,0,0,1,0,0.0,0.0,0.0,11.5,0.00784762663215699,1.0,0,1,0,0,16.0,53.0,0,0,0,256.0,76.0,13.053904428904431
1635,US Open,2024,Hard,2,0,0,0,0,0,0,0,0,1,0,0.0,1.0,1.0,18.0,0.02017841971112999,2.0,0,1,0,0,13.5,661.5,0,0,0,182.25,84.0,21.05390442890443
1636,US Open,2024,Hard,2,1,0,0,1,1,1,1,0,1,0,0.0,0.0,0.0,64.0,0.1418613861386139,4.0,0,1,0,0,14.0,144.0,1,0,1,196.0,47.0,-15.946095571095569
1637,US Open,2024,Hard,2,1,1,0,0,0,0,0,0,1,0,0.0,1.0,1.0,38.0,0.1192116440484824,2.0,0,1,1,0,9.0,95.0,0,1,1,81.0,90.0,27.05390442890443
1638,US Open,2024,Hard,2,0,0,0,0,1,0,0,0,1,0,1.0,1.0,1.0,407.0,0.1666666666666667,60.0,0,1,0,0,6.0,19.0,0,0,0,36.0,91.0,28.05390442890443
1639,US Open,2024,Hard,2,0,0,0,0,0,0,0,0,1,0,0.0,0.0,0.0,29.5,0.08683589956998194,27.0,0,1,0,0,16.0,118.5,0,0,0,256.0,45.5,-17.44609557109557
1640,US Open,2024,Hard,2,0,0,0,0,0,0,0,0,1,0,0.0,0.0,0.0,58.5,0.01275510204081642,13.0,0,1,0,0,15.0,1395.0,0,0,0,225.0,29.5,-33.44609557109557
1641,US Open,2024,Hard,2,1,1,0,0,1,0,0,0,1,0,1.0,1.0,1.0,35.0,0.006165839829907926,0.0,0,1,0,0,10.5,279.0,0,0,0,110.25,75.0,12.053904428904431
1642,US Open,2024,Hard,2,0,0,0,0,0,0,0,0,1,0,0.0,0.0,0.0,7.5,0.04901135386713307,1.0,0,1,0,0,12.5,299.5,0,0,0,156.25,26.0,-36.94609557109557
1643,US Open,2024,Hard,2,0,0,0,0,0,0,0,0,1,0,1.0,1.0,1.0,9.5,0.03143728110001298,1.0,0,1,0,0,15.5,259.5,0,0,0,240.25,76.0,13.053904428904431
1644,US Open,2024,Hard,2,1,1,0,1,1,1,1,0,1,0,0.0,0.0,0.0,61.0,0.02150537634408611,12.0,0,1,0,1,6.0,43.0,1,1,1,36.0,75.5,12.553904428904431
1645,US Open,2024,Hard,2,0,0,0,0,0,0,0,0,1,0,0.0,0.0,0.0,517.0,,712.0,1,1,0,0,0.0,334.0,0,0,0,0.0,42.0,-20.94609557109557
1646,US Open,2024,Hard,2,1,1,0,0,0,0,0,0,1,0,1.0,1.0,1.0,20.0,0.02310606060606069,0.0,0,1,1,0,13.5,55.0,0,1,1,182.25,67.0,4.053904428904431
1647,US Open,2024,Hard,2,0,0,0,0,0,0,0,0,1,0,1.0,1.0,1.0,31.5,0.01710058017649063,3.0,0,1,0,0,20.5,226.0,0,0,0,420.25,46.0,-16.94609557109557
1648,US Open,2024,Hard,2,0,0,0,0,0,0,0,0,1,0,1.0,1.0,1.0,231.0,0.006071645415907767,38.0,0,1,0,0,0.0,476.5,0,0,0,0.0,91.0,28.05390442890443
1649,US Open,2024,Hard,2,0,0,0,0,0,0,0,0,1,0,0.0,1.0,1.0,638.5,0.08015640273704791,461.0,0,1,0,0,13.5,639.5,0,0,0,182.25,48.5,-14.446095571095569
1650,US Open,2024,Hard,2,0,0,0,0,0,0,0,0,1,0,0.0,1.0,1.0,3.5,0.02406384127065708,1.0,0,1,0,0,19.5,63.5,0,0,0,380.25,69.0,6.053904428904431
1651,US Open,2024,Hard,3,1,1,0,0,0,0,0,0,1,0,0.0,1.0,1.0,1.0,0.01057318491443759,0.0,0,1,0,1,21.0,65.0,0,1,1,441.0,48.5,-14.446095571095569
1652,US Open,2024,Hard,3,0,0,0,0,1,1,1,0,1,0,0.0,0.0,0.0,44.5,0.005719514985129237,7.0,0,1,0,0,15.0,31.0,1,0,0,225.0,59.5,-3.4460955710955687
1653,US Open,2024,Hard,3,1,1,0,0,0,0,0,0,1,0,1.0,1.0,1.0,215.0,0.06001984126984139,262.0,0,1,1,0,7.0,24.5,0,1,1,49.0,27.0,-35.94609557109557
1654,US Open,2024,Hard,3,1,1,0,0,1,1,1,0,1,0,1.0,1.0,1.0,15.5,0.04750475047504754,5.0,1,1,0,1,9.5,60.0,1,1,1,90.25,90.0,27.05390442890443
1655,US Open,2024,Hard,3,1,1,0,0,0,0,0,0,1,0,0.0,1.0,1.0,5.5,0.06283712425079746,1.0,0,1,0,1,15.0,46.5,0,1,1,225.0,90.0,27.05390442890443
1656,US Open,2024,Hard,3,0,0,0,0,1,1,1,0,1,0,1.0,1.0,1.0,26.0,0.002501202501202449,0.0,0,1,0,0,8.0,128.0,1,0,0,64.0,91.0,28.05390442890443
1657,US Open,2024,Hard,3,1,1,0,0,1,0,0,0,1,0,0.0,0.0,0.0,21.0,0.01910815173527036,14.0,0,1,0,0,16.0,36.0,0,0,0,256.0,56.5,-6.446095571095569
1658,US Open,2024,Hard,3,0,0,0,0,0,0,0,0,1,0,0.0,0.0,0.0,11.5,0.00784762663215699,1.0,0,1,0,0,16.0,811.5,0,0,0,256.0,76.0,13.053904428904431
1659,US Open,2024,Hard,3,1,1,0,0,0,0,0,0,1,0,0.0,1.0,1.0,18.0,0.02017841971112999,2.0,0,1,1,0,13.5,64.0,0,1,1,182.25,84.0,21.05390442890443
1660,US Open,2024,Hard,3,1,1,0,0,1,1,1,0,1,0,1.0,1.0,1.0,407.0,0.1666666666666667,60.0,0,1,0,0,6.0,38.0,1,0,0,36.0,91.0,28.05390442890443
1661,US Open,2024,Hard,3,1,1,0,0,1,0,0,0,1,0,0.0,0.0,0.0,29.5,0.08683589956998194,27.0,0,1,0,0,16.0,58.5,0,0,0,256.0,45.5,-17.44609557109557
1662,US Open,2024,Hard,3,1,1,0,0,1,0,0,0,1,0,0.0,0.0,0.0,7.5,0.04901135386713307,1.0,0,1,1,0,12.5,35.0,0,1,1,156.25,26.0,-36.94609557109557
1663,US Open,2024,Hard,3,1,1,0,0,0,0,0,0,1,0,1.0,1.0,1.0,9.5,0.03143728110001298,1.0,0,1,0,1,15.5,61.0,0,1,1,240.25,76.0,13.053904428904431
1664,US Open,2024,Hard,3,0,0,0,0,0,0,0,0,1,0,1.0,1.0,1.0,20.0,0.02310606060606069,0.0,0,1,0,0,13.5,517.0,0,0,0,182.25,67.0,4.053904428904431
1665,US Open,2024,Hard,3,1,1,0,0,1,1,1,0,1,0,1.0,1.0,1.0,31.5,0.01710058017649063,3.0,0,1,0,1,20.5,231.0,1,1,1,420.25,46.0,-16.94609557109557
1666,US Open,2024,Hard,3,0,0,0,0,0,0,0,0,1,0,0.0,1.0,1.0,3.5,0.02406384127065708,1.0,0,1,0,0,19.5,638.5,0,0,0,380.25,69.0,6.053904428904431
1667,US Open,2024,Hard,4,0,0,0,0,0,0,0,0,1,0,0.0,1.0,1.0,1.0,0.01057318491443759,0.0,0,1,0,0,21.0,44.5,0,0,0,441.0,48.5,-14.446095571095569
1668,US Open,2024,Hard,4,1,1,0,0,0,0,0,0,1,0,1.0,1.0,1.0,15.5,0.04750475047504754,5.0,1,1,1,0,9.5,215.0,0,1,1,90.25,90.0,27.05390442890443
1669,US Open,2024,Hard,4,1,1,0,0,0,0,0,0,1,0,1.0,1.0,1.0,26.0,0.002501202501202449,0.0,0,1,1,0,8.0,5.5,0,1,1,64.0,91.0,28.05390442890443
1670,US Open,2024,Hard,4,0,0,0,0,0,0,0,0,1,0,0.0,0.0,0.0,21.0,0.01910815173527036,14.0,0,1,0,0,16.0,11.5,0,0,0,256.0,56.5,-6.446095571095569
1671,US Open,2024,Hard,4,1,1,0,0,1,1,1,0,1,0,0.0,1.0,1.0,18.0,0.02017841971112999,2.0,0,1,0,1,13.5,407.0,1,1,1,182.25,84.0,21.05390442890443
1672,US Open,2024,Hard,4,1,1,0,0,0,0,0,0,1,0,0.0,0.0,0.0,7.5,0.04901135386713307,1.0,0,1,0,1,12.5,29.5,0,1,1,156.25,26.0,-36.94609557109557
1673,US Open,2024,Hard,4,1,0,0,1,1,0,0,0,1,0,1.0,1.0,1.0,20.0,0.02310606060606069,0.0,0,1,0,0,13.5,9.5,0,0,1,182.25,67.0,4.053904428904431
1674,US Open,2024,Hard,4,0,0,0,0,0,0,0,0,1,0,1.0,1.0,1.0,31.5,0.01710058017649063,3.0,0,1,0,0,20.5,3.5,0,0,0,420.25,46.0,-16.94609557109557
1675,US Open,2024,Hard,5,1,1,0,0,0,0,0,0,1,0,1.0,1.0,1.0,15.5,0.04750475047504754,5.0,1,1,1,0,9.5,1.0,0,1,1,90.25,90.0,27.05390442890443
1676,US Open,2024,Hard,5,1,1,0,0,1,0,0,0,1,0,1.0,1.0,1.0,26.0,0.002501202501202449,0.0,0,1,0,0,8.0,21.0,0,0,0,64.0,91.0,28.05390442890443
1677,US Open,2024,Hard,5,1,1,0,0,0,0,0,0,1,0,0.0,0.0,0.0,7.5,0.04901135386713307,1.0,0,1,1,0,12.5,18.0,0,1,1,156.25,26.0,-36.94609557109557
1678,US Open,2024,Hard,5,1,1,0,0,1,1,1,0,1,0,1.0,1.0,1.0,20.0,0.02310606060606069,0.0,0,1,0,0,13.5,31.5,1,0,0,182.25,67.0,4.053904428904431
1679,US Open,2024,Hard,6,1,1,0,0,0,0,0,0,1,0,1.0,1.0,1.0,15.5,0.04750475047504754,5.0,1,1,0,1,9.5,26.0,0,1,1,90.25,90.0,27.05390442890443
1680,US Open,2024,Hard,6,1,1,0,0,1,0,0,0,1,0,1.0,1.0,1.0,20.0,0.02310606060606069,0.0,0,1,0,0,13.5,7.5,0,0,0,182.25,67.0,4.053904428904431
1681,US Open,2024,Hard,7,1,1,0,0,0,0,0,0,1,0,1.0,1.0,1.0,15.5,0.04750475047504754,5.0,1,1,0,1,9.5,20.0,0,1,1,90.25,90.0,27.05390442890443
1682,Wimbledon,2024,Grass,2,0,0,0,0,0,0,0,1,1,0,0.0,1.0,1.0,2.0,0.01057318491443759,0.0,0,1,0,0,21.0,499.0,0,0,0,441.0,48.5,-14.446095571095569
1683,Wimbledon,2024,Grass,2,1,1,0,0,0,0,0,1,1,0,0.0,1.0,0.0,56.5,0.1229853479853479,7.0,0,1,0,1,24.0,323.5,0,1,1,576.0,58.5,-4.446095571095569
1684,Wimbledon,2024,Grass,2,0,0,0,0,0,0,0,1,1,0,1.0,1.0,1.0,212.0,0.2659352142110763,278.0,1,1,0,0,12.0,121.0,0,0,0,144.0,55.0,-7.946095571095569
1685,Wimbledon,2024,Grass,2,1,0,0,1,1,1,1,1,1,0,0.0,0.0,0.0,612.0,0.2344210411437302,520.0,1,1,0,0,14.0,27.5,1,0,1,196.0,42.5,-20.44609557109557
1686,Wimbledon,2024,Grass,2,0,0,0,0,0,0,0,1,1,0,1.0,1.0,1.0,23.0,0.002501202501202449,0.0,0,1,0,0,8.0,811.5,0,0,0,64.0,91.0,28.05390442890443
1687,Wimbledon,2024,Grass,2,1,1,0,0,1,0,0,1,1,0,1.0,1.0,1.0,98.0,0.03661521084337349,44.0,1,1,0,0,5.0,778.5,0,0,0,25.0,91.0,28.05390442890443
1688,Wimbledon,2024,Grass,2,0,0,0,0,0,0,0,1,1,0,0.0,0.0,0.0,50.5,0.005719514985129237,9.0,0,1,0,0,15.0,504.5,0,0,0,225.0,59.5,-3.4460955710955687
1689,Wimbledon,2024,Grass,2,0,0,0,0,0,0,0,1,1,0,1.0,1.0,1.0,15.0,0.02310606060606069,0.0,0,1,0,0,13.5,176.5,0,0,0,182.25,67.0,4.053904428904431
1690,Wimbledon,2024,Grass,2,0,0,0,0,0,0,0,1,1,0,0.0,1.0,1.0,5.5,0.06283712425079746,1.0,0,1,0,0,15.0,327.5,0,0,0,225.0,90.0,27.05390442890443
1691,Wimbledon,2024,Grass,2,0,0,0,0,0,0,0,1,1,0,0.0,0.0,0.0,63.5,0.09519912711402073,3.0,0,1,0,0,11.0,313.5,0,0,0,121.0,78.5,15.553904428904431
1692,Wimbledon,2024,Grass,2,0,0,0,0,0,0,0,1,1,0,0.0,0.0,0.0,123.5,0.01425736176497738,85.0,0,1,0,0,20.0,85.0,0,0,0,400.0,75.5,12.553904428904431
1693,Wimbledon,2024,Grass,2,0,0,0,0,0,0,0,1,1,0,1.0,1.0,1.0,31.5,0.04750475047504754,1.0,1,1,0,0,9.5,186.0,0,0,0,90.25,90.0,27.05390442890443
1694,Wimbledon,2024,Grass,2,1,1,0,0,0,0,0,1,1,0,1.0,1.0,1.0,19.5,0.01710058017649063,3.0,0,1,1,0,20.5,85.0,0,1,1,420.25,46.0,-16.94609557109557
1695,Wimbledon,2024,Grass,2,0,0,0,0,1,1,1,1,1,0,0.0,0.0,0.0,51.5,0.05446009389671358,5.0,0,1,0,0,9.5,37.0,1,0,0,90.25,39.0,-23.94609557109557
1696,Wimbledon,2024,Grass,2,0,0,0,0,0,0,0,1,1,0,1.0,1.0,1.0,286.5,0.2,203.0,0,1,0,0,0.0,304.5,0,0,0,0.0,89.0,26.05390442890443
1697,Wimbledon,2024,Grass,2,0,0,0,0,0,0,0,1,1,0,0.0,0.0,0.0,15.0,0.01910815173527036,14.0,0,1,0,0,16.0,875.5,0,0,0,256.0,56.5,-6.446095571095569
1698,Wimbledon,2024,Grass,2,0,0,0,0,0,0,0,1,1,0,0.0,0.0,0.0,39.5,0.00784762663215699,5.0,0,1,0,0,16.0,10.5,0,0,0,256.0,76.0,13.053904428904431
1699,Wimbledon,2024,Grass,2,0,0,0,0,0,0,0,1,1,0,1.0,1.0,1.0,406.5,0.00661785412559851,321.0,0,1,0,0,9.0,649.5,0,0,0,81.0,51.0,-11.946095571095569
1700,Wimbledon,2024,Grass,2,1,1,0,0,0,0,0,1,1,0,1.0,1.0,1.0,40.5,0.008045881472861782,1.0,0,1,0,1,26.0,901.5,0,1,1,676.0,38.0,-24.94609557109557
1701,Wimbledon,2024,Grass,2,1,1,0,0,0,0,0,1,1,0,0.0,0.0,0.0,59.0,0.08269557823129259,14.0,0,1,1,1,12.0,18.0,0,1,1,144.0,20.0,-42.94609557109557
1702,Wimbledon,2024,Grass,2,1,1,0,0,0,0,0,1,1,0,1.0,1.0,1.0,33.5,0.008230452674897193,1.0,0,1,0,1,0.0,696.5,0,1,1,0.0,71.0,8.053904428904431
1703,Wimbledon,2024,Grass,2,1,1,0,0,0,0,0,1,1,0,0.0,1.0,1.0,37.0,0.1192116440484824,4.0,0,1,1,0,9.0,189.0,0,1,1,81.0,90.0,27.05390442890443
1704,Wimbledon,2024,Grass,2,0,0,0,0,1,1,1,1,1,0,0.0,0.0,0.0,76.0,0.04598260117793268,2.0,0,1,0,0,0.0,47.5,1,0,0,0.0,75.5,12.553904428904431
1705,Wimbledon,2024,Grass,2,0,0,0,0,0,0,0,1,1,0,0.0,0.0,0.0,8.0,0.04901135386713307,2.0,0,1,0,0,12.5,65.5,0,0,0,156.25,26.0,-36.94609557109557
1706,Wimbledon,2024,Grass,2,0,0,0,0,1,0,0,1,1,0,0.0,0.0,0.0,13.5,,1.0,0,1,0,0,23.0,696.0,0,0,0,529.0,50.5,-12.446095571095569
1707,Wimbledon,2024,Grass,2,0,0,0,0,0,0,0,1,1,0,1.0,1.0,1.0,136.5,0.01435574229691866,113.0,1,1,0,0,9.0,577.0,0,0,0,81.0,91.0,28.05390442890443
1708,Wimbledon,2024,Grass,2,1,1,0,0,0,0,0,1,1,0,1.0,1.0,1.0,50.5,0.07928520078052792,1.0,0,1,1,0,8.0,185.5,0,1,1,64.0,90.0,27.05390442890443
1709,Wimbledon,2024,Grass,2,1,1,0,1,1,1,1,1,1,0,0.0,1.0,1.0,16.0,0.02017841971112999,8.0,0,1,0,0,13.5,43.5,1,0,1,182.25,84.0,21.05390442890443
1710,Wimbledon,2024,Grass,2,0,0,0,0,0,0,0,1,1,0,1.0,1.0,1.0,29.0,0.006165839829907926,0.0,0,1,0,0,10.5,799.0,0,0,0,110.25,75.0,12.053904428904431
1711,Wimbledon,2024,Grass,2,0,0,0,0,0,0,0,1,1,0,0.0,0.0,0.0,35.5,0.06931131435219595,19.0,0,1,0,0,15.0,71.0,0,0,0,225.0,84.5,21.55390442890443
1712,Wimbledon,2024,Grass,2,1,1,0,0,0,0,0,1,1,0,1.0,1.0,1.0,58.5,0.0595611285266458,1.0,0,1,1,1,0.0,476.0,0,1,1,0.0,67.0,4.053904428904431
1713,Wimbledon,2024,Grass,2,0,0,0,0,0,0,0,1,1,0,0.0,1.0,1.0,2.5,0.02406384127065708,3.0,0,1,0,0,19.5,67.0,0,0,0,380.25,69.0,6.053904428904431
1716,Wimbledon,2024,Grass,3,0,0,0,0,0,0,0,1,1,0,1.0,1.0,1.0,23.0,0.002501202501202449,0.0,0,1,0,0,8.0,98.0,0,0,0,64.0,91.0,28.05390442890443
1717,Wimbledon,2024,Grass,3,0,0,0,0,1,1,1,1,1,0,1.0,1.0,1.0,15.0,0.02310606060606069,0.0,0,1,0,0,13.5,50.5,1,0,0,182.25,67.0,4.053904428904431
1718,Wimbledon,2024,Grass,3,0,0,0,0,1,1,1,1,1,0,0.0,0.0,0.0,63.5,0.09519912711402073,3.0,0,1,0,0,11.0,5.5,1,0,0,121.0,78.5,15.553904428904431
1719,Wimbledon,2024,Grass,3,0,0,0,0,0,0,0,1,1,0,1.0,1.0,1.0,31.5,0.04750475047504754,1.0,1,1,0,0,9.5,123.5,0,0,0,90.25,90.0,27.05390442890443
1720,Wimbledon,2024,Grass,3,1,1,0,0,0,0,0,1,1,0,1.0,1.0,1.0,19.5,0.01710058017649063,3.0,0,1,1,0,20.5,51.5,0,1,1,420.25,46.0,-16.94609557109557
1721,Wimbledon,2024,Grass,3,1,1,0,0,0,0,0,1,1,0,1.0,1.0,1.0,286.5,0.2,203.0,0,1,1,1,0.0,15.0,0,1,1,0.0,89.0,26.05390442890443
1722,Wimbledon,2024,Grass,3,1,1,0,0,0,0,0,1,1,0,0.0,0.0,0.0,39.5,0.00784762663215699,5.0,0,1,1,0,16.0,406.5,0,1,1,256.0,76.0,13.053904428904431
1723,Wimbledon,2024,Grass,3,1,1,0,1,1,1,1,1,1,0,1.0,1.0,1.0,40.5,0.008045881472861782,1.0,0,1,0,1,26.0,59.0,1,1,1,676.0,38.0,-24.94609557109557
1724,Wimbledon,2024,Grass,3,1,1,0,1,1,1,1,1,1,0,1.0,1.0,1.0,33.5,0.008230452674897193,1.0,0,1,0,0,0.0,37.0,1,0,1,0.0,71.0,8.053904428904431
1725,Wimbledon,2024,Grass,3,0,0,0,0,0,0,0,1,1,0,0.0,0.0,0.0,8.0,0.04901135386713307,2.0,0,1,0,0,12.5,76.0,0,0,0,156.25,26.0,-36.94609557109557
1726,Wimbledon,2024,Grass,3,1,1,0,0,0,0,0,1,1,0,1.0,1.0,1.0,136.5,0.01435574229691866,113.0,1,1,0,1,9.0,13.5,0,1,1,81.0,91.0,28.05390442890443
1727,Wimbledon,2024,Grass,3,1,1,0,0,1,0,0,1,1,0,0.0,1.0,1.0,16.0,0.02017841971112999,8.0,0,1,0,0,13.5,50.5,0,0,0,182.25,84.0,21.05390442890443
1728,Wimbledon,2024,Grass,3,1,1,0,0,0,0,0,1,1,0,0.0,0.0,0.0,35.5,0.06931131435219595,19.0,0,1,1,1,15.0,29.0,0,1,1,225.0,84.5,21.55390442890443
1729,Wimbledon,2024,Grass,3,1,1,0,0,0,0,0,1,1,0,1.0,1.0,1.0,58.5,0.0595611285266458,1.0,0,1,0,1,0.0,2.5,0,1,1,0.0,67.0,4.053904428904431
1730,Wimbledon,2024,Grass,4,0,0,0,0,0,0,0,1,1,0,0.0,1.0,1.0,2.0,0.01057318491443759,0.0,0,1,0,0,21.0,612.0,0,0,0,441.0,48.5,-14.446095571095569
1731,Wimbledon,2024,Grass,4,0,0,0,0,0,0,0,1,1,0,1.0,1.0,1.0,15.0,0.02310606060606069,0.0,0,1,0,0,13.5,23.0,0,0,0,182.25,67.0,4.053904428904431
1732,Wimbledon,2024,Grass,4,0,0,0,0,0,0,0,1,1,0,1.0,1.0,1.0,31.5,0.04750475047504754,1.0,1,1,0,0,9.5,63.5,0,0,0,90.25,90.0,27.05390442890443
1733,Wimbledon,2024,Grass,4,1,1,0,0,1,0,0,1,1,0,1.0,1.0,1.0,19.5,0.01710058017649063,3.0,0,1,0,0,20.5,286.5,0,0,0,420.25,46.0,-16.94609557109557
1734,Wimbledon,2024,Grass,4,1,1,0,0,0,0,0,1,1,0,0.0,0.0,0.0,39.5,0.00784762663215699,5.0,0,1,1,0,16.0,40.5,0,1,1,256.0,76.0,13.053904428904431
1735,Wimbledon,2024,Grass,4,1,1,0,0,0,0,0,1,1,0,0.0,0.0,0.0,8.0,0.04901135386713307,2.0,0,1,0,1,12.5,33.5,0,1,1,156.25,26.0,-36.94609557109557
1736,Wimbledon,2024,Grass,4,0,0,0,0,0,0,0,1,1,0,0.0,1.0,1.0,16.0,0.02017841971112999,8.0,0,1,0,0,13.5,136.5,0,0,0,182.25,84.0,21.05390442890443
1737,Wimbledon,2024,Grass,4,1,1,0,0,0,0,0,1,1,0,1.0,1.0,1.0,58.5,0.0595611285266458,1.0,0,1,1,1,0.0,35.5,0,1,1,0.0,67.0,4.053904428904431
1738,Wimbledon,2024,Grass,5,1,1,0,0,0,0,0,1,1,0,0.0,1.0,1.0,2.0,0.01057318491443759,0.0,0,1,0,1,21.0,15.0,0,1,1,441.0,48.5,-14.446095571095569
1739,Wimbledon,2024,Grass,5,1,1,0,0,1,0,0,1,1,0,1.0,1.0,1.0,31.5,0.04750475047504754,1.0,1,1,0,0,9.5,19.5,0,0,0,90.25,90.0,27.05390442890443
1740,Wimbledon,2024,Grass,5,1,1,0,1,1,1,1,1,1,0,0.0,0.0,0.0,39.5,0.00784762663215699,5.0,0,1,0,1,16.0,8.0,1,1,1,256.0,76.0,13.053904428904431
1741,Wimbledon,2024,Grass,5,1,1,0,0,0,0,0,1,1,0,0.0,1.0,1.0,16.0,0.02017841971112999,8.0,0,1,1,1,13.5,58.5,0,1,1,182.25,84.0,21.05390442890443
1742,Wimbledon,2024,Grass,6,0,0,0,0,0,0,0,1,1,0,1.0,1.0,1.0,31.5,0.04750475047504754,1.0,1,1,0,0,9.5,2.0,0,0,0,90.25,90.0,27.05390442890443
1743,Wimbledon,2024,Grass,6,1,1,0,0,0,0,0,1,1,0,0.0,0.0,0.0,39.5,0.00784762663215699,5.0,0,1,0,1,16.0,16.0,0,1,1,256.0,76.0,13.053904428904431
1744,Wimbledon,2024,Grass,7,1,1,0,1,1,1,1,1,1,0,0.0,0.0,0.0,39.5,0.00784762663215699,5.0,0,1,0,1,16.0,31.5,1,1,1,256.0,76.0,13.053904428904431
1745,Australian Open,2025,Hard,2,0,0,0,0,0,0,0,0,1,0,0.0,0.0,0.0,1.0,0.04901135386713307,0.0,0,1,0,0,13.5,257.0,0,0,0,182.25,26.0,-36.94609557109557
1746,Australian Open,2025,Hard,2,1,1,0,1,1,0,0,0,1,0,0.0,0.0,0.0,429.5,0.02285395763656631,649.0,0,1,1,0,10.0,106.0,0,1,1,100.0,30.0,-32.94609557109557
1747,Australian Open,2025,Hard,2,1,1,0,0,1,1,1,0,1,0,0.0,0.0,0.0,52.5,0.003737113402061898,1.0,0,1,0,0,0.0,484.5,1,0,0,0.0,84.5,21.55390442890443
1748,Australian Open,2025,Hard,2,0,0,0,0,1,0,0,0,1,0,1.0,1.0,1.0,32.0,0.008230452674897193,8.0,0,1,0,0,0.0,73.5,0,0,0,0.0,71.0,8.053904428904431
1749,Australian Open,2025,Hard,2,1,1,0,0,0,0,0,0,1,0,1.0,1.0,1.0,29.0,0.03205128205128205,22.0,0,1,1,0,12.0,545.0,0,1,1,144.0,89.0,26.05390442890443
1750,Australian Open,2025,Hard,2,0,0,0,0,0,0,0,0,1,0,0.0,0.0,0.0,61.5,0.02150537634408611,13.0,0,1,0,0,7.0,51.0,0,0,0,49.0,75.5,12.553904428904431
1752,Australian Open,2025,Hard,2,0,0,0,0,0,0,0,0,1,0,1.0,1.0,1.0,214.5,0.1263368983957219,151.0,0,1,0,0,13.0,20.5,0,0,0,169.0,90.0,27.05390442890443
1753,Australian Open,2025,Hard,2,0,0,0,0,0,0,0,0,1,0,1.0,1.0,1.0,6.5,0.03143728110001298,1.0,0,1,0,0,16.5,57.0,0,0,0,272.25,76.0,13.053904428904431
1754,Australian Open,2025,Hard,2,0,0,0,0,0,0,0,0,1,0,0.0,0.0,0.0,153.0,0.1058278981695771,130.0,0,1,0,0,0.0,179.0,0,0,0,0.0,42.0,-20.94609557109557
1755,Australian Open,2025,Hard,2,1,1,0,0,1,0,0,0,1,0,0.0,0.0,0.0,40.5,0.057744686267023,21.0,0,1,0,0,17.5,333.5,0,0,0,306.25,69.0,6.053904428904431
1756,Australian Open,2025,Hard,2,1,1,0,0,0,0,0,0,1,0,1.0,1.0,1.0,276.5,0.00661785412559851,81.0,0,1,0,1,10.0,32.0,0,1,1,100.0,51.0,-11.946095571095569
1757,Australian Open,2025,Hard,2,1,1,0,0,1,0,0,0,1,0,0.0,1.0,1.0,30.0,0.006762041898193405,6.0,0,1,0,0,17.5,410.5,0,0,0,306.25,89.5,26.55390442890443
1758,Australian Open,2025,Hard,2,0,0,0,0,1,0,0,0,1,0,1.0,1.0,1.0,168.0,0.1374269005847953,50.0,0,1,0,0,9.5,735.0,0,0,0,90.25,80.0,17.05390442890443
1759,Australian Open,2025,Hard,2,0,0,0,0,0,0,0,0,1,0,0.0,0.0,0.0,62.0,0.01980198019801993,6.0,0,1,0,0,15.0,65.5,0,0,0,225.0,39.0,-23.94609557109557
1760,Australian Open,2025,Hard,2,1,1,0,0,0,0,0,0,1,0,1.0,1.0,1.0,164.0,0.06001984126984139,176.0,1,1,1,0,8.0,12.5,0,1,1,64.0,27.0,-35.94609557109557
1761,Australian Open,2025,Hard,2,1,1,0,0,1,1,1,0,1,0,1.0,1.0,1.0,20.0,0.002501202501202449,0.0,0,1,0,1,9.0,331.5,1,1,1,81.0,91.0,28.05390442890443
1762,Australian Open,2025,Hard,2,0,0,0,0,0,0,0,0,1,0,0.0,0.0,1.0,37.0,0.05863945578231283,10.0,0,1,0,0,14.5,490.0,0,0,0,210.25,63.5,0.5539044289044313
1763,Australian Open,2025,Hard,2,0,0,0,0,1,1,1,0,1,0,0.0,0.0,0.0,45.5,0.02941144132554885,1.0,0,1,0,0,17.5,155.5,1,0,0,306.25,42.5,-20.44609557109557
1764,Australian Open,2025,Hard,2,1,1,0,0,0,0,0,0,1,0,1.0,1.0,1.0,27.0,0.001288926372070121,8.0,0,1,1,0,10.0,229.5,0,1,1,100.0,89.0,26.05390442890443
1765,Australian Open,2025,Hard,2,0,0,0,0,0,0,0,0,1,0,0.0,0.0,0.0,31.0,0.07397573815518416,12.0,0,1,0,0,9.0,512.0,0,0,0,81.0,67.5,4.553904428904431
1767,Australian Open,2025,Hard,2,1,1,0,0,0,0,0,0,1,0,0.0,0.0,0.0,182.5,0.05370843989769819,183.0,1,1,0,1,0.0,106.0,0,1,1,0.0,38.0,-24.94609557109557
1768,Australian Open,2025,Hard,2,0,0,0,0,0,0,0,0,1,0,1.0,1.0,1.0,9.5,0.02310606060606069,1.0,0,1,0,0,14.5,559.0,0,0,0,210.25,67.0,4.053904428904431
1769,Australian Open,2025,Hard,2,1,1,0,0,0,0,0,0,1,0,0.0,0.0,0.0,13.5,0.00784762663215699,1.0,0,1,1,0,17.0,75.0,0,1,1,289.0,76.0,13.053904428904431
1770,Australian Open,2025,Hard,2,1,1,0,0,1,0,0,0,1,0,1.0,1.0,1.0,301.5,0.149092970521542,409.0,0,1,1,0,10.0,236.5,0,1,1,100.0,90.0,27.05390442890443
1771,Australian Open,2025,Hard,2,1,1,0,0,0,0,0,0,1,0,1.0,1.0,1.0,164.0,0.0315789473684211,52.0,0,1,0,1,3.0,45.5,0,1,1,9.0,90.0,27.05390442890443
1772,Australian Open,2025,Hard,2,0,0,0,0,0,0,0,0,1,0,1.0,1.0,1.0,36.0,0.01677122628266325,14.0,0,1,0,0,17.0,24.5,0,0,0,289.0,91.0,28.05390442890443
1773,Australian Open,2025,Hard,2,0,0,0,0,1,0,0,0,1,0,0.0,1.0,1.0,31.5,,15.0,0,1,0,0,15.0,36.5,0,0,0,225.0,71.0,8.053904428904431
1774,Australian Open,2025,Hard,2,0,0,0,0,0,0,0,0,1,0,0.0,0.0,0.0,40.0,0.1108658819332976,28.0,0,1,0,0,21.0,130.0,0,0,0,441.0,39.5,-23.44609557109557
1775,Australian Open,2025,Hard,2,0,0,0,0,0,0,0,0,1,0,0.0,0.0,0.0,49.5,0.05446009389671358,1.0,1,1,0,0,10.5,59.5,0,0,0,110.25,39.0,-23.94609557109557
1776,Australian Open,2025,Hard,2,1,0,0,1,1,1,1,0,1,0,1.0,1.0,1.0,80.0,0.0,0.0,0,1,0,0,0.0,96.5,1,0,1,0.0,67.0,4.053904428904431
1777,Australian Open,2025,Hard,3,0,0,0,0,0,0,0,0,1,0,0.0,0.0,0.0,1.0,0.04901135386713307,0.0,0,1,0,0,13.5,429.5,0,0,0,182.25,26.0,-36.94609557109557
1778,Australian Open,2025,Hard,3,1,1,0,0,0,0,0,0,1,0,1.0,1.0,1.0,32.0,0.008230452674897193,8.0,0,1,1,1,0.0,52.5,0,1,1,0.0,71.0,8.053904428904431
1779,Australian Open,2025,Hard,3,0,0,0,0,0,0,0,0,1,0,0.0,0.0,0.0,61.5,0.02150537634408611,13.0,0,1,0,0,7.0,29.0,0,0,0,49.0,75.5,12.553904428904431
1780,Australian Open,2025,Hard,3,0,0,0,0,0,0,0,0,1,0,1.0,1.0,1.0,214.5,0.1263368983957219,151.0,0,1,0,0,13.0,882.5,0,0,0,169.0,90.0,27.05390442890443
1781,Australian Open,2025,Hard,3,1,1,0,0,0,0,0,0,1,0,1.0,1.0,1.0,6.5,0.03143728110001298,1.0,0,1,1,1,16.5,153.0,0,1,1,272.25,76.0,13.053904428904431
1782,Australian Open,2025,Hard,3,0,0,0,0,0,0,0,0,1,0,1.0,1.0,1.0,276.5,0.00661785412559851,81.0,0,1,0,0,10.0,40.5,0,0,0,100.0,51.0,-11.946095571095569
1783,Australian Open,2025,Hard,3,0,0,0,0,0,0,0,0,1,0,1.0,1.0,1.0,168.0,0.1374269005847953,50.0,0,1,0,0,9.5,30.0,0,0,0,90.25,80.0,17.05390442890443
1784,Australian Open,2025,Hard,3,1,1,0,0,1,0,0,0,1,0,1.0,1.0,1.0,164.0,0.06001984126984139,176.0,1,1,1,0,8.0,62.0,0,1,1,64.0,27.0,-35.94609557109557
1785,Australian Open,2025,Hard,3,1,1,0,0,1,0,0,0,1,0,0.0,0.0,1.0,37.0,0.05863945578231283,10.0,0,1,0,0,14.5,20.0,0,0,0,210.25,63.5,0.5539044289044313
1786,Australian Open,2025,Hard,3,0,0,0,0,1,0,0,0,1,0,1.0,1.0,1.0,27.0,0.001288926372070121,8.0,0,1,0,0,10.0,45.5,0,0,0,100.0,89.0,26.05390442890443
1787,Australian Open,2025,Hard,3,1,1,0,0,1,0,0,0,1,0,0.0,0.0,0.0,31.0,0.07397573815518416,12.0,0,1,1,0,9.0,65.0,0,1,1,81.0,67.5,4.553904428904431
1788,Australian Open,2025,Hard,3,0,0,0,0,1,1,1,0,1,0,1.0,1.0,1.0,9.5,0.02310606060606069,1.0,0,1,0,0,14.5,182.5,1,0,0,210.25,67.0,4.053904428904431
1789,Australian Open,2025,Hard,3,1,1,0,0,0,0,0,0,1,0,0.0,0.0,0.0,13.5,0.00784762663215699,1.0,0,1,1,0,17.0,301.5,0,1,1,289.0,76.0,13.053904428904431
1790,Australian Open,2025,Hard,3,0,0,0,0,0,0,0,0,1,0,1.0,1.0,1.0,36.0,0.01677122628266325,14.0,0,1,0,0,17.0,164.0,0,0,0,289.0,91.0,28.05390442890443
1791,Australian Open,2025,Hard,3,1,1,0,0,1,1,1,0,1,0,0.0,1.0,1.0,31.5,,15.0,0,1,0,0,15.0,40.0,1,0,0,225.0,71.0,8.053904428904431
1792,Australian Open,2025,Hard,3,0,0,0,0,1,1,1,0,1,0,0.0,0.0,0.0,49.5,0.05446009389671358,1.0,1,1,0,0,10.5,80.0,1,0,0,110.25,39.0,-23.94609557109557
1793,Australian Open,2025,Hard,4,1,1,0,0,0,0,0,0,1,0,0.0,0.0,0.0,1.0,0.04901135386713307,0.0,0,1,0,1,13.5,32.0,0,1,1,182.25,26.0,-36.94609557109557
1794,Australian Open,2025,Hard,4,0,0,0,0,0,0,0,0,1,0,0.0,0.0,0.0,61.5,0.02150537634408611,13.0,0,1,0,0,7.0,214.5,0,0,0,49.0,75.5,12.553904428904431
1795,Australian Open,2025,Hard,4,1,1,0,0,0,0,0,0,1,0,1.0,1.0,1.0,6.5,0.03143728110001298,1.0,0,1,0,1,16.5,276.5,0,1,1,272.25,76.0,13.053904428904431
1796,Australian Open,2025,Hard,4,1,1,0,0,1,0,0,0,1,0,1.0,1.0,1.0,164.0,0.06001984126984139,176.0,1,1,1,0,8.0,168.0,0,1,1,64.0,27.0,-35.94609557109557
1797,Australian Open,2025,Hard,4,1,0,0,1,1,0,0,0,1,0,1.0,1.0,1.0,27.0,0.001288926372070121,8.0,0,1,0,0,10.0,37.0,0,0,1,100.0,89.0,26.05390442890443
1798,Australian Open,2025,Hard,4,1,1,0,0,1,1,1,0,1,0,1.0,1.0,1.0,9.5,0.02310606060606069,1.0,0,1,0,0,14.5,31.0,1,0,0,210.25,67.0,4.053904428904431
1799,Australian Open,2025,Hard,4,1,1,0,0,0,0,0,0,1,0,0.0,0.0,0.0,13.5,0.00784762663215699,1.0,0,1,0,1,17.0,36.0,0,1,1,289.0,76.0,13.053904428904431
1800,Australian Open,2025,Hard,4,0,0,0,0,1,0,0,0,1,0,0.0,1.0,1.0,31.5,,15.0,0,1,0,0,15.0,49.5,0,0,0,225.0,71.0,8.053904428904431
1801,Australian Open,2025,Hard,5,0,0,0,0,1,0,0,0,1,0,0.0,0.0,0.0,61.5,0.02150537634408611,13.0,0,1,0,0,7.0,1.0,0,0,0,49.0,75.5,12.553904428904431
1802,Australian Open,2025,Hard,5,1,1,0,0,0,0,0,0,1,0,1.0,1.0,1.0,6.5,0.03143728110001298,1.0,0,1,0,1,16.5,164.0,0,1,1,272.25,76.0,13.053904428904431
1803,Australian Open,2025,Hard,5,1,1,0,0,0,0,0,0,1,0,1.0,1.0,1.0,9.5,0.02310606060606069,1.0,0,1,1,1,14.5,27.0,0,1,1,210.25,67.0,4.053904428904431
1804,Australian Open,2025,Hard,5,0,0,0,0,0,0,0,0,1,0,0.0,0.0,0.0,13.5,0.00784762663215699,1.0,0,1,0,0,17.0,31.5,0,0,0,289.0,76.0,13.053904428904431
1805,Australian Open,2025,Hard,6,0,0,0,0,1,1,1,0,1,0,1.0,1.0,1.0,6.5,0.03143728110001298,1.0,0,1,0,0,16.5,61.5,1,0,0,272.25,76.0,13.053904428904431
1806,Australian Open,2025,Hard,6,1,0,0,1,1,0,0,0,1,0,0.0,0.0,0.0,13.5,0.00784762663215699,1.0,0,1,0,0,17.0,9.5,0,0,1,289.0,76.0,13.053904428904431
1807,Australian Open,2025,Hard,7,1,1,0,0,1,1,1,0,1,0,0.0,0.0,0.0,13.5,0.00784762663215699,1.0,0,1,0,1,17.0,6.5,1,1,1,289.0,76.0,13.053904428904431
1808,Roland Garros,2025,Clay,2,0,0,0,0,0,0,0,0,1,0,0.0,0.0,0.0,1.0,0.04901135386713307,0.0,0,1,0,0,13.5,92.5,0,0,0,182.25,26.0,-36.94609557109557
1809,Roland Garros,2025,Clay,2,0,0,0,0,0,0,0,0,1,0,0.0,0.0,0.0,596.5,,521.0,0,1,0,0,8.0,1002.5,0,0,0,64.0,78.0,15.053904428904431
1810,Roland Garros,2025,Clay,2,1,1,0,0,0,0,0,0,1,0,1.0,1.0,1.0,403.5,0.04421052631578948,169.0,0,1,1,0,11.0,76.5,0,1,1,121.0,90.0,27.05390442890443
1811,Roland Garros,2025,Clay,2,1,1,0,0,1,1,1,0,1,0,0.0,1.0,1.0,35.5,,7.0,0,1,0,1,15.0,50.5,1,1,1,225.0,71.0,8.053904428904431
1812,Roland Garros,2025,Clay,2,1,1,0,0,0,0,0,0,1,0,0.0,0.0,0.0,86.5,0.0803571428571428,3.0,0,1,1,0,0.0,22.0,0,1,1,0.0,74.0,11.053904428904431
1813,Roland Garros,2025,Clay,2,1,0,0,1,1,1,1,0,1,0,0.0,0.0,0.0,39.5,0.003737113402061898,5.0,0,1,0,0,0.0,150.5,1,0,1,0.0,84.5,21.55390442890443
1814,Roland Garros,2025,Clay,2,0,0,0,0,1,0,0,0,1,0,1.0,1.0,1.0,412.5,0.1902439024390244,659.0,0,1,0,0,2.0,710.0,0,0,0,4.0,91.0,28.05390442890443
1815,Roland Garros,2025,Clay,2,0,0,0,0,1,1,1,0,1,0,1.0,1.0,1.0,15.0,0.001288926372070121,2.0,0,1,0,0,10.0,198.5,1,0,0,100.0,89.0,26.05390442890443
1816,Roland Garros,2025,Clay,2,0,0,0,0,0,0,0,0,1,0,1.0,1.0,1.0,5.5,0.02310606060606069,1.0,0,1,0,0,14.5,81.0,0,0,0,210.25,67.0,4.053904428904431
1817,Roland Garros,2025,Clay,2,0,0,0,0,1,1,1,0,1,0,0.0,0.0,0.0,61.0,0.0272192653919443,6.0,0,1,0,0,21.0,452.0,1,0,0,441.0,35.5,-27.44609557109557
1818,Roland Garros,2025,Clay,2,0,0,0,0,1,0,0,0,1,0,0.0,0.0,0.0,59.0,0.0632624113475177,6.0,0,1,0,0,16.0,132.5,0,0,0,256.0,64.0,1.0539044289044313
1819,Roland Garros,2025,Clay,2,0,0,0,0,0,0,0,0,1,0,1.0,1.0,1.0,532.5,,95.0,0,1,0,0,5.0,29.5,0,0,0,25.0,71.0,8.053904428904431
1820,Roland Garros,2025,Clay,2,0,0,0,0,1,1,1,0,1,0,0.0,0.0,1.0,63.0,0.0368052904703442,20.0,0,1,0,0,18.5,23.5,1,0,0,342.25,60.5,-2.4460955710955687
1821,Roland Garros,2025,Clay,2,1,1,0,0,0,0,0,0,1,0,1.0,1.0,1.0,224.5,0.142084385142445,327.0,0,1,1,1,14.0,437.5,0,1,1,196.0,71.0,8.053904428904431
1822,Roland Garros,2025,Clay,2,1,0,0,1,1,1,1,0,1,0,0.0,0.0,0.0,47.0,0.04745564111148304,6.0,0,1,0,0,10.0,108.5,1,0,1,100.0,61.0,-1.9460955710955687
1823,Roland Garros,2025,Clay,2,1,1,0,0,0,0,0,0,1,0,0.0,1.0,1.0,10.5,0.01057318491443759,1.0,0,1,1,0,22.0,50.0,0,1,1,484.0,48.5,-14.446095571095569
1824,Roland Garros,2025,Clay,2,0,0,0,0,0,0,0,0,1,0,1.0,1.0,1.0,17.5,0.03205128205128205,5.0,0,1,0,0,12.0,160.0,0,0,0,144.0,89.0,26.05390442890443
1825,Roland Garros,2025,Clay,2,0,0,0,0,0,0,0,0,1,0,0.0,0.0,0.0,50.5,0.01936842105263159,7.0,0,1,0,0,15.0,591.5,0,0,0,225.0,58.5,-4.446095571095569
1826,Roland Garros,2025,Clay,2,0,0,0,0,1,1,1,0,1,0,0.0,0.0,0.0,700.0,0.08907841743662626,1198.0,1,1,0,0,6.5,441.0,1,0,0,42.25,49.0,-13.946095571095569
1827,Roland Garros,2025,Clay,2,1,1,0,0,0,0,0,0,1,0,0.0,0.0,0.0,29.0,0.02150537634408611,4.0,0,1,0,1,7.0,396.0,0,1,1,49.0,75.5,12.553904428904431
1828,Roland Garros,2025,Clay,2,1,0,0,1,1,1,1,0,1,0,1.0,1.0,1.0,32.0,0.04087726725064311,8.0,0,1,0,0,16.5,917.0,1,0,1,272.25,90.0,27.05390442890443
1829,Roland Garros,2025,Clay,2,0,0,0,0,1,0,0,0,1,0,1.0,1.0,1.0,59.0,0.0,0.0,0,1,0,0,0.0,119.5,0,0,0,0.0,67.0,4.053904428904431
1830,Roland Garros,2025,Clay,2,0,0,0,0,0,0,0,0,1,0,0.0,0.0,0.0,66.5,0.01980198019801993,3.0,0,1,0,0,15.0,971.5,0,0,0,225.0,39.0,-23.94609557109557
1831,Roland Garros,2025,Clay,2,1,1,0,0,0,0,0,0,1,0,1.0,1.0,1.0,7.5,0.03143728110001298,1.0,0,1,1,0,16.5,306.5,0,1,1,272.25,76.0,13.053904428904431
1832,Roland Garros,2025,Clay,2,0,0,0,0,1,0,0,0,1,0,0.0,0.0,0.0,15.0,0.03874544590527484,4.0,0,1,0,0,16.5,67.5,0,0,0,272.25,56.0,-6.946095571095569
1833,Roland Garros,2025,Clay,2,1,1,0,0,1,0,0,0,1,0,0.0,1.0,1.0,39.5,0.02232828615317095,3.0,0,1,0,0,13.5,65.5,0,0,0,182.25,69.5,6.553904428904431
1834,Roland Garros,2025,Clay,2,0,0,0,0,0,0,0,0,1,0,0.0,1.0,1.0,44.0,0.1307590584501454,8.0,0,1,0,0,9.0,39.5,0,0,0,81.0,71.0,8.053904428904431
1835,Roland Garros,2025,Clay,2,0,0,0,0,0,0,0,0,1,0,1.0,1.0,1.0,19.5,0.1355042016806723,3.0,0,1,0,0,15.0,39.0,0,0,0,225.0,91.0,28.05390442890443
1836,Roland Garros,2025,Clay,2,0,0,0,0,0,0,0,0,1,0,1.0,1.0,1.0,24.0,0.008230452674897193,4.0,0,1,0,0,0.0,596.5,0,0,0,0.0,71.0,8.053904428904431
1837,Roland Garros,2025,Clay,2,1,1,0,0,1,0,0,0,1,0,0.0,0.0,0.0,42.5,0.0617934407888745,19.0,0,1,1,0,17.5,69.0,0,1,1,306.25,53.0,-9.946095571095569
1838,Roland Garros,2025,Clay,2,0,0,0,0,0,0,0,0,1,0,0.0,1.0,1.0,977.5,0.2,619.0,0,1,0,0,2.0,70.5,0,0,0,4.0,84.5,21.55390442890443
1839,Roland Garros,2025,Clay,2,0,0,0,0,0,0,0,0,1,0,0.0,0.0,0.0,3.5,0.00784762663215699,1.0,0,1,0,0,17.0,69.5,0,0,0,289.0,76.0,13.053904428904431
1840,Roland Garros,2025,Clay,3,0,0,0,0,0,0,0,0,1,0,0.0,0.0,0.0,1.0,0.04901135386713307,0.0,0,1,0,0,13.5,596.5,0,0,0,182.25,26.0,-36.94609557109557
1841,Roland Garros,2025,Clay,3,0,0,0,0,0,0,0,0,1,0,0.0,1.0,1.0,35.5,,7.0,0,1,0,0,15.0,403.5,0,0,0,225.0,71.0,8.053904428904431
1842,Roland Garros,2025,Clay,3,0,0,0,0,0,0,0,0,1,0,0.0,0.0,0.0,39.5,0.003737113402061898,5.0,0,1,0,0,0.0,86.5,0,0,0,0.0,84.5,21.55390442890443
1843,Roland Garros,2025,Clay,3,1,1,0,0,0,0,0,0,1,0,1.0,1.0,1.0,15.0,0.001288926372070121,2.0,0,1,0,1,10.0,412.5,0,1,1,100.0,89.0,26.05390442890443
1844,Roland Garros,2025,Clay,3,1,1,0,0,1,1,1,0,1,0,0.0,0.0,0.0,61.0,0.0272192653919443,6.0,0,1,0,1,21.0,5.5,1,1,1,441.0,35.5,-27.44609557109557
1845,Roland Garros,2025,Clay,3,1,1,0,0,1,0,0,0,1,0,0.0,0.0,0.0,59.0,0.0632624113475177,6.0,0,1,0,0,16.0,532.5,0,0,0,256.0,64.0,1.0539044289044313
1846,Roland Garros,2025,Clay,3,1,1,0,0,0,0,0,0,1,0,0.0,0.0,1.0,63.0,0.0368052904703442,20.0,0,1,1,0,18.5,224.5,0,1,1,342.25,60.5,-2.4460955710955687
1847,Roland Garros,2025,Clay,3,0,0,0,0,0,0,0,0,1,0,0.0,1.0,1.0,10.5,0.01057318491443759,1.0,0,1,0,0,22.0,47.0,0,0,0,484.0,48.5,-14.446095571095569
1848,Roland Garros,2025,Clay,3,0,0,0,0,0,0,0,0,1,0,1.0,1.0,1.0,17.5,0.03205128205128205,5.0,0,1,0,0,12.0,50.5,0,0,0,144.0,89.0,26.05390442890443
1849,Roland Garros,2025,Clay,3,0,0,0,0,0,0,0,0,1,0,0.0,0.0,0.0,700.0,0.08907841743662626,1198.0,1,1,0,0,6.5,29.0,0,0,0,42.25,49.0,-13.946095571095569
1850,Roland Garros,2025,Clay,3,1,1,0,0,0,0,0,0,1,0,1.0,1.0,1.0,32.0,0.04087726725064311,8.0,0,1,1,0,16.5,59.0,0,1,1,272.25,90.0,27.05390442890443
1851,Roland Garros,2025,Clay,3,0,0,0,0,0,0,0,0,1,0,1.0,1.0,1.0,7.5,0.03143728110001298,1.0,0,1,0,0,16.5,66.5,0,0,0,272.25,76.0,13.053904428904431
1852,Roland Garros,2025,Clay,3,1,1,0,0,1,1,1,0,1,0,0.0,1.0,1.0,39.5,0.02232828615317095,3.0,0,1,0,1,13.5,15.0,1,1,1,182.25,69.5,6.553904428904431
1853,Roland Garros,2025,Clay,3,0,0,0,0,0,0,0,0,1,0,1.0,1.0,1.0,19.5,0.1355042016806723,3.0,0,1,0,0,15.0,44.0,0,0,0,225.0,91.0,28.05390442890443
1854,Roland Garros,2025,Clay,3,1,1,0,0,1,1,1,0,1,0,0.0,0.0,0.0,42.5,0.0617934407888745,19.0,0,1,0,1,17.5,24.0,1,1,1,306.25,53.0,-9.946095571095569
1855,Roland Garros,2025,Clay,3,0,0,0,0,0,0,0,0,1,0,0.0,0.0,0.0,3.5,0.00784762663215699,1.0,0,1,0,0,17.0,977.5,0,0,0,289.0,76.0,13.053904428904431
1856,Roland Garros,2025,Clay,4,0,0,0,0,1,1,1,0,1,0,0.0,1.0,1.0,35.5,,7.0,0,1,0,0,15.0,1.0,1,0,0,225.0,71.0,8.053904428904431
1857,Roland Garros,2025,Clay,4,1,0,0,1,1,0,0,0,1,0,0.0,0.0,0.0,39.5,0.003737113402061898,5.0,0,1,0,0,0.0,15.0,0,0,1,0.0,84.5,21.55390442890443
1858,Roland Garros,2025,Clay,4,1,1,0,0,1,1,1,0,1,0,0.0,0.0,0.0,61.0,0.0272192653919443,6.0,0,1,0,1,21.0,59.0,1,1,1,441.0,35.5,-27.44609557109557
1859,Roland Garros,2025,Clay,4,0,0,0,0,0,0,0,0,1,0,0.0,1.0,1.0,10.5,0.01057318491443759,1.0,0,1,0,0,22.0,63.0,0,0,0,484.0,48.5,-14.446095571095569
1860,Roland Garros,2025,Clay,4,1,1,0,0,0,0,0,0,1,0,1.0,1.0,1.0,17.5,0.03205128205128205,5.0,0,1,1,0,12.0,700.0,0,1,1,144.0,89.0,26.05390442890443
1861,Roland Garros,2025,Clay,4,1,1,0,0,0,0,0,0,1,0,1.0,1.0,1.0,32.0,0.04087726725064311,8.0,0,1,0,1,16.5,7.5,0,1,1,272.25,90.0,27.05390442890443
1862,Roland Garros,2025,Clay,4,0,0,0,0,0,0,0,0,1,0,1.0,1.0,1.0,19.5,0.1355042016806723,3.0,0,1,0,0,15.0,39.5,0,0,0,225.0,91.0,28.05390442890443
1863,Roland Garros,2025,Clay,4,1,1,0,0,0,0,0,0,1,0,0.0,0.0,0.0,3.5,0.00784762663215699,1.0,0,1,0,1,17.0,42.5,0,1,1,289.0,76.0,13.053904428904431
1864,Roland Garros,2025,Clay,5,0,0,0,0,1,0,0,0,1,0,0.0,1.0,1.0,35.5,,7.0,0,1,0,0,15.0,39.5,0,0,0,225.0,71.0,8.053904428904431
1865,Roland Garros,2025,Clay,5,1,1,0,0,0,0,0,0,1,0,0.0,1.0,1.0,10.5,0.01057318491443759,1.0,0,1,0,1,22.0,61.0,0,1,1,484.0,48.5,-14.446095571095569
1866,Roland Garros,2025,Clay,5,1,1,0,0,1,1,1,0,1,0,1.0,1.0,1.0,17.5,0.03205128205128205,5.0,0,1,0,0,12.0,32.0,1,0,0,144.0,89.0,26.05390442890443
1867,Roland Garros,2025,Clay,5,0,0,0,0,0,0,0,0,1,0,1.0,1.0,1.0,19.5,0.1355042016806723,3.0,0,1,0,0,15.0,3.5,0,0,0,225.0,91.0,28.05390442890443
1868,Roland Garros,2025,Clay,6,1,1,0,0,1,1,1,0,1,0,0.0,1.0,1.0,10.5,0.01057318491443759,1.0,0,1,0,0,22.0,35.5,1,0,0,484.0,48.5,-14.446095571095569
1869,Roland Garros,2025,Clay,6,1,1,0,1,1,1,1,0,1,0,1.0,1.0,1.0,17.5,0.03205128205128205,5.0,0,1,0,0,12.0,19.5,1,0,1,144.0,89.0,26.05390442890443
1870,Roland Garros,2025,Clay,7,1,1,0,0,1,0,0,0,1,0,0.0,1.0,1.0,10.5,0.01057318491443759,1.0,0,1,0,0,22.0,17.5,0,0,0,484.0,48.5,-14.446095571095569
1871,US Open,2025,Hard,2,1,1,0,0,0,0,0,0,1,0,0.0,0.0,0.0,38.0,0.02352882900733111,8.0,0,1,1,1,10.0,1.5,0,1,1,100.0,73.0,10.053904428904431
1872,US Open,2025,Hard,2,1,1,0,0,0,0,0,0,1,0,1.0,1.0,1.0,62.0,0.0,0.0,0,1,1,0,0.0,129.0,0,1,1,0.0,67.0,4.053904428904431
1873,US Open,2025,Hard,2,0,0,0,0,0,0,0,0,1,0,1.0,1.0,1.0,50.0,0.008045881472861782,4.0,0,1,0,0,27.0,54.0,0,0,0,729.0,38.0,-24.94609557109557
1874,US Open,2025,Hard,2,0,0,0,0,0,0,0,0,1,0,1.0,1.0,1.0,29.5,0.008230452674897193,1.0,0,1,0,0,0.0,38.0,0,0,0,0.0,71.0,8.053904428904431
1875,US Open,2025,Hard,2,0,0,0,0,0,0,0,0,1,0,1.0,1.0,1.0,21.0,0.01710058017649063,2.0,0,1,0,0,21.5,45.0,0,0,0,462.25,46.0,-16.94609557109557
1876,US Open,2025,Hard,2,1,1,0,1,1,1,1,0,1,0,0.0,0.0,0.0,86.0,0.2911902530459232,2.0,0,1,0,0,22.0,120.5,1,0,1,484.0,80.0,17.05390442890443
1877,US Open,2025,Hard,2,0,0,0,0,0,0,0,0,1,0,1.0,1.0,1.0,58.5,0.006071645415907767,3.0,0,1,0,0,0.0,46.0,0,0,0,0.0,91.0,28.05390442890443
1878,US Open,2025,Hard,2,1,1,0,0,1,0,0,0,1,0,1.0,1.0,1.0,12.5,0.03143728110001298,1.0,0,1,1,0,16.5,97.0,0,1,1,272.25,76.0,13.053904428904431
1879,US Open,2025,Hard,2,1,1,0,0,1,1,1,0,1,0,0.0,0.0,0.0,76.0,0.003760262725780006,14.0,0,1,0,1,20.0,5.0,1,1,1,400.0,73.5,10.553904428904431
1880,US Open,2025,Hard,2,0,0,0,0,1,1,1,0,1,0,0.0,0.0,0.0,64.5,0.03387458006718924,1.0,0,1,0,0,15.0,963.5,1,0,0,225.0,54.5,-8.446095571095569
1881,US Open,2025,Hard,2,1,1,0,0,1,0,0,0,1,0,1.0,1.0,1.0,539.5,0.01190476190476189,235.0,1,1,0,0,8.5,624.5,0,0,0,72.25,46.0,-16.94609557109557
1882,US Open,2025,Hard,2,0,0,0,0,0,0,0,0,1,0,0.0,0.0,0.0,27.5,0.003737113402061898,7.0,0,1,0,0,0.0,312.0,0,0,0,0.0,84.5,21.55390442890443
1883,US Open,2025,Hard,2,1,1,0,0,0,0,0,0,1,0,0.0,0.0,0.0,27.0,0.00660211267605626,2.0,0,1,1,0,10.5,70.5,0,1,1,110.25,41.0,-21.94609557109557
1884,US Open,2025,Hard,2,1,1,0,0,0,0,0,0,1,0,0.0,0.0,0.0,41.0,0.0619205457078349,10.0,0,1,1,1,9.5,55.5,0,1,1,90.25,59.0,-3.9460955710955687
1885,US Open,2025,Hard,2,1,1,0,0,1,1,1,0,1,0,1.0,1.0,1.0,425.5,0.1953125,235.0,0,1,0,1,5.5,99.5,1,1,1,30.25,91.0,28.05390442890443
1886,US Open,2025,Hard,2,1,1,0,0,0,0,0,0,1,0,0.0,1.0,1.0,12.5,0.01057318491443759,3.0,0,1,0,1,22.0,766.0,0,1,1,484.0,48.5,-14.446095571095569
1888,US Open,2025,Hard,2,0,0,0,0,0,0,0,0,1,0,0.0,0.0,0.0,49.0,0.0632624113475177,4.0,0,1,0,0,16.0,337.0,0,0,0,256.0,64.0,1.0539044289044313
1889,US Open,2025,Hard,2,1,1,0,1,1,1,1,0,1,0,0.0,0.0,0.0,80.5,0.008181818181818179,1.0,0,1,0,1,0.0,259.5,1,1,1,0.0,42.0,-20.94609557109557
1890,US Open,2025,Hard,2,1,1,0,0,0,0,0,0,1,0,0.0,0.0,0.0,22.0,0.04935286839366027,26.0,0,1,0,1,19.0,42.5,0,1,1,361.0,62.0,-0.9460955710955687
1891,US Open,2025,Hard,2,0,0,0,0,0,0,0,0,1,0,0.0,1.0,1.0,28.5,0.05582353532308315,7.0,0,1,0,0,16.5,463.5,0,0,0,272.25,63.5,0.5539044289044313
1892,US Open,2025,Hard,2,1,1,0,0,0,0,0,0,1,0,0.0,1.0,1.0,95.5,0.1115691335670532,5.0,0,1,0,1,13.5,751.5,0,1,1,182.25,19.0,-43.94609557109557
1893,US Open,2025,Hard,2,1,1,0,0,0,0,0,0,1,0,1.0,1.0,1.0,702.5,0.1666666666666667,771.0,0,1,1,0,0.0,58.0,0,1,1,0.0,91.0,28.05390442890443
1894,US Open,2025,Hard,2,1,1,0,0,0,0,0,0,1,0,1.0,1.0,1.0,7.5,0.02310606060606069,1.0,0,1,1,0,14.5,656.0,0,1,1,210.25,67.0,4.053904428904431
1895,US Open,2025,Hard,2,0,0,0,0,0,0,0,0,1,0,1.0,1.0,1.0,12.5,0.03205128205128205,5.0,0,1,0,0,12.0,104.5,0,0,0,144.0,89.0,26.05390442890443
1897,US Open,2025,Hard,2,1,1,0,0,1,1,1,0,1,0,0.0,0.0,0.0,75.0,0.05941878567721837,2.0,0,1,0,1,0.0,72.5,1,1,1,0.0,85.5,22.55390442890443
1898,US Open,2025,Hard,2,1,1,0,0,0,0,0,0,1,0,0.0,1.0,1.0,20.0,,2.0,0,1,1,1,15.0,47.5,0,1,1,225.0,71.0,8.053904428904431
1899,US Open,2025,Hard,2,1,1,0,0,0,0,0,0,1,0,0.0,0.0,0.0,87.0,0.09090909090909088,6.0,0,1,1,0,18.0,33.0,0,1,1,324.0,74.5,11.553904428904431
1900,US Open,2025,Hard,2,1,1,0,1,1,0,0,0,1,0,0.0,1.0,1.0,44.0,0.07299519449052161,34.0,0,1,1,0,11.5,707.5,0,1,1,132.25,90.5,27.55390442890443
1901,US Open,2025,Hard,2,1,1,0,0,1,0,0,0,1,0,1.0,1.0,1.0,132.5,0.04137323943661975,35.0,1,1,1,0,8.0,71.0,0,1,1,64.0,58.0,-4.946095571095569
1902,US Open,2025,Hard,2,1,1,0,0,1,1,1,0,1,0,0.0,0.0,0.0,3.0,0.04901135386713307,0.0,0,1,0,1,13.5,98.5,1,1,1,182.25,26.0,-36.94609557109557
1903,US Open,2025,Hard,3,1,1,0,1,1,0,0,0,1,0,1.0,1.0,1.0,62.0,0.0,0.0,0,1,1,0,0.0,38.0,0,1,1,0.0,67.0,4.053904428904431
1904,US Open,2025,Hard,3,0,0,0,0,0,0,0,0,1,0,1.0,1.0,1.0,29.5,0.008230452674897193,1.0,0,1,0,0,0.0,50.0,0,0,0,0.0,71.0,8.053904428904431
1905,US Open,2025,Hard,3,0,0,0,0,0,0,0,0,1,0,1.0,1.0,1.0,21.0,0.01710058017649063,2.0,0,1,0,0,21.5,86.0,0,0,0,462.25,46.0,-16.94609557109557
1906,US Open,2025,Hard,3,1,1,0,1,1,1,1,0,1,0,1.0,1.0,1.0,58.5,0.006071645415907767,3.0,0,1,0,1,0.0,12.5,1,1,1,0.0,91.0,28.05390442890443
1907,US Open,2025,Hard,3,1,1,0,0,1,1,1,0,1,0,0.0,0.0,0.0,76.0,0.003760262725780006,14.0,0,1,0,1,20.0,64.5,1,1,1,400.0,73.5,10.553904428904431
1908,US Open,2025,Hard,3,1,1,0,0,0,0,0,0,1,0,1.0,1.0,1.0,539.5,0.01190476190476189,235.0,1,1,0,1,8.5,27.5,0,1,1,72.25,46.0,-16.94609557109557
1909,US Open,2025,Hard,3,0,0,0,0,0,0,0,0,1,0,0.0,0.0,0.0,41.0,0.0619205457078349,10.0,0,1,0,0,9.5,27.0,0,0,0,90.25,59.0,-3.9460955710955687
1910,US Open,2025,Hard,3,0,0,0,0,0,0,0,0,1,0,0.0,1.0,1.0,12.5,0.01057318491443759,3.0,0,1,0,0,22.0,425.5,0,0,0,484.0,48.5,-14.446095571095569
1912,US Open,2025,Hard,3,1,1,0,0,1,1,1,0,1,0,0.0,0.0,0.0,22.0,0.04935286839366027,26.0,0,1,0,1,19.0,80.5,1,1,1,361.0,62.0,-0.9460955710955687
1913,US Open,2025,Hard,3,0,0,0,0,0,0,0,0,1,0,0.0,1.0,1.0,28.5,0.05582353532308315,7.0,0,1,0,0,16.5,95.5,0,0,0,272.25,63.5,0.5539044289044313
1914,US Open,2025,Hard,3,1,1,0,0,0,0,0,0,1,0,1.0,1.0,1.0,7.5,0.02310606060606069,1.0,0,1,1,1,14.5,702.5,0,1,1,210.25,67.0,4.053904428904431
1916,US Open,2025,Hard,3,0,0,0,0,0,0,0,0,1,0,0.0,1.0,1.0,20.0,,2.0,0,1,0,0,15.0,75.0,0,0,0,225.0,71.0,8.053904428904431
1917,US Open,2025,Hard,3,1,0,0,1,1,1,1,0,1,0,0.0,0.0,0.0,87.0,0.09090909090909088,6.0,0,1,0,0,18.0,44.0,1,0,1,324.0,74.5,11.553904428904431
1918,US Open,2025,Hard,3,1,1,0,0,1,1,1,0,1,0,1.0,1.0,1.0,132.5,0.04137323943661975,35.0,1,1,0,1,8.0,3.0,1,1,1,64.0,58.0,-4.946095571095569
1919,US Open,2025,Hard,4,1,1,0,0,1,0,0,0,1,0,1.0,1.0,1.0,29.5,0.008230452674897193,1.0,0,1,1,0,0.0,62.0,0,1,1,0.0,71.0,8.053904428904431
1920,US Open,2025,Hard,4,0,0,0,0,0,0,0,0,1,0,1.0,1.0,1.0,58.5,0.006071645415907767,3.0,0,1,0,0,0.0,21.0,0,0,0,0.0,91.0,28.05390442890443
1921,US Open,2025,Hard,4,0,0,0,0,0,0,0,0,1,0,0.0,0.0,0.0,76.0,0.003760262725780006,14.0,0,1,0,0,20.0,539.5,0,0,0,400.0,73.5,10.553904428904431
1922,US Open,2025,Hard,4,1,1,0,1,1,1,1,0,1,0,0.0,1.0,1.0,12.5,0.01057318491443759,3.0,0,1,0,0,22.0,41.0,1,0,1,484.0,48.5,-14.446095571095569
1923,US Open,2025,Hard,4,1,1,0,0,1,1,1,0,1,0,0.0,0.0,0.0,22.0,0.04935286839366027,26.0,0,1,0,0,19.0,49.0,1,0,0,361.0,62.0,-0.9460955710955687
1924,US Open,2025,Hard,4,0,0,0,0,0,0,0,0,1,0,0.0,1.0,1.0,28.5,0.05582353532308315,7.0,0,1,0,0,16.5,7.5,0,0,0,272.25,63.5,0.5539044289044313
1925,US Open,2025,Hard,4,1,1,0,0,1,1,1,0,1,0,1.0,1.0,1.0,12.5,0.03205128205128205,5.0,0,1,0,1,12.0,20.0,1,1,1,144.0,89.0,26.05390442890443
1926,US Open,2025,Hard,4,0,0,0,0,1,1,1,0,1,0,1.0,1.0,1.0,132.5,0.04137323943661975,35.0,1,1,0,0,8.0,87.0,1,0,0,64.0,58.0,-4.946095571095569
1927,US Open,2025,Hard,5,1,1,0,0,0,0,0,0,1,0,1.0,1.0,1.0,58.5,0.006071645415907767,3.0,0,1,0,1,0.0,29.5,0,1,1,0.0,91.0,28.05390442890443
1928,US Open,2025,Hard,5,0,0,0,0,1,0,0,0,1,0,0.0,1.0,1.0,12.5,0.01057318491443759,3.0,0,1,0,0,22.0,76.0,0,0,0,484.0,48.5,-14.446095571095569
1929,US Open,2025,Hard,5,1,1,0,0,1,0,0,0,1,0,0.0,1.0,1.0,28.5,0.05582353532308315,7.0,0,1,0,0,16.5,22.0,0,0,0,272.25,63.5,0.5539044289044313
1930,US Open,2025,Hard,5,1,1,0,0,0,0,0,0,1,0,1.0,1.0,1.0,12.5,0.03205128205128205,5.0,0,1,1,0,12.0,132.5,0,1,1,144.0,89.0,26.05390442890443
1931,US Open,2025,Hard,6,0,0,0,0,1,0,0,0,1,0,0.0,1.0,1.0,12.5,0.01057318491443759,3.0,0,1,0,0,22.0,58.5,0,0,0,484.0,48.5,-14.446095571095569
1932,US Open,2025,Hard,6,1,1,0,0,1,1,1,0,1,0,1.0,1.0,1.0,12.5,0.03205128205128205,5.0,0,1,0,1,12.0,28.5,1,1,1,144.0,89.0,26.05390442890443
1933,US Open,2025,Hard,7,1,1,0,0,1,1,1,0,1,0,0.0,1.0,1.0,12.5,0.01057318491443759,3.0,0,1,0,1,22.0,12.5,1,1,1,484.0,48.5,-14.446095571095569
1934,Wimbledon,2025,Grass,2,0,0,0,0,0,0,0,0,1,0,0.0,0.0,0.0,1.0,0.04901135386713307,0.0,0,1,0,0,13.5,471.5,0,0,0,182.25,26.0,-36.94609557109557
1935,Wimbledon,2025,Grass,2,0,0,0,0,1,0,0,0,1,0,1.0,1.0,1.0,96.5,0.00661785412559851,13.0,1,1,0,0,10.0,260.0,0,0,0,100.0,51.0,-11.946095571095569
1936,Wimbledon,2025,Grass,2,1,1,0,0,0,0,0,0,1,0,0.0,0.0,0.0,43.5,0.00660211267605626,7.0,0,1,1,0,10.5,36.0,0,1,1,110.25,41.0,-21.94609557109557
1937,Wimbledon,2025,Grass,2,0,0,0,0,0,0,0,0,1,0,1.0,1.0,1.0,65.0,0.0423728813559322,0.0,0,1,0,0,0.0,36.5,0,0,0,0.0,58.0,-4.946095571095569
1938,Wimbledon,2025,Grass,2,1,1,0,0,0,0,0,0,1,0,0.0,1.0,1.0,22.5,,3.0,0,1,1,0,15.0,127.0,0,1,1,225.0,71.0,8.053904428904431
1939,Wimbledon,2025,Grass,2,1,1,0,0,0,0,0,0,1,0,1.0,1.0,1.0,60.0,0.0,0.0,0,1,0,1,0.0,615.5,0,1,1,0.0,67.0,4.053904428904431
1940,Wimbledon,2025,Grass,2,1,1,0,0,0,0,0,0,1,0,0.0,0.0,0.0,43.5,0.0619205457078349,5.0,0,1,1,1,9.5,46.0,0,1,1,90.25,59.0,-3.9460955710955687
1941,Wimbledon,2025,Grass,2,1,1,0,0,0,0,0,0,1,0,1.0,1.0,1.0,14.5,0.03143728110001298,1.0,0,1,1,1,16.5,53.0,0,1,1,272.25,76.0,13.053904428904431
1942,Wimbledon,2025,Grass,2,0,0,0,0,0,0,0,0,1,0,1.0,1.0,1.0,5.5,0.02310606060606069,1.0,0,1,0,0,14.5,51.5,0,0,0,210.25,67.0,4.053904428904431
1943,Wimbledon,2025,Grass,2,0,0,0,0,0,0,0,0,1,0,0.0,1.0,1.0,70.5,0.0291327913279133,3.0,0,1,0,0,0.0,344.0,0,0,0,0.0,90.5,27.55390442890443
1944,Wimbledon,2025,Grass,2,1,1,0,0,0,0,0,0,1,0,1.0,1.0,1.0,69.5,0.006071645415907767,3.0,0,1,0,1,0.0,83.0,0,1,1,0.0,91.0,28.05390442890443
1945,Wimbledon,2025,Grass,2,1,1,0,1,1,1,1,0,1,0,0.0,0.0,0.0,115.5,0.08585164835164827,67.0,1,1,0,1,4.0,29.0,1,1,1,16.0,85.0,22.05390442890443
1946,Wimbledon,2025,Grass,2,1,1,0,0,1,0,0,0,1,0,1.0,1.0,1.0,24.5,0.008230452674897193,3.0,0,1,0,0,0.0,690.5,0,0,0,0.0,71.0,8.053904428904431
1947,Wimbledon,2025,Grass,2,1,1,0,0,0,0,0,0,1,0,0.0,0.0,0.0,47.0,0.04745564111148304,10.0,0,1,1,0,10.0,800.0,0,1,1,100.0,61.0,-1.9460955710955687
1948,Wimbledon,2025,Grass,2,1,1,0,0,1,1,1,0,1,0,1.0,1.0,1.0,51.0,0.008045881472861782,14.0,0,1,0,1,27.0,55.0,1,1,1,729.0,38.0,-24.94609557109557
1949,Wimbledon,2025,Grass,2,1,1,0,0,0,0,0,0,1,0,0.0,0.0,0.0,16.5,0.03874544590527484,7.0,0,1,0,1,16.5,1086.0,0,1,1,272.25,56.0,-6.946095571095569
1950,Wimbledon,2025,Grass,2,0,0,0,0,1,0,0,0,1,0,1.0,1.0,1.0,14.0,0.03205128205128205,6.0,0,1,0,0,12.0,131.5,0,0,0,144.0,89.0,26.05390442890443
1951,Wimbledon,2025,Grass,2,1,0,0,1,1,1,1,0,1,0,0.0,0.0,0.0,74.5,0.01224489795918371,9.0,0,1,0,0,16.0,725.5,1,0,1,256.0,30.5,-32.44609557109557
1952,Wimbledon,2025,Grass,2,1,0,0,1,1,1,1,0,1,0,0.0,0.0,0.0,73.5,0.1335753176043557,37.0,0,1,0,0,0.0,418.0,1,0,1,0.0,81.0,18.05390442890443
1953,Wimbledon,2025,Grass,2,0,0,0,0,0,0,0,0,1,0,1.0,1.0,1.0,26.0,0.01710058017649063,8.0,0,1,0,0,21.5,230.5,0,0,0,462.25,46.0,-16.94609557109557
1954,Wimbledon,2025,Grass,2,1,1,0,0,0,0,0,0,1,0,0.0,1.0,1.0,36.0,0.02232828615317095,2.0,0,1,1,0,13.5,42.0,0,1,1,182.25,69.5,6.553904428904431
1955,Wimbledon,2025,Grass,2,1,1,0,0,0,0,0,0,1,0,0.0,0.0,0.0,336.0,,496.0,1,1,1,0,8.5,76.0,0,1,1,72.25,59.0,-3.9460955710955687
1956,Wimbledon,2025,Grass,2,0,0,0,0,0,0,0,0,1,0,0.0,0.0,0.0,75.0,0.01980198019801993,2.0,0,1,0,0,15.0,609.0,0,0,0,225.0,39.0,-23.94609557109557
1957,Wimbledon,2025,Grass,2,1,1,0,0,0,0,0,0,1,0,0.0,1.0,1.0,7.5,0.01057318491443759,1.0,0,1,1,0,22.0,489.0,0,1,1,484.0,48.5,-14.446095571095569
1958,Wimbledon,2025,Grass,2,1,1,0,0,0,0,0,0,1,0,1.0,1.0,1.0,11.0,0.001288926372070121,2.0,0,1,1,0,10.0,80.5,0,1,1,100.0,89.0,26.05390442890443
1959,Wimbledon,2025,Grass,2,0,0,0,0,0,0,0,0,1,0,0.0,0.0,0.0,63.0,0.1000967117988394,2.0,0,1,0,0,15.0,721.0,0,0,0,225.0,69.0,6.053904428904431
1960,Wimbledon,2025,Grass,2,0,0,0,0,0,0,0,0,1,0,0.0,0.0,0.0,54.5,0.0632624113475177,9.0,0,1,0,0,16.0,78.0,0,0,0,256.0,64.0,1.0539044289044313
1961,Wimbledon,2025,Grass,2,1,1,0,0,0,0,0,0,1,0,0.0,0.0,0.0,69.0,0.07013483146067412,36.0,0,1,0,1,17.0,18.5,0,1,1,289.0,42.0,-20.94609557109557
1962,Wimbledon,2025,Grass,2,1,1,0,0,0,0,0,0,1,0,0.0,0.0,0.0,78.5,0.0832004253056885,139.0,1,1,0,1,13.5,30.0,0,1,1,182.25,80.5,17.55390442890443
1963,Wimbledon,2025,Grass,2,1,1,0,0,0,0,0,0,1,0,0.0,0.0,0.0,510.5,0.008333333333333304,157.0,0,1,1,0,8.0,207.5,0,1,1,64.0,78.0,15.053904428904431
1964,Wimbledon,2025,Grass,2,1,1,0,0,0,0,0,0,1,0,1.0,1.0,1.0,499.5,0.25,781.0,0,1,1,1,18.0,266.0,0,1,1,324.0,89.0,26.05390442890443
1965,Wimbledon,2025,Grass,2,1,1,0,0,0,0,0,0,1,0,0.0,0.0,0.0,3.0,0.00784762663215699,0.0,0,1,1,0,17.0,1174.0,0,1,1,289.0,76.0,13.053904428904431
1966,Wimbledon,2025,Grass,3,0,0,0,0,0,0,0,0,1,0,0.0,0.0,0.0,1.0,0.04901135386713307,0.0,0,1,0,0,13.5,96.5,0,0,0,182.25,26.0,-36.94609557109557
1967,Wimbledon,2025,Grass,3,1,1,0,0,0,0,0,0,1,0,1.0,1.0,1.0,65.0,0.0423728813559322,0.0,0,1,0,1,0.0,43.5,0,1,1,0.0,58.0,-4.946095571095569
1968,Wimbledon,2025,Grass,3,0,0,0,0,0,0,0,0,1,0,0.0,1.0,1.0,22.5,,3.0,0,1,0,0,15.0,60.0,0,0,0,225.0,71.0,8.053904428904431
1969,Wimbledon,2025,Grass,3,1,1,0,0,0,0,0,0,1,0,0.0,0.0,0.0,43.5,0.0619205457078349,5.0,0,1,1,1,9.5,14.5,0,1,1,90.25,59.0,-3.9460955710955687
1970,Wimbledon,2025,Grass,3,1,1,0,0,0,0,0,0,1,0,1.0,1.0,1.0,5.5,0.02310606060606069,1.0,0,1,0,1,14.5,70.5,0,1,1,210.25,67.0,4.053904428904431
1971,Wimbledon,2025,Grass,3,1,1,0,1,1,0,0,0,1,0,0.0,0.0,0.0,115.5,0.08585164835164827,67.0,1,1,0,0,4.0,69.5,0,0,1,16.0,85.0,22.05390442890443
1972,Wimbledon,2025,Grass,3,1,1,0,0,1,1,1,0,1,0,0.0,0.0,0.0,47.0,0.04745564111148304,10.0,0,1,0,1,10.0,24.5,1,1,1,100.0,61.0,-1.9460955710955687
1973,Wimbledon,2025,Grass,3,1,1,0,1,1,0,0,0,1,0,1.0,1.0,1.0,51.0,0.008045881472861782,14.0,0,1,1,0,27.0,16.5,0,1,1,729.0,38.0,-24.94609557109557
1974,Wimbledon,2025,Grass,3,1,1,0,0,0,0,0,0,1,0,1.0,1.0,1.0,14.0,0.03205128205128205,6.0,0,1,0,1,12.0,74.5,0,1,1,144.0,89.0,26.05390442890443
1975,Wimbledon,2025,Grass,3,1,1,0,0,1,0,0,0,1,0,1.0,1.0,1.0,26.0,0.01710058017649063,8.0,0,1,0,0,21.5,73.5,0,0,0,462.25,46.0,-16.94609557109557
1976,Wimbledon,2025,Grass,3,1,1,0,0,0,0,0,0,1,0,0.0,1.0,1.0,36.0,0.02232828615317095,2.0,0,1,0,1,13.5,336.0,0,1,1,182.25,69.5,6.553904428904431
1977,Wimbledon,2025,Grass,3,0,0,0,0,0,0,0,0,1,0,0.0,1.0,1.0,7.5,0.01057318491443759,1.0,0,1,0,0,22.0,75.0,0,0,0,484.0,48.5,-14.446095571095569
1978,Wimbledon,2025,Grass,3,0,0,0,0,0,0,0,0,1,0,1.0,1.0,1.0,11.0,0.001288926372070121,2.0,0,1,0,0,10.0,63.0,0,0,0,100.0,89.0,26.05390442890443
1979,Wimbledon,2025,Grass,3,0,0,0,0,0,0,0,0,1,0,0.0,0.0,0.0,69.0,0.07013483146067412,36.0,0,1,0,0,17.0,54.5,0,0,0,289.0,42.0,-20.94609557109557
1980,Wimbledon,2025,Grass,3,1,1,0,0,1,0,0,0,1,0,0.0,0.0,0.0,78.5,0.0832004253056885,139.0,1,1,0,0,13.5,510.5,0,0,0,182.25,80.5,17.55390442890443
1981,Wimbledon,2025,Grass,3,1,1,0,0,0,0,0,0,1,0,0.0,0.0,0.0,3.0,0.00784762663215699,0.0,0,1,1,0,17.0,499.5,0,1,1,289.0,76.0,13.053904428904431
1982,Wimbledon,2025,Grass,4,1,1,0,0,0,0,0,0,1,0,0.0,0.0,0.0,1.0,0.04901135386713307,0.0,0,1,0,1,13.5,65.0,0,1,1,182.25,26.0,-36.94609557109557
1983,Wimbledon,2025,Grass,4,1,1,0,0,1,1,1,0,1,0,0.0,1.0,1.0,22.5,,3.0,0,1,0,1,15.0,43.5,1,1,1,225.0,71.0,8.053904428904431
1984,Wimbledon,2025,Grass,4,0,0,0,0,0,0,0,0,1,0,0.0,0.0,0.0,115.5,0.08585164835164827,67.0,1,1,0,0,4.0,5.5,0,0,0,16.0,85.0,22.05390442890443
1985,Wimbledon,2025,Grass,4,0,0,0,0,1,0,0,0,1,0,1.0,1.0,1.0,51.0,0.008045881472861782,14.0,0,1,0,0,27.0,47.0,0,0,0,729.0,38.0,-24.94609557109557
1986,Wimbledon,2025,Grass,4,1,1,0,1,1,0,0,0,1,0,1.0,1.0,1.0,14.0,0.03205128205128205,6.0,0,1,0,0,12.0,26.0,0,0,1,144.0,89.0,26.05390442890443
1987,Wimbledon,2025,Grass,4,1,0,0,1,1,0,0,0,1,0,0.0,1.0,1.0,7.5,0.01057318491443759,1.0,0,1,0,0,22.0,36.0,0,0,1,484.0,48.5,-14.446095571095569
1988,Wimbledon,2025,Grass,4,0,0,0,0,0,0,0,0,1,0,1.0,1.0,1.0,11.0,0.001288926372070121,2.0,0,1,0,0,10.0,69.0,0,0,0,100.0,89.0,26.05390442890443
1990,Wimbledon,2025,Grass,5,1,1,0,1,1,0,0,0,1,0,0.0,0.0,0.0,1.0,0.04901135386713307,0.0,0,1,0,0,13.5,22.5,0,0,1,182.25,26.0,-36.94609557109557
1991,Wimbledon,2025,Grass,5,1,1,0,0,0,0,0,0,1,0,0.0,0.0,0.0,115.5,0.08585164835164827,67.0,1,1,1,0,4.0,51.0,0,1,1,16.0,85.0,22.05390442890443
1992,Wimbledon,2025,Grass,5,1,1,0,0,0,0,0,0,1,0,0.0,1.0,1.0,7.5,0.01057318491443759,1.0,0,1,1,1,22.0,14.0,0,1,1,484.0,48.5,-14.446095571095569
1993,Wimbledon,2025,Grass,5,1,0,0,1,1,0,0,0,1,0,1.0,1.0,1.0,11.0,0.001288926372070121,2.0,0,1,0,0,10.0,3.0,0,0,1,100.0,89.0,26.05390442890443
1994,Wimbledon,2025,Grass,6,1,1,0,1,1,1,1,0,1,0,0.0,0.0,0.0,115.5,0.08585164835164827,67.0,1,1,0,1,4.0,1.0,1,1,1,16.0,85.0,22.05390442890443
1995,Wimbledon,2025,Grass,6,0,0,0,0,0,0,0,0,1,0,1.0,1.0,1.0,11.0,0.001288926372070121,2.0,0,1,0,0,10.0,7.5,0,0,0,100.0,89.0,26.05390442890443
1996,Wimbledon,2025,Grass,7,1,1,0,0,0,0,0,0,1,0,1.0,1.0,1.0,11.0,0.001288926372070121,2.0,0,1,0,1,10.0,115.5,0,1,1,100.0,89.0,26.05390442890443
0,Australian Open,2018,Hard,2,0,0,0,0,0,0,0,0,0,0,0.0,0.0,0.0,67.5,0.1231476750127747,35.0,1,0,0,0,14.0,1.0,1,0,0,196.0,71.5,8.553904428904431
1,Australian Open,2018,Hard,2,0,0,0,0,0,0,0,0,0,0,1.0,1.0,1.0,204.0,0.1016483516483516,228.0,0,0,0,0,12.0,166.5,1,0,0,144.0,39.0,-23.94609557109557
2,Australian Open,2018,Hard,2,1,1,0,0,1,0,1,0,0,0,1.0,1.0,1.0,87.5,0.05743243243243251,13.0,0,0,1,0,5.0,55.5,0,1,1,25.0,90.0,27.05390442890443
3,Australian Open,2018,Hard,2,1,1,0,0,0,0,0,0,0,0,0.0,0.0,0.0,472.5,0.0935314685314686,749.0,0,0,0,0,11.0,35.0,1,0,0,121.0,27.5,-35.44609557109557
4,Australian Open,2018,Hard,2,0,0,0,0,0,0,0,0,0,0,0.0,0.0,0.0,47.0,0.06562677841585185,20.0,0,0,0,0,19.0,22.0,1,0,0,361.0,27.5,-35.44609557109557
5,Australian Open,2018,Hard,2,0,0,0,0,0,0,0,0,0,0,1.0,1.0,1.0,268.5,0.06936453138984788,333.0,0,0,0,0,5.0,115.0,1,0,0,25.0,90.0,27.05390442890443
7,Australian Open,2018,Hard,2,1,1,0,0,0,0,0,0,0,0,0.0,1.0,1.0,20.0,0.01088081143884523,10.0,0,0,0,0,12.5,79.5,1,0,0,156.25,72.0,9.053904428904431
8,Australian Open,2018,Hard,2,1,1,0,0,0,0,0,0,0,0,1.0,1.0,1.0,198.0,0.2557668458040513,8.0,0,0,0,0,12.0,8.5,1,0,0,144.0,90.0,27.05390442890443
9,Australian Open,2018,Hard,2,1,0,0,1,1,0,1,0,0,0,1.0,1.0,1.0,493.5,0.01666666666666672,647.0,0,0,0,0,9.5,58.5,0,0,1,90.25,46.0,-16.94609557109557
10,Australian Open,2018,Hard,2,0,0,0,0,1,0,0,0,0,0,0.0,1.0,1.0,62.5,0.1974201474201475,5.0,0,0,0,0,8.0,46.0,1,0,0,64.0,84.5,21.55390442890443
11,Australian Open,2018,Hard,2,0,0,0,0,1,0,0,0,0,0,0.0,1.0,1.0,28.5,0.0350117096018735,1.0,0,0,0,0,17.0,124.5,1,0,0,289.0,26.5,-36.44609557109557
12,Australian Open,2018,Hard,2,1,1,0,0,0,0,0,0,0,0,0.0,1.0,1.0,143.5,0.03242524916943523,251.0,1,0,0,0,11.0,22.5,1,0,0,121.0,85.5,22.55390442890443
13,Australian Open,2018,Hard,2,1,1,0,0,0,0,0,0,0,0,0.0,1.0,1.0,85.5,0.09855116785809864,3.0,0,0,0,0,12.0,181.0,1,0,0,144.0,90.0,27.05390442890443
14,Australian Open,2018,Hard,2,0,0,0,0,0,0,0,0,0,0,1.0,1.0,1.0,533.0,,606.0,0,0,0,0,14.5,54.5,1,0,0,210.25,67.0,4.053904428904431
15,Australian Open,2018,Hard,2,0,0,0,0,0,0,0,0,0,0,0.0,0.0,0.0,369.5,0.03231292517006801,59.0,0,0,0,0,13.5,16.5,1,0,0,182.25,29.5,-33.44609557109557
16,Australian Open,2018,Hard,2,0,0,0,0,1,0,1,0,0,0,1.0,1.0,1.0,207.0,0.01634527089072535,322.0,0,0,0,0,8.5,9.5,0,0,0,72.25,91.0,28.05390442890443
17,Australian Open,2018,Hard,2,0,0,0,0,0,0,0,0,0,0,0.0,0.0,0.0,818.5,0.08395522388059701,7.0,0,0,0,0,11.5,64.5,1,0,0,132.25,46.0,-16.94609557109557
18,Australian Open,2018,Hard,2,0,0,0,0,0,0,0,0,0,0,1.0,1.0,1.0,67.0,0.2584398976982097,44.0,0,0,0,0,14.0,41.5,1,0,0,196.0,71.0,8.053904428904431
19,Australian Open,2018,Hard,2,1,1,0,0,0,0,0,0,0,0,1.0,1.0,1.0,73.0,0.03979591836734697,2.0,0,0,0,0,3.0,25.0,1,0,0,9.0,90.0,27.05390442890443
20,Australian Open,2018,Hard,2,0,0,0,0,0,0,0,0,0,0,0.0,0.0,0.0,36.0,0.09179219406398931,62.0,0,0,0,0,15.5,113.0,1,0,0,240.25,42.0,-20.94609557109557
21,Australian Open,2018,Hard,2,0,0,0,0,0,0,0,0,0,0,1.0,1.0,1.0,95.0,0.0,0.0,0,0,0,0,14.0,238.0,1,0,0,196.0,20.0,-42.94609557109557
22,Australian Open,2018,Hard,2,0,0,0,0,0,0,0,0,0,0,0.0,0.0,0.0,609.0,0.08259587020648967,424.0,0,0,0,0,13.0,129.0,1,0,0,169.0,39.0,-23.94609557109557
23,Australian Open,2018,Hard,2,0,0,0,0,0,0,0,0,0,0,1.0,1.0,1.0,60.0,0.1341719077568134,22.0,0,0,0,0,11.0,7.5,1,0,0,121.0,46.0,-16.94609557109557
24,Australian Open,2018,Hard,2,0,0,0,0,1,0,1,0,0,0,0.0,0.0,0.0,443.5,,149.0,0,0,0,0,6.0,12.0,0,0,0,36.0,63.0,0.053904428904431256
25,Australian Open,2018,Hard,2,1,1,0,1,1,0,0,0,0,0,0.0,0.0,0.0,336.0,0.1013513513513514,324.0,1,0,0,0,14.5,41.5,1,0,1,210.25,65.0,2.0539044289044313
26,Australian Open,2018,Hard,2,1,0,0,1,1,0,0,0,0,0,0.0,1.0,1.0,49.5,0.02478415047795252,39.0,0,0,0,0,10.0,81.0,1,0,1,100.0,90.5,27.55390442890443
27,Australian Open,2018,Hard,2,1,1,0,1,1,0,0,0,0,0,0.0,1.0,1.0,27.0,0.08616165560327993,12.0,0,0,0,1,14.5,73.5,1,1,1,210.25,41.0,-21.94609557109557
28,Australian Open,2018,Hard,2,1,1,0,0,0,0,0,0,0,0,0.0,0.0,0.0,49.0,0.06816222872094801,28.0,0,0,0,0,11.0,39.5,1,0,0,121.0,35.0,-27.94609557109557
29,Australian Open,2018,Hard,2,0,0,0,0,0,0,0,0,0,0,1.0,1.0,1.0,90.0,0.08205980066445179,78.0,0,0,0,0,9.0,53.5,1,0,0,81.0,58.0,-4.946095571095569
30,Australian Open,2018,Hard,2,1,1,0,0,0,0,0,0,0,0,0.0,1.0,1.0,69.0,0.1433858334035206,28.0,0,0,0,0,24.5,304.0,1,0,0,600.25,67.0,4.053904428904431
31,Australian Open,2018,Hard,2,0,0,0,0,1,0,1,0,0,0,0.0,1.0,1.0,310.0,0.09436392914653777,20.0,0,0,0,0,9.0,3.5,0,0,0,81.0,25.0,-37.94609557109557
32,Australian Open,2018,Hard,3,1,1,0,0,0,0,0,0,0,0,1.0,1.0,1.0,166.5,0.2293972044263251,73.0,0,0,0,0,4.0,1.0,1,0,0,16.0,90.0,27.05390442890443
33,Australian Open,2018,Hard,3,1,1,0,0,1,0,1,0,0,0,0.0,0.0,0.0,55.5,0.1229791054917854,83.0,0,0,0,0,14.5,35.0,0,0,0,210.25,63.5,0.5539044289044313
34,Australian Open,2018,Hard,3,0,0,0,0,1,0,1,0,0,0,1.0,1.0,1.0,22.0,0.09247104247104243,4.0,0,0,0,0,20.0,115.0,0,0,0,400.0,51.0,-11.946095571095569
36,Australian Open,2018,Hard,3,1,1,0,1,1,0,0,0,0,0,1.0,1.0,1.0,8.5,0.0790823211875844,5.0,0,0,0,0,13.0,58.5,1,0,1,169.0,71.0,8.053904428904431
37,Australian Open,2018,Hard,3,0,0,0,0,0,0,0,0,0,0,0.0,1.0,1.0,124.5,0.1789263490294418,89.0,0,0,0,0,9.5,46.0,1,0,0,90.25,71.0,8.053904428904431
38,Australian Open,2018,Hard,3,1,1,0,0,0,0,0,0,0,0,0.0,0.0,0.0,181.0,0.01754186341999969,100.0,0,0,0,0,12.5,22.5,1,0,0,156.25,36.5,-26.44609557109557
39,Australian Open,2018,Hard,3,1,1,0,0,1,0,1,0,0,0,0.0,0.0,0.0,54.5,0.1403679653679654,3.0,0,0,1,0,13.5,16.5,0,1,1,182.25,79.5,16.55390442890443
40,Australian Open,2018,Hard,3,1,1,0,1,1,0,0,0,0,0,0.0,0.0,0.0,9.5,0.04913998809726816,1.0,0,0,0,0,15.5,64.5,1,0,1,240.25,63.5,0.5539044289044313
41,Australian Open,2018,Hard,3,1,1,0,0,0,0,0,0,0,0,0.0,0.0,0.0,41.5,0.05176174945195955,21.0,0,0,0,0,15.0,25.0,1,0,0,225.0,44.0,-18.94609557109557
42,Australian Open,2018,Hard,3,0,0,0,0,0,0,0,0,0,0,1.0,1.0,1.0,113.0,0.003331403948807043,102.0,0,0,0,0,9.0,238.0,1,0,0,81.0,91.0,28.05390442890443
43,Australian Open,2018,Hard,3,1,1,0,0,1,0,0,0,0,0,0.0,0.0,0.0,7.5,0.05927088002390557,1.0,0,0,0,0,15.0,129.0,1,0,0,225.0,55.0,-7.946095571095569
44,Australian Open,2018,Hard,3,1,1,0,0,1,0,1,0,0,0,0.0,0.0,0.0,41.5,0.1579317013588478,5.0,0,0,1,0,18.5,12.0,0,1,1,342.25,47.0,-15.946095571095569
46,Australian Open,2018,Hard,3,1,1,0,0,0,0,0,0,0,0,0.0,0.0,0.0,53.5,0.05798503611971101,25.0,0,0,0,0,20.0,39.5,1,0,0,400.0,52.0,-10.946095571095569
47,Australian Open,2018,Hard,3,1,1,0,0,0,0,0,0,0,0,0.0,0.0,0.0,3.5,0.03954461804929088,1.0,0,0,0,0,8.5,304.0,1,0,0,72.25,76.5,13.553904428904431
48,Australian Open,2018,Hard,4,1,1,0,0,1,0,1,0,0,0,0.0,1.0,1.0,35.0,0.1044022455747792,26.0,0,0,0,0,14.0,1.0,0,0,0,196.0,69.5,6.553904428904431
50,Australian Open,2018,Hard,4,0,0,0,0,0,0,0,0,0,0,0.0,0.0,0.0,58.5,0.004561746497230401,1.0,0,0,0,0,11.0,46.0,1,0,0,121.0,31.0,-31.94609557109557
51,Australian Open,2018,Hard,4,1,1,0,0,1,0,0,0,0,0,0.0,0.0,0.0,22.5,,7.0,0,0,0,1,15.0,16.5,1,1,1,225.0,59.5,-3.4460955710955687
52,Australian Open,2018,Hard,4,0,0,0,0,0,0,0,0,0,0,1.0,1.0,1.0,64.5,0.1924819272007537,7.0,0,0,0,0,20.0,25.0,1,0,0,400.0,48.0,-14.946095571095569
54,Australian Open,2018,Hard,4,1,1,0,0,1,0,1,0,0,0,1.0,1.0,1.0,73.5,0.02179137210984344,79.0,0,0,1,0,12.5,12.0,0,1,1,156.25,71.0,8.053904428904431
56,Australian Open,2018,Hard,5,1,1,0,1,1,0,0,0,0,0,0.0,0.0,0.0,1.0,0.005113704012382425,0.0,0,0,0,1,18.0,115.0,1,1,1,324.0,49.0,-13.946095571095569
57,Australian Open,2018,Hard,5,1,1,0,1,1,0,0,0,0,0,0.0,1.0,1.0,46.0,0.02856549432290223,16.0,0,0,0,1,10.0,16.5,1,1,1,100.0,84.0,21.05390442890443
58,Australian Open,2018,Hard,5,0,0,0,0,0,0,0,0,0,0,1.0,1.0,1.0,129.0,,86.0,0,0,0,0,16.0,25.0,1,0,0,256.0,90.0,27.05390442890443
59,Australian Open,2018,Hard,5,0,0,0,0,0,0,0,0,0,0,0.0,0.0,0.0,39.5,0.02560345599565228,15.0,0,0,0,0,17.5,12.0,1,0,0,306.25,37.0,-25.94609557109557
60,Australian Open,2018,Hard,6,1,0,0,1,1,0,1,0,0,0,0.0,0.0,0.0,115.0,0.02195281782437752,84.0,0,0,0,0,6.5,16.5,0,0,1,42.25,56.5,-6.446095571095569
61,Australian Open,2018,Hard,6,1,1,0,0,0,0,0,0,0,0,1.0,1.0,1.0,12.0,0.0003609504402074526,0.0,0,0,0,0,20.0,25.0,1,0,0,400.0,91.0,28.05390442890443
62,Australian Open,2018,Hard,7,0,0,0,0,0,0,0,0,0,0,1.0,1.0,1.0,25.0,0.006430370146846442,4.0,0,0,0,0,10.5,16.5,1,0,0,110.25,13.0,-49.94609557109557
63,Roland Garros,2018,Clay,2,0,0,0,0,0,0,0,0,0,0,0.0,0.0,0.0,328.0,0.1181818181818182,6.0,0,0,0,0,8.0,2.5,1,0,0,64.0,78.0,15.053904428904431
64,Roland Garros,2018,Clay,2,0,0,0,0,0,0,0,0,0,0,0.0,0.0,0.0,71.5,0.04254667038172194,13.0,0,0,0,0,10.0,2.5,1,0,0,100.0,80.0,17.05390442890443
65,Roland Garros,2018,Clay,2,0,0,0,0,0,0,0,0,0,0,0.0,0.0,0.0,368.5,0.2409022556390977,609.0,0,0,0,0,5.0,7.5,1,0,0,25.0,39.0,-23.94609557109557
66,Roland Garros,2018,Clay,2,0,0,0,0,0,0,0,0,0,0,0.0,0.0,0.0,354.5,0.02592592592592585,109.0,0,0,0,0,14.0,11.5,1,0,0,196.0,46.0,-16.94609557109557
67,Roland Garros,2018,Clay,2,1,1,0,0,0,0,0,0,0,0,0.0,0.0,0.0,40.0,0.1579317013588478,4.0,0,0,0,0,18.5,12.0,1,0,0,342.25,47.0,-15.946095571095569
68,Roland Garros,2018,Clay,2,1,0,0,1,1,0,0,0,0,0,0.0,0.0,0.0,50.0,0.009034958570156904,14.0,0,0,0,0,17.5,18.5,1,0,1,306.25,65.5,2.5539044289044313
69,Roland Garros,2018,Clay,2,0,0,0,0,0,0,0,0,0,0,0.0,0.0,0.0,43.5,0.05884820747520975,5.0,0,0,0,0,0.0,22.0,1,0,0,0.0,61.0,-1.9460955710955687
70,Roland Garros,2018,Clay,2,0,0,0,0,1,0,1,0,0,0,0.0,0.0,1.0,61.5,0.1031823612468774,27.0,0,0,0,0,7.5,22.5,0,0,0,56.25,57.0,-5.946095571095569
71,Roland Garros,2018,Clay,2,0,0,0,0,0,0,0,0,0,0,1.0,1.0,1.0,578.5,0.2,165.0,0,0,0,0,3.5,23.0,1,0,0,12.25,71.0,8.053904428904431
72,Roland Garros,2018,Clay,2,0,0,0,0,0,0,0,0,0,0,0.0,1.0,1.0,130.5,0.2016448068060971,47.0,0,0,0,0,20.0,23.5,1,0,0,400.0,75.5,12.553904428904431
73,Roland Garros,2018,Clay,2,0,0,0,0,0,0,0,0,0,0,1.0,1.0,1.0,57.0,0.1341719077568134,34.0,0,0,0,0,11.0,24.0,1,0,0,121.0,46.0,-16.94609557109557
74,Roland Garros,2018,Clay,2,0,0,0,0,0,0,0,0,0,0,1.0,1.0,1.0,442.5,0.1230769230769231,41.0,0,0,0,0,3.0,26.0,1,0,0,9.0,91.0,28.05390442890443
75,Roland Garros,2018,Clay,2,0,0,0,0,0,0,0,0,0,0,1.0,1.0,1.0,927.5,0.2380952380952381,435.0,0,0,0,0,0.0,35.5,1,0,0,0.0,71.0,8.053904428904431
76,Roland Garros,2018,Clay,2,1,1,0,0,1,0,1,0,0,0,0.0,0.0,0.0,30.5,0.02195281782437752,11.0,0,0,1,0,6.5,74.5,0,1,1,42.25,56.5,-6.446095571095569
77,Roland Garros,2018,Clay,2,0,0,0,0,0,0,0,0,0,0,0.0,0.0,0.0,164.5,0.2123376623376623,17.0,0,0,0,0,10.0,324.0,1,0,0,100.0,54.5,-8.446095571095569
78,Roland Garros,2018,Clay,2,0,0,0,0,1,0,0,0,0,0,1.0,1.0,1.0,588.0,0.4029850746268657,640.0,0,0,0,0,0.0,237.5,1,0,0,0.0,71.0,8.053904428904431
79,Roland Garros,2018,Clay,2,0,0,0,0,1,0,0,0,0,0,0.0,0.0,0.0,63.5,0.07024292056139197,17.0,0,0,0,0,12.5,172.0,1,0,0,156.25,59.5,-3.4460955710955687
80,Roland Garros,2018,Clay,2,0,0,0,0,0,0,0,0,0,0,1.0,1.0,1.0,388.5,0.133610398797418,609.0,0,0,0,0,11.0,337.5,1,0,0,121.0,91.0,28.05390442890443
81,Roland Garros,2018,Clay,2,1,1,0,0,1,0,1,0,0,0,1.0,1.0,1.0,259.0,0.232987012987013,290.0,0,0,0,0,10.0,721.0,0,0,0,100.0,67.0,4.053904428904431
82,Roland Garros,2018,Clay,2,0,0,0,0,1,0,1,0,0,0,1.0,1.0,1.0,101.5,0.07673039392159464,49.0,0,0,0,0,14.5,345.5,0,0,0,210.25,76.0,13.053904428904431
83,Roland Garros,2018,Clay,2,0,0,0,0,0,0,0,0,0,0,0.0,1.0,1.0,255.0,0.03242524916943523,476.0,1,0,0,0,11.0,167.5,1,0,0,121.0,85.5,22.55390442890443
84,Roland Garros,2018,Clay,2,1,1,0,1,1,0,0,0,0,0,0.0,0.0,0.0,66.5,0.0494479680526192,7.0,0,0,0,1,9.0,43.0,1,1,1,81.0,48.5,-14.446095571095569
85,Roland Garros,2018,Clay,2,1,1,0,0,1,0,1,0,0,0,0.0,0.0,0.0,21.0,0.04004484672810305,24.0,0,0,1,0,17.5,242.0,0,1,1,306.25,47.0,-15.946095571095569
86,Roland Garros,2018,Clay,2,0,0,0,0,0,0,0,0,0,0,1.0,1.0,1.0,45.5,0.03226077680208939,3.0,0,0,0,0,17.0,76.5,1,0,0,289.0,51.0,-11.946095571095569
87,Roland Garros,2018,Clay,2,0,0,0,0,0,0,0,0,0,0,0.0,0.0,0.0,98.5,0.1231476750127747,3.0,1,0,0,0,14.0,94.5,1,0,0,196.0,71.5,8.553904428904431
88,Roland Garros,2018,Clay,2,0,0,0,0,0,0,0,0,0,0,1.0,1.0,1.0,730.0,,424.0,0,0,0,0,8.0,45.0,1,0,0,64.0,46.0,-16.94609557109557
89,Roland Garros,2018,Clay,2,1,0,0,1,1,0,0,0,0,0,0.0,1.0,1.0,112.0,0.1720016125781093,118.0,0,0,0,0,13.0,501.5,1,0,1,169.0,90.5,27.55390442890443
90,Roland Garros,2018,Clay,2,1,1,0,0,0,0,0,0,0,0,0.0,1.0,1.0,54.0,0.02478415047795252,8.0,0,0,0,0,10.0,74.0,1,0,0,100.0,90.5,27.55390442890443
91,Roland Garros,2018,Clay,2,1,1,0,0,1,0,1,0,0,0,0.0,0.0,0.0,74.5,0.05838389817966549,15.0,0,0,1,0,10.0,54.5,0,1,1,100.0,50.0,-12.946095571095569
92,Roland Garros,2018,Clay,2,1,1,0,0,0,0,0,0,0,0,1.0,1.0,1.0,437.0,0.04999999999999999,186.0,0,0,0,0,4.0,86.0,1,0,0,16.0,71.0,8.053904428904431
93,Roland Garros,2018,Clay,2,0,0,0,0,0,0,0,0,0,0,1.0,1.0,1.0,514.5,0.2410329985652797,347.0,0,0,0,0,2.0,159.0,1,0,0,4.0,71.0,8.053904428904431
94,Roland Garros,2018,Clay,2,0,0,0,0,0,0,0,0,0,0,1.0,1.0,1.0,37.0,0.2701571339911314,64.0,1,0,0,0,16.0,56.5,1,0,0,256.0,91.0,28.05390442890443
95,Roland Garros,2018,Clay,3,0,0,0,0,0,0,0,0,0,0,1.0,1.0,1.0,345.5,0.08572385310860586,309.0,0,0,0,0,11.5,2.5,1,0,0,132.25,51.0,-11.946095571095569
96,Roland Garros,2018,Clay,3,0,0,0,0,0,0,0,0,0,0,1.0,1.0,1.0,172.0,0.0591861327400815,254.0,1,0,0,0,10.0,2.5,1,0,0,100.0,48.0,-14.946095571095569
97,Roland Garros,2018,Clay,3,0,0,0,0,0,0,0,0,0,0,1.0,1.0,1.0,324.0,0.3211907559733647,356.0,1,0,0,0,6.5,7.5,1,0,0,42.25,25.0,-37.94609557109557
98,Roland Garros,2018,Clay,3,1,1,0,0,0,0,0,0,0,0,1.0,1.0,1.0,159.0,0.01666666666666672,128.0,0,0,0,0,9.5,12.0,1,0,0,90.25,46.0,-16.94609557109557
99,Roland Garros,2018,Clay,3,1,1,0,0,0,0,0,0,0,0,1.0,1.0,1.0,45.0,0.03194616977225673,12.0,0,0,0,0,14.5,18.5,1,0,0,210.25,80.0,17.05390442890443
100,Roland Garros,2018,Clay,3,0,0,0,0,0,0,0,0,0,0,0.0,0.0,0.0,237.5,0.07918036933974198,87.0,0,0,0,0,11.0,22.0,1,0,0,121.0,63.5,0.5539044289044313
101,Roland Garros,2018,Clay,3,1,1,0,0,0,0,0,0,0,0,0.0,1.0,1.0,76.5,0.2081261370527593,7.0,0,0,0,0,9.0,23.0,1,0,0,81.0,71.0,8.053904428904431
102,Roland Garros,2018,Clay,3,0,0,0,0,0,0,0,0,0,0,0.0,0.0,0.0,43.0,0.07140883614451488,26.0,0,0,0,0,14.5,24.0,1,0,0,210.25,34.0,-28.94609557109557
103,Roland Garros,2018,Clay,3,0,0,0,0,0,0,0,0,0,0,1.0,1.0,1.0,337.5,0.1636363636363636,161.0,0,0,0,0,3.0,26.0,1,0,0,9.0,71.0,8.053904428904431
104,Roland Garros,2018,Clay,3,1,1,0,0,0,0,0,0,0,0,0.0,0.0,0.0,167.5,0.0613164184592756,63.0,0,0,0,0,11.0,74.5,1,0,0,121.0,58.5,-4.446095571095569
105,Roland Garros,2018,Clay,3,0,0,0,0,1,0,1,0,0,0,1.0,1.0,1.0,56.5,0.1482898289828982,9.0,0,0,0,0,8.5,721.0,0,0,0,72.25,89.0,26.05390442890443
106,Roland Garros,2018,Clay,3,0,0,0,0,1,0,0,0,0,0,0.0,0.0,0.0,11.5,0.04913998809726816,1.0,0,0,0,0,15.5,94.5,1,0,0,240.25,63.5,0.5539044289044313
107,Roland Garros,2018,Clay,3,0,0,0,0,1,0,1,0,0,0,0.0,1.0,1.0,35.5,0.07263736263736265,3.0,0,0,0,0,15.0,501.5,0,0,0,225.0,34.5,-28.44609557109557
108,Roland Garros,2018,Clay,3,0,0,0,0,0,0,0,0,0,0,0.0,1.0,1.0,23.5,0.07558847068884234,7.0,0,0,0,0,14.5,74.0,1,0,0,210.25,43.5,-19.44609557109557
109,Roland Garros,2018,Clay,3,0,0,0,0,1,0,1,0,0,0,0.0,0.0,0.0,22.5,0.01015821763930658,13.0,0,0,0,0,14.0,54.5,0,0,0,196.0,62.0,-0.9460955710955687
110,Roland Garros,2018,Clay,3,0,0,0,0,0,0,0,0,0,0,0.0,0.0,0.0,242.0,0.08594059405940602,332.0,0,0,0,0,9.5,86.0,1,0,0,90.25,34.5,-28.44609557109557
111,Roland Garros,2018,Clay,4,0,0,0,0,1,0,0,0,0,0,0.0,0.0,1.0,74.5,0.2538135325020571,13.0,0,0,0,0,9.5,2.5,1,0,0,90.25,55.0,-7.946095571095569
112,Roland Garros,2018,Clay,4,1,1,0,0,0,0,0,0,0,0,1.0,1.0,1.0,721.0,0.176056338028169,910.0,0,0,0,0,19.5,7.5,1,0,0,380.25,76.0,13.053904428904431
113,Roland Garros,2018,Clay,4,0,0,0,0,1,0,1,0,0,0,0.0,0.0,0.0,54.5,0.1403679653679654,11.0,0,0,0,0,13.5,12.0,0,0,0,182.25,79.5,16.55390442890443
114,Roland Garros,2018,Clay,4,0,0,0,0,0,0,0,0,0,0,1.0,1.0,1.0,74.0,0.186978246758148,84.0,1,0,0,0,6.5,18.5,1,0,0,42.25,91.0,28.05390442890443
115,Roland Garros,2018,Clay,4,1,1,0,0,0,0,0,0,0,0,0.0,1.0,1.0,23.0,0.01088081143884523,16.0,0,0,0,0,12.5,22.0,1,0,0,156.25,72.0,9.053904428904431
116,Roland Garros,2018,Clay,4,0,0,0,0,0,0,0,0,0,0,0.0,0.0,0.0,86.0,0.01754186341999969,2.0,0,0,0,0,12.5,24.0,1,0,0,156.25,36.5,-26.44609557109557
117,Roland Garros,2018,Clay,4,1,1,0,0,0,0,0,0,0,0,0.0,0.0,0.0,2.5,0.005113704012382425,1.0,0,0,0,0,18.0,26.0,1,0,0,324.0,49.0,-13.946095571095569
118,Roland Garros,2018,Clay,4,0,0,0,0,0,0,0,0,0,0,1.0,1.0,1.0,501.5,0.02790697674418613,371.0,0,0,0,0,11.0,94.5,1,0,0,121.0,71.0,8.053904428904431
119,Roland Garros,2018,Clay,5,0,0,0,0,1,0,1,0,0,0,1.0,1.0,1.0,12.0,0.006430370146846442,4.0,0,0,0,0,10.5,2.5,0,0,0,110.25,13.0,-49.94609557109557
120,Roland Garros,2018,Clay,5,1,1,0,0,0,0,0,0,0,0,0.0,1.0,1.0,94.5,0.06007751937984496,31.0,0,0,0,0,10.0,18.5,1,0,0,100.0,34.5,-28.44609557109557
121,Roland Garros,2018,Clay,5,1,1,0,0,0,0,0,0,0,0,0.0,0.0,0.0,26.0,0.02621829619041405,4.0,0,0,0,0,15.5,22.0,1,0,0,240.25,59.5,-3.4460955710955687
122,Roland Garros,2018,Clay,5,1,1,0,1,1,0,0,0,0,0,0.0,0.0,0.0,7.5,0.03954461804929088,1.0,0,0,0,1,8.5,24.0,1,1,1,72.25,76.5,13.553904428904431
123,Roland Garros,2018,Clay,6,0,0,0,0,0,0,0,0,0,0,1.0,1.0,1.0,24.0,0.09247104247104243,4.0,0,0,0,0,20.0,2.5,1,0,0,400.0,51.0,-11.946095571095569
124,Roland Garros,2018,Clay,6,0,0,0,0,0,0,0,0,0,0,0.0,0.0,0.0,22.0,0.05176174945195955,2.0,0,0,0,0,15.0,18.5,1,0,0,225.0,44.0,-18.94609557109557
125,Roland Garros,2018,Clay,7,1,1,0,0,0,0,0,0,0,0,0.0,0.0,0.0,2.5,0.1054227223003594,3.0,0,0,0,0,13.5,18.5,1,0,0,182.25,44.0,-18.94609557109557
126,US Open,2018,Hard,2,1,1,0,1,1,0,1,0,0,0,0.0,1.0,1.0,58.5,0.2146683052380179,1.0,0,0,0,0,7.0,7.5,0,0,1,49.0,24.5,-38.44609557109557
127,US Open,2018,Hard,2,0,0,0,0,0,0,0,0,0,0,1.0,1.0,1.0,681.0,0.3,1164.0,0,0,0,0,15.5,1.5,1,0,0,240.25,76.0,13.053904428904431
128,US Open,2018,Hard,2,0,0,0,0,0,0,0,0,0,0,0.0,1.0,1.0,222.0,0.202020202020202,112.0,0,0,0,0,11.0,11.5,1,0,0,121.0,48.5,-14.446095571095569
129,US Open,2018,Hard,2,0,0,0,0,0,0,0,0,0,0,0.0,0.0,0.0,231.0,,288.0,0,0,0,0,14.0,9.5,1,0,0,196.0,43.5,-19.44609557109557
130,US Open,2018,Hard,2,0,0,0,0,0,0,0,0,0,0,0.0,0.0,0.0,78.5,0.06221116246000713,15.0,0,0,0,0,10.0,22.5,1,0,0,100.0,56.5,-6.446095571095569
131,US Open,2018,Hard,2,1,1,0,0,0,0,0,0,0,0,0.0,0.0,0.0,189.5,0.00795079507950791,21.0,0,0,0,0,5.0,5.5,1,0,0,25.0,50.5,-12.446095571095569
132,US Open,2018,Hard,2,0,0,0,0,0,0,0,0,0,0,0.0,0.0,0.0,665.5,0.1302408563782337,723.0,0,0,0,0,12.5,17.0,1,0,0,156.25,71.0,8.053904428904431
133,US Open,2018,Hard,2,1,0,0,1,1,0,0,0,0,0,0.0,1.0,1.0,72.0,0.02478415047795252,24.0,0,0,0,0,10.0,17.0,1,0,1,100.0,90.5,27.55390442890443
134,US Open,2018,Hard,2,0,0,0,0,1,0,1,0,0,0,1.0,1.0,1.0,990.0,0.0,1082.0,0,0,0,0,1.0,27.5,0,0,0,1.0,91.0,28.05390442890443
135,US Open,2018,Hard,2,1,1,0,0,1,0,0,0,0,0,0.0,0.0,0.0,82.0,0.08163625143260161,12.0,0,0,0,1,5.0,23.0,1,1,1,25.0,80.0,17.05390442890443
136,US Open,2018,Hard,2,0,0,0,0,0,0,0,0,0,0,0.0,0.0,0.0,55.0,0.1362536834234948,26.0,0,0,0,0,10.5,32.5,1,0,0,110.25,81.5,18.55390442890443
137,US Open,2018,Hard,2,1,0,0,1,1,0,0,0,0,0,1.0,1.0,1.0,250.0,0.03286107831562385,76.0,0,0,0,0,7.5,35.5,1,0,1,56.25,91.0,28.05390442890443
138,US Open,2018,Hard,2,0,0,0,0,1,0,1,0,0,0,0.0,0.0,0.0,253.0,,290.0,0,0,0,0,14.0,28.0,0,0,0,196.0,51.0,-11.946095571095569
139,US Open,2018,Hard,2,1,1,0,0,0,0,0,0,0,0,0.0,0.0,0.0,49.0,0.04240934496626003,32.0,0,0,0,0,17.0,30.5,1,0,0,289.0,81.0,18.05390442890443
140,US Open,2018,Hard,2,1,1,0,0,0,0,0,0,0,0,1.0,1.0,1.0,49.0,0.1482898289828982,12.0,0,0,0,0,8.5,82.0,1,0,0,72.25,89.0,26.05390442890443
141,US Open,2018,Hard,2,1,1,0,0,1,0,0,0,0,0,0.0,0.0,0.0,25.0,0.02195281782437752,8.0,0,0,0,0,6.5,180.5,1,0,0,42.25,56.5,-6.446095571095569
142,US Open,2018,Hard,2,0,0,0,0,1,0,0,0,0,0,1.0,1.0,1.0,195.0,0.35,236.0,1,0,0,0,5.5,83.5,1,0,0,30.25,67.0,4.053904428904431
143,US Open,2018,Hard,2,0,0,0,0,0,0,0,0,0,0,0.0,1.0,1.0,70.5,0.2607514954703219,9.0,0,0,0,0,20.0,101.0,1,0,0,400.0,69.5,6.553904428904431
144,US Open,2018,Hard,2,1,1,0,0,0,0,0,0,0,0,0.0,0.0,0.0,50.5,0.1579317013588478,3.0,0,0,0,0,18.5,45.0,1,0,0,342.25,47.0,-15.946095571095569
145,US Open,2018,Hard,2,1,1,0,0,0,0,0,0,0,0,0.0,1.0,1.0,112.0,0.1789263490294418,64.0,0,0,0,0,9.5,49.5,1,0,0,90.25,71.0,8.053904428904431
146,US Open,2018,Hard,2,0,0,0,0,0,0,0,0,0,0,1.0,1.0,1.0,277.0,0.08712121212121221,68.0,1,0,0,0,11.0,105.0,1,0,0,121.0,25.0,-37.94609557109557
147,US Open,2018,Hard,2,0,0,0,0,0,0,0,0,0,0,1.0,1.0,1.0,1001.0,0.2649903288201161,50.0,0,0,0,0,4.0,123.5,1,0,0,16.0,91.0,28.05390442890443
148,US Open,2018,Hard,2,0,0,0,0,0,0,0,0,0,0,0.0,0.0,0.0,71.0,0.01599881322649022,4.0,0,0,0,0,16.0,45.5,1,0,0,256.0,55.5,-7.446095571095569
149,US Open,2018,Hard,2,0,0,0,0,0,0,0,0,0,0,0.0,1.0,1.0,190.0,0.3518279569892473,86.0,0,0,0,0,16.5,155.5,1,0,0,272.25,85.5,22.55390442890443
150,US Open,2018,Hard,2,0,0,0,0,0,0,0,0,0,0,1.0,1.0,1.0,134.0,0.4191176470588235,18.0,0,0,0,0,5.0,48.5,1,0,0,25.0,91.0,28.05390442890443
151,US Open,2018,Hard,2,0,0,0,0,0,0,0,0,0,0,0.0,0.0,0.0,57.5,0.01790277787396721,33.0,0,0,0,0,21.0,118.0,1,0,0,441.0,34.0,-28.94609557109557
152,US Open,2018,Hard,2,0,0,0,0,1,0,1,0,0,0,0.0,0.0,0.0,155.0,0.06178266178266179,108.0,0,0,0,0,4.5,353.5,0,0,0,20.25,67.5,4.553904428904431
153,US Open,2018,Hard,2,1,1,0,0,1,0,1,0,0,0,0.0,0.0,0.0,3.5,0.1054227223003594,1.0,0,0,0,0,13.5,60.0,0,0,0,182.25,44.0,-18.94609557109557
154,US Open,2018,Hard,2,0,0,0,0,0,0,0,0,0,0,1.0,1.0,1.0,176.5,0.3211907559733647,111.0,1,0,0,0,6.5,370.0,1,0,0,42.25,25.0,-37.94609557109557
155,US Open,2018,Hard,2,1,1,0,0,0,0,0,0,0,0,0.0,0.0,0.0,306.0,0.1741953698475437,426.0,1,0,0,0,12.5,87.0,1,0,0,156.25,57.5,-5.446095571095569
156,US Open,2018,Hard,2,0,0,0,0,0,0,0,0,0,0,0.0,0.0,0.0,170.5,0.0005347593582887833,157.0,0,0,0,0,9.0,72.5,1,0,0,81.0,75.5,12.553904428904431
157,US Open,2018,Hard,2,0,0,0,0,0,0,0,0,0,0,1.0,1.0,1.0,613.0,0.0,20.0,0,0,0,0,0.0,38.0,1,0,0,0.0,91.0,28.05390442890443
158,US Open,2018,Hard,3,0,0,0,0,0,0,0,0,0,0,0.0,0.0,0.0,370.0,0.1474401595744681,296.0,0,0,0,0,3.0,1.5,1,0,0,9.0,68.5,5.553904428904431
159,US Open,2018,Hard,3,0,0,0,0,0,0,0,0,0,0,0.0,0.0,0.0,45.0,0.1003563845920534,2.0,0,0,0,0,10.0,11.5,1,0,0,100.0,79.5,16.55390442890443
160,US Open,2018,Hard,3,1,1,0,0,0,0,0,0,0,0,0.0,0.0,0.0,49.5,0.07140883614451488,9.0,0,0,0,0,14.5,9.5,1,0,0,210.25,34.0,-28.94609557109557
161,US Open,2018,Hard,3,0,0,0,0,1,0,0,0,0,0,0.0,1.0,1.0,38.0,0.005721003134796288,2.0,0,0,0,0,17.0,5.5,1,0,0,289.0,63.5,0.5539044289044313
162,US Open,2018,Hard,3,0,0,0,0,0,0,0,0,0,0,1.0,1.0,1.0,83.5,0.07673039392159464,41.0,0,0,0,0,14.5,17.0,1,0,0,210.25,76.0,13.053904428904431
163,US Open,2018,Hard,3,1,1,0,0,0,0,0,0,0,0,1.0,1.0,1.0,123.5,0.001020408163265318,1.0,0,0,0,0,2.5,23.0,1,0,0,6.25,91.0,28.05390442890443
164,US Open,2018,Hard,3,0,0,0,0,1,0,0,0,0,0,1.0,1.0,1.0,72.5,0.1401190476190477,21.0,0,0,0,0,12.0,35.5,1,0,0,144.0,67.0,4.053904428904431
165,US Open,2018,Hard,3,0,0,0,0,0,0,0,0,0,0,0.0,1.0,1.0,105.0,0.0321179272398785,46.0,0,0,0,0,7.0,28.0,1,0,0,49.0,90.5,27.55390442890443
166,US Open,2018,Hard,3,1,1,0,0,1,0,1,0,0,0,0.0,0.0,0.0,353.5,0.03135228251507322,153.0,0,0,1,0,6.5,30.5,0,1,1,42.25,30.0,-32.94609557109557
167,US Open,2018,Hard,3,1,1,0,0,1,0,1,0,0,0,0.0,0.0,0.0,22.5,0.05927088002390557,5.0,0,0,0,0,15.0,82.0,0,0,0,225.0,55.0,-7.946095571095569
168,US Open,2018,Hard,3,1,1,0,1,1,0,0,0,0,0,0.0,0.0,0.0,7.5,0.03954461804929088,1.0,0,0,0,0,8.5,101.0,1,0,1,72.25,76.5,13.553904428904431
169,US Open,2018,Hard,3,1,1,0,0,0,0,0,0,0,0,0.0,1.0,1.0,17.0,0.01088081143884523,4.0,0,0,0,0,12.5,45.5,1,0,0,156.25,72.0,9.053904428904431
170,US Open,2018,Hard,3,0,0,0,0,1,0,0,0,0,0,1.0,1.0,1.0,27.5,0.09247104247104243,1.0,0,0,0,0,20.0,155.5,1,0,0,400.0,51.0,-11.946095571095569
171,US Open,2018,Hard,3,1,1,0,0,0,0,0,0,0,0,1.0,1.0,1.0,180.5,0.1854903002923199,109.0,0,0,0,0,9.5,48.5,1,0,0,90.25,76.0,13.053904428904431
172,US Open,2018,Hard,3,1,1,0,0,0,0,0,0,0,0,0.0,1.0,1.0,32.5,0.07263736263736265,3.0,0,0,0,0,15.0,118.0,1,0,0,225.0,34.5,-28.44609557109557
173,US Open,2018,Hard,3,0,0,0,0,0,0,0,0,0,0,0.0,0.0,0.0,60.0,0.01754186341999969,24.0,0,0,0,0,12.5,87.0,1,0,0,156.25,36.5,-26.44609557109557
174,US Open,2018,Hard,4,0,0,0,0,0,0,0,0,0,0,0.0,0.0,0.0,30.5,0.05884820747520975,15.0,0,0,0,0,0.0,1.5,1,0,0,0.0,61.0,-1.9460955710955687
175,US Open,2018,Hard,4,1,1,0,0,0,0,0,0,0,0,1.0,1.0,1.0,35.5,0.03194616977225673,1.0,0,0,0,0,14.5,11.5,1,0,0,210.25,80.0,17.05390442890443
176,US Open,2018,Hard,4,0,0,0,0,1,0,0,0,0,0,0.0,0.0,0.0,23.0,0.03334115293248452,2.0,0,0,0,0,14.5,9.5,1,0,0,210.25,42.0,-20.94609557109557
177,US Open,2018,Hard,4,0,0,0,0,1,0,0,0,0,0,1.0,1.0,1.0,17.0,0.0790823211875844,2.0,0,0,0,0,13.0,5.5,1,0,0,169.0,71.0,8.053904428904431
178,US Open,2018,Hard,4,1,1,0,0,1,0,0,0,0,0,1.0,1.0,1.0,101.0,0.02179137210984344,62.0,0,0,0,0,12.5,28.0,1,0,0,156.25,71.0,8.053904428904431
179,US Open,2018,Hard,4,1,0,0,1,1,0,0,0,0,0,1.0,1.0,1.0,155.5,0.02890756302521014,205.0,0,0,0,0,11.0,82.0,1,0,1,121.0,91.0,28.05390442890443
180,US Open,2018,Hard,4,0,0,0,0,0,0,0,0,0,0,0.0,0.0,0.0,48.5,0.08948856711033115,3.0,0,0,0,0,11.0,45.5,1,0,0,121.0,52.0,-10.946095571095569
181,US Open,2018,Hard,4,0,0,0,0,0,0,0,0,0,0,0.0,0.0,0.0,87.0,0.0741676755447942,140.0,0,0,0,0,14.5,118.0,1,0,0,210.25,44.0,-18.94609557109557
182,US Open,2018,Hard,5,1,1,0,0,0,0,0,0,0,0,0.0,1.0,1.0,45.5,0.06007751937984496,11.0,0,0,0,0,10.0,1.5,1,0,0,100.0,34.5,-28.44609557109557
183,US Open,2018,Hard,5,0,0,0,0,0,0,0,0,0,0,0.0,0.0,0.0,28.0,0.02621829619041405,4.0,0,0,0,0,15.5,9.5,1,0,0,240.25,59.5,-3.4460955710955687
184,US Open,2018,Hard,5,0,0,0,0,0,0,0,0,0,0,1.0,1.0,1.0,118.0,0.1939862718983711,114.0,0,0,0,0,6.5,5.5,1,0,0,42.25,91.0,28.05390442890443
185,US Open,2018,Hard,5,0,0,0,0,0,0,0,0,0,0,0.0,0.0,0.0,11.5,0.04913998809726816,1.0,0,0,0,0,15.5,82.0,1,0,0,240.25,63.5,0.5539044289044313
186,US Open,2018,Hard,6,1,1,0,0,1,0,0,0,0,0,1.0,1.0,1.0,9.5,0.006430370146846442,1.0,0,0,0,1,10.5,1.5,1,1,1,110.25,13.0,-49.94609557109557
187,US Open,2018,Hard,6,1,1,0,0,1,0,0,0,0,0,0.0,0.0,0.0,82.0,0.06720430107526876,36.0,0,0,0,0,12.5,5.5,1,0,0,156.25,38.0,-24.94609557109557
188,US Open,2018,Hard,7,0,0,0,0,0,0,0,0,0,0,0.0,0.0,0.0,5.5,0.005113704012382425,1.0,0,0,0,0,18.0,1.5,1,0,0,324.0,49.0,-13.946095571095569
189,Wimbledon,2018,Grass,1,1,1,0,0,1,0,0,0,0,0,0.0,0.0,0.0,99.5,0.1995238095238096,11.0,0,0,0,1,10.0,112.5,1,1,1,100.0,26.5,-36.44609557109557
190,Wimbledon,2018,Grass,1,1,1,0,0,0,0,0,0,0,0,1.0,1.0,1.0,873.0,0.6332288401253918,744.0,0,0,0,0,3.0,93.5,1,0,0,9.0,89.0,26.05390442890443
191,Wimbledon,2018,Grass,1,1,1,0,0,0,0,0,0,0,0,1.0,1.0,1.0,98.0,0.006165839829907926,10.0,0,0,0,0,4.5,102.5,1,0,0,20.25,75.0,12.053904428904431
192,Wimbledon,2018,Grass,1,0,0,0,0,0,0,0,0,0,0,0.0,0.0,0.0,91.5,0.003307706061147886,7.0,0,0,0,0,0.0,108.5,1,0,0,0.0,45.5,-17.44609557109557
193,Wimbledon,2018,Grass,0,1,0,1,0,1,0,1,0,0,0,0.0,0.0,0.0,222.0,0.09732094040459266,118.0,0,0,0,0,10.0,91.5,0,0,1,100.0,83.0,20.05390442890443
194,Wimbledon,2018,Grass,0,0,0,0,0,0,0,0,0,0,0,1.0,1.0,1.0,109.0,0.0,0.0,0,0,0,0,14.0,98.0,1,0,0,196.0,20.0,-42.94609557109557
195,Wimbledon,2018,Grass,0,1,1,0,0,0,0,0,0,0,0,0.0,1.0,1.0,202.5,0.2310267857142857,103.0,0,0,0,0,6.5,112.5,1,0,0,42.25,85.5,22.55390442890443
196,Wimbledon,2018,Grass,0,1,1,0,0,0,0,0,0,0,0,1.0,1.0,1.0,484.5,,499.0,0,0,0,0,11.0,93.5,1,0,0,121.0,89.0,26.05390442890443
197,Wimbledon,2018,Grass,0,0,0,0,0,1,0,0,0,0,0,0.0,0.0,0.0,187.0,0.3725490196078431,126.0,0,0,0,0,7.5,102.5,1,0,0,56.25,14.0,-48.94609557109557
198,Wimbledon,2018,Grass,0,0,0,0,0,0,0,0,0,0,0,0.0,0.0,0.0,235.5,0.1616541353383459,225.0,0,0,0,0,10.5,108.5,1,0,0,110.25,35.5,-27.44609557109557
199,Wimbledon,2018,Grass,0,0,0,0,0,1,0,0,0,0,0,0.0,0.0,0.0,116.0,0.1424242424242424,8.0,0,0,0,0,0.0,99.5,1,0,0,0.0,28.0,-34.94609557109557
200,Wimbledon,2018,Grass,0,0,0,0,0,1,0,1,0,0,0,0.0,0.0,0.0,109.5,,15.0,0,0,0,0,9.0,873.0,0,0,0,81.0,34.5,-28.44609557109557
201,Wimbledon,2018,Grass,2,0,0,0,0,1,0,0,0,0,0,1.0,1.0,1.0,79.5,0.001418988648090869,3.0,0,0,0,0,5.0,3.5,1,0,0,25.0,89.0,26.05390442890443
202,Wimbledon,2018,Grass,2,0,0,0,0,1,0,0,0,0,0,0.0,0.0,0.0,381.0,0.1225806451612903,42.0,0,0,0,0,7.5,9.5,1,0,0,56.25,63.5,0.5539044289044313
203,Wimbledon,2018,Grass,2,0,0,0,0,1,0,0,0,0,0,0.0,0.0,0.0,195.0,0.1303827751196172,38.0,0,0,0,0,13.0,13.5,1,0,0,169.0,63.5,0.5539044289044313
204,Wimbledon,2018,Grass,2,1,1,0,0,1,0,0,0,0,0,1.0,1.0,1.0,100.0,0.0941830639191586,70.0,1,0,0,0,12.5,14.0,1,0,0,156.25,51.0,-11.946095571095569
206,Wimbledon,2018,Grass,2,0,0,0,0,1,0,0,0,0,0,0.0,0.0,0.0,401.0,0.1271255760368664,600.0,0,0,0,0,23.0,18.5,1,0,0,529.0,67.5,4.553904428904431
207,Wimbledon,2018,Grass,2,1,1,0,0,1,0,0,0,0,0,1.0,1.0,1.0,287.5,,535.0,0,0,0,0,18.5,23.5,1,0,0,342.25,51.0,-11.946095571095569
208,Wimbledon,2018,Grass,2,0,0,0,0,1,0,0,0,0,0,0.0,0.0,0.0,112.5,0.1216022889842632,3.0,0,0,0,0,8.5,25.0,1,0,0,72.25,56.5,-6.446095571095569
209,Wimbledon,2018,Grass,2,0,0,0,0,1,0,0,0,0,0,1.0,1.0,1.0,397.5,0.07820104044302728,423.0,0,0,0,0,7.5,25.0,1,0,0,56.25,90.0,27.05390442890443
210,Wimbledon,2018,Grass,2,0,0,0,0,1,0,0,0,0,0,1.0,1.0,1.0,124.0,0.112283014722039,40.0,0,0,0,0,13.5,26.5,1,0,0,182.25,90.0,27.05390442890443
211,Wimbledon,2018,Grass,2,0,0,0,0,1,0,0,0,0,0,0.0,1.0,1.0,51.0,0.02478415047795252,8.0,0,0,0,0,10.0,29.5,1,0,0,100.0,90.5,27.55390442890443
212,Wimbledon,2018,Grass,2,0,0,0,0,1,0,0,0,0,0,0.0,0.0,0.0,155.0,0.09443954104148283,116.0,1,0,0,0,10.5,33.5,1,0,0,110.25,73.5,10.553904428904431
213,Wimbledon,2018,Grass,2,1,1,0,1,1,0,0,0,0,0,0.0,1.0,1.0,93.5,,5.0,0,0,0,0,6.0,45.5,1,0,1,36.0,69.5,6.553904428904431
214,Wimbledon,2018,Grass,2,1,1,0,0,1,0,0,0,0,0,1.0,1.0,1.0,229.0,0.1895604395604396,40.0,0,0,0,1,1.5,59.5,1,1,1,2.25,89.0,26.05390442890443
215,Wimbledon,2018,Grass,2,1,1,0,1,1,0,0,0,0,0,0.0,0.0,0.0,44.0,0.1003563845920534,2.0,0,0,0,0,10.0,108.5,1,0,1,100.0,79.5,16.55390442890443
216,Wimbledon,2018,Grass,2,1,0,0,1,1,0,0,0,0,0,0.0,0.0,0.0,64.5,0.07024292056139197,23.0,0,0,0,0,12.5,355.0,1,0,1,156.25,59.5,-3.4460955710955687
217,Wimbledon,2018,Grass,2,0,0,0,0,1,0,0,0,0,0,1.0,1.0,1.0,266.0,0.1562289562289562,390.0,0,0,0,0,2.5,242.0,1,0,0,6.25,91.0,28.05390442890443
218,Wimbledon,2018,Grass,2,1,1,0,0,1,0,1,0,0,0,0.0,0.0,0.0,1.5,0.1054227223003594,1.0,0,0,0,1,13.5,124.0,0,1,1,182.25,44.0,-18.94609557109557
219,Wimbledon,2018,Grass,2,0,0,0,0,1,0,0,0,0,0,0.0,0.0,0.0,725.5,0.04516994633273697,255.0,0,0,0,0,6.0,52.5,1,0,0,36.0,32.5,-30.44609557109557
220,Wimbledon,2018,Grass,2,0,0,0,0,1,0,0,0,0,0,0.0,0.0,0.0,470.5,0.08597728162945562,699.0,1,0,0,0,11.5,295.5,1,0,0,132.25,69.0,6.053904428904431
221,Wimbledon,2018,Grass,2,1,1,0,1,1,0,0,0,0,0,0.0,1.0,1.0,66.5,0.2081261370527593,11.0,0,0,0,0,9.0,75.5,1,0,1,81.0,71.0,8.053904428904431
222,Wimbledon,2018,Grass,2,0,0,0,0,1,0,0,0,0,0,0.0,0.0,0.0,5.5,0.03954461804929088,1.0,0,0,0,0,8.5,67.5,1,0,0,72.25,76.5,13.553904428904431
223,Wimbledon,2018,Grass,2,1,1,0,0,1,0,0,0,0,0,0.0,0.0,0.0,23.0,0.01015821763930658,12.0,0,0,0,0,14.0,51.0,1,0,0,196.0,62.0,-0.9460955710955687
224,Wimbledon,2018,Grass,2,0,0,0,0,1,0,0,0,0,0,0.0,0.0,0.0,493.0,0.2367066895368782,176.0,0,0,0,0,3.0,64.5,1,0,0,9.0,71.5,8.553904428904431
225,Wimbledon,2018,Grass,2,1,1,0,0,1,0,0,0,0,0,0.0,0.0,0.0,74.0,0.06034031159659303,30.0,0,0,0,0,13.0,102.5,1,0,0,169.0,81.0,18.05390442890443
226,Wimbledon,2018,Grass,2,1,1,0,1,1,0,0,0,0,0,1.0,1.0,1.0,69.0,0.03226077680208939,30.0,0,0,0,0,17.0,76.0,1,0,1,289.0,51.0,-11.946095571095569
228,Wimbledon,2018,Grass,2,1,1,0,0,1,0,0,0,0,0,0.0,0.0,0.0,36.5,0.1579317013588478,3.0,0,0,0,1,18.5,39.0,1,1,1,342.25,47.0,-15.946095571095569
229,Wimbledon,2018,Grass,2,1,1,0,0,1,0,0,0,0,0,0.0,1.0,1.0,265.5,0.03242524916943523,451.0,1,0,0,0,11.0,87.0,1,0,0,121.0,85.5,22.55390442890443
230,Wimbledon,2018,Grass,2,0,0,0,0,1,0,0,0,0,0,1.0,1.0,1.0,854.0,,672.0,0,0,0,0,6.0,64.5,1,0,0,36.0,46.0,-16.94609557109557
231,Wimbledon,2018,Grass,2,1,1,0,0,1,0,0,0,0,0,0.0,0.0,0.0,239.5,0.06720430107526876,189.0,0,0,0,1,12.5,41.5,1,1,1,156.25,38.0,-24.94609557109557
232,Wimbledon,2018,Grass,2,0,0,0,0,1,0,0,0,0,0,0.0,1.0,1.0,305.5,0.0869565217391304,367.0,1,0,0,0,11.5,45.5,1,0,0,132.25,25.0,-37.94609557109557
233,Wimbledon,2018,Grass,3,0,0,0,0,1,0,0,0,0,0,0.0,1.0,1.0,295.5,0.06526996039191157,257.0,0,0,0,0,7.5,13.5,1,0,0,56.25,90.5,27.55390442890443
234,Wimbledon,2018,Grass,3,0,0,0,0,1,0,0,0,0,0,0.0,0.0,0.0,64.5,0.08948856711033115,5.0,0,0,0,0,11.0,14.0,1,0,0,121.0,52.0,-10.946095571095569
235,Wimbledon,2018,Grass,3,1,1,0,1,1,0,1,0,0,0,1.0,1.0,1.0,45.5,0.06080233079336622,29.0,0,0,1,0,16.0,16.5,0,1,1,256.0,80.0,17.05390442890443
236,Wimbledon,2018,Grass,3,1,1,0,0,1,0,1,0,0,0,0.0,1.0,1.0,355.0,0.2268268268268269,120.0,1,0,1,0,8.5,18.5,0,1,1,72.25,25.0,-37.94609557109557
237,Wimbledon,2018,Grass,3,0,0,0,0,1,0,0,0,0,0,0.0,1.0,1.0,59.5,0.2120067487597895,19.0,0,0,0,0,9.5,26.5,1,0,0,90.25,21.0,-41.94609557109557
238,Wimbledon,2018,Grass,3,1,1,0,1,1,0,0,0,0,0,1.0,1.0,1.0,108.5,0.1361386138613861,3.0,0,0,0,1,10.0,29.5,1,1,1,100.0,48.0,-14.946095571095569
239,Wimbledon,2018,Grass,3,1,0,0,1,1,0,0,0,0,0,0.0,0.0,0.0,52.5,0.07140883614451488,9.0,0,0,0,0,14.5,33.5,1,0,1,210.25,34.0,-28.94609557109557
240,Wimbledon,2018,Grass,3,1,1,0,1,1,0,1,0,0,0,0.0,0.0,0.0,3.5,0.005113704012382425,1.0,0,0,1,0,18.0,75.5,0,1,1,324.0,49.0,-13.946095571095569
241,Wimbledon,2018,Grass,3,1,1,0,0,1,0,0,0,0,0,1.0,1.0,1.0,242.0,0.1228070175438596,268.0,0,0,0,0,4.0,67.5,1,0,0,16.0,89.0,26.05390442890443
242,Wimbledon,2018,Grass,3,1,1,0,1,1,0,0,0,0,0,0.0,0.0,0.0,64.5,0.007488679902472983,3.0,0,0,0,0,9.5,51.0,1,0,1,90.25,36.0,-26.94609557109557
243,Wimbledon,2018,Grass,3,1,0,0,1,1,0,0,0,0,0,0.0,1.0,1.0,25.0,0.07558847068884234,6.0,0,0,0,0,14.5,102.5,1,0,1,210.25,43.5,-19.44609557109557
244,Wimbledon,2018,Grass,3,1,1,0,0,1,0,0,0,0,0,0.0,1.0,1.0,124.0,0.00222267124671649,120.0,0,0,0,0,9.5,76.0,1,0,0,90.25,38.0,-24.94609557109557
245,Wimbledon,2018,Grass,3,1,1,0,0,1,0,0,0,0,0,0.0,0.0,0.0,25.0,0.02621829619041405,2.0,0,0,0,0,15.5,109.5,1,0,0,240.25,59.5,-3.4460955710955687
246,Wimbledon,2018,Grass,3,1,1,0,1,1,0,0,0,0,0,1.0,1.0,1.0,9.5,0.0790823211875844,1.0,0,0,0,1,13.0,87.0,1,1,1,169.0,71.0,8.053904428904431
247,Wimbledon,2018,Grass,3,1,1,0,0,1,0,1,0,0,0,0.0,1.0,1.0,39.0,0.07263736263736265,4.0,0,0,1,0,15.0,41.5,0,1,1,225.0,34.5,-28.44609557109557
248,Wimbledon,2018,Grass,3,1,0,0,1,1,0,0,0,0,0,0.0,0.0,0.0,23.5,0.04004484672810305,25.0,0,0,0,0,17.5,45.5,1,0,1,306.25,47.0,-15.946095571095569
249,Wimbledon,2018,Grass,4,0,0,0,0,1,0,0,0,0,0,1.0,1.0,1.0,45.5,0.1482898289828982,7.0,0,0,0,0,8.5,13.5,1,0,0,72.25,89.0,26.05390442890443
250,Wimbledon,2018,Grass,4,1,1,0,0,1,0,0,0,0,0,1.0,1.0,1.0,102.5,0.08426573426573425,33.0,0,0,0,1,6.5,16.5,1,1,1,42.25,67.0,4.053904428904431
251,Wimbledon,2018,Grass,4,1,1,0,1,1,0,0,0,0,0,0.0,0.0,0.0,76.0,0.01754186341999969,6.0,0,0,0,0,12.5,26.5,1,0,1,156.25,36.5,-26.44609557109557
252,Wimbledon,2018,Grass,4,1,0,0,1,1,0,0,0,0,0,1.0,1.0,1.0,87.0,0.1401190476190477,10.0,0,0,0,0,12.0,29.5,1,0,1,144.0,67.0,4.053904428904431
253,Wimbledon,2018,Grass,4,1,1,0,1,1,0,1,0,0,0,0.0,1.0,1.0,67.5,0.06007751937984496,19.0,0,0,0,0,10.0,33.5,0,0,1,100.0,34.5,-28.44609557109557
254,Wimbledon,2018,Grass,4,0,0,0,0,1,0,0,0,0,0,0.0,0.0,0.0,18.5,0.05176174945195955,1.0,0,0,0,0,15.0,51.0,1,0,0,225.0,44.0,-18.94609557109557
255,Wimbledon,2018,Grass,4,1,1,0,0,1,0,1,0,0,0,1.0,1.0,1.0,14.0,0.006430370146846442,4.0,0,0,0,0,10.5,109.5,0,0,0,110.25,13.0,-49.94609557109557
256,Wimbledon,2018,Grass,4,1,1,0,0,1,0,1,0,0,0,0.0,0.0,0.0,75.5,0.007700678121685067,49.0,0,0,0,1,18.5,41.5,0,1,1,342.25,57.0,-5.946095571095569
257,Wimbledon,2018,Grass,5,1,1,0,1,1,0,0,0,0,0,0.0,1.0,1.0,41.5,0.005721003134796288,5.0,0,0,0,0,17.0,16.5,1,0,1,289.0,63.5,0.5539044289044313
258,Wimbledon,2018,Grass,5,1,1,0,0,1,0,1,0,0,0,0.0,0.0,0.0,13.5,0.04913998809726816,1.0,0,0,1,0,15.5,26.5,0,1,1,240.25,63.5,0.5539044289044313
259,Wimbledon,2018,Grass,5,1,1,0,1,1,0,0,0,0,0,0.0,0.0,0.0,51.0,0.05282212885154058,10.0,0,0,0,1,16.5,33.5,1,1,1,272.25,75.5,12.553904428904431
260,Wimbledon,2018,Grass,5,1,1,0,1,1,0,0,0,0,0,0.0,0.0,0.0,29.5,0.02195281782437752,5.0,0,0,0,0,6.5,109.5,1,0,1,42.25,56.5,-6.446095571095569
261,Wimbledon,2018,Grass,6,1,0,0,1,1,0,0,0,0,0,0.0,0.0,0.0,33.5,0.05884820747520975,1.0,0,0,0,0,0.0,16.5,1,0,1,0.0,61.0,-1.9460955710955687
262,Wimbledon,2018,Grass,6,1,1,0,0,1,0,0,0,0,0,0.0,0.0,0.0,109.5,0.1362536834234948,59.0,0,0,0,0,10.5,26.5,1,0,0,110.25,81.5,18.55390442890443
263,Wimbledon,2018,Grass,7,1,1,0,0,1,0,0,0,0,0,0.0,1.0,1.0,26.5,0.01088081143884523,7.0,0,0,0,1,12.5,16.5,1,1,1,156.25,72.0,9.053904428904431
264,Australian Open,2019,Hard,2,1,1,0,0,1,0,0,0,0,0,1.0,1.0,1.0,156.0,0.2561575184666176,136.0,0,0,0,1,16.5,3.5,1,1,1,272.25,76.0,13.053904428904431
265,Australian Open,2019,Hard,2,1,1,0,0,0,0,0,0,0,0,0.0,0.0,0.0,50.5,0.08948856711033115,3.0,0,0,0,0,12.0,7.0,1,0,0,144.0,52.0,-10.946095571095569
266,Australian Open,2019,Hard,2,1,1,0,0,0,0,0,0,0,0,1.0,1.0,1.0,236.5,0.07777164920022056,17.0,0,0,0,0,6.0,7.0,1,0,0,36.0,90.0,27.05390442890443
267,Australian Open,2019,Hard,2,1,1,0,0,0,0,0,0,0,0,0.0,0.0,0.0,77.0,0.1208559625909539,30.0,0,0,0,0,16.0,11.5,1,0,0,256.0,59.0,-3.9460955710955687
268,Australian Open,2019,Hard,2,0,0,0,0,1,0,1,0,0,0,0.0,0.0,0.0,342.5,0.0,225.0,0,0,0,0,10.0,15.0,0,0,0,100.0,65.0,2.0539044289044313
269,Australian Open,2019,Hard,2,0,0,0,0,1,0,0,0,0,0,0.0,0.0,0.0,369.5,,167.0,1,0,0,0,7.5,20.0,1,0,0,56.25,47.0,-15.946095571095569
270,Australian Open,2019,Hard,2,0,0,0,0,0,0,0,0,0,0,0.0,0.0,0.0,356.0,0.1770244821092279,212.0,1,0,0,0,11.0,22.5,1,0,0,121.0,68.0,5.053904428904431
271,Australian Open,2019,Hard,2,0,0,0,0,0,0,0,0,0,0,0.0,1.0,1.0,98.5,0.04749103942652327,47.0,0,0,0,0,13.0,24.5,1,0,0,169.0,34.5,-28.44609557109557
273,Australian Open,2019,Hard,2,1,1,0,0,0,0,0,0,0,0,1.0,1.0,1.0,130.0,0.1497357604227834,30.0,0,0,0,0,8.0,30.0,1,0,0,64.0,90.0,27.05390442890443
274,Australian Open,2019,Hard,2,1,0,0,1,1,0,0,0,0,0,0.0,0.0,0.0,19.5,0.02195281782437752,3.0,0,0,0,0,7.5,84.0,1,0,1,56.25,56.5,-6.446095571095569
275,Australian Open,2019,Hard,2,1,1,0,0,1,0,0,0,0,0,0.0,0.0,0.0,22.5,0.05927088002390557,7.0,0,0,0,1,16.0,59.5,1,1,1,256.0,55.0,-7.946095571095569
276,Australian Open,2019,Hard,2,0,0,0,0,0,0,0,0,0,0,0.0,0.0,0.0,384.5,0.00874125874125875,323.0,0,0,0,0,10.0,53.0,1,0,0,100.0,55.0,-7.946095571095569
277,Australian Open,2019,Hard,2,1,1,0,0,0,0,0,0,0,0,0.0,1.0,1.0,109.0,0.1789263490294418,60.0,0,0,0,0,10.5,203.0,1,0,0,110.25,71.0,8.053904428904431
278,Australian Open,2019,Hard,2,0,0,0,0,1,0,0,0,0,0,1.0,1.0,1.0,35.5,0.08951800443297836,3.0,0,0,0,0,16.0,116.0,1,0,0,256.0,48.0,-14.946095571095569
279,Australian Open,2019,Hard,2,0,0,0,0,0,0,0,0,0,0,1.0,1.0,1.0,216.0,0.07321947674418611,128.0,1,0,0,0,5.5,114.0,1,0,0,30.25,91.0,28.05390442890443
280,Australian Open,2019,Hard,2,0,0,0,0,0,0,0,0,0,0,0.0,0.0,0.0,63.5,0.1670303408146302,5.0,0,0,0,0,11.0,65.5,1,0,0,121.0,61.0,-1.9460955710955687
281,Australian Open,2019,Hard,2,0,0,0,0,1,0,1,0,0,0,1.0,1.0,1.0,100.5,0.1014530358069538,53.0,0,0,0,0,14.0,42.0,0,0,0,196.0,90.0,27.05390442890443
282,Australian Open,2019,Hard,2,0,0,0,0,1,0,1,0,0,0,1.0,1.0,1.0,58.0,0.3463498920086393,70.0,0,0,0,0,16.0,63.0,0,0,0,256.0,51.0,-11.946095571095569
283,Australian Open,2019,Hard,2,1,1,0,0,0,0,0,0,0,0,1.0,1.0,1.0,101.0,0.03102725366876308,4.0,0,0,0,0,9.5,373.0,1,0,0,90.25,46.0,-16.94609557109557
284,Australian Open,2019,Hard,2,1,1,0,0,0,0,0,0,0,0,1.0,1.0,1.0,188.0,0.3211907559733647,78.0,1,0,0,0,7.5,198.0,1,0,0,56.25,25.0,-37.94609557109557
285,Australian Open,2019,Hard,2,0,0,0,0,1,0,0,0,0,0,0.0,0.0,0.0,153.0,0.1536428017074118,152.0,0,0,0,0,14.0,99.0,1,0,0,196.0,56.0,-6.946095571095569
286,Australian Open,2019,Hard,2,0,0,0,0,1,0,1,0,0,0,1.0,1.0,1.0,120.0,0.2293972044263251,2.0,0,0,0,0,5.0,46.5,0,0,0,25.0,90.0,27.05390442890443
287,Australian Open,2019,Hard,2,0,0,0,0,1,0,0,0,0,0,1.0,1.0,1.0,38.5,0.03194616977225673,1.0,0,0,0,0,15.5,90.0,1,0,0,240.25,80.0,17.05390442890443
288,Australian Open,2019,Hard,2,0,0,0,0,0,0,0,0,0,0,0.0,0.0,0.0,76.0,0.00346126255380208,60.0,1,0,0,0,17.0,138.5,1,0,0,289.0,80.5,17.55390442890443
289,Australian Open,2019,Hard,2,1,1,0,0,0,0,0,0,0,0,0.0,0.0,0.0,58.5,0.2216062682062827,1.0,0,0,0,0,18.5,38.5,1,0,0,342.25,39.0,-23.94609557109557
290,Australian Open,2019,Hard,2,1,1,0,0,1,0,1,0,0,0,0.0,1.0,1.0,69.0,,8.0,0,0,0,0,15.0,42.0,0,0,0,225.0,69.5,6.553904428904431
291,Australian Open,2019,Hard,2,0,0,0,0,0,0,0,0,0,0,0.0,0.0,0.0,315.0,0.1017786561264822,80.0,1,0,0,0,12.5,173.5,1,0,0,156.25,59.0,-3.9460955710955687
292,Australian Open,2019,Hard,2,1,1,0,0,1,0,0,0,0,0,1.0,1.0,1.0,32.0,0.09247104247104243,2.0,0,0,0,1,21.0,65.5,1,1,1,441.0,51.0,-11.946095571095569
293,Australian Open,2019,Hard,2,0,0,0,0,1,0,1,0,0,0,1.0,1.0,1.0,242.0,,222.0,0,0,0,0,6.5,65.5,0,0,0,42.25,76.0,13.053904428904431
294,Australian Open,2019,Hard,2,0,0,0,0,0,0,0,0,0,0,1.0,1.0,1.0,284.5,0.2852206273258905,135.0,0,0,0,0,7.5,43.0,1,0,0,56.25,90.0,27.05390442890443
295,Australian Open,2019,Hard,2,1,1,0,0,1,0,1,0,0,0,1.0,1.0,1.0,5.0,0.006430370146846442,0.0,0,0,1,0,11.5,45.5,0,1,1,132.25,13.0,-49.94609557109557
296,Australian Open,2019,Hard,3,0,0,0,0,1,0,1,0,0,0,1.0,1.0,1.0,53.0,0.001418988648090869,4.0,0,0,0,0,6.0,7.0,0,0,0,36.0,89.0,26.05390442890443
297,Australian Open,2019,Hard,3,0,0,0,0,1,0,0,0,0,0,0.0,0.0,0.0,173.5,0.2646520146520147,205.0,0,0,0,0,10.5,7.0,1,0,0,110.25,69.0,6.053904428904431
298,Australian Open,2019,Hard,3,1,1,0,0,1,0,0,0,0,0,0.0,0.0,0.0,65.5,0.003307706061147886,3.0,0,0,0,1,0.0,11.5,1,1,1,0.0,45.5,-17.44609557109557
299,Australian Open,2019,Hard,3,1,1,0,0,0,0,0,0,0,0,0.0,0.0,0.0,42.0,0.1003563845920534,4.0,0,0,0,0,11.0,15.0,1,0,0,121.0,79.5,16.55390442890443
300,Australian Open,2019,Hard,3,0,0,0,0,1,0,0,0,0,0,1.0,1.0,1.0,114.0,0.02179137210984344,48.0,0,0,0,0,13.5,20.0,1,0,0,182.25,71.0,8.053904428904431
301,Australian Open,2019,Hard,3,0,0,0,0,0,0,0,0,0,0,0.0,1.0,1.0,65.5,0.04954487630763149,35.0,0,0,0,0,16.5,24.5,1,0,0,272.25,43.5,-19.44609557109557
302,Australian Open,2019,Hard,3,0,0,0,0,0,0,0,0,0,0,1.0,1.0,1.0,43.0,0.1482898289828982,22.0,0,0,0,0,9.5,28.0,1,0,0,90.25,89.0,26.05390442890443
303,Australian Open,2019,Hard,3,0,0,0,0,1,0,1,0,0,0,1.0,1.0,1.0,138.5,0.1662290124930374,89.0,0,0,0,0,8.0,84.0,0,0,0,64.0,91.0,28.05390442890443
304,Australian Open,2019,Hard,3,0,0,0,0,1,0,0,0,0,0,1.0,1.0,1.0,99.0,0.02142857142857152,4.0,0,0,0,0,12.0,116.0,1,0,0,144.0,20.0,-42.94609557109557
305,Australian Open,2019,Hard,3,0,0,0,0,0,0,0,0,0,0,0.0,0.0,0.0,22.5,0.05884820747520975,5.0,0,0,0,0,0.0,63.0,1,0,0,0.0,61.0,-1.9460955710955687
306,Australian Open,2019,Hard,3,1,1,0,0,1,0,1,0,0,0,0.0,0.0,1.0,59.5,0.2538135325020571,7.0,0,0,0,0,10.5,373.0,0,0,0,110.25,55.0,-7.946095571095569
307,Australian Open,2019,Hard,3,0,0,0,0,0,0,0,0,0,0,0.0,0.0,0.0,3.5,0.1054227223003594,1.0,0,0,0,0,14.5,46.5,1,0,0,210.25,44.0,-18.94609557109557
308,Australian Open,2019,Hard,3,1,1,0,0,0,0,0,0,0,0,0.0,1.0,1.0,38.5,0.09335202242691226,7.0,0,0,0,0,12.5,90.0,1,0,0,156.25,85.0,22.05390442890443
309,Australian Open,2019,Hard,3,1,1,0,0,0,0,0,0,0,0,0.0,0.0,0.0,30.0,0.001175837409306602,12.0,0,0,0,0,16.0,42.0,1,0,0,256.0,52.0,-10.946095571095569
310,Australian Open,2019,Hard,3,1,1,0,0,0,0,0,0,0,0,0.0,0.0,0.0,203.0,0.1829138603332152,142.0,0,0,0,0,6.5,65.5,1,0,0,42.25,45.0,-17.94609557109557
311,Australian Open,2019,Hard,3,1,1,0,1,1,0,1,0,0,0,0.0,1.0,1.0,198.0,0.0390720390720391,22.0,0,0,1,0,3.0,45.5,0,1,1,9.0,90.0,27.05390442890443
312,Australian Open,2019,Hard,4,1,1,0,0,1,0,1,0,0,0,0.0,0.0,0.0,42.0,0.009476117103235815,56.0,0,0,1,0,10.0,7.0,0,1,1,100.0,50.0,-12.946095571095569
313,Australian Open,2019,Hard,4,1,1,0,0,0,0,0,0,0,0,1.0,1.0,1.0,116.0,0.0941830639191586,64.0,0,0,0,0,13.5,7.0,1,0,0,182.25,51.0,-11.946095571095569
314,Australian Open,2019,Hard,4,1,1,0,0,1,0,1,0,0,0,0.0,1.0,1.0,24.5,0.06283712425079746,5.0,0,0,0,0,10.0,11.5,0,0,0,100.0,90.0,27.05390442890443
315,Australian Open,2019,Hard,4,0,0,0,0,0,0,0,0,0,0,0.0,0.0,0.0,63.0,0.05156879372482503,12.0,0,0,0,0,15.5,15.0,1,0,0,240.25,56.0,-6.946095571095569
316,Australian Open,2019,Hard,4,1,1,0,0,0,0,0,0,0,0,1.0,1.0,1.0,373.0,,238.0,0,0,0,0,2.0,20.0,1,0,0,4.0,90.0,27.05390442890443
317,Australian Open,2019,Hard,4,1,1,0,0,0,0,0,0,0,0,0.0,0.0,0.0,84.0,0.06720430107526876,32.0,1,0,0,0,13.5,28.0,1,0,0,182.25,38.0,-24.94609557109557
318,Australian Open,2019,Hard,4,0,0,0,0,1,0,1,0,0,0,1.0,1.0,1.0,45.5,0.1634566457717583,87.0,0,0,0,0,5.5,90.0,0,0,0,30.25,91.0,28.05390442890443
319,Australian Open,2019,Hard,4,0,0,0,0,0,0,0,0,0,0,0.0,1.0,1.0,46.5,0.06007751937984496,7.0,0,0,0,0,11.0,65.5,1,0,0,121.0,34.5,-28.44609557109557
320,Australian Open,2019,Hard,5,1,1,0,0,0,0,0,0,0,0,1.0,1.0,1.0,7.0,0.0003609504402074526,12.0,0,0,0,0,21.0,11.5,1,0,0,441.0,91.0,28.05390442890443
321,Australian Open,2019,Hard,5,0,0,0,0,0,0,0,0,0,0,0.0,0.0,0.0,7.0,0.04913998809726816,0.0,0,0,0,0,16.5,28.0,1,0,0,272.25,63.5,0.5539044289044313
322,Australian Open,2019,Hard,5,1,1,0,0,1,0,1,0,0,0,0.0,0.0,0.0,20.0,0.0490852390852391,20.0,0,0,0,0,16.5,90.0,0,0,0,272.25,53.0,-9.946095571095569
323,Australian Open,2019,Hard,5,1,1,0,0,0,0,0,0,0,0,0.0,1.0,1.0,15.0,0.01088081143884523,0.0,0,0,0,0,13.5,65.5,1,0,0,182.25,72.0,9.053904428904431
324,Australian Open,2019,Hard,6,0,0,0,0,0,0,0,0,0,0,1.0,1.0,1.0,90.0,0.04078277886497061,36.0,1,0,0,0,12.5,11.5,1,0,0,156.25,91.0,28.05390442890443
325,Australian Open,2019,Hard,6,1,1,0,0,0,0,0,0,0,0,0.0,0.0,0.0,65.5,0.01754186341999969,41.0,0,0,0,0,13.5,28.0,1,0,0,182.25,36.5,-26.44609557109557
326,Australian Open,2019,Hard,7,1,1,0,0,0,0,0,0,0,0,0.0,0.0,0.0,28.0,0.03954461804929088,0.0,0,0,0,0,9.5,11.5,1,0,0,90.25,76.5,13.553904428904431
327,Roland Garros,2019,Clay,2,1,1,0,0,0,0,0,0,0,0,1.0,1.0,1.0,178.5,0.1019476567255022,13.0,0,0,0,0,6.5,3.5,1,0,0,42.25,51.0,-11.946095571095569
328,Roland Garros,2019,Clay,2,0,0,0,0,0,0,0,0,0,0,1.0,1.0,1.0,116.5,0.1006400276768726,35.0,1,0,0,0,10.0,10.0,1,0,0,100.0,90.0,27.05390442890443
329,Roland Garros,2019,Clay,2,1,1,0,0,0,0,0,0,0,0,0.0,0.0,0.0,69.0,,6.0,0,0,0,0,14.0,13.0,1,0,0,196.0,57.5,-5.446095571095569
330,Roland Garros,2019,Clay,2,0,0,0,0,1,0,1,0,0,0,1.0,1.0,1.0,120.5,0.2224875621890547,53.0,0,0,0,0,10.0,17.5,0,0,0,100.0,51.0,-11.946095571095569
331,Roland Garros,2019,Clay,2,0,0,0,0,0,0,0,0,0,0,0.0,0.0,0.0,51.0,0.01754186341999969,38.0,0,0,0,0,13.5,17.5,1,0,0,182.25,36.5,-26.44609557109557
332,Roland Garros,2019,Clay,2,1,1,0,0,0,0,0,0,0,0,0.0,1.0,1.0,348.5,0.03039513677811551,117.0,0,0,0,0,8.5,20.5,1,0,0,72.25,34.5,-28.44609557109557
334,Roland Garros,2019,Clay,2,0,0,0,0,0,0,0,0,0,0,1.0,1.0,1.0,269.5,0.123943661971831,167.0,1,0,0,0,13.0,30.0,1,0,0,169.0,76.0,13.053904428904431
335,Roland Garros,2019,Clay,2,1,1,0,0,1,0,1,0,0,0,0.0,1.0,1.0,67.5,0.2146683052380179,11.0,0,0,0,0,8.0,32.5,0,0,0,64.0,24.5,-38.44609557109557
336,Roland Garros,2019,Clay,2,1,1,0,0,0,0,0,0,0,0,0.0,0.0,0.0,132.5,,47.0,0,0,0,0,4.0,258.0,1,0,0,16.0,70.5,7.553904428904431
337,Roland Garros,2019,Clay,2,0,0,0,0,1,0,1,0,0,0,1.0,1.0,1.0,433.5,,587.0,0,0,0,0,11.0,225.5,0,0,0,121.0,71.0,8.053904428904431
339,Roland Garros,2019,Clay,2,1,0,0,1,1,0,1,0,0,0,0.0,0.0,0.0,7.5,0.04913998809726816,1.0,0,0,0,0,16.5,378.5,0,0,1,272.25,63.5,0.5539044289044313
340,Roland Garros,2019,Clay,2,1,1,0,0,0,0,0,0,0,0,1.0,1.0,1.0,342.0,0.1030778164924506,280.0,0,0,0,0,9.0,209.5,1,0,0,81.0,71.0,8.053904428904431
341,Roland Garros,2019,Clay,2,1,1,0,0,0,0,0,0,0,0,0.0,1.0,1.0,14.0,0.01088081143884523,2.0,0,0,0,0,13.5,292.0,1,0,0,182.25,72.0,9.053904428904431
342,Roland Garros,2019,Clay,2,0,0,0,0,0,0,0,0,0,0,0.0,0.0,0.0,34.5,0.02195281782437752,7.0,0,0,0,0,7.5,58.5,1,0,0,56.25,56.5,-6.446095571095569
343,Roland Garros,2019,Clay,2,0,0,0,0,0,0,0,0,0,0,1.0,1.0,1.0,230.5,0.312874507789762,11.0,1,0,0,0,9.5,287.5,1,0,0,90.25,90.0,27.05390442890443
344,Roland Garros,2019,Clay,2,0,0,0,0,1,0,0,0,0,0,1.0,1.0,1.0,13.5,0.1497472494796313,9.0,0,0,0,0,11.0,84.0,1,0,0,121.0,33.0,-29.94609557109557
345,Roland Garros,2019,Clay,2,0,0,0,0,0,0,0,0,0,0,0.0,0.0,0.0,437.0,0.1621848739495799,32.0,0,0,0,0,7.5,40.5,1,0,0,56.25,43.5,-19.44609557109557
346,Roland Garros,2019,Clay,2,0,0,0,0,1,0,0,0,0,0,0.0,0.0,0.0,137.5,0.22225935828877,153.0,1,0,0,0,15.0,43.5,1,0,0,225.0,75.5,12.553904428904431
348,Roland Garros,2019,Clay,2,0,0,0,0,1,0,1,0,0,0,1.0,1.0,1.0,195.5,0.1662290124930374,23.0,0,0,0,0,8.0,377.5,0,0,0,64.0,91.0,28.05390442890443
349,Roland Garros,2019,Clay,2,0,0,0,0,0,0,0,0,0,0,0.0,1.0,1.0,36.5,0.09335202242691226,1.0,0,0,0,0,12.5,71.5,1,0,0,156.25,85.0,22.05390442890443
350,Roland Garros,2019,Clay,2,0,0,0,0,1,0,1,0,0,0,0.0,0.0,0.0,29.5,0.001175837409306602,7.0,0,0,0,0,16.0,355.0,0,0,0,256.0,52.0,-10.946095571095569
351,Roland Garros,2019,Clay,2,0,0,0,0,0,0,0,0,0,0,1.0,1.0,1.0,410.5,0.1549096622152395,37.0,0,0,0,0,2.0,52.5,1,0,0,4.0,71.0,8.053904428904431
352,Roland Garros,2019,Clay,2,0,0,0,0,1,0,0,0,0,0,0.0,0.0,0.0,68.5,0.06720430107526876,17.0,1,0,0,0,13.5,115.5,1,0,0,182.25,38.0,-24.94609557109557
353,Roland Garros,2019,Clay,2,1,0,0,1,1,0,0,0,0,0,0.0,0.0,0.0,55.0,0.005401325638747956,18.0,0,0,0,0,19.5,190.0,1,0,1,380.25,22.0,-40.94609557109557
354,Roland Garros,2019,Clay,2,0,0,0,0,0,0,0,0,0,0,0.0,0.0,0.0,51.0,0.08948856711033115,12.0,0,0,0,0,12.0,52.0,1,0,0,144.0,52.0,-10.946095571095569
355,Roland Garros,2019,Clay,2,1,1,0,0,1,0,0,0,0,0,1.0,1.0,1.0,19.5,0.07684555754323197,5.0,0,0,0,0,16.5,68.5,1,0,0,272.25,46.0,-16.94609557109557
356,Roland Garros,2019,Clay,2,0,0,0,0,0,0,0,0,0,0,0.0,0.0,0.0,136.5,0.1454710144927536,217.0,0,0,0,0,12.0,106.0,1,0,0,144.0,70.5,7.553904428904431
357,Roland Garros,2019,Clay,2,0,0,0,0,1,0,1,0,0,0,1.0,1.0,1.0,722.5,,265.0,0,0,0,0,1.0,83.5,0,0,0,1.0,71.0,8.053904428904431
358,Roland Garros,2019,Clay,2,0,0,0,0,0,0,0,0,0,0,1.0,1.0,1.0,43.0,0.001418988648090869,2.0,0,0,0,0,6.0,38.0,1,0,0,36.0,89.0,26.05390442890443
359,Roland Garros,2019,Clay,3,0,0,0,0,1,0,1,0,0,0,0.0,0.0,0.0,40.5,0.1003563845920534,31.0,0,0,0,0,11.0,3.5,0,0,0,121.0,79.5,16.55390442890443
360,Roland Garros,2019,Clay,3,0,0,0,0,1,0,0,0,0,0,0.0,0.0,0.0,106.0,0.2807000154188418,48.0,0,0,0,0,20.0,10.0,1,0,0,400.0,59.5,-3.4460955710955687
361,Roland Garros,2019,Clay,3,0,0,0,0,0,0,0,0,0,0,0.0,0.0,0.0,225.5,0.125,13.0,0,0,0,0,3.0,13.0,1,0,0,9.0,58.5,-4.446095571095569
362,Roland Garros,2019,Clay,3,1,1,0,0,0,0,0,0,0,0,1.0,1.0,1.0,38.0,0.1482898289828982,22.0,0,0,0,0,9.5,17.5,1,0,0,90.25,89.0,26.05390442890443
363,Roland Garros,2019,Clay,3,0,0,0,0,0,0,0,0,0,0,0.0,0.0,0.0,43.5,0.0205831073227431,9.0,0,0,0,0,13.0,17.5,1,0,0,169.0,43.0,-19.94609557109557
364,Roland Garros,2019,Clay,3,0,0,0,0,0,0,0,0,0,0,0.0,0.0,0.0,301.0,,92.0,0,0,0,0,8.5,20.5,1,0,0,72.25,53.0,-9.946095571095569
365,Roland Garros,2019,Clay,3,1,1,0,0,1,0,0,0,0,0,1.0,1.0,1.0,287.5,0.08571428571428569,39.0,0,0,0,1,7.5,23.5,1,1,1,56.25,71.0,8.053904428904431
366,Roland Garros,2019,Clay,3,0,0,0,0,1,0,1,0,0,0,1.0,1.0,1.0,377.5,0.01098901098901112,287.0,0,0,0,0,7.5,32.5,0,0,0,56.25,89.0,26.05390442890443
367,Roland Garros,2019,Clay,3,1,1,0,0,1,0,0,0,0,0,0.0,0.0,0.0,71.5,,13.0,0,0,0,0,9.0,258.0,1,0,0,81.0,15.5,-47.44609557109557
368,Roland Garros,2019,Clay,3,0,0,0,0,0,0,0,0,0,0,1.0,1.0,1.0,209.5,0.1518716577540107,57.0,0,0,0,0,3.5,292.0,1,0,0,12.25,71.0,8.053904428904431
369,Roland Garros,2019,Clay,3,1,1,0,0,0,0,0,0,0,0,0.0,0.0,0.0,52.0,0.126268115942029,22.0,0,0,0,0,12.5,58.5,1,0,0,156.25,73.5,10.553904428904431
370,Roland Garros,2019,Clay,3,0,0,0,0,1,0,0,0,0,0,0.0,0.0,0.0,355.0,0.0,196.0,0,0,0,0,3.0,109.0,1,0,0,9.0,47.0,-15.946095571095569
371,Roland Garros,2019,Clay,3,0,0,0,0,0,0,0,0,0,0,0.0,0.0,0.0,30.0,0.04709249084249079,50.0,0,0,0,0,19.5,52.5,1,0,0,380.25,63.0,0.053904428904431256
372,Roland Garros,2019,Clay,3,0,0,0,0,1,0,0,0,0,0,0.0,1.0,1.0,84.0,0.0864757070340827,64.0,0,0,0,0,18.5,115.5,1,0,0,342.25,43.5,-19.44609557109557
373,Roland Garros,2019,Clay,3,1,1,0,0,0,0,0,0,0,0,0.0,0.0,0.0,68.5,0.003307706061147886,1.0,0,0,0,0,0.0,190.0,1,0,0,0.0,45.5,-17.44609557109557
374,Roland Garros,2019,Clay,3,0,0,0,0,0,0,0,0,0,0,1.0,1.0,1.0,378.5,0.01428833119618972,491.0,0,0,0,0,5.0,83.5,1,0,0,25.0,76.0,13.053904428904431
375,Roland Garros,2019,Clay,4,0,0,0,0,0,0,0,0,0,0,0.0,0.0,0.0,32.5,0.02181491464510332,5.0,0,0,0,0,16.0,10.0,1,0,0,256.0,77.0,14.053904428904431
376,Roland Garros,2019,Clay,4,0,0,0,0,1,0,1,0,0,0,1.0,1.0,1.0,17.5,0.0003609504402074526,33.0,0,0,0,0,21.0,20.5,0,0,0,441.0,91.0,28.05390442890443
377,Roland Garros,2019,Clay,4,1,0,0,1,1,0,1,0,0,0,0.0,0.0,0.0,17.5,0.03954461804929088,3.0,0,0,0,0,9.5,23.5,0,0,1,90.25,76.5,13.553904428904431
378,Roland Garros,2019,Clay,4,0,0,0,0,1,0,1,0,0,0,0.0,0.0,0.0,3.5,0.005113704012382425,1.0,0,0,0,0,19.0,58.5,0,0,0,361.0,49.0,-13.946095571095569
379,Roland Garros,2019,Clay,4,0,0,0,0,1,0,1,0,0,0,0.0,0.0,0.0,13.0,0.1054227223003594,2.0,0,0,0,0,14.5,52.5,0,0,0,210.25,44.0,-18.94609557109557
380,Roland Garros,2019,Clay,4,1,1,0,0,1,0,1,0,0,0,1.0,1.0,1.0,109.0,0.0006417661404183872,52.0,0,0,0,0,11.0,115.5,0,0,0,121.0,46.0,-16.94609557109557
381,Roland Garros,2019,Clay,4,1,0,0,1,1,0,1,0,0,0,0.0,0.0,0.0,292.0,0.2410432033719704,504.0,1,0,0,0,13.5,190.0,0,0,1,182.25,39.0,-23.94609557109557
382,Roland Garros,2019,Clay,4,0,0,0,0,0,0,0,0,0,0,1.0,1.0,1.0,258.0,0.0184019370460049,86.0,0,0,0,0,7.0,83.5,1,0,0,49.0,71.0,8.053904428904431
383,Roland Garros,2019,Clay,5,0,0,0,0,0,0,0,0,0,0,0.0,0.0,0.0,115.5,,59.0,0,0,0,0,9.0,10.0,1,0,0,81.0,57.0,-5.946095571095569
384,Roland Garros,2019,Clay,5,1,1,0,0,0,0,0,0,0,0,0.0,1.0,1.0,23.5,0.06283712425079746,1.0,0,0,0,0,10.0,58.5,1,0,0,100.0,90.0,27.05390442890443
385,Roland Garros,2019,Clay,5,1,1,0,1,1,0,0,0,0,0,1.0,1.0,1.0,190.0,,22.0,1,0,0,1,14.5,52.5,1,1,1,210.25,25.0,-37.94609557109557
386,Roland Garros,2019,Clay,5,0,0,0,0,0,0,0,0,0,0,0.0,0.0,0.0,20.5,0.05927088002390557,1.0,0,0,0,0,16.0,83.5,1,0,0,256.0,55.0,-7.946095571095569
387,Roland Garros,2019,Clay,6,0,0,0,0,0,0,0,0,0,0,1.0,1.0,1.0,10.0,0.006430370146846442,0.0,0,0,0,0,11.5,58.5,1,0,0,132.25,13.0,-49.94609557109557
388,Roland Garros,2019,Clay,6,0,0,0,0,0,0,0,0,0,0,1.0,1.0,1.0,83.5,0.01666666666666672,25.0,0,0,0,0,10.5,52.5,1,0,0,110.25,46.0,-16.94609557109557
389,Roland Garros,2019,Clay,7,1,1,0,0,0,0,0,0,0,0,1.0,1.0,1.0,58.5,0.02179137210984344,1.0,0,0,0,0,13.5,52.5,1,0,0,182.25,71.0,8.053904428904431
390,US Open,2019,Hard,2,0,0,0,0,0,0,0,0,0,0,0.0,0.0,1.0,293.0,0.06249851052167488,324.0,0,0,0,0,11.0,1.0,1,0,0,121.0,63.5,0.5539044289044313
391,US Open,2019,Hard,2,0,0,0,0,1,0,0,0,0,0,1.0,1.0,1.0,61.5,0.1595948012232415,11.0,0,0,0,0,9.0,180.0,1,0,0,81.0,67.0,4.053904428904431
392,US Open,2019,Hard,2,1,1,0,0,0,0,0,0,0,0,0.0,0.0,0.0,68.0,,4.0,0,0,0,0,9.0,84.5,1,0,0,81.0,15.5,-47.44609557109557
393,US Open,2019,Hard,2,0,0,0,0,0,0,0,0,0,0,0.0,0.0,0.0,58.5,0.06607684529828117,3.0,0,0,0,0,13.5,24.5,1,0,0,182.25,69.0,6.053904428904431
394,US Open,2019,Hard,2,0,0,0,0,1,0,1,0,0,0,1.0,1.0,1.0,128.0,0.1577476896625833,60.0,0,0,0,0,6.5,21.0,0,0,0,42.25,90.0,27.05390442890443
395,US Open,2019,Hard,2,1,0,0,1,1,0,1,0,0,0,1.0,1.0,1.0,256.0,0.0,16.0,0,0,0,0,3.0,48.5,0,0,1,9.0,91.0,28.05390442890443
396,US Open,2019,Hard,2,0,0,0,0,1,0,0,0,0,0,1.0,1.0,1.0,113.5,0.0463852376137513,23.0,1,0,0,0,11.5,68.0,1,0,0,132.25,91.0,28.05390442890443
397,US Open,2019,Hard,2,1,1,0,0,0,0,0,0,0,0,0.0,0.0,0.0,18.0,0.05927088002390557,4.0,0,0,0,0,16.0,34.0,1,0,0,256.0,55.0,-7.946095571095569
398,US Open,2019,Hard,2,0,0,0,0,0,0,0,0,0,0,1.0,1.0,1.0,12.0,0.0790823211875844,12.0,1,0,0,0,14.0,62.5,1,0,0,196.0,71.0,8.053904428904431
399,US Open,2019,Hard,2,1,1,0,0,0,0,0,0,0,0,1.0,1.0,1.0,224.5,,83.0,0,0,0,0,17.0,370.0,1,0,0,289.0,51.0,-11.946095571095569
400,US Open,2019,Hard,2,0,0,0,0,1,0,0,0,0,0,1.0,1.0,1.0,657.0,0.3,848.0,0,0,0,0,0.0,410.5,1,0,0,0.0,91.0,28.05390442890443
401,US Open,2019,Hard,2,0,0,0,0,0,0,0,0,0,0,1.0,1.0,1.0,104.5,0.001020408163265318,11.0,0,0,0,0,3.5,28.5,1,0,0,12.25,91.0,28.05390442890443
402,US Open,2019,Hard,2,1,1,0,0,0,0,0,0,0,0,0.0,0.0,0.0,21.5,0.004037674425954929,17.0,0,0,0,0,14.5,58.0,1,0,0,210.25,42.5,-20.44609557109557
403,US Open,2019,Hard,2,1,1,0,0,1,0,0,0,0,0,1.0,1.0,1.0,265.5,,167.0,0,0,0,0,17.0,29.5,1,0,0,289.0,25.0,-37.94609557109557
404,US Open,2019,Hard,2,0,0,0,0,0,0,0,0,0,0,0.0,0.0,0.0,62.0,0.04732492001421967,30.0,0,0,0,0,9.0,160.0,1,0,0,81.0,59.5,-3.4460955710955687
405,US Open,2019,Hard,2,1,1,0,0,0,0,0,0,0,0,0.0,0.0,0.0,538.5,0.09595466093414101,201.0,0,0,0,0,8.0,16.0,1,0,0,64.0,70.0,7.053904428904431
406,US Open,2019,Hard,2,1,1,0,0,0,0,0,0,0,0,1.0,1.0,1.0,47.0,0.006165839829907926,8.0,0,0,0,0,5.5,17.0,1,0,0,30.25,75.0,12.053904428904431
407,US Open,2019,Hard,2,1,1,0,1,1,0,0,0,0,0,0.0,0.0,0.0,318.0,0.03539381854436691,38.0,1,0,0,1,8.0,121.5,1,1,1,64.0,64.5,1.5539044289044313
409,US Open,2019,Hard,2,0,0,0,0,0,0,0,0,0,0,1.0,1.0,1.0,86.5,0.04078277886497061,13.0,0,0,0,0,12.5,21.0,1,0,0,156.25,91.0,28.05390442890443
410,US Open,2019,Hard,2,1,1,0,0,1,0,1,0,0,0,0.0,0.0,0.0,185.0,0.1721611721611722,80.0,1,0,1,0,9.0,28.5,0,1,1,81.0,39.0,-23.94609557109557
411,US Open,2019,Hard,2,1,1,0,1,1,0,1,0,0,0,0.0,1.0,1.0,48.0,0.04739231884971928,8.0,0,0,1,0,11.5,213.0,0,1,1,132.25,84.0,21.05390442890443
412,US Open,2019,Hard,2,0,0,0,0,0,0,0,0,0,0,0.0,0.0,0.0,70.0,0.2187418308191478,10.0,0,0,0,0,19.0,330.5,1,0,0,361.0,47.0,-15.946095571095569
413,US Open,2019,Hard,2,0,0,0,0,0,0,0,0,0,0,1.0,1.0,1.0,213.0,0.05275689223057639,26.0,0,0,0,0,16.0,8.5,1,0,0,256.0,71.0,8.053904428904431
414,US Open,2019,Hard,2,0,0,0,0,1,0,1,0,0,0,1.0,1.0,1.0,190.0,0.2446808510638298,256.0,0,0,0,0,6.5,13.0,0,0,0,42.25,23.0,-39.94609557109557
415,US Open,2019,Hard,2,0,0,0,0,1,0,1,0,0,0,0.0,0.0,0.0,93.5,0.0657745123764541,23.0,0,0,0,0,13.0,64.5,0,0,0,169.0,69.0,6.053904428904431
416,US Open,2019,Hard,2,1,1,0,0,0,0,0,0,0,0,1.0,1.0,1.0,499.0,,80.0,0,0,0,0,10.0,351.0,1,0,0,100.0,91.0,28.05390442890443
417,US Open,2019,Hard,2,0,0,0,0,0,0,0,0,0,0,0.0,0.0,0.0,44.5,0.08343917928676103,7.0,0,0,0,0,13.0,23.5,1,0,0,169.0,63.5,0.5539044289044313
418,US Open,2019,Hard,2,1,1,0,0,1,0,1,0,0,0,0.0,0.0,0.0,60.0,0.005401325638747956,2.0,0,0,0,0,19.5,27.0,0,0,0,380.25,22.0,-40.94609557109557
419,US Open,2019,Hard,2,0,0,0,0,0,0,0,0,0,0,0.0,0.0,0.0,66.5,0.1354139139932704,5.0,0,0,0,0,14.0,60.0,1,0,0,196.0,49.0,-13.946095571095569
420,US Open,2019,Hard,2,1,0,0,1,1,0,1,0,0,0,0.0,0.0,0.0,58.5,0.06163818395188503,27.0,0,0,0,0,17.5,769.5,0,0,1,306.25,63.0,0.053904428904431256
421,US Open,2019,Hard,2,0,0,0,0,0,0,0,0,0,0,0.0,0.0,0.0,62.5,0.06847195357833663,17.0,0,0,0,0,18.0,4.5,1,0,0,324.0,59.0,-3.9460955710955687
422,US Open,2019,Hard,3,0,0,0,0,1,0,1,0,0,0,1.0,1.0,1.0,180.0,0.01098901098901112,18.0,0,0,0,0,7.5,1.0,0,0,0,56.25,89.0,26.05390442890443
423,US Open,2019,Hard,3,1,1,0,0,0,0,0,0,0,0,1.0,1.0,1.0,84.5,0.03820184790334047,69.0,0,0,0,0,16.0,24.5,1,0,0,256.0,51.0,-11.946095571095569
424,US Open,2019,Hard,3,1,1,0,0,1,0,0,0,0,0,1.0,1.0,1.0,21.0,0.1497472494796313,20.0,0,0,0,1,11.0,48.5,1,1,1,121.0,33.0,-29.94609557109557
425,US Open,2019,Hard,3,0,0,0,0,0,0,0,0,0,0,0.0,0.0,0.0,68.0,0.06720430107526876,10.0,1,0,0,0,13.5,34.0,1,0,0,182.25,38.0,-24.94609557109557
427,US Open,2019,Hard,3,0,0,0,0,0,0,0,0,0,0,0.0,0.0,0.0,410.5,0.1142857142857143,75.0,0,0,0,0,10.5,28.5,1,0,0,110.25,53.0,-9.946095571095569
428,US Open,2019,Hard,3,1,1,0,0,1,0,0,0,0,0,0.0,0.0,0.0,29.5,,15.0,0,0,0,0,7.0,58.0,1,0,0,49.0,81.0,18.05390442890443
429,US Open,2019,Hard,3,0,0,0,0,1,0,1,0,0,0,0.0,1.0,1.0,160.0,0.0855826201448322,48.0,0,0,0,0,10.0,16.0,0,0,0,100.0,48.5,-14.446095571095569
430,US Open,2019,Hard,3,0,0,0,0,0,0,0,0,0,0,1.0,1.0,1.0,121.5,0.03613892365456817,3.0,0,0,0,0,5.0,17.0,1,0,0,25.0,91.0,28.05390442890443
431,US Open,2019,Hard,3,0,0,0,0,0,0,0,0,0,0,1.0,1.0,1.0,124.0,0.01827875095201831,64.0,0,0,0,0,7.0,21.0,1,0,0,49.0,90.0,27.05390442890443
433,US Open,2019,Hard,3,0,0,0,0,1,0,0,0,0,0,0.0,1.0,1.0,8.5,0.01088081143884523,1.0,0,0,0,0,13.5,330.5,1,0,0,182.25,72.0,9.053904428904431
434,US Open,2019,Hard,3,1,1,0,0,0,0,0,0,0,0,0.0,0.0,0.0,13.0,0.04246260069044883,2.0,0,0,0,0,13.0,64.5,1,0,0,169.0,35.5,-27.44609557109557
435,US Open,2019,Hard,3,0,0,0,0,0,0,0,0,0,0,1.0,1.0,1.0,351.0,,36.0,0,0,0,0,0.0,23.5,1,0,0,0.0,91.0,28.05390442890443
436,US Open,2019,Hard,3,1,0,0,1,1,0,1,0,0,0,0.0,0.0,0.0,27.0,0.03954461804929088,2.0,0,0,0,0,9.5,60.0,0,0,1,90.25,76.5,13.553904428904431
437,US Open,2019,Hard,3,0,0,0,0,0,0,0,0,0,0,0.0,0.0,0.0,769.5,0.09090909090909091,645.0,1,0,0,0,10.5,4.5,1,0,0,110.25,51.5,-11.446095571095569
438,US Open,2019,Hard,4,0,0,0,0,0,0,0,0,0,0,1.0,1.0,1.0,24.5,0.1254761904761905,19.0,0,0,0,0,12.5,1.0,1,0,0,156.25,80.0,17.05390442890443
439,US Open,2019,Hard,4,1,1,0,0,0,0,0,0,0,0,1.0,1.0,1.0,34.0,0.02179137210984344,2.0,0,0,0,0,13.5,48.5,1,0,0,182.25,71.0,8.053904428904431
440,US Open,2019,Hard,4,0,0,0,0,0,0,0,0,0,0,0.0,1.0,1.0,62.5,0.05556958608017137,47.0,0,0,0,0,9.0,28.5,1,0,0,81.0,64.0,1.0539044289044313
441,US Open,2019,Hard,4,0,0,0,0,0,0,0,0,0,0,1.0,1.0,1.0,16.0,0.0003609504402074526,26.0,0,0,0,0,21.0,58.0,1,0,0,441.0,91.0,28.05390442890443
442,US Open,2019,Hard,4,1,0,0,1,1,0,0,0,0,0,0.0,1.0,1.0,21.0,0.06283712425079746,8.0,0,0,0,0,10.0,17.0,1,0,1,100.0,90.0,27.05390442890443
443,US Open,2019,Hard,4,0,0,0,0,0,0,0,0,0,0,0.0,0.0,0.0,330.5,0.0,229.0,0,0,0,0,3.0,28.5,1,0,0,9.0,47.0,-15.946095571095569
444,US Open,2019,Hard,4,0,0,0,0,1,0,1,0,0,0,0.0,0.0,0.0,64.5,0.1132559581209533,23.0,0,0,0,0,7.0,23.5,0,0,0,49.0,54.0,-8.946095571095569
445,US Open,2019,Hard,4,1,1,0,0,0,0,0,0,0,0,0.0,0.0,0.0,4.5,0.005113704012382425,1.0,0,0,0,0,19.0,60.0,1,0,0,361.0,49.0,-13.946095571095569
446,US Open,2019,Hard,5,0,0,0,0,0,0,0,0,0,0,0.0,0.0,0.0,48.5,0.04448621553884713,13.0,0,0,0,0,5.5,1.0,1,0,0,30.25,67.5,4.553904428904431
447,US Open,2019,Hard,5,1,0,0,1,1,0,1,0,0,0,1.0,1.0,1.0,58.0,0.1634566457717583,96.0,0,0,0,0,5.5,28.5,0,0,1,30.25,91.0,28.05390442890443
448,US Open,2019,Hard,5,1,1,0,0,0,0,0,0,0,0,1.0,1.0,1.0,28.5,0.006161816578483248,19.0,0,0,0,0,20.5,17.0,1,0,0,420.25,55.0,-7.946095571095569
449,US Open,2019,Hard,5,1,1,0,0,0,0,0,0,0,0,0.0,0.0,0.0,60.0,0.01754186341999969,28.0,0,0,0,0,13.5,23.5,1,0,0,182.25,36.5,-26.44609557109557
450,US Open,2019,Hard,6,1,1,0,0,0,0,0,0,0,0,1.0,1.0,1.0,28.5,0.03561869925952366,15.0,0,0,0,0,11.0,1.0,1,0,0,121.0,89.0,26.05390442890443
451,US Open,2019,Hard,6,1,1,0,0,0,0,0,0,0,0,1.0,1.0,1.0,23.5,0.08426573426573425,1.0,0,0,0,0,7.5,17.0,1,0,0,56.25,67.0,4.053904428904431
452,US Open,2019,Hard,7,0,0,0,0,0,0,0,0,0,0,0.0,1.0,1.0,17.0,0.01057318491443759,20.0,0,0,0,0,16.0,1.0,1,0,0,256.0,48.5,-14.446095571095569
453,Wimbledon,2019,Grass,2,0,0,0,0,1,0,1,0,0,0,0.0,0.0,0.0,37.5,0.02195281782437752,5.0,0,0,0,0,7.5,3.0,0,0,0,56.25,56.5,-6.446095571095569
454,Wimbledon,2019,Grass,2,0,0,0,0,1,0,0,0,0,0,1.0,1.0,1.0,1292.0,,418.0,0,0,0,0,1.0,5.0,1,0,0,1.0,89.0,26.05390442890443
455,Wimbledon,2019,Grass,2,1,1,0,0,1,0,0,0,0,0,1.0,1.0,1.0,54.0,0.001418988648090869,4.0,0,0,0,0,6.0,9.5,1,0,0,36.0,89.0,26.05390442890443
456,Wimbledon,2019,Grass,2,0,0,0,0,1,0,1,0,0,0,1.0,1.0,1.0,72.5,0.06080233079336622,55.0,0,0,0,0,17.0,11.5,0,0,0,289.0,80.0,17.05390442890443
457,Wimbledon,2019,Grass,2,0,0,0,0,1,0,0,0,0,0,1.0,1.0,1.0,310.5,0.123943661971831,99.0,1,0,0,0,13.0,15.5,1,0,0,169.0,76.0,13.053904428904431
458,Wimbledon,2019,Grass,2,0,0,0,0,1,0,0,0,0,0,0.0,0.0,0.0,303.5,0.08181818181818185,87.0,1,0,0,0,10.5,15.5,1,0,0,110.25,70.0,7.053904428904431
459,Wimbledon,2019,Grass,2,1,1,0,0,1,0,0,0,0,0,0.0,0.0,0.0,65.5,0.003307706061147886,1.0,0,0,0,0,0.0,16.0,1,0,0,0.0,45.5,-17.44609557109557
460,Wimbledon,2019,Grass,2,0,0,0,0,1,0,0,0,0,0,1.0,1.0,1.0,64.0,0.3463498920086393,56.0,0,0,0,0,16.0,18.5,1,0,0,256.0,51.0,-11.946095571095569
461,Wimbledon,2019,Grass,2,1,1,0,0,1,0,0,0,0,0,0.0,1.0,1.0,60.0,0.06904818419178732,36.0,0,0,0,0,20.5,19.0,1,0,0,420.25,66.5,3.5539044289044313
462,Wimbledon,2019,Grass,2,0,0,0,0,1,0,0,0,0,0,1.0,1.0,1.0,209.5,0.1228070175438596,73.0,0,0,0,0,5.0,21.5,1,0,0,25.0,89.0,26.05390442890443
463,Wimbledon,2019,Grass,2,0,0,0,0,1,0,0,0,0,0,0.0,0.0,0.0,71.0,0.06720430107526876,18.0,1,0,0,0,13.5,22.0,1,0,0,182.25,38.0,-24.94609557109557
464,Wimbledon,2019,Grass,2,0,0,0,0,1,0,0,0,0,0,0.0,0.0,0.0,66.0,,6.0,0,0,0,0,9.0,32.0,1,0,0,81.0,15.5,-47.44609557109557
465,Wimbledon,2019,Grass,2,0,0,0,0,1,0,0,0,0,0,0.0,0.0,0.0,280.5,0.1807588667977569,373.0,1,0,0,0,8.0,37.5,1,0,0,64.0,48.0,-14.946095571095569
466,Wimbledon,2019,Grass,2,1,1,0,0,1,0,1,0,0,0,0.0,0.0,0.0,277.5,0.09999999999999998,19.0,0,0,1,0,4.0,72.5,0,1,1,16.0,67.0,4.053904428904431
467,Wimbledon,2019,Grass,2,1,1,0,0,1,0,1,0,0,0,0.0,0.0,0.0,93.0,0.2807000154188418,40.0,0,0,0,1,20.0,232.5,0,1,1,400.0,59.5,-3.4460955710955687
468,Wimbledon,2019,Grass,2,0,0,0,0,1,0,1,0,0,0,1.0,1.0,1.0,240.0,0.2446808510638298,364.0,0,0,0,0,6.5,102.0,0,0,0,42.25,23.0,-39.94609557109557
469,Wimbledon,2019,Grass,2,0,0,0,0,1,0,0,0,0,0,0.0,0.0,0.0,92.0,0.01720485897525037,90.0,0,0,0,0,15.5,38.0,1,0,0,240.25,42.0,-20.94609557109557
470,Wimbledon,2019,Grass,2,0,0,0,0,1,0,0,0,0,0,1.0,1.0,1.0,90.0,0.1348136738972318,60.0,0,0,0,0,13.0,224.0,1,0,0,169.0,46.0,-16.94609557109557
471,Wimbledon,2019,Grass,2,0,0,0,0,1,0,0,0,0,0,1.0,1.0,1.0,23.5,0.08426573426573425,1.0,0,0,0,0,7.5,48.0,1,0,0,56.25,67.0,4.053904428904431
472,Wimbledon,2019,Grass,2,1,1,0,0,1,0,1,0,0,0,1.0,1.0,1.0,20.0,0.03561869925952366,24.0,0,0,0,0,11.0,56.5,0,0,0,121.0,89.0,26.05390442890443
473,Wimbledon,2019,Grass,2,0,0,0,0,1,0,0,0,0,0,1.0,1.0,1.0,169.5,,101.0,1,0,0,0,11.5,276.5,1,0,0,132.25,25.0,-37.94609557109557
474,Wimbledon,2019,Grass,2,1,1,0,0,1,0,0,0,0,0,1.0,1.0,1.0,190.0,0.1230907457322552,232.0,0,0,0,0,9.5,72.0,1,0,0,90.25,46.0,-16.94609557109557
475,Wimbledon,2019,Grass,2,0,0,0,0,1,0,1,0,0,0,1.0,1.0,1.0,264.0,,170.0,0,0,0,0,17.0,54.5,0,0,0,289.0,25.0,-37.94609557109557
476,Wimbledon,2019,Grass,2,0,0,0,0,1,0,1,0,0,0,0.0,0.0,0.0,305.5,0.1561913696060037,143.0,1,0,0,0,7.0,84.5,0,0,0,49.0,50.5,-12.446095571095569
477,Wimbledon,2019,Grass,2,0,0,0,0,1,0,0,0,0,0,1.0,1.0,1.0,82.0,,6.0,0,0,0,0,14.0,282.5,1,0,0,196.0,48.0,-14.946095571095569
479,Wimbledon,2019,Grass,2,1,1,0,0,1,0,1,0,0,0,1.0,1.0,1.0,86.5,0.2293972044263251,5.0,0,0,1,0,5.0,65.5,0,1,1,25.0,90.0,27.05390442890443
480,Wimbledon,2019,Grass,2,0,0,0,0,1,0,0,0,0,0,0.0,0.0,0.0,257.5,0.1725649859066709,123.0,0,0,0,0,7.0,68.5,1,0,0,49.0,63.5,0.5539044289044313
481,Wimbledon,2019,Grass,2,1,1,0,0,1,0,0,0,0,0,1.0,1.0,1.0,272.0,0.2046574115539633,134.0,0,0,0,0,8.5,60.0,1,0,0,72.25,89.0,26.05390442890443
482,Wimbledon,2019,Grass,2,0,0,0,0,1,0,0,0,0,0,1.0,1.0,1.0,439.0,0.4625,212.0,0,0,0,0,0.0,98.5,1,0,0,0.0,89.0,26.05390442890443
483,Wimbledon,2019,Grass,2,0,0,0,0,1,0,1,0,0,0,0.0,1.0,1.0,35.5,0.02477494732809804,5.0,0,0,0,0,7.0,188.0,0,0,0,49.0,90.0,27.05390442890443
484,Wimbledon,2019,Grass,2,0,0,0,0,1,0,0,0,0,0,1.0,1.0,1.0,494.5,,117.0,0,0,0,0,8.0,71.5,1,0,0,64.0,89.0,26.05390442890443
485,Wimbledon,2019,Grass,3,1,1,0,0,1,0,1,0,0,0,1.0,1.0,1.0,224.0,0.01827875095201831,266.0,0,0,1,0,7.0,3.0,0,1,1,49.0,90.0,27.05390442890443
486,Wimbledon,2019,Grass,3,0,0,0,0,1,0,1,0,0,0,1.0,1.0,1.0,232.5,0.009803921568627416,105.0,1,0,0,0,8.0,5.0,0,0,0,64.0,39.0,-23.94609557109557
487,Wimbledon,2019,Grass,3,1,1,0,0,1,0,0,0,0,0,1.0,1.0,1.0,282.5,0.05629465385562948,147.0,0,0,0,0,13.5,9.5,1,0,0,182.25,90.0,27.05390442890443
488,Wimbledon,2019,Grass,3,0,0,0,0,1,0,0,0,0,0,0.0,1.0,1.0,68.5,0.02046534024996172,81.0,0,0,0,0,11.0,15.5,1,0,0,121.0,71.0,8.053904428904431
489,Wimbledon,2019,Grass,3,1,1,0,0,1,0,1,0,0,0,0.0,0.0,0.0,84.5,0.1930862659607599,127.0,1,0,1,0,11.5,15.5,0,1,1,132.25,80.0,17.05390442890443
490,Wimbledon,2019,Grass,3,1,1,0,0,1,0,1,0,0,0,0.0,1.0,1.0,72.5,0.2146683052380179,5.0,0,0,1,0,8.0,16.0,0,1,1,64.0,24.5,-38.44609557109557
491,Wimbledon,2019,Grass,3,1,1,0,1,1,0,1,0,0,0,0.0,0.0,0.0,65.5,0.1053921568627452,3.0,0,0,0,1,14.5,18.5,0,1,1,210.25,69.0,6.053904428904431
492,Wimbledon,2019,Grass,3,1,1,0,0,1,0,0,0,0,0,1.0,1.0,1.0,102.0,0.03820184790334047,96.0,0,0,0,0,16.0,19.0,1,0,0,256.0,51.0,-11.946095571095569
493,Wimbledon,2019,Grass,3,0,0,0,0,1,0,0,0,0,0,0.0,0.0,0.0,60.0,0.01754186341999969,42.0,0,0,0,0,13.5,21.5,1,0,0,182.25,36.5,-26.44609557109557
494,Wimbledon,2019,Grass,3,1,0,0,1,1,0,0,0,0,0,0.0,1.0,1.0,276.5,,323.0,1,0,0,0,12.5,22.0,1,0,1,156.25,85.0,22.05390442890443
495,Wimbledon,2019,Grass,3,1,1,0,1,1,0,0,0,0,0,0.0,1.0,1.0,71.5,0.02208412330594772,47.0,0,0,0,0,9.5,37.5,1,0,1,90.25,89.5,26.55390442890443
496,Wimbledon,2019,Grass,3,1,0,0,1,1,0,1,0,0,0,0.0,0.0,0.0,188.0,0.01503213767364708,14.0,0,0,0,0,3.5,38.0,0,0,1,12.25,70.0,7.053904428904431
497,Wimbledon,2019,Grass,3,1,1,0,1,1,0,0,0,0,0,1.0,1.0,1.0,72.0,0.006165839829907926,22.0,0,0,0,0,5.5,48.0,1,0,1,30.25,75.0,12.053904428904431
498,Wimbledon,2019,Grass,3,1,1,0,0,1,0,0,0,0,0,0.0,0.0,0.0,98.5,0.005856901646264179,11.0,0,0,0,0,14.5,56.5,1,0,0,210.25,79.0,16.05390442890443
499,Wimbledon,2019,Grass,3,1,0,0,1,1,0,1,0,0,0,0.0,0.0,0.0,11.5,0.04246260069044883,9.0,0,0,0,0,13.0,54.5,0,0,1,169.0,35.5,-27.44609557109557
500,Wimbledon,2019,Grass,3,0,0,0,0,1,0,0,0,0,0,1.0,1.0,1.0,32.0,0.006161816578483248,28.0,0,0,0,0,20.5,59.5,1,0,0,420.25,55.0,-7.946095571095569
501,Wimbledon,2019,Grass,4,1,1,0,1,1,0,0,0,0,0,0.0,0.0,0.0,48.0,0.0205831073227431,10.0,0,0,0,1,13.0,3.0,1,1,1,169.0,43.0,-19.94609557109557
502,Wimbledon,2019,Grass,4,1,1,0,0,1,0,0,0,0,0,0.0,0.0,0.0,59.5,0.02531462042568,17.0,0,0,0,0,12.0,5.0,1,0,0,144.0,56.5,-6.446095571095569
503,Wimbledon,2019,Grass,4,1,0,0,1,1,0,0,0,0,0,0.0,0.0,0.0,37.5,0.02181491464510332,7.0,0,0,0,0,16.0,9.5,1,0,1,256.0,77.0,14.053904428904431
504,Wimbledon,2019,Grass,4,1,1,0,0,1,0,0,0,0,0,1.0,1.0,1.0,19.0,0.07684555754323197,14.0,0,0,0,0,16.5,15.5,1,0,0,272.25,46.0,-16.94609557109557
505,Wimbledon,2019,Grass,4,1,1,0,0,1,0,0,0,0,0,0.0,1.0,1.0,22.0,0.06283712425079746,6.0,0,0,0,0,10.0,18.5,1,0,0,100.0,90.0,27.05390442890443
506,Wimbledon,2019,Grass,4,1,1,0,0,1,0,0,0,0,0,1.0,1.0,1.0,16.0,0.0003609504402074526,30.0,0,0,0,0,21.0,21.5,1,0,0,441.0,91.0,28.05390442890443
507,Wimbledon,2019,Grass,4,1,1,0,0,1,0,0,0,0,0,0.0,0.0,0.0,54.5,0.005401325638747956,9.0,0,0,0,1,19.5,38.0,1,1,1,380.25,22.0,-40.94609557109557
508,Wimbledon,2019,Grass,4,1,1,0,1,1,0,0,0,0,0,1.0,1.0,1.0,15.5,0.1497472494796313,9.0,0,0,0,0,11.0,56.5,1,0,1,121.0,33.0,-29.94609557109557
509,Wimbledon,2019,Grass,5,1,0,0,1,1,0,0,0,0,0,0.0,0.0,0.0,15.5,0.05927088002390557,3.0,0,0,0,0,16.0,5.0,1,0,1,256.0,55.0,-7.946095571095569
510,Wimbledon,2019,Grass,5,1,0,0,1,1,0,1,0,0,0,0.0,0.0,0.0,18.5,0.03954461804929088,7.0,0,0,0,0,9.5,9.5,0,0,1,90.25,76.5,13.553904428904431
511,Wimbledon,2019,Grass,5,1,1,0,0,1,0,0,0,0,0,0.0,0.0,0.0,3.0,0.005113704012382425,2.0,0,0,0,1,19.0,21.5,1,1,1,361.0,49.0,-13.946095571095569
512,Wimbledon,2019,Grass,5,1,1,0,0,1,0,0,0,0,0,0.0,0.0,0.0,38.0,0.1003563845920534,22.0,0,0,0,0,11.0,56.5,1,0,0,121.0,79.5,16.55390442890443
513,Wimbledon,2019,Grass,6,1,1,0,1,1,0,0,0,0,0,0.0,1.0,1.0,9.5,0.01088081143884523,1.0,0,0,0,1,13.5,5.0,1,1,1,182.25,72.0,9.053904428904431
514,Wimbledon,2019,Grass,6,1,1,0,1,1,0,0,0,0,0,0.0,0.0,0.0,56.5,0.004037674425954929,39.0,0,0,0,0,14.5,21.5,1,0,1,210.25,42.5,-20.44609557109557
515,Wimbledon,2019,Grass,7,1,1,0,1,1,0,1,0,0,0,1.0,1.0,1.0,21.5,0.01094362864274367,17.0,0,0,1,0,18.0,5.0,0,1,1,324.0,71.0,8.053904428904431
673,Australian Open,2021,Hard,2,1,1,0,0,1,0,1,0,0,0,0.0,0.0,0.0,163.0,0.2459803984369995,140.0,0,0,1,0,13.0,1.5,0,1,1,169.0,52.0,-10.946095571095569
674,Australian Open,2021,Hard,2,1,1,0,0,0,0,0,0,0,0,0.0,0.0,0.0,354.5,,375.0,0,0,0,0,17.5,4.5,1,0,0,306.25,54.0,-8.946095571095569
675,Australian Open,2021,Hard,2,0,0,0,0,0,0,0,0,0,0,0.0,1.0,1.0,59.5,0.06084306095979247,7.0,0,0,0,0,11.5,8.0,1,0,0,132.25,22.0,-40.94609557109557
676,Australian Open,2021,Hard,2,0,0,0,0,0,0,0,0,0,0,0.0,1.0,1.0,68.5,0.03462566844919784,19.0,0,0,0,0,20.0,13.5,1,0,0,400.0,84.0,21.05390442890443
677,Australian Open,2021,Hard,2,1,1,0,0,0,0,0,0,0,0,0.0,1.0,1.0,399.5,0.2122877122877123,463.0,0,0,0,0,5.5,13.5,1,0,0,30.25,90.0,27.05390442890443
679,Australian Open,2021,Hard,2,0,0,0,0,0,0,0,0,0,0,0.0,0.0,0.0,794.5,0.2145390070921986,837.0,0,0,0,0,7.5,16.5,1,0,0,56.25,61.0,-1.9460955710955687
680,Australian Open,2021,Hard,2,0,0,0,0,0,0,0,0,0,0,1.0,1.0,1.0,187.5,0.2524875621890548,267.0,0,0,0,0,12.0,16.5,1,0,0,144.0,51.0,-11.946095571095569
681,Australian Open,2021,Hard,2,0,0,0,0,0,0,0,0,0,0,1.0,1.0,1.0,80.5,0.01827875095201831,39.0,0,0,0,0,9.0,20.5,1,0,0,81.0,90.0,27.05390442890443
682,Australian Open,2021,Hard,2,0,0,0,0,0,0,0,0,0,0,0.0,1.0,1.0,303.5,0.2497141223556318,419.0,0,0,0,0,13.0,38.5,1,0,0,169.0,48.5,-14.446095571095569
683,Australian Open,2021,Hard,2,0,0,0,0,0,0,0,0,0,0,0.0,0.0,0.0,74.5,0.0064886714179343,5.0,0,0,0,0,5.0,42.5,1,0,0,25.0,70.0,7.053904428904431
684,Australian Open,2021,Hard,2,0,0,0,0,0,0,0,0,0,0,0.0,0.0,0.0,66.5,0.01720374332706565,1.0,0,0,0,0,13.5,141.0,1,0,0,182.25,58.5,-4.446095571095569
685,Australian Open,2021,Hard,2,1,1,0,0,1,0,1,0,0,0,0.0,0.0,0.0,45.0,0.07140883614451488,2.0,0,0,1,0,17.5,49.5,0,1,1,306.25,34.0,-28.94609557109557
686,Australian Open,2021,Hard,2,1,1,0,1,1,0,1,0,0,0,0.0,0.0,0.0,521.5,0.0714285714285714,271.0,0,0,1,0,12.5,62.0,0,1,1,156.25,42.5,-20.44609557109557
687,Australian Open,2021,Hard,2,0,0,0,0,0,0,0,0,0,0,0.0,0.0,0.0,23.0,0.03013974783886286,18.0,0,0,0,0,16.0,203.5,1,0,0,256.0,67.0,4.053904428904431
688,Australian Open,2021,Hard,2,0,0,0,0,0,0,0,0,0,0,1.0,1.0,1.0,28.5,0.02179137210984344,5.0,0,0,0,0,15.5,56.0,1,0,0,240.25,71.0,8.053904428904431
689,Australian Open,2021,Hard,2,1,1,0,0,1,0,0,0,0,0,1.0,1.0,1.0,308.5,0.04477611940298504,273.0,0,0,0,1,11.5,65.5,1,1,1,132.25,51.0,-11.946095571095569
690,Australian Open,2021,Hard,2,1,1,0,0,0,0,0,0,0,0,0.0,0.0,0.0,198.0,0.07467532467532462,42.0,1,0,0,0,7.0,87.0,1,0,0,49.0,69.5,6.553904428904431
691,Australian Open,2021,Hard,2,0,0,0,0,0,0,0,0,0,0,1.0,1.0,1.0,289.5,0.05275689223057639,199.0,0,0,0,0,18.0,43.5,1,0,0,324.0,71.0,8.053904428904431
692,Australian Open,2021,Hard,2,0,0,0,0,0,0,0,0,0,0,1.0,1.0,1.0,735.5,0.05729984301412866,943.0,0,0,0,0,4.0,380.0,1,0,0,16.0,90.0,27.05390442890443
693,Australian Open,2021,Hard,2,0,0,0,0,0,0,0,0,0,0,0.0,0.0,0.0,56.0,0.03093933860823694,2.0,0,0,0,0,17.0,172.0,1,0,0,289.0,49.5,-13.446095571095569
694,Australian Open,2021,Hard,2,1,1,0,0,1,0,1,0,0,0,0.0,1.0,1.0,94.5,0.1896503102086859,47.0,0,0,1,0,15.5,102.5,0,1,1,240.25,41.0,-21.94609557109557
695,Australian Open,2021,Hard,2,0,0,0,0,0,0,0,0,0,0,0.0,0.0,0.0,69.0,0.07088525065198503,8.0,0,0,0,0,0.0,457.0,1,0,0,0.0,50.0,-12.946095571095569
696,Australian Open,2021,Hard,2,0,0,0,0,1,0,0,0,0,0,0.0,0.0,0.0,32.0,0.07657848324514993,6.0,0,0,0,0,19.5,222.5,1,0,0,380.25,67.5,4.553904428904431
697,Australian Open,2021,Hard,2,1,1,0,1,1,0,1,0,0,0,1.0,1.0,1.0,37.5,0.006165839829907926,3.0,0,0,1,0,7.5,328.0,0,1,1,56.25,75.0,12.053904428904431
698,Australian Open,2021,Hard,2,0,0,0,0,0,0,0,0,0,0,0.0,0.0,0.0,641.5,,1071.0,0,0,0,0,6.0,638.5,1,0,0,36.0,60.0,-2.9460955710955687
699,Australian Open,2021,Hard,2,0,0,0,0,1,0,0,0,0,0,1.0,1.0,1.0,441.5,0.1028622540250447,685.0,0,0,0,0,3.5,185.5,1,0,0,12.25,35.0,-27.94609557109557
700,Australian Open,2021,Hard,2,1,1,0,0,0,0,0,0,0,0,1.0,1.0,1.0,205.5,0.1353535353535354,305.0,1,0,0,0,11.0,510.0,1,0,0,121.0,46.0,-16.94609557109557
701,Australian Open,2021,Hard,2,0,0,0,0,0,0,0,0,0,0,0.0,1.0,1.0,7.5,0.01057318491443759,7.0,0,0,0,0,18.0,232.5,1,0,0,324.0,48.5,-14.446095571095569
702,Australian Open,2021,Hard,2,1,1,0,0,0,0,0,0,0,0,0.0,0.0,0.0,43.0,0.1036805660093331,10.0,0,0,0,0,12.5,125.0,1,0,0,156.25,47.0,-15.946095571095569
703,Australian Open,2021,Hard,2,1,1,0,0,0,0,0,0,0,0,0.0,0.0,0.0,260.0,0.03770114942528729,298.0,1,0,0,0,13.0,122.0,1,0,0,169.0,53.0,-9.946095571095569
704,Australian Open,2021,Hard,2,1,1,0,0,1,0,1,0,0,0,0.0,1.0,1.0,98.0,0.0802888315451129,6.0,0,0,1,0,14.0,160.5,0,1,1,196.0,71.0,8.053904428904431
705,Australian Open,2021,Hard,3,0,0,0,0,0,0,0,0,0,0,1.0,1.0,1.0,185.5,,23.0,0,0,0,0,5.0,4.5,1,0,0,25.0,91.0,28.05390442890443
706,Australian Open,2021,Hard,3,0,0,0,0,0,0,0,0,0,0,1.0,1.0,1.0,638.5,0.002705575417914829,763.0,0,0,0,0,8.0,8.0,1,0,0,64.0,90.0,27.05390442890443
707,Australian Open,2021,Hard,3,0,0,0,0,1,0,0,0,0,0,0.0,0.0,0.0,65.5,0.005928645458218473,29.0,0,0,0,0,18.0,13.5,1,0,0,324.0,19.5,-43.44609557109557
708,Australian Open,2021,Hard,3,0,0,0,0,0,0,0,0,0,0,0.0,0.0,0.0,380.0,,62.0,1,0,0,0,10.5,13.5,1,0,0,110.25,50.5,-12.446095571095569
709,Australian Open,2021,Hard,3,1,1,0,0,0,0,0,0,0,0,0.0,0.0,0.0,141.0,0.01728110599078331,26.0,0,0,0,0,14.0,16.0,1,0,0,196.0,59.5,-3.4460955710955687
710,Australian Open,2021,Hard,3,0,0,0,0,0,0,0,0,0,0,1.0,1.0,1.0,457.0,0.1539772727272727,876.0,0,0,0,0,8.5,16.5,1,0,0,72.25,67.0,4.053904428904431
711,Australian Open,2021,Hard,3,0,0,0,0,0,0,0,0,0,0,1.0,1.0,1.0,62.0,0.03253241800152551,4.0,0,0,0,0,8.0,16.5,1,0,0,64.0,89.0,26.05390442890443
712,Australian Open,2021,Hard,3,0,0,0,0,0,0,0,0,0,0,1.0,1.0,1.0,125.0,0.02068965517241383,12.0,0,0,0,0,0.0,20.5,1,0,0,0.0,18.0,-44.94609557109557
713,Australian Open,2021,Hard,3,0,0,0,0,0,0,0,0,0,0,0.0,0.0,0.0,222.5,0.0,63.0,0,0,0,0,5.0,49.5,1,0,0,25.0,47.0,-15.946095571095569
714,Australian Open,2021,Hard,3,1,1,0,0,0,0,0,0,0,0,1.0,1.0,1.0,160.5,0.1163928304705004,143.0,0,0,0,0,7.5,56.0,1,0,0,56.25,76.0,13.053904428904431
715,Australian Open,2021,Hard,3,0,0,0,0,0,0,0,0,0,0,1.0,1.0,1.0,1.5,0.006430370146846442,1.0,0,0,0,0,13.5,87.0,1,0,0,182.25,13.0,-49.94609557109557
716,Australian Open,2021,Hard,3,1,1,0,0,1,0,0,0,0,0,0.0,0.0,0.0,328.0,0.1893104855161159,186.0,0,0,0,1,7.5,43.5,1,1,1,56.25,79.0,16.05390442890443
717,Australian Open,2021,Hard,3,1,1,0,0,0,0,0,0,0,0,0.0,0.0,0.0,203.5,0.06666666666666671,255.0,0,0,0,0,14.5,172.0,1,0,0,210.25,49.5,-13.446095571095569
718,Australian Open,2021,Hard,3,1,1,0,0,0,0,0,0,0,0,1.0,1.0,1.0,38.5,0.2293972044263251,3.0,0,0,0,0,7.0,102.5,1,0,0,49.0,90.0,27.05390442890443
719,Australian Open,2021,Hard,3,1,1,0,0,1,0,1,0,0,0,1.0,1.0,1.0,42.5,0.1482898289828982,31.0,0,0,0,0,11.5,510.0,0,0,0,132.25,89.0,26.05390442890443
720,Australian Open,2021,Hard,3,1,1,0,0,1,0,1,0,0,0,1.0,1.0,1.0,122.0,0.04574284066884493,144.0,1,0,0,0,9.0,232.5,0,0,0,81.0,80.0,17.05390442890443
721,Australian Open,2021,Hard,4,1,1,0,0,0,0,0,0,0,0,0.0,0.0,0.0,510.0,0.009065825778478476,552.0,0,0,0,0,12.5,4.5,1,0,0,156.25,64.0,1.0539044289044313
722,Australian Open,2021,Hard,4,1,1,0,0,0,0,0,0,0,0,0.0,1.0,1.0,20.5,0.00867823765020026,15.0,0,0,0,0,11.0,13.5,1,0,0,121.0,84.5,21.55390442890443
723,Australian Open,2021,Hard,4,1,1,0,0,1,0,1,0,0,0,0.0,0.0,0.0,56.0,0.02002366105860365,26.0,0,0,1,0,18.5,13.5,0,1,1,342.25,61.0,-1.9460955710955687
724,Australian Open,2021,Hard,4,0,0,0,0,0,0,0,0,0,0,1.0,1.0,1.0,172.0,0.1944146079484426,78.0,0,0,0,0,8.5,16.5,1,0,0,72.25,90.0,27.05390442890443
725,Australian Open,2021,Hard,4,0,0,0,0,0,0,0,0,0,0,0.0,0.0,0.0,16.0,0.03023686394688119,14.0,0,0,0,0,20.5,16.5,1,0,0,420.25,34.0,-28.94609557109557
726,Australian Open,2021,Hard,4,1,1,0,0,1,0,1,0,0,0,1.0,1.0,1.0,87.0,0.09010695187165768,6.0,0,0,1,0,10.5,49.5,0,1,1,110.25,39.0,-23.94609557109557
727,Australian Open,2021,Hard,4,0,0,0,0,0,0,0,0,0,0,1.0,1.0,1.0,232.5,0.06292270531400956,317.0,0,0,0,0,11.5,43.5,1,0,0,132.25,91.0,28.05390442890443
728,Australian Open,2021,Hard,4,1,1,0,0,0,0,0,0,0,0,0.0,0.0,0.0,8.0,0.02525740025740031,2.0,0,0,0,0,16.0,102.5,1,0,0,256.0,70.0,7.053904428904431
729,Australian Open,2021,Hard,5,1,0,0,1,1,0,0,0,0,0,1.0,1.0,1.0,16.5,0.0790823211875844,17.0,0,0,0,0,16.0,4.5,1,0,1,256.0,71.0,8.053904428904431
730,Australian Open,2021,Hard,5,1,1,0,0,0,0,0,0,0,0,0.0,0.0,0.0,43.5,0.03393586098448154,3.0,0,0,0,0,14.5,13.5,1,0,0,210.25,67.0,4.053904428904431
731,Australian Open,2021,Hard,5,0,0,0,0,0,0,0,0,0,0,0.0,0.0,0.0,49.5,0.1010436819061196,5.0,0,0,0,0,14.0,13.5,1,0,0,196.0,49.5,-13.446095571095569
732,Australian Open,2021,Hard,5,0,0,0,0,1,0,0,0,0,0,1.0,1.0,1.0,102.5,0.1006400276768726,13.0,0,0,0,0,12.0,16.5,1,0,0,144.0,90.0,27.05390442890443
733,Australian Open,2021,Hard,6,1,1,0,0,0,0,0,0,0,0,0.0,0.0,0.0,13.5,0.04913998809726816,17.0,0,0,0,0,18.5,13.5,1,0,0,342.25,63.5,0.5539044289044313
734,Australian Open,2021,Hard,6,0,0,0,0,1,0,1,0,0,0,1.0,1.0,1.0,4.5,0.03741686333404848,3.0,0,0,0,0,11.5,16.5,0,0,0,132.25,33.0,-29.94609557109557
735,Australian Open,2021,Hard,7,0,0,0,0,0,0,0,0,0,0,0.0,1.0,1.0,13.5,0.06283712425079746,3.0,0,0,0,0,12.0,16.5,1,0,0,144.0,90.0,27.05390442890443
768,Roland Garros,2021,Clay,2,0,0,0,0,0,0,0,0,0,0,0.0,1.0,1.0,108.0,0.1896503102086859,42.0,0,0,0,0,15.5,320.5,1,0,0,240.25,41.0,-21.94609557109557
769,Roland Garros,2021,Clay,2,1,1,0,0,1,0,0,0,0,0,1.0,1.0,1.0,172.5,0.003331403948807043,55.0,0,0,0,1,12.0,663.5,1,1,1,144.0,91.0,28.05390442890443
770,Roland Garros,2021,Clay,2,0,0,0,0,0,0,0,0,0,0,0.0,0.0,0.0,180.0,0.0,2.0,0,0,0,0,5.0,152.0,1,0,0,25.0,47.0,-15.946095571095569
771,Roland Garros,2021,Clay,2,0,0,0,0,0,0,0,0,0,0,1.0,1.0,1.0,113.0,0.1163928304705004,78.0,0,0,0,0,7.5,30.5,1,0,0,56.25,76.0,13.053904428904431
772,Roland Garros,2021,Clay,2,1,1,0,1,1,0,1,0,0,0,0.0,0.0,0.0,22.5,,17.0,0,0,1,0,13.0,40.0,0,1,1,169.0,67.0,4.053904428904431
773,Roland Garros,2021,Clay,2,1,1,0,0,1,0,1,0,0,0,0.0,0.0,0.0,110.0,0.07028501055594649,74.0,0,0,0,0,14.0,81.5,0,0,0,196.0,47.0,-15.946095571095569
774,Roland Garros,2021,Clay,2,0,0,0,0,0,0,0,0,0,0,0.0,0.0,0.0,228.0,0.2459803984369995,244.0,0,0,0,0,13.0,38.5,1,0,0,169.0,52.0,-10.946095571095569
775,Roland Garros,2021,Clay,2,0,0,0,0,0,0,0,0,0,0,0.0,0.0,0.0,17.5,0.005113704012382425,1.0,0,0,0,0,21.0,153.0,1,0,0,441.0,49.0,-13.946095571095569
776,Roland Garros,2021,Clay,2,0,0,0,0,0,0,0,0,0,0,0.0,0.0,0.0,200.5,0.02380952380952389,25.0,1,0,0,0,7.5,7.5,1,0,0,56.25,63.5,0.5539044289044313
777,Roland Garros,2021,Clay,2,1,1,0,0,0,0,0,0,0,0,1.0,1.0,1.0,166.0,0.1160209846650525,22.0,0,0,0,0,13.0,45.5,1,0,0,169.0,71.0,8.053904428904431
778,Roland Garros,2021,Clay,2,0,0,0,0,1,0,0,0,0,0,0.0,0.0,0.0,194.5,0.3080357142857143,337.0,0,0,0,0,22.0,93.5,1,0,0,484.0,53.0,-9.946095571095569
779,Roland Garros,2021,Clay,2,0,0,0,0,0,0,0,0,0,0,0.0,0.0,0.0,331.0,0.01818181818181819,86.0,1,0,0,0,12.0,37.5,1,0,0,144.0,78.0,15.053904428904431
780,Roland Garros,2021,Clay,2,0,0,0,0,1,0,0,0,0,0,1.0,1.0,1.0,260.5,0.007407407407407363,289.0,0,0,0,0,13.5,20.0,1,0,0,182.25,25.0,-37.94609557109557
781,Roland Garros,2021,Clay,2,0,0,0,0,0,0,0,0,0,0,0.0,0.0,0.0,211.5,0.2117845117845118,269.0,0,0,0,0,9.0,226.5,1,0,0,81.0,59.0,-3.9460955710955687
782,Roland Garros,2021,Clay,2,1,1,0,0,0,0,0,0,0,0,1.0,1.0,1.0,129.0,0.008230452674897193,2.0,0,0,0,0,0.0,89.0,1,0,0,0.0,71.0,8.053904428904431
783,Roland Garros,2021,Clay,2,1,1,0,1,1,0,0,0,0,0,0.0,0.0,0.0,67.0,0.03354297693920338,10.0,0,0,0,1,18.0,9.5,1,1,1,324.0,60.0,-2.9460955710955687
784,Roland Garros,2021,Clay,2,0,0,0,0,1,0,0,0,0,0,1.0,1.0,1.0,124.5,0.06779250161603095,111.0,0,0,0,0,4.0,13.0,1,0,0,16.0,89.0,26.05390442890443
785,Roland Garros,2021,Clay,2,0,0,0,0,0,0,0,0,0,0,1.0,1.0,1.0,159.0,0.1353535353535354,168.0,1,0,0,0,11.0,644.0,1,0,0,121.0,46.0,-16.94609557109557
786,Roland Garros,2021,Clay,2,0,0,0,0,0,0,0,0,0,0,1.0,1.0,1.0,70.5,0.1006400276768726,1.0,0,0,0,0,12.0,49.0,1,0,0,144.0,90.0,27.05390442890443
787,Roland Garros,2021,Clay,2,0,0,0,0,1,0,1,0,0,0,1.0,1.0,1.0,156.5,0.1518716577540107,5.0,0,0,0,0,5.5,20.0,0,0,0,30.25,71.0,8.053904428904431
788,Roland Garros,2021,Clay,2,1,1,0,0,1,0,1,0,0,0,0.0,0.0,0.0,229.0,,158.0,0,0,1,0,2.0,29.0,0,1,1,4.0,83.5,20.55390442890443
789,Roland Garros,2021,Clay,2,0,0,0,0,0,0,0,0,0,0,1.0,1.0,1.0,154.0,0.03331997863247871,86.0,0,0,0,0,5.5,54.0,1,0,0,30.25,91.0,28.05390442890443
790,Roland Garros,2021,Clay,2,1,1,0,0,1,0,0,0,0,0,1.0,1.0,1.0,862.0,0.2744794887652031,1262.0,0,0,0,1,6.0,59.0,1,1,1,36.0,90.0,27.05390442890443
791,Roland Garros,2021,Clay,2,0,0,0,0,0,0,0,0,0,0,1.0,1.0,1.0,97.5,0.06932773109243712,59.0,0,0,0,0,7.0,8.0,1,0,0,49.0,60.0,-2.9460955710955687
792,Roland Garros,2021,Clay,2,1,1,0,0,1,0,0,0,0,0,1.0,1.0,1.0,59.5,0.03253241800152551,7.0,0,0,0,1,8.0,16.5,1,1,1,64.0,89.0,26.05390442890443
793,Roland Garros,2021,Clay,2,0,0,0,0,1,0,1,0,0,0,0.0,0.0,0.0,52.0,0.07140883614451488,4.0,0,0,0,0,17.5,45.0,0,0,0,306.25,34.0,-28.94609557109557
794,Roland Garros,2021,Clay,2,0,0,0,0,0,0,0,0,0,0,0.0,0.0,0.0,79.0,,8.0,0,0,0,0,0.0,473.5,1,0,0,0.0,67.5,4.553904428904431
795,Roland Garros,2021,Clay,2,1,0,0,1,1,0,0,0,0,0,0.0,1.0,1.0,50.0,0.06084306095979247,2.0,0,0,0,0,11.5,19.5,1,0,1,132.25,22.0,-40.94609557109557
796,Roland Garros,2021,Clay,2,0,0,0,0,0,0,0,0,0,0,1.0,1.0,1.0,491.0,0.3296703296703297,472.0,0,0,0,0,9.0,33.0,1,0,0,81.0,71.0,8.053904428904431
797,Roland Garros,2021,Clay,2,1,1,0,1,1,0,0,0,0,0,1.0,1.0,1.0,150.5,0.1604863221884499,35.0,0,0,0,1,10.0,41.5,1,1,1,100.0,71.0,8.053904428904431
798,Roland Garros,2021,Clay,2,1,1,0,0,0,0,0,0,0,0,0.0,0.0,0.0,407.5,0.2409090909090909,265.0,0,0,0,0,14.0,380.0,1,0,0,196.0,55.5,-7.446095571095569
799,Roland Garros,2021,Clay,2,0,0,0,0,0,0,0,0,0,0,1.0,1.0,1.0,39.5,0.1482898289828982,41.0,0,0,0,0,11.5,3.5,1,0,0,132.25,89.0,26.05390442890443
800,Roland Garros,2021,Clay,3,0,0,0,0,0,0,0,0,0,0,1.0,1.0,1.0,663.5,0.05627705627705631,677.0,0,0,0,0,2.0,320.5,1,0,0,4.0,71.0,8.053904428904431
801,Roland Garros,2021,Clay,3,0,0,0,0,0,0,0,0,0,0,1.0,1.0,1.0,152.0,0.1939862718983711,218.0,0,0,0,0,9.5,30.5,1,0,0,90.25,91.0,28.05390442890443
802,Roland Garros,2021,Clay,3,1,1,0,0,0,0,0,0,0,0,1.0,1.0,1.0,81.5,0.01827875095201831,35.0,0,0,0,0,9.0,40.0,1,0,0,81.0,90.0,27.05390442890443
803,Roland Garros,2021,Clay,3,0,0,0,0,0,0,0,0,0,0,1.0,1.0,1.0,153.0,0.06292270531400956,154.0,0,0,0,0,11.5,38.5,1,0,0,132.25,91.0,28.05390442890443
804,Roland Garros,2021,Clay,3,0,0,0,0,0,0,0,0,0,0,0.0,1.0,1.0,7.5,0.06283712425079746,1.0,0,0,0,0,12.0,45.5,1,0,0,144.0,90.0,27.05390442890443
805,Roland Garros,2021,Clay,3,0,0,0,0,0,0,0,0,0,0,0.0,0.0,0.0,37.5,0.03393586098448154,7.0,0,0,0,0,14.5,93.5,1,0,0,210.25,67.0,4.053904428904431
806,Roland Garros,2021,Clay,3,1,1,0,0,0,0,0,0,0,0,0.0,0.0,0.0,226.5,0.129585326953748,71.0,0,0,0,0,4.0,20.0,1,0,0,16.0,65.0,2.0539044289044313
807,Roland Garros,2021,Clay,3,1,1,0,0,0,0,0,0,0,0,0.0,0.0,0.0,9.5,0.004037674425954929,1.0,0,0,0,0,16.5,89.0,1,0,0,272.25,42.5,-20.44609557109557
808,Roland Garros,2021,Clay,3,0,0,0,0,1,0,0,0,0,0,0.0,1.0,1.0,644.0,0.04177545691906004,1132.0,0,0,0,0,15.5,13.0,1,0,0,240.25,59.5,-3.4460955710955687
809,Roland Garros,2021,Clay,3,1,1,0,0,0,0,0,0,0,0,0.0,1.0,1.0,20.0,0.00867823765020026,10.0,0,0,0,0,11.0,49.0,1,0,0,121.0,84.5,21.55390442890443
810,Roland Garros,2021,Clay,3,0,0,0,0,0,0,0,0,0,0,1.0,1.0,1.0,29.0,0.02179137210984344,2.0,0,0,0,0,15.5,54.0,1,0,0,240.25,71.0,8.053904428904431
811,Roland Garros,2021,Clay,3,0,0,0,0,1,0,0,0,0,0,0.0,1.0,1.0,8.0,0.01057318491443759,6.0,0,0,0,0,18.0,59.0,1,0,0,324.0,48.5,-14.446095571095569
812,Roland Garros,2021,Clay,3,0,0,0,0,0,0,0,0,0,0,0.0,0.0,0.0,45.0,0.04032485181910472,24.0,0,0,0,0,23.0,16.5,1,0,0,529.0,34.5,-28.44609557109557
813,Roland Garros,2021,Clay,3,0,0,0,0,0,0,0,0,0,0,0.0,0.0,0.0,473.5,,137.0,0,0,0,0,13.5,19.5,1,0,0,182.25,31.5,-31.44609557109557
814,Roland Garros,2021,Clay,3,0,0,0,0,1,0,1,0,0,0,0.0,0.0,0.0,33.0,0.1182914182006741,18.0,0,0,0,0,13.0,41.5,0,0,0,169.0,55.5,-7.446095571095569
815,Roland Garros,2021,Clay,3,1,1,0,0,0,0,0,0,0,0,1.0,1.0,1.0,380.0,0.1533333333333333,308.0,0,0,0,0,17.0,3.5,1,0,0,289.0,71.0,8.053904428904431
816,Roland Garros,2021,Clay,4,1,1,0,0,0,0,0,0,0,0,1.0,1.0,1.0,30.5,0.006165839829907926,3.0,0,0,0,0,7.5,320.5,1,0,0,56.25,75.0,12.053904428904431
818,Roland Garros,2021,Clay,4,0,0,0,0,0,0,0,0,0,0,0.0,1.0,1.0,93.5,0.0802888315451129,17.0,0,0,0,0,14.0,45.5,1,0,0,196.0,71.0,8.053904428904431
819,Roland Garros,2021,Clay,4,1,1,0,0,1,0,0,0,0,0,1.0,1.0,1.0,20.0,0.04917771232204227,14.0,0,0,0,0,15.5,89.0,1,0,0,240.25,80.0,17.05390442890443
820,Roland Garros,2021,Clay,4,1,0,0,1,1,0,1,0,0,0,0.0,0.0,0.0,49.0,0.001380515508955793,20.0,0,0,0,0,14.0,13.0,0,0,1,196.0,73.5,10.553904428904431
821,Roland Garros,2021,Clay,4,0,0,0,0,0,0,0,0,0,0,0.0,0.0,0.0,54.0,0.02002366105860365,14.0,0,0,0,0,18.5,59.0,1,0,0,342.25,61.0,-1.9460955710955687
822,Roland Garros,2021,Clay,4,0,0,0,0,1,0,0,0,0,0,0.0,0.0,0.0,16.5,0.04913998809726816,9.0,0,0,0,0,18.5,19.5,1,0,0,342.25,63.5,0.5539044289044313
823,Roland Garros,2021,Clay,4,0,0,0,0,0,0,0,0,0,0,1.0,1.0,1.0,41.5,0.2293972044263251,13.0,0,0,0,0,7.0,3.5,1,0,0,49.0,90.0,27.05390442890443
824,Roland Garros,2021,Clay,5,0,0,0,0,0,0,0,0,0,0,0.0,0.0,0.0,38.5,0.08551013994417017,3.0,0,0,0,0,18.0,320.5,1,0,0,324.0,40.5,-22.44609557109557
825,Roland Garros,2021,Clay,5,0,0,0,0,0,0,0,0,0,0,0.0,0.0,0.0,45.5,0.1200601374570447,15.0,0,0,0,0,10.5,89.0,1,0,0,110.25,69.0,6.053904428904431
826,Roland Garros,2021,Clay,5,1,1,0,0,0,0,0,0,0,0,0.0,1.0,1.0,59.0,0.0513067008473973,14.0,0,0,0,0,13.5,13.0,1,0,0,182.25,25.0,-37.94609557109557
827,Roland Garros,2021,Clay,5,1,1,0,0,1,0,0,0,0,0,0.0,0.0,0.0,19.5,0.0004611330698287563,7.0,0,0,0,1,14.5,3.5,1,1,1,210.25,48.5,-14.446095571095569
828,Roland Garros,2021,Clay,6,0,0,0,0,1,0,1,0,0,0,1.0,1.0,1.0,320.5,0.04477611940298504,263.0,0,0,0,0,11.5,89.0,0,0,0,132.25,51.0,-11.946095571095569
829,Roland Garros,2021,Clay,6,1,1,0,0,1,0,1,0,0,0,1.0,1.0,1.0,3.5,0.006430370146846442,1.0,0,0,1,0,13.5,13.0,0,1,1,182.25,13.0,-49.94609557109557
830,Roland Garros,2021,Clay,7,1,1,0,0,1,0,1,0,0,0,1.0,1.0,1.0,89.0,0.09010695187165768,18.0,0,0,0,0,10.5,13.0,0,0,0,110.25,39.0,-23.94609557109557
831,US Open,2021,Hard,2,0,0,0,0,0,0,0,0,0,0,1.0,1.0,1.0,1.5,0.03741686333404848,1.0,0,0,0,0,11.5,85.5,1,0,0,132.25,33.0,-29.94609557109557
832,US Open,2021,Hard,2,0,0,0,0,0,0,0,0,0,0,1.0,1.0,1.0,50.0,0.02414476428869422,42.0,0,0,0,0,9.0,180.0,1,0,0,81.0,90.0,27.05390442890443
833,US Open,2021,Hard,2,1,1,0,1,1,0,1,0,0,0,0.0,0.0,0.0,32.0,0.1010436819061196,8.0,0,0,1,0,14.0,131.0,0,1,1,196.0,49.5,-13.446095571095569
834,US Open,2021,Hard,2,1,1,0,0,0,0,0,0,0,0,0.0,0.0,0.0,90.5,0.04667809254965222,65.0,0,0,0,0,8.0,30.5,1,0,0,64.0,78.0,15.053904428904431
835,US Open,2021,Hard,2,1,1,0,1,1,0,0,0,0,0,1.0,1.0,1.0,261.5,0.3333333333333333,41.0,0,0,0,1,7.0,26.5,1,1,1,49.0,91.0,28.05390442890443
836,US Open,2021,Hard,2,0,0,0,0,1,0,1,0,0,0,0.0,0.0,0.0,122.0,0.04230654761904762,116.0,0,0,0,0,10.5,58.0,0,0,0,110.25,85.5,22.55390442890443
837,US Open,2021,Hard,2,1,1,0,0,0,0,0,0,0,0,0.0,0.0,0.0,372.0,0.2243401759530791,612.0,0,0,0,0,5.0,134.0,1,0,0,25.0,81.0,18.05390442890443
838,US Open,2021,Hard,2,0,0,0,0,0,0,0,0,0,0,0.0,0.0,0.0,288.5,0.01818181818181819,109.0,1,0,0,0,12.0,15.5,1,0,0,144.0,78.0,15.053904428904431
839,US Open,2021,Hard,2,0,0,0,0,0,0,0,0,0,0,0.0,0.0,0.0,266.5,0.1602664576802508,371.0,0,0,0,0,6.0,6.5,1,0,0,36.0,33.0,-29.94609557109557
840,US Open,2021,Hard,2,0,0,0,0,0,0,0,0,0,0,1.0,1.0,1.0,105.0,0.01827875095201831,38.0,0,0,0,0,9.0,199.0,1,0,0,81.0,90.0,27.05390442890443
842,US Open,2021,Hard,2,1,0,0,1,1,0,1,0,0,0,1.0,1.0,1.0,221.5,0.2852206273258905,31.0,0,0,0,0,9.5,30.0,0,0,1,90.25,90.0,27.05390442890443
843,US Open,2021,Hard,2,1,1,0,0,0,0,0,0,0,0,0.0,0.0,0.0,19.5,0.005113704012382425,1.0,0,0,0,0,21.0,124.5,1,0,0,441.0,49.0,-13.946095571095569
844,US Open,2021,Hard,2,1,0,0,1,1,0,0,0,0,0,1.0,1.0,1.0,60.5,0.03633633633633637,31.0,0,0,0,0,13.0,53.5,1,0,1,169.0,63.0,0.053904428904431256
845,US Open,2021,Hard,2,1,1,0,0,0,0,0,0,0,0,0.0,0.0,0.0,341.5,0.09675925925925932,369.0,0,0,0,0,8.0,55.5,1,0,0,64.0,58.0,-4.946095571095569
846,US Open,2021,Hard,2,1,1,0,0,1,0,0,0,0,0,1.0,1.0,1.0,9.0,0.006430370146846442,2.0,0,0,0,1,13.5,82.5,1,1,1,182.25,13.0,-49.94609557109557
847,US Open,2021,Hard,2,0,0,0,0,0,0,0,0,0,0,1.0,1.0,1.0,59.5,0.043425395171096,1.0,0,0,0,0,11.0,19.5,1,0,0,121.0,89.0,26.05390442890443
848,US Open,2021,Hard,2,1,1,0,0,1,0,0,0,0,0,1.0,1.0,1.0,43.5,0.08539453834549438,5.0,0,0,0,1,19.5,169.5,1,1,1,380.25,55.0,-7.946095571095569
849,US Open,2021,Hard,2,0,0,0,0,0,0,0,0,0,0,0.0,0.0,0.0,908.0,0.1590909090909091,1298.0,0,0,0,0,9.5,114.5,1,0,0,90.25,61.0,-1.9460955710955687
850,US Open,2021,Hard,2,1,1,0,0,0,0,0,0,0,0,0.0,0.0,0.0,125.5,0.06617017633966787,91.0,0,0,0,0,13.0,25.5,1,0,0,169.0,39.0,-23.94609557109557
851,US Open,2021,Hard,2,0,0,0,0,0,0,0,0,0,0,1.0,1.0,1.0,325.0,0.258819538670285,476.0,0,0,0,0,9.5,31.0,1,0,0,90.25,51.0,-11.946095571095569
852,US Open,2021,Hard,2,1,1,0,0,1,0,1,0,0,0,0.0,0.0,0.0,147.5,0.2769518975102732,5.0,0,0,1,0,17.0,46.0,0,1,1,289.0,53.5,-9.446095571095569
854,US Open,2021,Hard,2,0,0,0,0,0,0,0,0,0,0,1.0,1.0,1.0,944.5,0.0,267.0,0,0,0,0,0.0,6.0,1,0,0,0.0,91.0,28.05390442890443
855,US Open,2021,Hard,2,0,0,0,0,0,0,0,0,0,0,0.0,1.0,1.0,272.5,,171.0,0,0,0,0,4.0,16.5,1,0,0,16.0,90.5,27.55390442890443
856,US Open,2021,Hard,2,0,0,0,0,1,0,1,0,0,0,1.0,1.0,1.0,128.5,0.06292270531400956,73.0,0,0,0,0,11.5,483.5,0,0,0,132.25,91.0,28.05390442890443
857,US Open,2021,Hard,2,0,0,0,0,0,0,0,0,0,0,1.0,1.0,1.0,341.5,0.2333333333333333,57.0,0,0,0,0,10.5,72.5,1,0,0,110.25,25.0,-37.94609557109557
859,US Open,2021,Hard,2,0,0,0,0,0,0,0,0,0,0,0.0,0.0,0.0,605.0,,842.0,0,0,0,0,7.5,31.5,1,0,0,56.25,45.0,-17.94609557109557
860,US Open,2021,Hard,2,0,0,0,0,1,0,0,0,0,0,0.0,1.0,1.0,48.0,0.06084306095979247,2.0,0,0,0,0,11.5,65.5,1,0,0,132.25,22.0,-40.94609557109557
861,US Open,2021,Hard,2,1,1,0,0,1,0,0,0,0,0,0.0,0.0,0.0,61.5,0.04783163265306123,71.0,0,0,0,1,14.0,46.0,1,1,1,196.0,72.5,9.553904428904431
862,US Open,2021,Hard,2,0,0,0,0,0,0,0,0,0,0,1.0,1.0,1.0,184.0,0.02239229024943307,12.0,0,0,0,0,13.5,4.5,1,0,0,182.25,46.0,-16.94609557109557
863,US Open,2021,Hard,3,0,0,0,0,0,0,0,0,0,0,1.0,1.0,1.0,85.5,0.002501202501202449,7.0,0,0,0,0,5.0,180.0,1,0,0,25.0,91.0,28.05390442890443
864,US Open,2021,Hard,3,1,1,0,0,0,0,0,0,0,0,0.0,0.0,0.0,30.5,0.02002366105860365,7.0,0,0,0,0,18.5,131.0,1,0,0,342.25,61.0,-1.9460955710955687
865,US Open,2021,Hard,3,1,0,0,1,1,0,0,0,0,0,0.0,0.0,0.0,26.5,0.1182914182006741,7.0,0,0,0,0,13.0,58.0,1,0,1,169.0,55.5,-7.446095571095569
866,US Open,2021,Hard,3,1,1,0,0,0,0,0,0,0,0,0.0,0.0,0.0,134.0,0.04870557261956998,80.0,0,0,0,0,17.0,15.5,1,0,0,289.0,77.0,14.053904428904431
867,US Open,2021,Hard,3,0,0,0,0,0,0,0,0,0,0,0.0,0.0,0.0,199.0,0.009065825778478476,46.0,0,0,0,0,12.5,6.5,1,0,0,156.25,64.0,1.0539044289044313
868,US Open,2021,Hard,3,0,0,0,0,1,0,0,0,0,0,0.0,1.0,1.0,133.0,0.122788121249423,160.0,0,0,0,0,7.0,30.0,1,0,0,49.0,71.0,8.053904428904431
869,US Open,2021,Hard,3,1,1,0,0,0,0,0,0,0,0,0.0,1.0,1.0,53.5,0.02477494732809804,19.0,0,0,0,0,9.0,124.5,1,0,0,81.0,90.0,27.05390442890443
870,US Open,2021,Hard,3,1,1,0,0,0,0,0,0,0,0,1.0,1.0,1.0,82.5,0.06932773109243712,53.0,0,0,0,0,7.0,55.5,1,0,0,49.0,60.0,-2.9460955710955687
871,US Open,2021,Hard,3,1,1,0,0,0,0,0,0,0,0,0.0,1.0,1.0,169.5,0.04177545691906004,209.0,0,0,0,0,15.5,19.5,1,0,0,240.25,59.5,-3.4460955710955687
872,US Open,2021,Hard,3,1,1,0,0,0,0,0,0,0,0,1.0,1.0,1.0,114.5,0.1553061224489796,13.0,0,0,0,0,5.5,25.5,1,0,0,30.25,91.0,28.05390442890443
873,US Open,2021,Hard,3,0,0,0,0,0,0,0,0,0,0,0.0,1.0,1.0,46.0,0.0513067008473973,12.0,0,0,0,0,13.5,31.0,1,0,0,182.25,25.0,-37.94609557109557
874,US Open,2021,Hard,3,1,1,0,1,1,0,0,0,0,0,0.0,0.0,0.0,47.0,0.0548736849638588,8.0,0,0,0,1,14.0,6.0,1,1,1,196.0,58.5,-4.446095571095569
875,US Open,2021,Hard,3,1,1,0,0,0,0,0,0,0,0,1.0,1.0,1.0,483.5,0.2380952380952381,577.0,0,0,0,0,6.5,16.5,1,0,0,42.25,91.0,28.05390442890443
877,US Open,2021,Hard,3,1,0,0,1,1,0,1,0,0,0,1.0,1.0,1.0,31.5,0.006165839829907926,1.0,0,0,0,0,7.5,65.5,0,0,1,56.25,75.0,12.053904428904431
878,US Open,2021,Hard,3,1,1,0,1,1,0,1,0,0,0,1.0,1.0,1.0,46.0,0.02179137210984344,18.0,0,0,1,0,15.5,4.5,0,1,1,240.25,71.0,8.053904428904431
879,US Open,2021,Hard,4,0,0,0,0,0,0,0,0,0,0,0.0,0.0,0.0,180.0,0.05315315315315311,210.0,0,0,0,0,14.0,131.0,1,0,0,196.0,65.5,2.5539044289044313
880,US Open,2021,Hard,4,1,1,0,0,0,0,0,0,0,0,0.0,1.0,1.0,58.0,0.01370293451951354,8.0,0,0,0,0,18.0,15.5,1,0,0,324.0,38.0,-24.94609557109557
881,US Open,2021,Hard,4,1,1,0,1,1,0,1,0,0,0,0.0,0.0,0.0,30.0,0.02504245878110745,36.0,0,0,1,0,17.5,6.5,0,1,1,306.25,40.5,-22.44609557109557
882,US Open,2021,Hard,4,0,0,0,0,0,0,0,0,0,0,1.0,1.0,1.0,124.5,0.03613892365456817,23.0,0,0,0,0,7.0,55.5,1,0,0,49.0,91.0,28.05390442890443
883,US Open,2021,Hard,4,0,0,0,0,1,0,1,0,0,0,1.0,1.0,1.0,25.5,0.04917771232204227,19.0,0,0,0,0,15.5,19.5,0,0,0,240.25,80.0,17.05390442890443
884,US Open,2021,Hard,4,0,0,0,0,1,0,1,0,0,0,0.0,0.0,0.0,31.0,0.1248251748251749,14.0,0,0,0,0,12.0,6.0,0,0,0,144.0,53.0,-9.946095571095569
885,US Open,2021,Hard,4,1,1,0,0,1,0,0,0,0,0,0.0,0.0,0.0,197.0,0.129585326953748,110.0,0,0,0,1,4.0,16.5,1,1,1,16.0,65.0,2.0539044289044313
886,US Open,2021,Hard,4,0,0,0,0,0,0,0,0,0,0,0.0,0.0,0.0,65.5,0.01651973786862226,17.0,0,0,0,0,23.0,4.5,1,0,0,529.0,51.5,-11.446095571095569
887,US Open,2021,Hard,5,1,1,0,0,0,0,0,0,0,0,0.0,0.0,0.0,15.5,0.0004611330698287563,5.0,0,0,0,0,14.5,131.0,1,0,0,210.25,48.5,-14.446095571095569
888,US Open,2021,Hard,5,1,1,0,1,1,0,0,0,0,0,1.0,1.0,1.0,55.5,0.1046124124607583,27.0,0,0,0,1,10.0,6.5,1,1,1,100.0,90.0,27.05390442890443
889,US Open,2021,Hard,5,0,0,0,0,0,0,0,0,0,0,1.0,1.0,1.0,6.0,0.0790823211875844,6.0,0,0,0,0,16.0,19.5,1,0,0,256.0,71.0,8.053904428904431
890,US Open,2021,Hard,5,1,1,0,0,1,0,1,0,0,0,0.0,1.0,1.0,4.5,0.01057318491443759,1.0,0,0,1,0,18.0,16.5,0,1,1,324.0,48.5,-14.446095571095569
891,US Open,2021,Hard,6,1,1,0,0,0,0,0,0,0,0,1.0,1.0,1.0,131.0,0.003331403948807043,70.0,0,0,0,0,12.0,6.5,1,0,0,144.0,91.0,28.05390442890443
892,US Open,2021,Hard,6,0,0,0,0,1,0,0,0,0,0,0.0,0.0,0.0,19.5,0.01226670722707635,11.0,0,0,0,0,13.0,16.5,1,0,0,169.0,71.0,8.053904428904431
893,US Open,2021,Hard,7,0,0,0,0,1,0,1,0,0,0,0.0,0.0,0.0,16.5,0.04913998809726816,11.0,0,0,0,0,18.5,6.5,0,0,0,342.25,63.5,0.5539044289044313
894,Wimbledon,2021,Grass,2,0,0,0,0,0,0,0,0,0,0,0.0,0.0,0.0,76.5,0.1377350528786561,9.0,0,0,0,0,18.5,2.0,1,0,0,342.25,46.5,-16.44609557109557
895,Wimbledon,2021,Grass,2,1,1,0,0,0,0,0,0,0,0,1.0,1.0,1.0,712.5,0.4625,563.0,0,0,0,0,0.0,79.0,1,0,0,0.0,89.0,26.05390442890443
896,Wimbledon,2021,Grass,2,1,1,0,0,0,0,0,0,0,0,0.0,0.0,0.0,656.5,0.07565011820330969,501.0,0,0,0,0,9.0,51.0,1,0,0,81.0,42.5,-20.44609557109557
897,Wimbledon,2021,Grass,2,0,0,0,0,1,0,0,0,0,0,0.0,0.0,0.0,722.5,0.07692307692307693,645.0,0,0,0,0,9.0,36.0,1,0,0,81.0,59.5,-3.4460955710955687
898,Wimbledon,2021,Grass,2,0,0,0,0,1,0,1,0,0,0,1.0,1.0,1.0,20.5,0.04917771232204227,13.0,0,0,0,0,15.5,91.0,0,0,0,240.25,80.0,17.05390442890443
899,Wimbledon,2021,Grass,2,1,1,0,0,0,0,0,0,0,0,1.0,1.0,1.0,247.5,0.08205980066445179,301.0,0,0,0,0,12.0,856.0,1,0,0,144.0,58.0,-4.946095571095569
900,Wimbledon,2021,Grass,2,1,1,0,0,1,0,0,0,0,0,0.0,0.0,0.0,64.5,0.1031000919681178,79.0,0,0,0,0,17.5,63.5,1,0,0,306.25,61.0,-1.9460955710955687
901,Wimbledon,2021,Grass,2,0,0,0,0,1,0,0,0,0,0,1.0,1.0,1.0,82.5,0.002501202501202449,7.0,0,0,0,0,5.0,18.0,1,0,0,25.0,91.0,28.05390442890443
902,Wimbledon,2021,Grass,2,0,0,0,0,0,0,0,0,0,0,0.0,0.0,0.0,313.0,0.01836897179253871,458.0,0,0,0,0,20.0,4.5,1,0,0,400.0,48.5,-14.446095571095569
904,Wimbledon,2021,Grass,2,1,1,0,0,0,0,0,0,0,0,1.0,1.0,1.0,841.0,,608.0,0,0,0,0,0.0,64.0,1,0,0,0.0,89.0,26.05390442890443
905,Wimbledon,2021,Grass,2,1,1,0,0,1,0,1,0,0,0,1.0,1.0,1.0,135.5,0.0162303947350676,223.0,0,0,0,0,9.0,37.5,0,0,0,81.0,90.0,27.05390442890443
906,Wimbledon,2021,Grass,2,1,1,1,0,1,0,1,0,0,0,0.0,0.0,0.0,27.5,0.05237538940809972,23.0,0,0,0,0,11.0,71.5,0,0,1,121.0,73.0,10.053904428904431
907,Wimbledon,2021,Grass,2,1,1,0,0,0,0,0,0,0,0,0.0,0.0,0.0,61.5,0.01842025469981812,27.0,0,0,0,0,11.0,52.5,1,0,0,121.0,80.0,17.05390442890443
908,Wimbledon,2021,Grass,2,0,0,0,0,1,0,1,0,0,0,0.0,0.0,0.0,248.5,0.2023350987000482,215.0,0,0,0,0,13.0,370.5,0,0,0,169.0,33.5,-29.44609557109557
909,Wimbledon,2021,Grass,2,0,0,0,0,0,0,0,0,0,0,0.0,0.0,0.0,941.0,0.01666666666666668,1174.0,0,0,0,0,8.0,11.5,1,0,0,64.0,50.5,-12.446095571095569
910,Wimbledon,2021,Grass,2,0,0,0,0,0,0,0,0,0,0,0.0,0.0,0.0,256.0,,324.0,0,0,0,0,5.0,8.5,1,0,0,25.0,51.5,-11.446095571095569
911,Wimbledon,2021,Grass,2,1,1,0,0,0,0,0,0,0,0,1.0,1.0,1.0,224.0,0.1028622540250447,152.0,0,0,0,0,3.5,163.0,1,0,0,12.25,35.0,-27.94609557109557
912,Wimbledon,2021,Grass,2,1,0,1,0,1,0,0,0,0,0,1.0,1.0,1.0,244.0,0.2142857142857143,282.0,0,0,0,0,24.0,142.5,1,0,1,576.0,51.0,-11.946095571095569
914,Wimbledon,2021,Grass,2,0,0,0,0,0,0,0,0,0,0,1.0,1.0,1.0,28.5,0.006165839829907926,1.0,0,0,0,0,7.5,42.5,1,0,0,56.25,75.0,12.053904428904431
915,Wimbledon,2021,Grass,2,1,1,0,0,0,0,0,0,0,0,1.0,1.0,1.0,130.0,0.1939862718983711,158.0,0,0,0,0,9.5,924.5,1,0,0,90.25,91.0,28.05390442890443
916,Wimbledon,2021,Grass,2,0,0,0,0,0,0,0,0,0,0,1.0,1.0,1.0,367.0,0.0394736842105263,226.0,0,0,0,0,7.0,42.0,1,0,0,49.0,89.0,26.05390442890443
917,Wimbledon,2021,Grass,2,0,0,0,0,0,0,0,0,0,0,1.0,1.0,1.0,140.0,0.0743535988819008,50.0,0,0,0,0,12.5,8.5,1,0,0,156.25,25.0,-37.94609557109557
918,Wimbledon,2021,Grass,2,1,1,0,0,1,0,0,0,0,0,0.0,1.0,1.0,139.5,0.1396612740141557,105.0,0,0,0,1,15.5,17.5,1,1,1,240.25,85.5,22.55390442890443
919,Wimbledon,2021,Grass,2,1,1,0,0,1,0,1,0,0,0,0.0,0.0,0.0,51.5,0.07140883614451488,5.0,0,0,1,0,17.5,42.0,0,1,1,306.25,34.0,-28.94609557109557
920,Wimbledon,2021,Grass,2,1,1,0,0,1,0,0,0,0,0,0.0,1.0,1.0,260.5,,291.0,0,0,0,1,13.0,41.0,1,1,1,169.0,29.0,-33.94609557109557
921,Wimbledon,2021,Grass,2,1,1,0,0,0,0,0,0,0,0,1.0,1.0,1.0,57.0,0.08951800443297836,38.0,0,0,0,0,18.0,24.0,1,0,0,324.0,48.0,-14.946095571095569
922,Wimbledon,2021,Grass,2,1,1,0,0,1,0,1,0,0,0,0.0,0.0,0.0,71.5,0.06856152233510726,13.0,0,0,1,0,11.5,35.0,0,1,1,132.25,61.0,-1.9460955710955687
923,Wimbledon,2021,Grass,2,1,1,0,0,1,0,0,0,0,0,0.0,0.0,0.0,93.0,0.01957265318187584,10.0,0,0,0,0,0.0,258.0,1,0,0,0.0,61.5,-1.4460955710955687
924,Wimbledon,2021,Grass,2,0,0,0,0,0,0,0,0,0,0,0.0,0.0,0.0,132.5,0.0645640074211502,75.0,0,0,0,0,17.0,47.5,1,0,0,289.0,62.5,-0.44609557109556874
925,Wimbledon,2021,Grass,2,0,0,0,0,0,0,0,0,0,0,0.0,1.0,1.0,385.0,0.2714646464646465,322.0,0,0,0,0,13.5,4.0,1,0,0,182.25,48.5,-14.446095571095569
926,Wimbledon,2021,Grass,3,0,0,0,0,0,0,0,0,0,0,1.0,1.0,1.0,79.0,0.01827875095201831,22.0,0,0,0,0,9.0,2.0,1,0,0,81.0,90.0,27.05390442890443
928,Wimbledon,2021,Grass,3,0,0,0,0,1,0,1,0,0,0,1.0,1.0,1.0,856.0,0.3,374.0,0,0,0,0,0.0,91.0,0,0,0,0.0,89.0,26.05390442890443
929,Wimbledon,2021,Grass,3,0,0,0,0,0,0,0,0,0,0,1.0,1.0,1.0,63.5,0.06080233079336622,57.0,0,0,0,0,19.0,18.0,1,0,0,361.0,80.0,17.05390442890443
930,Wimbledon,2021,Grass,3,1,1,0,0,0,0,0,0,0,0,1.0,1.0,1.0,138.5,0.305835892935498,99.0,0,0,0,0,10.0,4.5,1,0,0,100.0,38.0,-24.94609557109557
931,Wimbledon,2021,Grass,3,0,0,0,0,0,0,0,0,0,0,1.0,1.0,1.0,64.0,0.03253241800152551,6.0,0,0,0,0,8.0,37.5,1,0,0,64.0,89.0,26.05390442890443
932,Wimbledon,2021,Grass,3,1,1,0,0,1,0,0,0,0,0,1.0,1.0,1.0,71.5,0.1006400276768726,3.0,0,0,0,1,12.0,52.5,1,1,1,144.0,90.0,27.05390442890443
933,Wimbledon,2021,Grass,3,0,0,0,0,0,0,0,0,0,0,0.0,0.0,0.0,370.5,0.01818181818181819,171.0,1,0,0,0,12.0,11.5,1,0,0,144.0,78.0,15.053904428904431
934,Wimbledon,2021,Grass,3,1,1,0,0,1,0,0,0,0,0,0.0,0.0,0.0,8.5,0.004037674425954929,1.0,0,0,0,0,16.5,163.0,1,0,0,272.25,42.5,-20.44609557109557
935,Wimbledon,2021,Grass,3,1,1,0,0,0,0,0,0,0,0,0.0,0.0,0.0,20.5,0.0004611330698287563,1.0,0,0,0,0,14.5,142.5,1,0,0,210.25,48.5,-14.446095571095569
936,Wimbledon,2021,Grass,3,1,1,0,0,1,0,0,0,0,0,0.0,1.0,1.0,924.5,0.1734693877551021,1181.0,0,0,0,0,5.0,42.5,1,0,0,25.0,77.5,14.553904428904431
937,Wimbledon,2021,Grass,3,1,1,1,0,1,0,0,0,0,0,1.0,1.0,1.0,42.0,0.1482898289828982,48.0,0,0,0,1,11.5,8.5,1,1,1,132.25,89.0,26.05390442890443
938,Wimbledon,2021,Grass,3,1,1,0,0,1,0,1,0,0,0,0.0,0.0,0.0,17.5,0.04913998809726816,9.0,0,0,1,0,18.5,42.0,0,1,1,342.25,63.5,0.5539044289044313
939,Wimbledon,2021,Grass,3,1,1,0,0,0,0,0,0,0,0,0.0,0.0,0.0,24.0,,18.0,0,0,0,0,13.0,41.0,1,0,0,169.0,67.0,4.053904428904431
940,Wimbledon,2021,Grass,3,0,0,0,0,1,0,1,0,0,0,0.0,0.0,0.0,258.0,0.1614035087719298,194.0,0,0,0,0,9.5,35.0,0,0,0,90.25,63.5,0.5539044289044313
942,Wimbledon,2021,Grass,4,1,0,0,1,1,0,0,0,0,0,0.0,1.0,1.0,51.0,0.0513067008473973,12.0,0,0,0,0,13.5,2.0,1,0,1,182.25,25.0,-37.94609557109557
944,Wimbledon,2021,Grass,4,0,0,0,0,1,0,0,0,0,0,1.0,1.0,1.0,37.5,0.2293972044263251,11.0,0,0,0,0,7.0,4.5,1,0,0,49.0,90.0,27.05390442890443
945,Wimbledon,2021,Grass,4,1,0,0,1,1,0,0,0,0,0,0.0,1.0,1.0,52.5,0.06084306095979247,1.0,0,0,0,0,11.5,11.5,1,0,1,132.25,22.0,-40.94609557109557
947,Wimbledon,2021,Grass,4,1,1,0,1,1,0,0,0,0,0,0.0,0.0,0.0,42.5,0.04032485181910472,25.0,0,0,0,0,23.0,8.5,1,0,1,529.0,34.5,-28.44609557109557
948,Wimbledon,2021,Grass,4,0,0,0,0,1,0,0,0,0,0,0.0,0.0,0.0,42.0,0.07398268398268404,4.0,0,0,0,0,16.0,41.0,1,0,0,256.0,59.5,-3.4460955710955687
949,Wimbledon,2021,Grass,4,1,1,0,1,1,0,1,0,0,0,1.0,1.0,1.0,47.5,0.02179137210984344,21.0,0,0,1,0,15.5,35.0,0,1,1,240.25,71.0,8.053904428904431
950,Wimbledon,2021,Grass,5,0,0,0,0,1,0,1,0,0,0,0.0,0.0,0.0,18.0,0.005113704012382425,2.0,0,0,0,0,21.0,2.0,0,0,0,441.0,49.0,-13.946095571095569
951,Wimbledon,2021,Grass,5,1,0,0,1,1,0,0,0,0,0,1.0,1.0,1.0,4.5,0.006430370146846442,1.0,0,0,0,0,13.5,11.5,1,0,1,182.25,13.0,-49.94609557109557
952,Wimbledon,2021,Grass,5,0,0,0,0,1,0,0,0,0,0,0.0,0.0,0.0,142.5,0.05161290322580636,125.0,0,0,0,0,4.5,8.5,1,0,0,20.25,70.0,7.053904428904431
953,Wimbledon,2021,Grass,5,1,1,0,0,1,0,0,0,0,0,0.0,0.0,0.0,35.0,0.1182914182006741,24.0,0,0,0,0,13.0,41.0,1,0,0,169.0,55.5,-7.446095571095569
954,Wimbledon,2021,Grass,6,1,1,0,1,1,0,0,0,0,0,0.0,1.0,1.0,11.5,0.06283712425079746,1.0,0,0,0,0,12.0,2.0,1,0,1,144.0,90.0,27.05390442890443
955,Wimbledon,2021,Grass,6,1,0,0,1,1,0,0,0,0,0,0.0,0.0,0.0,41.0,0.02002366105860365,10.0,0,0,0,0,18.5,8.5,1,0,1,342.25,61.0,-1.9460955710955687
956,Wimbledon,2021,Grass,7,1,1,0,0,1,0,0,0,0,0,0.0,1.0,1.0,8.5,0.01057318491443759,3.0,0,0,0,0,18.0,2.0,1,0,0,324.0,48.5,-14.446095571095569
957,Australian Open,2022,Hard,2,1,1,0,0,1,0,1,1,1,0,1.0,1.0,1.0,199.5,0.02239229024943307,57.0,0,0,0,0,14.5,1.5,0,0,0,210.25,46.0,-16.94609557109557
958,Australian Open,2022,Hard,2,0,0,0,0,0,0,0,1,1,0,1.0,1.0,1.0,969.5,0.03243243243243249,469.0,0,0,0,0,11.0,346.5,1,0,0,121.0,90.0,27.05390442890443
959,Australian Open,2022,Hard,2,0,0,0,0,0,0,0,1,1,0,0.0,1.0,1.0,179.0,,178.0,0,0,0,0,14.0,86.5,1,0,0,196.0,29.0,-33.94609557109557
960,Australian Open,2022,Hard,2,0,0,0,0,0,0,0,1,1,0,0.0,1.0,1.0,38.0,0.0513067008473973,4.0,0,0,0,0,14.5,43.0,1,0,0,210.25,25.0,-37.94609557109557
961,Australian Open,2022,Hard,2,1,1,0,0,0,0,0,1,1,0,1.0,1.0,1.0,29.5,0.006165839829907926,7.0,0,0,0,0,8.5,86.5,1,0,0,72.25,75.0,12.053904428904431
963,Australian Open,2022,Hard,2,0,0,0,0,0,0,0,1,1,0,0.0,0.0,0.0,289.5,0.2,127.0,1,0,0,0,11.5,281.0,1,0,0,132.25,50.5,-12.446095571095569
964,Australian Open,2022,Hard,2,1,1,0,0,0,0,0,1,1,0,1.0,1.0,1.0,134.5,0.06292270531400956,71.0,0,0,0,0,12.5,16.5,1,0,0,156.25,91.0,28.05390442890443
965,Australian Open,2022,Hard,2,0,0,0,0,0,0,0,1,1,0,0.0,0.0,0.0,314.0,0.07355623100303949,18.0,0,0,0,0,10.5,6.5,1,0,0,110.25,52.0,-10.946095571095569
966,Australian Open,2022,Hard,2,0,0,0,0,0,0,0,1,1,0,0.0,1.0,1.0,248.5,0.157176906779661,99.0,0,0,0,0,11.0,72.0,1,0,0,121.0,90.5,27.55390442890443
967,Australian Open,2022,Hard,2,0,0,0,0,0,0,0,1,1,0,1.0,1.0,1.0,151.0,0.0743535988819008,114.0,0,0,0,0,13.5,110.0,1,0,0,182.25,25.0,-37.94609557109557
968,Australian Open,2022,Hard,2,1,1,0,1,1,0,1,1,1,0,0.0,0.0,0.0,33.5,0.05669137352422804,7.0,0,0,1,0,14.5,209.5,0,1,1,210.25,49.5,-13.446095571095569
969,Australian Open,2022,Hard,2,1,1,0,0,0,0,0,1,1,0,0.0,1.0,1.0,41.5,0.01370293451951354,13.0,0,0,0,0,19.0,27.5,1,0,0,361.0,38.0,-24.94609557109557
970,Australian Open,2022,Hard,2,1,1,0,0,0,0,0,1,1,0,1.0,1.0,1.0,550.5,0.09076923076923077,299.0,0,0,0,0,4.0,59.5,1,0,0,16.0,90.0,27.05390442890443
971,Australian Open,2022,Hard,2,0,0,0,0,1,0,1,1,1,0,1.0,1.0,1.0,133.5,0.2163947163947164,113.0,0,0,0,0,11.0,571.0,0,0,0,121.0,90.0,27.05390442890443
972,Australian Open,2022,Hard,2,0,0,0,0,0,0,0,1,1,0,1.0,1.0,1.0,45.5,0.02414476428869422,45.0,0,0,0,0,10.0,10.5,1,0,0,100.0,90.0,27.05390442890443
973,Australian Open,2022,Hard,2,1,1,0,0,1,0,0,1,1,0,1.0,1.0,1.0,18.0,0.09982034950187813,26.0,0,0,0,0,19.0,56.0,1,0,0,361.0,71.0,8.053904428904431
974,Australian Open,2022,Hard,2,0,0,0,0,0,0,0,1,1,0,0.0,0.0,0.0,66.5,0.2445639734493019,33.0,0,0,0,0,4.5,934.0,1,0,0,20.25,49.5,-13.446095571095569
975,Australian Open,2022,Hard,2,1,0,0,1,1,0,1,1,1,0,1.0,1.0,1.0,951.0,0.3611111111111111,1164.0,1,0,0,0,6.0,282.5,0,0,1,36.0,76.0,13.053904428904431
976,Australian Open,2022,Hard,2,0,0,0,0,0,0,0,1,1,0,0.0,1.0,1.0,71.0,0.0802888315451129,10.0,0,0,0,0,15.0,20.5,1,0,0,225.0,71.0,8.053904428904431
977,Australian Open,2022,Hard,2,1,1,0,0,1,0,0,1,1,0,0.0,0.0,0.0,40.5,0.04076222487260117,25.0,0,0,0,0,18.5,38.0,1,0,0,342.25,67.5,4.553904428904431
978,Australian Open,2022,Hard,2,0,0,0,0,1,0,1,1,1,0,0.0,0.0,0.0,200.5,0.2226495726495727,257.0,0,0,0,0,7.5,57.0,0,0,0,56.25,78.0,15.053904428904431
979,Australian Open,2022,Hard,2,1,1,0,0,0,0,0,1,1,0,0.0,0.0,0.0,63.0,0.09016255369325366,2.0,0,0,0,0,15.0,44.5,1,0,0,225.0,62.5,-0.44609557109556874
980,Australian Open,2022,Hard,2,1,1,0,0,0,0,0,1,1,0,0.0,1.0,1.0,232.0,0.1734693877551021,64.0,1,0,0,0,6.0,10.0,1,0,0,36.0,77.5,14.553904428904431
981,Australian Open,2022,Hard,2,0,0,0,0,0,0,0,1,1,0,1.0,1.0,1.0,164.5,0.1944146079484426,115.0,0,0,0,0,9.5,17.5,1,0,0,90.25,90.0,27.05390442890443
982,Australian Open,2022,Hard,2,0,0,0,0,0,0,0,1,1,0,0.0,1.0,1.0,385.5,,293.0,0,0,0,0,13.5,68.5,1,0,0,182.25,48.5,-14.446095571095569
983,Australian Open,2022,Hard,2,0,0,0,0,0,0,0,1,1,0,1.0,1.0,1.0,74.5,0.001301236174365616,15.0,0,0,0,0,6.0,59.0,1,0,0,36.0,38.0,-24.94609557109557
984,Australian Open,2022,Hard,2,0,0,0,0,1,0,1,1,1,0,0.0,1.0,1.0,105.0,0.2519636720667649,118.0,0,0,0,0,15.0,18.5,0,0,0,225.0,71.0,8.053904428904431
986,Australian Open,2022,Hard,2,1,1,0,0,1,0,1,1,1,0,0.0,0.0,0.0,43.5,,1.0,0,0,0,0,19.0,144.5,0,0,0,361.0,59.5,-3.4460955710955687
988,Australian Open,2022,Hard,2,0,0,0,0,0,0,0,1,1,0,0.0,0.0,0.0,346.0,0.191044776119403,146.0,0,0,0,0,9.5,3.5,1,0,0,90.25,31.0,-31.94609557109557
989,Australian Open,2022,Hard,3,1,1,0,0,0,0,0,1,1,0,1.0,1.0,1.0,1.5,0.03741686333404848,1.0,0,0,0,0,12.5,346.5,1,0,0,156.25,33.0,-29.94609557109557
990,Australian Open,2022,Hard,3,1,1,0,0,1,0,0,1,1,0,1.0,1.0,1.0,86.5,0.07516497666183797,35.0,0,0,0,0,9.5,43.0,1,0,0,90.25,67.0,4.053904428904431
991,Australian Open,2022,Hard,3,1,1,0,0,1,0,1,1,1,0,1.0,1.0,1.0,86.5,0.002501202501202449,5.0,0,0,1,0,6.0,877.5,0,1,1,36.0,91.0,28.05390442890443
992,Australian Open,2022,Hard,3,0,0,0,0,0,0,0,1,1,0,0.0,0.0,0.0,281.0,0.0844854070660522,172.0,0,0,0,0,7.5,16.5,1,0,0,56.25,61.0,-1.9460955710955687
993,Australian Open,2022,Hard,3,0,0,0,0,0,0,0,1,1,0,0.0,0.0,0.0,72.0,0.1033125371360666,14.0,0,0,0,0,13.0,6.5,1,0,0,169.0,64.0,1.0539044289044313
994,Australian Open,2022,Hard,3,1,1,0,0,0,0,0,1,1,0,1.0,1.0,1.0,209.5,0.03869674185463656,277.0,0,0,0,0,11.5,110.0,1,0,0,132.25,80.0,17.05390442890443
995,Australian Open,2022,Hard,3,1,1,0,0,1,0,0,1,1,0,1.0,1.0,1.0,59.5,0.0811477883048699,43.0,0,0,0,1,13.0,27.5,1,1,1,169.0,91.0,28.05390442890443
996,Australian Open,2022,Hard,3,0,0,0,0,1,0,0,1,1,0,1.0,1.0,1.0,571.0,0.1054945054945055,158.0,0,0,0,0,1.0,10.5,1,0,0,1.0,90.0,27.05390442890443
997,Australian Open,2022,Hard,3,1,0,0,1,1,0,1,1,1,0,0.0,0.0,0.0,56.0,0.03397368914610294,28.0,0,0,0,0,20.5,934.0,0,0,1,420.25,26.5,-36.44609557109557
998,Australian Open,2022,Hard,3,0,0,0,0,0,0,0,1,1,0,0.0,0.0,0.0,282.5,0.1004983388704319,243.0,0,0,0,0,9.5,20.5,1,0,0,90.25,52.5,-10.446095571095569
999,Australian Open,2022,Hard,3,0,0,0,0,0,0,0,1,1,0,1.0,1.0,1.0,57.0,0.07595781317262151,6.0,0,0,0,0,15.0,38.0,1,0,0,225.0,89.0,26.05390442890443
1000,Australian Open,2022,Hard,3,0,0,0,0,1,0,1,1,1,0,1.0,1.0,1.0,10.0,0.006430370146846442,0.0,0,0,0,0,14.5,44.5,0,0,0,210.25,13.0,-49.94609557109557
1001,Australian Open,2022,Hard,3,1,1,0,0,1,0,1,1,1,0,0.0,0.0,0.0,68.5,0.02743182053526882,11.0,0,0,1,0,10.5,17.5,0,1,1,110.25,76.0,13.053904428904431
1002,Australian Open,2022,Hard,3,1,1,0,0,0,0,0,1,1,0,0.0,0.0,0.0,18.5,5.719722593455767e-05,11.0,0,0,0,0,21.0,59.0,1,0,0,441.0,35.5,-27.44609557109557
1003,Australian Open,2022,Hard,3,1,1,0,0,0,0,0,1,1,0,0.0,0.0,0.0,144.5,,15.0,0,0,0,0,14.0,772.5,1,0,0,196.0,23.0,-39.94609557109557
1004,Australian Open,2022,Hard,3,0,0,0,0,0,0,0,1,1,0,0.0,0.0,0.0,77.0,0.003304891239033769,50.0,0,0,0,0,17.5,3.5,1,0,0,306.25,76.5,13.553904428904431
1005,Australian Open,2022,Hard,4,0,0,0,0,1,0,0,1,1,0,0.0,1.0,1.0,43.0,0.06084306095979247,8.0,0,0,0,0,12.5,346.5,1,0,0,156.25,22.0,-40.94609557109557
1007,Australian Open,2022,Hard,4,0,0,0,0,0,0,0,1,1,0,1.0,1.0,1.0,110.0,0.04477611940298504,60.0,0,0,0,0,12.5,6.5,1,0,0,156.25,51.0,-11.946095571095569
1008,Australian Open,2022,Hard,4,0,0,0,0,0,0,0,1,1,0,1.0,1.0,1.0,27.5,0.08426573426573425,27.0,0,0,0,0,10.5,10.5,1,0,0,110.25,67.0,4.053904428904431
1009,Australian Open,2022,Hard,4,0,0,0,0,0,0,0,1,1,0,0.0,0.0,0.0,934.0,0.09090909090909088,470.0,1,0,0,0,7.5,20.5,1,0,0,56.25,54.5,-8.446095571095569
1010,Australian Open,2022,Hard,4,1,1,0,0,0,0,0,1,1,0,0.0,0.0,0.0,38.0,0.1182914182006741,22.0,0,0,0,0,14.0,44.5,1,0,0,196.0,55.5,-7.446095571095569
1011,Australian Open,2022,Hard,4,1,1,0,0,1,0,1,1,1,0,0.0,0.0,0.0,17.5,0.04913998809726816,3.0,0,0,0,0,19.5,59.0,0,0,0,380.25,63.5,0.5539044289044313
1012,Australian Open,2022,Hard,4,0,0,0,0,0,0,0,1,1,0,1.0,1.0,1.0,772.5,0.2597402597402597,413.0,0,0,0,0,0.0,3.5,1,0,0,0.0,90.0,27.05390442890443
1013,Australian Open,2022,Hard,5,0,0,0,0,1,0,0,1,1,0,0.0,0.0,0.0,16.5,0.05237538940809972,3.0,0,0,0,0,12.0,346.5,1,0,0,144.0,73.0,10.053904428904431
1014,Australian Open,2022,Hard,5,1,1,0,0,0,0,0,1,1,0,0.0,0.0,0.0,10.5,0.01226670722707635,3.0,0,0,0,0,14.0,6.5,1,0,0,196.0,71.0,8.053904428904431
1015,Australian Open,2022,Hard,5,1,0,0,1,1,0,1,1,1,0,0.0,0.0,0.0,20.5,0.0005411255411255089,1.0,0,0,0,0,12.0,44.5,0,0,1,144.0,84.5,21.55390442890443
1016,Australian Open,2022,Hard,5,0,0,0,0,0,0,0,1,1,0,1.0,1.0,1.0,59.0,0.07673039392159464,68.0,0,0,0,0,18.5,3.5,1,0,0,342.25,76.0,13.053904428904431
1017,Australian Open,2022,Hard,6,1,1,0,0,0,0,0,1,1,0,0.0,1.0,1.0,6.5,0.01057318491443759,1.0,0,0,0,0,19.0,346.5,1,0,0,361.0,48.5,-14.446095571095569
1018,Australian Open,2022,Hard,6,1,1,0,0,0,0,0,1,1,0,0.0,1.0,1.0,3.5,0.06283712425079746,1.0,0,0,0,0,13.0,44.5,1,0,0,169.0,90.0,27.05390442890443
1019,Australian Open,2022,Hard,7,0,0,0,0,0,0,0,1,1,0,1.0,1.0,1.0,44.5,0.1046124124607583,21.0,0,0,0,0,11.0,346.5,1,0,0,121.0,90.0,27.05390442890443
1020,Roland Garros,2022,Clay,2,0,0,0,0,0,0,0,1,1,0,0.0,0.0,0.0,246.5,0.09090909090909088,51.0,1,0,0,0,7.5,1.5,1,0,0,56.25,54.5,-8.446095571095569
1021,Roland Garros,2022,Clay,2,0,0,0,0,0,0,0,1,1,0,0.0,0.0,0.0,515.5,0.2066826362017075,519.0,0,0,0,0,14.0,448.0,1,0,0,196.0,32.0,-30.94609557109557
1022,Roland Garros,2022,Clay,2,0,0,0,0,1,0,1,1,1,0,0.0,0.0,0.0,79.0,,14.0,0,0,0,0,13.0,352.5,0,0,0,169.0,45.5,-17.44609557109557
1023,Roland Garros,2022,Clay,2,0,0,0,0,0,0,0,1,1,0,0.0,0.0,0.0,524.0,0.03333333333333333,484.0,0,0,0,0,14.0,32.5,1,0,0,196.0,26.0,-36.94609557109557
1025,Roland Garros,2022,Clay,2,1,1,0,0,0,0,0,1,1,0,0.0,0.0,0.0,368.5,0.292063492063492,577.0,0,0,0,0,7.5,49.5,1,0,0,56.25,75.5,12.553904428904431
1026,Roland Garros,2022,Clay,2,1,1,0,0,0,0,0,1,1,0,1.0,1.0,1.0,68.0,0.04477611940298504,34.0,0,0,0,0,12.5,91.0,1,0,0,156.25,51.0,-11.946095571095569
1027,Roland Garros,2022,Clay,2,1,1,0,0,0,0,0,1,1,0,0.0,0.0,0.0,16.0,0.01226670722707635,2.0,0,0,0,0,14.0,34.5,1,0,0,196.0,71.0,8.053904428904431
1028,Roland Garros,2022,Clay,2,0,0,0,0,0,0,0,1,1,0,1.0,1.0,1.0,820.5,,385.0,0,0,0,0,8.0,7.0,1,0,0,64.0,71.0,8.053904428904431
1029,Roland Garros,2022,Clay,2,1,1,0,0,0,0,0,1,1,0,1.0,1.0,1.0,179.5,0.0721834496510469,53.0,0,0,0,0,12.0,250.5,1,0,0,144.0,71.0,8.053904428904431
1030,Roland Garros,2022,Clay,2,0,0,0,0,1,0,0,1,1,0,0.0,0.0,0.0,96.0,0.06590574374079533,16.0,0,0,0,0,9.0,89.5,1,0,0,81.0,70.0,7.053904428904431
1031,Roland Garros,2022,Clay,2,1,1,0,0,0,0,0,1,1,0,1.0,1.0,1.0,32.0,0.1046124124607583,2.0,0,0,0,0,11.0,112.5,1,0,0,121.0,90.0,27.05390442890443
1032,Roland Garros,2022,Clay,2,0,0,0,0,0,0,0,1,1,0,0.0,1.0,1.0,93.0,0.04177545691906004,38.0,1,0,0,0,16.5,20.5,1,0,0,272.25,59.5,-3.4460955710955687
1033,Roland Garros,2022,Clay,2,0,0,0,0,1,0,1,1,1,0,0.0,0.0,0.0,55.0,0.03397368914610294,10.0,0,0,0,0,20.5,238.0,0,0,0,420.25,26.5,-36.44609557109557
1034,Roland Garros,2022,Clay,2,1,1,0,0,0,0,0,1,1,0,1.0,1.0,1.0,358.5,0.1964285714285714,81.0,0,0,0,0,9.5,83.0,1,0,0,90.25,67.0,4.053904428904431
1035,Roland Garros,2022,Clay,2,0,0,0,0,1,0,1,1,1,0,1.0,1.0,1.0,364.5,0.1374269005847953,223.0,0,0,0,0,6.5,12.0,0,0,0,42.25,80.0,17.05390442890443
1036,Roland Garros,2022,Clay,2,0,0,0,0,0,0,0,1,1,0,0.0,0.0,0.0,374.5,,305.0,0,0,0,0,10.5,14.0,1,0,0,110.25,64.5,1.5539044289044313
1037,Roland Garros,2022,Clay,2,1,0,0,1,1,0,0,1,1,0,0.0,0.0,0.0,104.5,0.0782008212019411,27.0,0,0,0,0,0.0,154.5,1,0,1,0.0,36.0,-26.94609557109557
1038,Roland Garros,2022,Clay,2,1,1,0,0,1,0,1,1,1,0,0.0,0.0,0.0,396.0,0.114045618247299,502.0,0,0,1,0,14.0,280.0,0,1,1,196.0,31.0,-31.94609557109557
1039,Roland Garros,2022,Clay,2,1,1,0,0,0,0,0,1,1,0,0.0,0.0,0.0,62.5,0.1303181440338547,3.0,0,0,0,0,13.0,27.5,1,0,0,169.0,42.5,-20.44609557109557
1040,Roland Garros,2022,Clay,2,0,0,0,0,0,0,0,1,1,0,0.0,1.0,1.0,31.5,0.01370293451951354,13.0,0,0,0,0,19.0,55.0,1,0,0,361.0,38.0,-24.94609557109557
1041,Roland Garros,2022,Clay,2,0,0,0,0,0,0,0,1,1,0,0.0,0.0,0.0,222.0,0.1097842835130971,66.0,0,0,0,0,8.0,74.5,1,0,0,64.0,77.0,14.053904428904431
1042,Roland Garros,2022,Clay,2,1,1,0,0,0,0,0,1,1,0,0.0,0.0,0.0,333.5,0.03068783068783071,61.0,0,0,0,0,14.0,120.0,1,0,0,196.0,41.5,-21.44609557109557
1043,Roland Garros,2022,Clay,2,1,1,0,0,1,0,0,1,1,0,1.0,1.0,1.0,5.5,0.0790823211875844,3.0,0,0,0,1,17.0,50.5,1,1,1,289.0,71.0,8.053904428904431
1044,Roland Garros,2022,Clay,2,1,1,0,0,0,0,0,1,1,0,1.0,1.0,1.0,9.0,0.006430370146846442,0.0,0,0,0,0,14.5,320.0,1,0,0,210.25,13.0,-49.94609557109557
1045,Roland Garros,2022,Clay,2,1,1,0,1,1,0,0,1,1,0,0.0,1.0,1.0,46.5,0.0513067008473973,1.0,0,0,0,1,14.5,58.5,1,1,1,210.25,25.0,-37.94609557109557
1046,Roland Garros,2022,Clay,2,0,0,0,0,0,0,0,1,1,0,1.0,1.0,1.0,390.0,0.0392992424242424,78.0,0,0,0,0,8.0,42.5,1,0,0,64.0,46.0,-16.94609557109557
1047,Roland Garros,2022,Clay,2,0,0,0,0,0,0,0,1,1,0,1.0,1.0,1.0,18.5,0.08426573426573425,9.0,0,0,0,0,10.5,53.0,1,0,0,110.25,67.0,4.053904428904431
1048,Roland Garros,2022,Clay,2,0,0,0,0,0,0,0,1,1,0,1.0,1.0,1.0,479.5,0.02272727272727271,13.0,0,0,0,0,1.0,32.5,1,0,0,1.0,71.0,8.053904428904431
1049,Roland Garros,2022,Clay,2,0,0,0,0,0,0,0,1,1,0,0.0,0.0,0.0,566.0,0.3821252638986629,978.0,0,0,0,0,5.0,38.5,1,0,0,25.0,42.0,-20.94609557109557
1050,Roland Garros,2022,Clay,2,0,0,0,0,0,0,0,1,1,0,1.0,1.0,1.0,557.0,0.01704260651629072,674.0,0,0,0,0,12.0,52.0,1,0,0,144.0,71.0,8.053904428904431
1051,Roland Garros,2022,Clay,2,0,0,0,0,0,0,0,1,1,0,0.0,0.0,0.0,53.0,0.01267281105990792,26.0,0,0,0,0,6.0,4.0,1,0,0,36.0,58.5,-4.446095571095569
1052,Roland Garros,2022,Clay,3,1,1,0,0,0,0,0,1,1,0,0.0,0.0,0.0,448.0,0.01847826086956517,648.0,0,0,0,0,11.5,1.5,1,0,0,132.25,58.0,-4.946095571095569
1053,Roland Garros,2022,Clay,3,0,0,0,0,0,0,0,1,1,0,0.0,0.0,0.0,32.5,0.0328740224703753,17.0,0,0,0,0,22.0,352.5,1,0,0,484.0,42.0,-20.94609557109557
1054,Roland Garros,2022,Clay,3,0,0,0,0,0,0,0,1,1,0,0.0,0.0,0.0,233.5,0.03737373737373745,61.0,0,0,0,0,9.5,49.5,1,0,0,90.25,85.5,22.55390442890443
1055,Roland Garros,2022,Clay,3,1,0,0,1,1,0,1,1,1,0,1.0,1.0,1.0,91.0,0.008230452674897193,2.0,0,0,0,0,0.0,34.5,0,0,1,0.0,71.0,8.053904428904431
1056,Roland Garros,2022,Clay,3,0,0,0,0,1,0,0,1,1,0,1.0,1.0,1.0,250.5,0.2581053698074975,313.0,0,0,0,0,15.0,7.0,1,0,0,225.0,71.0,8.053904428904431
1057,Roland Garros,2022,Clay,3,1,1,0,0,0,0,0,1,1,0,1.0,1.0,1.0,112.5,0.1163928304705004,61.0,1,0,0,0,8.5,89.5,1,0,0,72.25,76.0,13.053904428904431
1058,Roland Garros,2022,Clay,3,1,1,0,0,1,0,0,1,1,0,0.0,0.0,0.0,20.5,0.04913998809726816,3.0,0,0,0,0,19.5,238.0,1,0,0,380.25,63.5,0.5539044289044313
1059,Roland Garros,2022,Clay,3,0,0,0,0,0,0,0,1,1,0,0.0,1.0,1.0,83.0,0.01702127659574471,8.0,0,0,0,0,10.0,12.0,1,0,0,100.0,69.5,6.553904428904431
1060,Roland Garros,2022,Clay,3,0,0,0,0,0,0,0,1,1,0,1.0,1.0,1.0,154.5,0.1606512890094979,1.0,0,0,0,0,5.5,14.0,1,0,0,30.25,71.0,8.053904428904431
1061,Roland Garros,2022,Clay,3,0,0,0,0,1,0,1,1,1,0,1.0,1.0,1.0,280.0,0.2721804511278195,226.0,0,0,0,0,7.5,27.5,0,0,0,56.25,71.0,8.053904428904431
1062,Roland Garros,2022,Clay,3,0,0,0,0,1,0,0,1,1,0,0.0,0.0,0.0,74.5,,51.0,0,0,0,0,20.0,55.0,1,0,0,400.0,65.5,2.5539044289044313
1063,Roland Garros,2022,Clay,3,0,0,0,0,1,0,0,1,1,0,1.0,1.0,1.0,120.0,0.1818924539512775,102.0,0,0,0,0,9.5,50.5,1,0,0,90.25,90.0,27.05390442890443
1064,Roland Garros,2022,Clay,3,0,0,0,0,0,0,0,1,1,0,0.0,0.0,0.0,320.0,0.1877559377559378,424.0,0,0,0,0,15.0,58.5,1,0,0,225.0,61.0,-1.9460955710955687
1065,Roland Garros,2022,Clay,3,0,0,0,0,0,0,0,1,1,0,0.0,1.0,1.0,42.5,0.06084306095979247,1.0,0,0,0,0,12.5,53.0,1,0,0,156.25,22.0,-40.94609557109557
1066,Roland Garros,2022,Clay,3,0,0,0,0,0,0,0,1,1,0,0.0,0.0,0.0,38.5,0.09167149198996338,35.0,0,0,0,0,16.5,32.5,1,0,0,272.25,55.0,-7.946095571095569
1067,Roland Garros,2022,Clay,3,1,1,0,0,1,0,0,1,1,0,0.0,0.0,0.0,52.0,0.09495808486734081,14.0,0,0,0,0,18.5,4.0,1,0,0,342.25,72.5,9.553904428904431
1068,Roland Garros,2022,Clay,4,0,0,0,0,0,0,0,1,1,0,0.0,0.0,1.0,352.5,0.0357142857142857,571.0,0,0,0,0,14.0,1.5,1,0,0,196.0,71.0,8.053904428904431
1069,Roland Garros,2022,Clay,4,0,0,0,0,0,0,0,1,1,0,0.0,0.0,0.0,49.5,0.2081161578555472,31.0,0,0,0,0,7.5,34.5,1,0,0,56.25,64.5,1.5539044289044313
1070,Roland Garros,2022,Clay,4,0,0,0,0,0,0,0,1,1,0,0.0,1.0,1.0,89.5,0.004431570608041224,11.0,0,0,0,0,6.0,7.0,1,0,0,36.0,90.0,27.05390442890443
1071,Roland Garros,2022,Clay,4,0,0,0,0,0,0,0,1,1,0,1.0,1.0,1.0,238.0,,194.0,0,0,0,0,6.0,12.0,1,0,0,36.0,91.0,28.05390442890443
1072,Roland Garros,2022,Clay,4,0,0,0,0,1,0,0,1,1,0,0.0,0.0,0.0,14.0,0.05237538940809972,4.0,0,0,0,0,12.0,27.5,1,0,0,144.0,73.0,10.053904428904431
1073,Roland Garros,2022,Clay,4,1,0,0,1,1,0,0,1,1,0,1.0,1.0,1.0,50.5,0.006165839829907926,5.0,0,0,0,0,8.5,55.0,1,0,1,72.25,75.0,12.053904428904431
1074,Roland Garros,2022,Clay,4,1,1,0,0,0,0,0,1,1,0,0.0,0.0,0.0,58.5,0.04232018933771908,9.0,0,0,0,0,7.5,53.0,1,0,0,56.25,65.5,2.5539044289044313
1075,Roland Garros,2022,Clay,4,1,1,0,1,1,0,1,1,1,0,1.0,1.0,1.0,4.0,0.03741686333404848,2.0,0,0,1,0,12.5,32.5,0,1,1,156.25,33.0,-29.94609557109557
1076,Roland Garros,2022,Clay,5,1,1,0,1,1,0,1,1,1,0,0.0,1.0,1.0,1.5,0.06283712425079746,1.0,0,0,0,0,13.0,34.5,0,0,1,169.0,90.0,27.05390442890443
1077,Roland Garros,2022,Clay,5,0,0,0,0,1,0,1,1,1,0,0.0,0.0,0.0,12.0,0.0005411255411255089,2.0,0,0,0,0,12.0,7.0,0,0,0,144.0,84.5,21.55390442890443
1078,Roland Garros,2022,Clay,5,1,1,0,0,0,0,0,1,1,0,0.0,0.0,0.0,55.0,0.08941016488186299,6.0,0,0,0,0,0.0,27.5,1,0,0,0.0,44.5,-18.44609557109557
1079,Roland Garros,2022,Clay,5,1,0,0,1,1,0,1,1,1,0,0.0,0.0,0.0,53.0,0.02743182053526882,18.0,0,0,0,0,10.5,32.5,0,0,1,110.25,76.0,13.053904428904431
1080,Roland Garros,2022,Clay,6,1,1,0,0,1,0,1,1,1,0,0.0,1.0,1.0,7.0,0.01057318491443759,2.0,0,0,0,0,19.0,34.5,0,0,0,361.0,48.5,-14.446095571095569
1081,Roland Garros,2022,Clay,6,1,0,0,1,1,0,1,1,1,0,0.0,0.0,0.0,32.5,0.04840106290374302,13.0,0,0,0,0,19.5,27.5,0,0,1,380.25,64.0,1.0539044289044313
1082,Roland Garros,2022,Clay,7,1,1,0,0,1,0,1,1,1,0,0.0,0.0,0.0,34.5,0.02692944392196983,5.0,0,0,1,0,14.0,27.5,0,1,1,196.0,62.0,-0.9460955710955687
1083,US Open,2022,Hard,2,0,0,0,0,0,0,0,1,1,0,0.0,1.0,1.0,656.5,0.05990133897110642,1167.0,0,0,0,0,12.0,1.5,1,0,0,144.0,29.5,-33.44609557109557
1084,US Open,2022,Hard,2,1,1,0,0,0,0,0,1,1,0,1.0,1.0,1.0,72.0,0.003331403948807043,28.0,0,0,0,0,13.0,3.5,1,0,0,169.0,91.0,28.05390442890443
1085,US Open,2022,Hard,2,1,1,0,0,0,0,0,1,1,0,1.0,1.0,1.0,225.0,0.2582490940301355,430.0,0,0,0,0,8.0,5.5,1,0,0,64.0,90.0,27.05390442890443
1086,US Open,2022,Hard,2,1,1,0,0,1,0,1,1,1,0,0.0,0.0,0.0,60.5,0.004274084124830435,29.0,0,0,1,0,11.5,7.5,0,1,1,132.25,45.0,-17.94609557109557
1087,US Open,2022,Hard,2,0,0,0,0,0,0,0,1,1,0,1.0,1.0,1.0,713.0,0.0,370.0,0,0,0,0,2.0,12.5,1,0,0,4.0,91.0,28.05390442890443
1088,US Open,2022,Hard,2,1,1,0,0,0,0,0,1,1,0,0.0,0.0,0.0,289.5,0.1004983388704319,49.0,0,0,0,0,9.5,20.0,1,0,0,90.25,52.5,-10.446095571095569
1089,US Open,2022,Hard,2,0,0,0,0,1,0,1,1,1,0,0.0,0.0,0.0,407.0,0.2063492063492063,272.0,1,0,0,0,3.5,20.5,0,0,0,12.25,73.5,10.553904428904431
1090,US Open,2022,Hard,2,0,0,0,0,0,0,0,1,1,0,1.0,1.0,1.0,83.5,0.1329787234042553,9.0,0,0,0,0,7.0,24.0,1,0,0,49.0,91.0,28.05390442890443
1091,US Open,2022,Hard,2,0,0,0,0,0,0,0,1,1,0,0.0,0.0,0.0,125.0,0.1666666666666666,96.0,0,0,0,0,3.0,24.5,1,0,0,9.0,58.0,-4.946095571095569
1092,US Open,2022,Hard,2,1,1,0,0,0,0,0,1,1,0,1.0,1.0,1.0,182.5,0.2180397727272727,27.0,0,0,0,0,7.0,25.5,1,0,0,49.0,91.0,28.05390442890443
1093,US Open,2022,Hard,2,0,0,0,0,0,0,0,1,1,0,1.0,1.0,1.0,1360.5,,825.0,0,0,0,0,0.0,30.0,1,0,0,0.0,91.0,28.05390442890443
1094,US Open,2022,Hard,2,0,0,0,0,0,0,0,1,1,0,0.0,0.0,0.0,57.5,0.07849462365591398,3.0,0,0,0,0,14.0,33.0,1,0,0,196.0,36.5,-26.44609557109557
1095,US Open,2022,Hard,2,0,0,0,0,0,0,0,1,1,0,1.0,1.0,1.0,616.5,,603.0,0,0,0,0,11.0,42.5,1,0,0,121.0,51.0,-11.946095571095569
1096,US Open,2022,Hard,2,0,0,0,0,0,0,0,1,1,0,0.0,1.0,1.0,67.5,0.06344716104263476,1.0,0,0,0,0,12.5,65.0,1,0,0,156.25,21.5,-41.44609557109557
1097,US Open,2022,Hard,2,0,0,0,0,1,0,0,1,1,0,1.0,1.0,1.0,241.0,0.0335216572504709,38.0,0,0,0,0,9.5,209.0,1,0,0,90.25,91.0,28.05390442890443
1098,US Open,2022,Hard,2,1,1,0,1,1,0,1,1,1,0,0.0,1.0,1.0,10.0,0.01057318491443759,2.0,0,0,0,0,19.0,229.0,0,0,1,361.0,48.5,-14.446095571095569
1099,US Open,2022,Hard,2,1,1,0,0,1,0,0,1,1,0,0.0,1.0,1.0,32.0,0.01370293451951354,14.0,0,0,0,1,19.0,36.5,1,1,1,361.0,38.0,-24.94609557109557
1100,US Open,2022,Hard,2,1,1,0,0,1,0,1,1,1,0,1.0,1.0,1.0,116.5,0.1028622540250447,103.0,0,0,0,0,4.5,397.5,0,0,0,20.25,35.0,-27.94609557109557
1101,US Open,2022,Hard,2,0,0,0,0,0,0,0,1,1,0,0.0,0.0,0.0,372.5,,321.0,0,0,0,0,9.0,101.5,1,0,0,81.0,45.0,-17.94609557109557
1102,US Open,2022,Hard,2,1,1,0,0,0,0,0,1,1,0,0.0,0.0,0.0,437.5,0.1395296246042515,709.0,0,0,0,0,11.5,933.0,1,0,0,132.25,33.5,-29.44609557109557
1103,US Open,2022,Hard,2,1,1,0,1,1,0,1,1,1,0,0.0,0.0,0.0,124.5,0.01817042606516289,109.0,0,0,1,0,8.0,338.0,0,1,1,64.0,39.5,-23.44609557109557
1105,US Open,2022,Hard,2,0,0,0,0,1,0,0,1,1,0,1.0,1.0,1.0,33.5,0.01094362864274367,27.0,0,0,0,0,21.0,362.5,1,0,0,441.0,71.0,8.053904428904431
1106,US Open,2022,Hard,2,1,1,0,1,1,0,1,1,1,0,0.0,0.0,0.0,39.0,0.08941016488186299,2.0,0,0,0,0,0.0,75.5,0,0,1,0.0,44.5,-18.44609557109557
1107,US Open,2022,Hard,2,1,1,0,0,1,0,1,1,1,0,0.0,0.0,0.0,163.0,0.09372019077901422,188.0,0,0,1,0,14.5,93.5,0,1,1,210.25,67.5,4.553904428904431
1108,US Open,2022,Hard,2,1,1,0,0,1,0,1,1,1,0,0.0,0.0,0.0,50.0,0.03027619487653366,2.0,0,0,1,0,17.0,59.0,0,1,1,289.0,35.5,-27.44609557109557
1109,US Open,2022,Hard,2,0,0,0,0,0,0,0,1,1,0,1.0,1.0,1.0,534.5,0.07857142857142863,223.0,0,0,0,0,7.5,64.5,1,0,0,56.25,58.0,-4.946095571095569
1110,US Open,2022,Hard,2,0,0,0,0,0,0,0,1,1,0,1.0,1.0,1.0,130.5,0.1606512890094979,11.0,0,0,0,0,5.5,134.5,1,0,0,30.25,71.0,8.053904428904431
1111,US Open,2022,Hard,2,1,1,0,0,0,0,0,1,1,0,0.0,0.0,0.0,549.0,0.06818181818181818,474.0,1,0,0,0,9.5,294.5,1,0,0,90.25,66.0,3.0539044289044313
1112,US Open,2022,Hard,2,0,0,0,0,0,0,0,1,1,0,1.0,1.0,1.0,720.5,0.03401360544217691,1025.0,0,0,0,0,4.5,54.5,1,0,0,20.25,46.0,-16.94609557109557
1113,US Open,2022,Hard,2,1,1,0,0,0,0,0,1,1,0,0.0,0.0,0.0,55.0,0.002045085550143599,10.0,0,0,0,0,16.0,53.0,1,0,0,256.0,80.0,17.05390442890443
1114,US Open,2022,Hard,2,1,1,0,0,0,0,0,1,1,0,0.0,0.0,0.0,20.5,0.04840106290374302,3.0,0,0,0,0,19.5,72.5,1,0,0,380.25,64.0,1.0539044289044313
1115,US Open,2022,Hard,3,0,0,0,0,0,0,0,1,1,0,0.0,0.0,0.0,93.5,0.004611166500498531,3.0,1,0,0,0,10.5,1.5,1,0,0,110.25,64.5,1.5539044289044313
1116,US Open,2022,Hard,3,1,1,0,0,1,0,0,1,1,0,1.0,1.0,1.0,64.5,0.002501202501202449,3.0,0,0,0,1,6.0,3.5,1,1,1,36.0,91.0,28.05390442890443
1117,US Open,2022,Hard,3,0,0,0,0,0,0,0,1,1,0,0.0,0.0,0.0,54.5,0.03397368914610294,5.0,0,0,0,0,20.5,5.5,1,0,0,420.25,26.5,-36.44609557109557
1118,US Open,2022,Hard,3,1,1,0,0,0,0,0,1,1,0,1.0,1.0,1.0,65.0,0.06001984126984139,34.0,0,0,0,0,5.0,7.5,1,0,0,25.0,27.0,-35.94609557109557
1119,US Open,2022,Hard,3,0,0,0,0,0,0,0,1,1,0,1.0,1.0,1.0,933.0,0.0,382.0,0,0,0,0,0.0,12.5,1,0,0,0.0,91.0,28.05390442890443
1120,US Open,2022,Hard,3,1,1,0,0,0,0,0,1,1,0,0.0,0.0,0.0,338.0,0.1537405628002745,520.0,0,0,0,0,6.0,20.5,1,0,0,36.0,58.5,-4.446095571095569
1121,US Open,2022,Hard,3,1,1,0,0,0,0,0,1,1,0,0.0,0.0,0.0,59.0,0.01037440936383183,30.0,0,0,0,0,22.0,24.5,1,0,0,484.0,51.5,-11.446095571095569
1122,US Open,2022,Hard,3,1,1,0,1,1,0,0,1,1,0,0.0,0.0,0.0,75.5,0.1803063085995503,9.0,0,0,0,1,0.0,30.0,1,1,1,0.0,39.5,-23.44609557109557
1123,US Open,2022,Hard,3,1,1,0,0,0,0,0,1,1,0,1.0,1.0,1.0,294.5,0.2184782608695652,169.0,0,0,0,0,18.0,33.0,1,0,0,324.0,91.0,28.05390442890443
1124,US Open,2022,Hard,3,1,1,0,1,1,0,1,1,1,0,0.0,0.0,0.0,20.0,0.02692944392196983,12.0,0,0,0,0,14.0,42.5,0,0,1,196.0,62.0,-0.9460955710955687
1125,US Open,2022,Hard,3,0,0,0,0,0,0,0,1,1,0,1.0,1.0,1.0,134.5,0.03975741239892178,125.0,0,0,0,0,16.5,229.0,1,0,0,272.25,51.0,-11.946095571095569
1126,US Open,2022,Hard,3,0,0,0,0,0,0,0,1,1,0,1.0,1.0,1.0,101.5,0.1553061224489796,15.0,0,0,0,0,6.5,36.5,1,0,0,42.25,91.0,28.05390442890443
1127,US Open,2022,Hard,3,1,1,0,0,1,0,0,1,1,0,1.0,1.0,1.0,25.5,0.08426573426573425,3.0,0,0,0,1,10.5,58.0,1,1,1,110.25,67.0,4.053904428904431
1128,US Open,2022,Hard,3,1,0,0,1,1,0,0,1,1,0,0.0,0.0,0.0,209.0,0.267379679144385,22.0,0,0,0,0,4.0,362.5,1,0,1,16.0,56.5,-6.446095571095569
1129,US Open,2022,Hard,3,1,1,0,0,0,0,0,1,1,0,0.0,0.0,0.0,24.0,0.04913998809726816,18.0,0,0,0,0,19.5,53.0,1,0,0,380.25,63.5,0.5539044289044313
1130,US Open,2022,Hard,3,1,1,0,0,1,0,0,1,1,0,1.0,1.0,1.0,397.5,0.07716580608146867,237.0,0,0,0,1,5.0,72.5,1,1,1,25.0,91.0,28.05390442890443
1131,US Open,2022,Hard,4,0,0,0,0,0,0,0,1,1,0,1.0,1.0,1.0,33.0,0.07673039392159464,2.0,0,0,0,0,18.5,1.5,1,0,0,342.25,76.0,13.053904428904431
1132,US Open,2022,Hard,4,1,1,0,0,1,0,0,1,1,0,1.0,1.0,1.0,36.5,0.1046124124607583,1.0,0,0,0,0,11.0,3.5,1,0,0,121.0,90.0,27.05390442890443
1133,US Open,2022,Hard,4,1,1,0,0,0,0,0,1,1,0,1.0,1.0,1.0,362.5,0.1160209846650525,359.0,0,0,0,0,14.0,5.5,1,0,0,196.0,71.0,8.053904428904431
1134,US Open,2022,Hard,4,0,0,0,0,0,0,0,1,1,0,0.0,0.0,0.0,58.0,0.008816055100344444,8.0,0,0,0,0,17.0,12.5,1,0,0,289.0,67.5,4.553904428904431
1135,US Open,2022,Hard,4,1,1,0,1,1,0,1,1,1,0,1.0,1.0,1.0,20.5,0.002705575417914829,5.0,0,0,0,0,9.0,24.5,0,0,1,81.0,90.0,27.05390442890443
1136,US Open,2022,Hard,4,1,1,0,0,1,0,1,1,1,0,0.0,0.0,0.0,7.5,0.05237538940809972,1.0,0,0,1,0,12.0,30.0,0,1,1,144.0,73.0,10.053904428904431
1137,US Open,2022,Hard,4,1,1,0,0,0,0,0,1,1,0,1.0,1.0,1.0,72.5,0.1163928304705004,17.0,1,0,0,0,8.5,229.0,1,0,0,72.25,76.0,13.053904428904431
1138,US Open,2022,Hard,4,0,0,0,0,0,0,0,1,1,0,0.0,1.0,1.0,42.5,0.06084306095979247,1.0,0,0,0,0,12.5,53.0,1,0,0,156.25,22.0,-40.94609557109557
1139,US Open,2022,Hard,5,1,1,0,0,1,0,0,1,1,0,0.0,0.0,0.0,53.0,0.04232018933771908,16.0,0,0,0,1,7.5,1.5,1,1,1,56.25,65.5,2.5539044289044313
1140,US Open,2022,Hard,5,0,0,0,0,0,0,0,1,1,0,0.0,1.0,1.0,229.0,0.04222730845702138,138.0,0,0,0,0,15.0,3.5,1,0,0,225.0,32.5,-30.44609557109557
1141,US Open,2022,Hard,5,0,0,0,0,0,0,0,1,1,0,1.0,1.0,1.0,12.5,0.03741686333404848,1.0,0,0,0,0,12.5,5.5,1,0,0,156.25,33.0,-29.94609557109557
1142,US Open,2022,Hard,5,1,1,0,0,0,0,0,1,1,0,0.0,0.0,0.0,24.5,0.02743182053526882,7.0,0,0,0,0,10.5,30.0,1,0,0,110.25,76.0,13.053904428904431
1143,US Open,2022,Hard,6,1,0,0,1,1,0,0,1,1,0,1.0,1.0,1.0,30.0,0.006430370146846442,0.0,0,0,0,0,14.5,1.5,1,0,1,210.25,13.0,-49.94609557109557
1144,US Open,2022,Hard,6,0,0,0,0,0,0,0,1,1,0,0.0,0.0,0.0,5.5,0.05669137352422804,1.0,0,0,0,0,14.5,3.5,1,0,0,210.25,49.5,-13.446095571095569
1145,US Open,2022,Hard,7,1,1,0,0,0,0,0,1,1,0,0.0,0.0,0.0,3.5,0.0005411255411255089,1.0,0,0,0,0,12.0,1.5,1,0,0,144.0,84.5,21.55390442890443
1146,Wimbledon,2022,Grass,2,1,1,0,1,1,0,0,1,1,0,0.0,0.0,0.0,552.0,0.1785714285714286,454.0,0,0,0,0,7.5,1.5,1,0,1,56.25,59.0,-3.9460955710955687
1147,Wimbledon,2022,Grass,2,1,1,0,0,1,0,1,1,1,0,0.0,0.0,1.0,59.5,0.04579180509413072,49.0,0,0,0,1,13.0,57.5,0,1,1,169.0,68.5,5.553904428904431
1148,Wimbledon,2022,Grass,2,1,1,0,0,1,0,0,1,1,0,0.0,1.0,1.0,216.0,,12.0,0,0,0,1,10.0,57.0,1,1,1,100.0,90.5,27.55390442890443
1149,Wimbledon,2022,Grass,2,1,1,0,0,1,0,0,1,1,0,1.0,1.0,1.0,526.0,0.0394736842105263,56.0,0,0,0,1,7.0,41.0,1,1,1,49.0,89.0,26.05390442890443
1150,Wimbledon,2022,Grass,2,0,0,0,0,1,0,0,1,1,0,1.0,1.0,1.0,353.5,0.03497023809523811,69.0,0,0,0,0,4.5,33.0,1,0,0,20.25,46.0,-16.94609557109557
1151,Wimbledon,2022,Grass,2,1,1,0,0,1,0,0,1,1,0,0.0,0.0,0.0,72.0,0.07050964868876786,2.0,0,0,0,1,10.0,68.0,1,1,1,100.0,74.5,11.553904428904431
1152,Wimbledon,2022,Grass,2,0,0,0,0,1,0,0,1,1,0,0.0,0.0,1.0,164.0,0.0357142857142857,190.0,0,0,0,0,14.0,99.5,1,0,0,196.0,71.0,8.053904428904431
1153,Wimbledon,2022,Grass,2,1,1,0,1,1,0,0,1,1,0,1.0,1.0,1.0,68.5,0.003331403948807043,33.0,0,0,0,0,13.0,18.0,1,0,1,169.0,91.0,28.05390442890443
1154,Wimbledon,2022,Grass,2,0,0,0,0,1,0,0,1,1,0,1.0,1.0,1.0,208.5,0.05277777777777776,175.0,0,0,0,0,13.0,7.5,1,0,0,169.0,46.0,-16.94609557109557
1155,Wimbledon,2022,Grass,2,1,1,0,0,1,0,0,1,1,0,0.0,0.0,0.0,68.0,0.009381044487427492,58.0,0,0,0,0,17.0,95.0,1,0,0,289.0,39.0,-23.94609557109557
1156,Wimbledon,2022,Grass,2,0,0,0,0,1,0,0,1,1,0,1.0,1.0,1.0,393.0,0.04999999999999999,176.0,0,0,0,0,0.0,67.5,1,0,0,0.0,89.0,26.05390442890443
1157,Wimbledon,2022,Grass,2,1,1,0,0,1,0,1,1,1,0,0.0,0.0,0.0,56.0,0.01267281105990792,20.0,0,0,1,0,6.0,32.5,0,1,1,36.0,58.5,-4.446095571095569
1158,Wimbledon,2022,Grass,2,0,0,0,0,1,0,0,1,1,0,1.0,1.0,1.0,144.0,0.1606512890094979,24.0,0,0,0,0,5.5,25.5,1,0,0,30.25,71.0,8.053904428904431
1159,Wimbledon,2022,Grass,2,1,1,0,1,1,0,0,1,1,0,1.0,1.0,1.0,634.5,0.2040816326530613,985.0,0,0,0,0,9.5,69.5,1,0,1,90.25,46.0,-16.94609557109557
1160,Wimbledon,2022,Grass,2,1,0,0,1,1,0,1,1,1,0,0.0,0.0,0.0,44.0,0.1004475703324809,38.0,0,0,0,0,15.0,196.5,0,0,1,225.0,85.0,22.05390442890443
1161,Wimbledon,2022,Grass,2,0,0,0,0,1,0,1,1,1,0,0.0,0.0,0.0,205.0,0.08100328947368418,36.0,0,0,0,0,6.0,15.5,0,0,0,36.0,85.5,22.55390442890443
1162,Wimbledon,2022,Grass,2,0,0,0,0,1,0,0,1,1,0,1.0,1.0,1.0,538.0,0.1030778164924506,6.0,0,0,0,0,12.0,12.0,1,0,0,144.0,71.0,8.053904428904431
1163,Wimbledon,2022,Grass,2,1,1,0,0,1,0,0,1,1,0,0.0,0.0,0.0,146.5,0.04357125690939673,77.0,0,0,0,0,14.0,78.5,1,0,0,196.0,32.5,-30.44609557109557
1164,Wimbledon,2022,Grass,2,1,1,0,0,1,0,0,1,1,0,0.0,0.0,0.0,148.5,0.06893237812336184,91.0,0,0,0,0,10.0,492.5,1,0,0,100.0,75.5,12.553904428904431
1165,Wimbledon,2022,Grass,2,1,1,0,0,1,0,0,1,1,0,0.0,0.0,0.0,422.0,,222.0,1,0,0,0,10.5,93.5,1,0,0,110.25,22.5,-40.44609557109557
1166,Wimbledon,2022,Grass,2,1,1,0,0,1,0,0,1,1,0,1.0,1.0,1.0,156.0,0.03399052079535569,2.0,0,0,0,0,0.0,33.0,1,0,0,0.0,89.0,26.05390442890443
1167,Wimbledon,2022,Grass,2,0,0,0,0,1,0,0,1,1,0,0.0,0.0,0.0,439.0,0.0138888888888889,86.0,1,0,0,0,9.0,96.5,1,0,0,81.0,73.5,10.553904428904431
1168,Wimbledon,2022,Grass,2,0,0,0,0,1,0,1,1,1,0,1.0,1.0,1.0,330.5,,45.0,0,0,0,0,12.0,507.0,0,0,0,144.0,25.0,-37.94609557109557
1169,Wimbledon,2022,Grass,2,1,1,0,0,1,0,0,1,1,0,0.0,0.0,0.0,10.5,0.05669137352422804,1.0,0,0,0,0,14.5,153.0,1,0,0,210.25,49.5,-13.446095571095569
1170,Wimbledon,2022,Grass,2,1,1,0,0,1,0,1,1,1,0,0.0,0.0,0.0,11.5,0.05237538940809972,5.0,0,0,0,0,12.0,46.0,0,0,0,144.0,73.0,10.053904428904431
1171,Wimbledon,2022,Grass,2,0,0,0,0,1,0,0,1,1,0,1.0,1.0,1.0,455.0,0.0727602905569007,160.0,0,0,0,0,7.0,89.5,1,0,0,49.0,23.0,-39.94609557109557
1172,Wimbledon,2022,Grass,2,1,1,0,1,1,0,0,1,1,0,0.0,1.0,1.0,44.5,0.06084306095979247,1.0,0,0,0,0,12.5,575.5,1,0,1,156.25,22.0,-40.94609557109557
1173,Wimbledon,2022,Grass,2,1,0,0,1,1,0,1,1,1,0,1.0,1.0,1.0,75.5,0.008230452674897193,1.0,0,0,0,0,0.0,29.5,0,0,1,0.0,71.0,8.053904428904431
1174,Wimbledon,2022,Grass,2,0,0,0,0,1,0,0,1,1,0,0.0,0.0,0.0,400.0,0.2063492063492063,278.0,0,0,0,0,3.5,37.5,1,0,0,12.25,73.5,10.553904428904431
1175,Wimbledon,2022,Grass,2,1,0,0,1,1,0,1,1,1,0,0.0,1.0,1.0,75.0,0.06344716104263476,14.0,0,0,0,0,12.5,156.0,0,0,1,156.25,21.5,-41.44609557109557
1176,Wimbledon,2022,Grass,2,1,1,0,1,1,0,0,1,1,0,0.0,0.0,0.0,63.5,0.1298013245033113,13.0,0,0,0,0,13.5,117.0,1,0,1,182.25,36.5,-26.44609557109557
1177,Wimbledon,2022,Grass,2,0,0,0,0,1,0,0,1,1,0,0.0,0.0,0.0,235.0,0.1877559377559378,196.0,0,0,0,0,15.0,4.5,1,0,0,225.0,61.0,-1.9460955710955687
1178,Wimbledon,2022,Grass,3,0,0,0,0,1,0,0,1,1,0,0.0,1.0,1.0,57.5,0.02046534024996172,15.0,0,0,0,0,14.0,1.5,1,0,0,196.0,71.0,8.053904428904431
1180,Wimbledon,2022,Grass,3,1,1,0,1,1,0,1,1,1,0,0.0,0.0,0.0,68.0,0.1303181440338547,12.0,0,0,1,1,13.0,33.0,0,1,1,169.0,42.5,-20.44609557109557
1181,Wimbledon,2022,Grass,3,1,1,0,0,1,0,0,1,1,0,1.0,1.0,1.0,99.5,0.194980694980695,25.0,0,0,0,0,14.5,18.0,1,0,0,210.25,60.0,-2.9460955710955687
1182,Wimbledon,2022,Grass,3,1,1,0,1,1,0,0,1,1,0,0.0,0.0,0.0,95.0,0.02535196358632369,8.0,0,0,0,0,8.0,7.5,1,0,1,64.0,70.5,7.553904428904431
1183,Wimbledon,2022,Grass,3,1,1,0,0,1,0,0,1,1,0,0.0,0.0,0.0,67.5,0.02383270455559611,23.0,0,0,0,1,7.0,32.5,1,1,1,49.0,83.0,20.05390442890443
1184,Wimbledon,2022,Grass,3,1,1,0,0,1,0,0,1,1,0,0.0,0.0,0.0,69.5,0.1330438378825476,23.0,0,0,0,0,11.5,25.5,1,0,0,132.25,50.5,-12.446095571095569
1185,Wimbledon,2022,Grass,3,1,1,0,0,1,0,0,1,1,0,0.0,0.0,0.0,196.5,0.1853722409277965,59.0,0,0,0,0,11.5,15.5,1,0,0,132.25,58.5,-4.446095571095569
1186,Wimbledon,2022,Grass,3,0,0,0,0,1,0,0,1,1,0,1.0,1.0,1.0,78.5,0.06001984126984139,23.0,0,0,0,0,5.0,12.0,1,0,0,25.0,27.0,-35.94609557109557
1187,Wimbledon,2022,Grass,3,0,0,0,0,1,0,0,1,1,0,0.0,1.0,1.0,93.5,0.0688084392232079,1.0,0,0,0,0,0.0,492.5,1,0,0,0.0,10.5,-52.44609557109557
1188,Wimbledon,2022,Grass,3,1,1,0,0,1,0,0,1,1,0,1.0,1.0,1.0,96.5,0.2653061224489796,3.0,0,0,0,0,7.0,33.0,1,0,0,49.0,91.0,28.05390442890443
1190,Wimbledon,2022,Grass,3,0,0,0,0,1,0,0,1,1,0,0.0,0.0,0.0,46.0,0.01037440936383183,10.0,0,0,0,0,22.0,89.5,1,0,0,484.0,51.5,-11.446095571095569
1191,Wimbledon,2022,Grass,3,1,1,0,0,1,0,0,1,1,0,1.0,1.0,1.0,575.5,0.09999999999999998,87.0,0,0,0,0,0.0,29.5,1,0,0,0.0,89.0,26.05390442890443
1192,Wimbledon,2022,Grass,3,0,0,0,0,1,0,0,1,1,0,0.0,0.0,0.0,156.0,0.1666666666666666,86.0,0,0,0,0,4.0,37.5,1,0,0,16.0,80.0,17.05390442890443
1193,Wimbledon,2022,Grass,3,0,0,0,0,1,0,0,1,1,0,1.0,1.0,1.0,117.0,,22.0,0,0,0,0,18.0,4.5,1,0,0,324.0,91.0,28.05390442890443
1194,Wimbledon,2022,Grass,4,0,0,0,0,1,0,1,1,1,0,0.0,0.0,0.0,41.0,0.08941016488186299,2.0,0,0,0,0,0.0,1.5,0,0,0,0.0,44.5,-18.44609557109557
1196,Wimbledon,2022,Grass,4,0,0,0,0,1,0,0,1,1,0,0.0,0.0,0.0,7.5,0.0005411255411255089,1.0,0,0,0,0,12.0,32.5,1,0,0,144.0,84.5,21.55390442890443
1197,Wimbledon,2022,Grass,4,1,1,0,0,1,0,0,1,1,0,0.0,0.0,0.0,25.5,0.04913998809726816,9.0,0,0,0,0,19.5,15.5,1,0,0,380.25,63.5,0.5539044289044313
1198,Wimbledon,2022,Grass,4,0,0,0,0,1,0,0,1,1,0,0.0,0.0,0.0,492.5,0.2023350987000482,577.0,0,0,0,0,14.0,12.0,1,0,0,196.0,33.5,-29.44609557109557
1199,Wimbledon,2022,Grass,4,0,0,0,0,1,0,0,1,1,0,0.0,1.0,1.0,33.0,0.01370293451951354,10.0,0,0,0,0,19.0,153.0,1,0,0,361.0,38.0,-24.94609557109557
1200,Wimbledon,2022,Grass,4,1,1,0,0,1,0,0,1,1,0,1.0,1.0,1.0,89.5,0.04200640652300514,35.0,0,0,0,0,15.0,29.5,1,0,0,225.0,89.0,26.05390442890443
1201,Wimbledon,2022,Grass,4,1,1,0,0,1,0,0,1,1,0,0.0,0.0,0.0,37.5,0.02743182053526882,11.0,0,0,0,0,10.5,4.5,1,0,0,110.25,76.0,13.053904428904431
1202,Wimbledon,2022,Grass,5,1,1,0,0,1,0,0,1,1,0,1.0,1.0,1.0,33.0,,30.0,0,0,0,1,22.0,1.5,1,1,1,484.0,71.0,8.053904428904431
1203,Wimbledon,2022,Grass,5,0,0,0,0,1,0,0,1,1,0,0.0,0.0,0.0,15.5,0.01226670722707635,1.0,0,0,0,0,14.0,32.5,1,0,0,196.0,71.0,8.053904428904431
1204,Wimbledon,2022,Grass,5,1,0,0,1,1,0,0,1,1,0,1.0,1.0,1.0,153.0,0.3532072592511854,200.0,0,0,0,0,11.5,12.0,1,0,1,132.25,91.0,28.05390442890443
1205,Wimbledon,2022,Grass,5,0,0,0,0,1,0,0,1,1,0,1.0,1.0,1.0,29.5,0.08426573426573425,13.0,0,0,0,0,10.5,4.5,1,0,0,110.25,67.0,4.053904428904431
1206,Wimbledon,2022,Grass,6,1,1,0,1,1,0,1,1,1,0,0.0,1.0,1.0,1.5,0.06283712425079746,1.0,0,0,0,1,13.0,32.5,0,1,1,169.0,90.0,27.05390442890443
1207,Wimbledon,2022,Grass,6,1,1,0,0,1,0,1,1,1,0,1.0,1.0,1.0,12.0,0.006430370146846442,0.0,0,0,1,0,14.5,4.5,0,1,1,210.25,13.0,-49.94609557109557
1208,Wimbledon,2022,Grass,7,1,1,0,0,1,0,0,1,1,0,1.0,1.0,1.0,4.5,0.03741686333404848,3.0,0,0,0,1,12.5,32.5,1,1,1,156.25,33.0,-29.94609557109557
1209,Australian Open,2023,Hard,2,0,0,0,0,0,0,0,1,1,0,0.0,0.0,0.0,128.5,0.1197329995828118,101.0,0,0,0,0,9.0,3.0,1,0,0,81.0,64.5,1.5539044289044313
1210,Australian Open,2023,Hard,2,0,0,0,0,0,0,0,1,1,0,0.0,0.0,0.0,424.5,0.0727272727272727,427.0,0,0,0,0,10.0,1.5,1,0,0,100.0,81.0,18.05390442890443
1211,Australian Open,2023,Hard,2,1,1,0,0,0,0,0,1,1,0,0.0,0.0,0.0,451.0,0.06068416119962511,752.0,0,0,0,0,5.0,6.0,1,0,0,25.0,35.5,-27.44609557109557
1212,Australian Open,2023,Hard,2,0,0,0,0,0,0,0,1,1,0,1.0,1.0,1.0,41.0,0.01710058017649063,8.0,0,0,0,0,19.5,6.5,1,0,0,380.25,46.0,-16.94609557109557
1213,Australian Open,2023,Hard,2,1,1,0,0,0,0,0,1,1,0,1.0,1.0,1.0,43.5,0.002501202501202449,5.0,0,0,0,0,7.0,11.5,1,0,0,49.0,91.0,28.05390442890443
1214,Australian Open,2023,Hard,2,0,0,0,0,0,0,0,1,1,0,0.0,0.0,0.0,461.5,0.2221478755436601,729.0,0,0,0,0,5.0,15.0,1,0,0,25.0,57.0,-5.946095571095569
1215,Australian Open,2023,Hard,2,0,0,0,0,0,0,0,1,1,0,0.0,0.0,1.0,80.0,0.0806531420089065,6.0,0,0,0,0,8.0,25.0,1,0,0,64.0,52.0,-10.946095571095569
1216,Australian Open,2023,Hard,2,1,1,0,0,1,0,0,1,1,0,0.0,0.0,0.0,570.0,,476.0,0,0,0,1,9.0,27.0,1,1,1,81.0,41.5,-21.44609557109557
1217,Australian Open,2023,Hard,2,1,1,0,0,1,0,0,1,1,0,1.0,1.0,1.0,82.0,0.0908258979638526,16.0,0,0,0,1,13.0,30.0,1,1,1,169.0,48.0,-14.946095571095569
1218,Australian Open,2023,Hard,2,0,0,0,0,0,0,0,1,1,0,0.0,0.0,0.0,366.0,0.08298807281858134,376.0,1,0,0,0,14.0,31.0,1,0,0,196.0,32.0,-30.94609557109557
1219,Australian Open,2023,Hard,2,0,0,0,0,0,0,0,1,1,0,0.0,0.0,0.0,234.5,,13.0,0,0,0,0,13.0,31.5,1,0,0,169.0,33.5,-29.44609557109557
1220,Australian Open,2023,Hard,2,0,0,0,0,1,0,0,1,1,0,0.0,0.0,0.0,32.5,0.04070512820512828,29.0,0,0,0,0,17.5,57.0,1,0,0,306.25,69.0,6.053904428904431
1221,Australian Open,2023,Hard,2,0,0,0,0,0,0,0,1,1,0,1.0,1.0,1.0,674.5,,1131.0,0,0,0,0,13.0,489.0,1,0,0,169.0,46.0,-16.94609557109557
1222,Australian Open,2023,Hard,2,1,1,0,0,0,0,0,1,1,0,1.0,1.0,1.0,977.0,,180.0,0,0,0,0,11.0,280.0,1,0,0,121.0,90.0,27.05390442890443
1223,Australian Open,2023,Hard,2,1,1,0,0,1,0,1,1,1,0,0.0,1.0,1.0,93.5,,3.0,0,0,0,0,13.0,54.5,0,0,0,169.0,29.0,-33.94609557109557
1224,Australian Open,2023,Hard,2,0,0,0,0,1,0,1,1,1,0,1.0,1.0,1.0,98.0,0.1364454732510288,86.0,0,0,0,0,11.5,79.0,0,0,0,132.25,27.0,-35.94609557109557
1225,Australian Open,2023,Hard,2,0,0,0,0,0,0,0,1,1,0,1.0,1.0,1.0,646.5,0.1825396825396825,661.0,0,0,0,0,13.0,63.5,1,0,0,169.0,46.0,-16.94609557109557
1226,Australian Open,2023,Hard,2,1,1,0,0,0,0,0,1,1,0,0.0,0.0,0.0,102.5,0.03191489361702127,71.0,1,0,0,0,8.5,436.5,1,0,0,72.25,81.0,18.05390442890443
1227,Australian Open,2023,Hard,2,1,1,0,1,1,0,1,1,1,0,1.0,1.0,1.0,51.5,0.006165839829907926,1.0,0,0,1,0,9.5,89.0,0,1,1,90.25,75.0,12.053904428904431
1228,Australian Open,2023,Hard,2,0,0,0,0,0,0,0,1,1,0,1.0,1.0,1.0,24.5,0.07673039392159464,3.0,0,0,0,0,19.5,58.5,1,0,0,380.25,76.0,13.053904428904431
1229,Australian Open,2023,Hard,2,0,0,0,0,0,0,0,1,1,0,0.0,1.0,1.0,21.5,0.02406384127065708,5.0,0,0,0,0,18.5,52.0,1,0,0,342.25,69.0,6.053904428904431
1230,Australian Open,2023,Hard,2,0,0,0,0,0,0,0,1,1,0,1.0,1.0,1.0,178.5,0.2597402597402597,37.0,0,0,0,0,0.0,54.0,1,0,0,0.0,90.0,27.05390442890443
1231,Australian Open,2023,Hard,2,0,0,0,0,0,0,0,1,1,0,1.0,1.0,1.0,138.0,0.1160209846650525,22.0,0,0,0,0,15.0,206.0,1,0,0,225.0,71.0,8.053904428904431
1232,Australian Open,2023,Hard,2,1,1,0,0,0,0,0,1,1,0,0.0,0.0,0.0,244.5,0.1388406803193335,319.0,1,0,0,0,9.5,105.0,1,0,0,90.25,44.5,-18.44609557109557
1233,Australian Open,2023,Hard,2,1,1,0,0,0,0,0,1,1,0,0.0,0.0,1.0,61.0,0.2175528873642081,82.0,0,0,0,0,13.0,220.0,1,0,0,169.0,60.5,-2.4460955710955687
1234,Australian Open,2023,Hard,2,1,1,0,0,0,0,0,1,1,0,1.0,1.0,1.0,222.5,0.03497023809523811,27.0,0,0,0,0,5.5,938.5,1,0,0,30.25,46.0,-16.94609557109557
1235,Australian Open,2023,Hard,2,0,0,0,0,0,0,0,1,1,0,1.0,1.0,1.0,444.5,0.09012539184952978,223.0,0,0,0,0,12.0,254.5,1,0,0,144.0,51.0,-11.946095571095569
1236,Australian Open,2023,Hard,2,1,1,0,0,1,0,0,1,1,0,0.0,0.0,0.0,9.5,0.02692944392196983,1.0,0,0,0,0,15.0,100.5,1,0,0,225.0,62.0,-0.9460955710955687
1237,Australian Open,2023,Hard,2,1,1,0,0,1,0,1,1,1,0,0.0,0.0,0.0,30.0,0.08941016488186299,2.0,0,0,1,0,0.0,38.0,0,1,1,0.0,44.5,-18.44609557109557
1238,Australian Open,2023,Hard,2,0,0,0,0,0,0,0,1,1,0,0.0,0.0,1.0,452.0,0.08475056689342397,730.0,0,0,0,0,11.5,671.0,1,0,0,132.25,68.5,5.553904428904431
1239,Australian Open,2023,Hard,2,0,0,0,0,0,0,0,1,1,0,0.0,0.0,0.0,70.5,0.06999796107216227,3.0,0,0,0,0,16.0,243.0,1,0,0,256.0,50.5,-12.446095571095569
1240,Australian Open,2023,Hard,2,0,0,0,0,1,0,1,1,1,0,0.0,0.0,0.0,75.5,0.005940594059406001,27.0,0,0,0,0,13.5,108.0,0,0,0,182.25,39.0,-23.94609557109557
1241,Australian Open,2023,Hard,3,1,1,0,1,1,0,0,1,1,0,1.0,1.0,1.0,108.0,0.1028622540250447,70.0,0,0,0,0,5.5,3.0,1,0,1,30.25,35.0,-27.94609557109557
1242,Australian Open,2023,Hard,3,1,1,0,0,1,0,0,1,1,0,1.0,1.0,1.0,671.0,0.1836734693877552,806.0,0,0,0,0,7.0,1.5,1,0,0,49.0,90.0,27.05390442890443
1243,Australian Open,2023,Hard,3,1,1,0,0,0,0,0,1,1,0,1.0,1.0,1.0,254.5,0.1664133738601824,369.0,0,0,0,0,9.0,6.0,1,0,0,81.0,46.0,-16.94609557109557
1244,Australian Open,2023,Hard,3,1,1,0,0,1,0,1,1,1,0,0.0,0.0,0.0,89.0,0.1536732929991357,72.0,0,0,0,0,13.0,15.0,0,0,0,169.0,57.0,-5.946095571095569
1245,Australian Open,2023,Hard,3,0,0,0,0,1,0,1,1,1,0,1.0,1.0,1.0,54.0,0.07626262626262631,10.0,0,0,0,0,18.0,27.0,0,0,0,324.0,39.0,-23.94609557109557
1246,Australian Open,2023,Hard,3,1,1,0,0,0,0,0,1,1,0,0.0,0.0,0.0,206.0,0.02664796633941102,276.0,0,0,0,0,6.0,30.0,1,0,0,36.0,69.5,6.553904428904431
1247,Australian Open,2023,Hard,3,1,1,0,0,0,0,0,1,1,0,1.0,1.0,1.0,63.5,0.03399052079535569,1.0,0,0,0,0,0.0,31.5,1,0,0,0.0,89.0,26.05390442890443
1248,Australian Open,2023,Hard,3,0,0,0,0,0,0,0,1,1,0,1.0,1.0,1.0,6.5,0.03741686333404848,3.0,0,0,0,0,13.5,489.0,1,0,0,182.25,33.0,-29.94609557109557
1249,Australian Open,2023,Hard,3,1,1,0,1,1,0,1,1,1,0,0.0,1.0,1.0,57.0,0.01272108843537406,18.0,0,0,1,0,15.5,280.0,0,1,1,240.25,24.5,-38.44609557109557
1250,Australian Open,2023,Hard,3,1,1,0,0,0,0,0,1,1,0,0.0,1.0,1.0,25.0,0.01544027954839367,20.0,0,0,0,0,16.5,54.5,1,0,0,272.25,84.0,21.05390442890443
1251,Australian Open,2023,Hard,3,1,1,0,0,0,0,0,1,1,0,0.0,0.0,0.0,31.0,0.06491057180162063,2.0,0,0,0,0,21.5,79.0,1,0,0,462.25,50.5,-12.446095571095569
1252,Australian Open,2023,Hard,3,0,0,0,0,0,0,0,1,1,0,1.0,1.0,1.0,100.5,,1.0,0,0,0,0,0.0,436.5,1,0,0,0.0,48.0,-14.946095571095569
1253,Australian Open,2023,Hard,3,0,0,0,0,0,0,0,1,1,0,1.0,1.0,1.0,58.5,0.008230452674897193,3.0,0,0,0,0,0.0,105.0,1,0,0,0.0,71.0,8.053904428904431
1254,Australian Open,2023,Hard,3,0,0,0,0,1,0,1,1,1,0,0.0,0.0,0.0,11.5,0.02743182053526882,1.0,0,0,0,0,11.5,220.0,0,0,0,132.25,76.0,13.053904428904431
1255,Australian Open,2023,Hard,3,0,0,0,0,0,0,0,1,1,0,1.0,1.0,1.0,52.0,0.01985049455307897,4.0,0,0,0,0,8.5,938.5,1,0,0,72.25,55.0,-7.946095571095569
1256,Australian Open,2023,Hard,3,1,0,0,1,1,0,1,1,1,0,1.0,1.0,1.0,243.0,0.04750475047504754,420.0,0,0,0,0,8.5,38.0,0,0,1,72.25,90.0,27.05390442890443
1257,Australian Open,2023,Hard,4,0,0,0,0,0,0,0,1,1,0,0.0,0.0,0.0,79.0,0.04537805538917883,6.0,0,0,0,0,20.5,3.0,1,0,0,420.25,19.5,-43.44609557109557
1258,Australian Open,2023,Hard,4,1,1,0,0,0,0,0,1,1,0,1.0,1.0,1.0,31.5,0.03194616977225673,21.0,0,0,0,0,19.5,6.0,1,0,0,380.25,80.0,17.05390442890443
1259,Australian Open,2023,Hard,4,1,1,0,0,0,0,0,1,1,0,1.0,1.0,1.0,105.0,0.08257713248638843,98.0,0,0,0,0,14.5,15.0,1,0,0,210.25,65.0,2.0539044289044313
1260,Australian Open,2023,Hard,4,0,0,0,0,0,0,0,1,1,0,1.0,1.0,1.0,489.0,0.01331478537360903,816.0,0,0,0,0,11.5,30.0,1,0,0,132.25,90.0,27.05390442890443
1261,Australian Open,2023,Hard,4,1,1,0,0,1,0,0,1,1,0,1.0,1.0,1.0,27.0,0.006430370146846442,0.0,0,0,0,1,15.5,280.0,1,1,1,240.25,13.0,-49.94609557109557
1262,Australian Open,2023,Hard,4,1,1,0,0,0,0,0,1,1,0,0.0,0.0,0.0,938.5,0.2,237.0,1,0,0,0,5.5,436.5,1,0,0,30.25,55.0,-7.946095571095569
1263,Australian Open,2023,Hard,4,1,1,0,0,1,0,1,1,1,0,0.0,0.0,0.0,54.5,0.01229159687685211,21.0,0,0,0,0,12.5,220.0,0,0,0,156.25,16.5,-46.44609557109557
1264,Australian Open,2023,Hard,4,1,1,0,0,1,0,1,1,1,0,0.0,1.0,1.0,1.5,0.06283712425079746,1.0,0,0,1,0,14.0,38.0,0,1,1,196.0,90.0,27.05390442890443
1265,Australian Open,2023,Hard,5,1,1,0,0,1,0,0,1,1,0,0.0,0.0,0.0,30.0,0.04631816781349496,16.0,0,0,0,1,11.0,15.0,1,1,1,121.0,78.5,15.553904428904431
1266,Australian Open,2023,Hard,5,1,0,0,1,1,0,0,1,1,0,0.0,0.0,0.0,6.0,0.05669137352422804,0.0,0,0,0,0,15.5,436.5,1,0,1,240.25,49.5,-13.446095571095569
1267,Australian Open,2023,Hard,5,0,0,0,0,0,0,0,1,1,0,0.0,0.0,0.0,3.0,0.0005411255411255089,0.0,0,0,0,0,13.0,220.0,1,0,0,169.0,84.5,21.55390442890443
1268,Australian Open,2023,Hard,5,0,0,0,0,0,0,0,1,1,0,1.0,1.0,1.0,280.0,0.1606512890094979,150.0,0,0,0,0,6.5,38.0,1,0,0,42.25,71.0,8.053904428904431
1269,Australian Open,2023,Hard,6,0,0,0,0,0,0,0,1,1,0,0.0,1.0,1.0,15.0,0.01057318491443759,2.0,0,0,0,0,20.0,220.0,1,0,0,400.0,48.5,-14.446095571095569
1270,Australian Open,2023,Hard,6,0,0,0,0,1,0,0,1,1,0,1.0,1.0,1.0,436.5,0.02179137210984344,757.0,0,0,0,0,17.5,38.0,1,0,0,306.25,71.0,8.053904428904431
1271,Australian Open,2023,Hard,7,1,1,0,0,0,0,0,1,1,0,0.0,0.0,0.0,38.0,0.04232018933771908,4.0,0,0,0,0,8.5,220.0,1,0,0,72.25,65.5,2.5539044289044313
1272,Roland Garros,2023,Clay,2,1,1,0,0,0,0,0,1,1,0,0.0,0.0,0.0,68.0,0.1038733639900956,26.0,0,0,0,0,14.0,1.0,1,0,0,196.0,23.5,-39.44609557109557
1273,Roland Garros,2023,Clay,2,0,0,0,0,1,0,1,1,1,0,0.0,0.0,0.0,614.0,,780.0,0,0,0,0,15.0,3.5,0,0,0,225.0,31.0,-31.94609557109557
1274,Roland Garros,2023,Clay,2,1,0,0,1,1,0,0,1,1,0,1.0,1.0,1.0,137.0,0.1028622540250447,44.0,0,0,0,0,5.5,6.0,1,0,1,30.25,35.0,-27.94609557109557
1275,Roland Garros,2023,Clay,2,1,1,0,1,1,0,0,1,1,0,1.0,1.0,1.0,464.0,0.2047233987934797,772.0,0,0,0,0,9.5,6.5,1,0,1,90.25,46.0,-16.94609557109557
1276,Roland Garros,2023,Clay,2,1,1,0,0,1,0,0,1,1,0,1.0,1.0,1.0,34.5,0.01985049455307897,1.0,0,0,0,0,8.5,10.0,1,0,0,72.25,55.0,-7.946095571095569
1278,Roland Garros,2023,Clay,2,0,0,0,0,0,0,0,1,1,0,0.0,0.0,0.0,67.5,0.01267281105990792,11.0,0,0,0,0,7.0,17.0,1,0,0,49.0,58.5,-4.446095571095569
1279,Roland Garros,2023,Clay,2,0,0,0,0,0,0,0,1,1,0,1.0,1.0,1.0,152.5,0.06233062330623312,71.0,0,0,0,0,8.0,21.0,1,0,0,64.0,80.0,17.05390442890443
1280,Roland Garros,2023,Clay,2,0,0,0,0,0,0,0,1,1,0,0.0,0.0,0.0,357.5,0.1725490196078432,537.0,0,0,0,0,11.0,24.5,1,0,0,121.0,25.0,-37.94609557109557
1281,Roland Garros,2023,Clay,2,0,0,0,0,0,0,0,1,1,0,0.0,0.0,0.0,350.5,0.005347593582887722,385.0,0,0,0,0,10.0,26.0,1,0,0,100.0,59.5,-3.4460955710955687
1282,Roland Garros,2023,Clay,2,1,1,0,0,0,0,0,1,1,0,0.0,1.0,1.0,74.5,0.1243614748769388,69.0,0,0,0,0,0.0,27.5,1,0,0,0.0,29.5,-33.44609557109557
1283,Roland Garros,2023,Clay,2,1,0,0,1,1,0,0,1,1,0,1.0,1.0,1.0,66.0,0.02179137210984344,90.0,0,0,0,0,17.5,27.5,1,0,1,306.25,71.0,8.053904428904431
1284,Roland Garros,2023,Clay,2,1,1,0,1,1,0,1,1,1,0,0.0,0.0,0.0,50.5,0.008816055100344444,43.0,0,0,0,0,18.0,53.5,0,0,1,324.0,67.5,4.553904428904431
1285,Roland Garros,2023,Clay,2,0,0,0,0,1,0,0,1,1,0,1.0,1.0,1.0,625.5,0.05797101449275366,247.0,0,0,0,0,2.0,152.5,1,0,0,4.0,71.0,8.053904428904431
1286,Roland Garros,2023,Clay,2,0,0,0,0,1,0,1,1,1,0,1.0,1.0,1.0,80.5,0.1319148936170212,35.0,0,0,0,0,13.0,75.0,0,0,0,169.0,71.0,8.053904428904431
1287,Roland Garros,2023,Clay,2,1,1,0,0,0,0,0,1,1,0,1.0,1.0,1.0,560.5,0.09012539184952978,1.0,1,0,0,0,12.0,77.5,1,0,0,144.0,51.0,-11.946095571095569
1288,Roland Garros,2023,Clay,2,0,0,0,0,0,0,0,1,1,0,1.0,1.0,1.0,191.0,0.11727078891258,76.0,0,0,0,0,7.5,75.5,1,0,0,56.25,71.0,8.053904428904431
1289,Roland Garros,2023,Clay,2,1,1,0,0,1,0,0,1,1,0,0.0,0.0,0.0,129.0,0.04540703751016129,98.0,0,0,0,0,12.0,49.0,1,0,0,144.0,78.5,15.553904428904431
1290,Roland Garros,2023,Clay,2,0,0,0,0,0,0,0,1,1,0,1.0,1.0,1.0,143.5,0.2899047619047619,133.0,0,0,0,0,9.5,55.0,1,0,0,90.25,46.0,-16.94609557109557
1291,Roland Garros,2023,Clay,2,1,1,0,0,0,0,0,1,1,0,1.0,1.0,1.0,30.0,0.03450549450549456,6.0,1,0,0,0,7.0,47.5,1,0,0,49.0,90.0,27.05390442890443
1292,Roland Garros,2023,Clay,2,0,0,0,0,1,0,1,1,1,0,1.0,1.0,1.0,524.5,0.02272727272727271,143.0,0,0,0,0,2.0,1008.5,0,0,0,4.0,71.0,8.053904428904431
1293,Roland Garros,2023,Clay,2,0,0,0,0,0,0,0,1,1,0,1.0,1.0,1.0,184.5,0.08257713248638843,189.0,0,0,0,0,14.5,224.0,1,0,0,210.25,65.0,2.0539044289044313
1294,Roland Garros,2023,Clay,2,1,1,0,0,0,0,0,1,1,0,0.0,1.0,1.0,13.0,0.02406384127065708,8.0,0,0,0,0,18.5,46.0,1,0,0,342.25,69.0,6.053904428904431
1295,Roland Garros,2023,Clay,2,1,1,0,0,0,0,0,1,1,0,0.0,1.0,1.0,187.5,0.03850050658561288,181.0,0,0,0,0,8.5,469.5,1,0,0,72.25,90.5,27.55390442890443
1296,Roland Garros,2023,Clay,2,0,0,0,0,0,0,0,1,1,0,1.0,1.0,1.0,14.0,0.03741686333404848,2.0,0,0,0,0,13.5,41.5,1,0,0,182.25,33.0,-29.94609557109557
1297,Roland Garros,2023,Clay,2,1,0,0,1,1,0,1,1,1,0,1.0,1.0,1.0,218.0,0.0790823211875844,358.0,0,0,0,0,18.0,309.0,0,0,1,324.0,71.0,8.053904428904431
1298,Roland Garros,2023,Clay,2,1,1,0,0,1,0,0,1,1,0,0.0,0.0,0.0,56.5,0.1536732929991357,25.0,0,0,0,1,13.0,306.0,1,1,1,169.0,57.0,-5.946095571095569
1299,Roland Garros,2023,Clay,2,0,0,0,0,0,0,0,1,1,0,1.0,1.0,1.0,84.0,,4.0,0,0,0,0,0.0,505.0,1,0,0,0.0,48.0,-14.946095571095569
1300,Roland Garros,2023,Clay,2,0,0,0,0,0,0,0,1,1,0,0.0,0.0,0.0,347.0,,114.0,0,0,0,0,12.0,100.5,1,0,0,144.0,27.0,-35.94609557109557
1301,Roland Garros,2023,Clay,2,0,0,0,0,1,0,1,1,1,0,0.0,0.0,0.0,109.0,0.1666666666666666,36.0,1,0,0,0,4.0,40.0,0,0,0,16.0,58.0,-4.946095571095569
1302,Roland Garros,2023,Clay,2,0,0,0,0,1,0,1,1,1,0,1.0,1.0,1.0,31.5,0.002501202501202449,1.0,0,0,0,0,7.0,70.5,0,0,0,49.0,91.0,28.05390442890443
1303,Roland Garros,2023,Clay,2,0,0,0,0,1,0,1,1,1,0,1.0,1.0,1.0,49.0,0.03399052079535569,2.0,0,0,0,0,0.0,97.0,0,0,0,0.0,89.0,26.05390442890443
1304,Roland Garros,2023,Clay,3,0,0,0,0,0,0,0,1,1,0,0.0,0.0,0.0,1008.5,0.1547619047619047,323.0,0,0,0,0,8.0,1.0,1,0,0,64.0,33.0,-29.94609557109557
1306,Roland Garros,2023,Clay,3,0,0,0,0,0,0,0,1,1,0,0.0,0.0,1.0,75.0,0.04591836734693877,8.0,0,0,0,0,11.0,6.0,1,0,0,121.0,52.0,-10.946095571095569
1307,Roland Garros,2023,Clay,3,0,0,0,0,0,0,0,1,1,0,0.0,0.0,0.0,306.0,,30.0,1,0,0,0,8.0,6.5,1,0,0,64.0,45.5,-17.44609557109557
1308,Roland Garros,2023,Clay,3,1,1,0,0,0,0,0,1,1,0,0.0,0.0,0.0,505.0,0.1160042964554242,96.0,1,0,0,0,8.0,10.0,1,0,0,64.0,64.5,1.5539044289044313
1309,Roland Garros,2023,Clay,3,0,0,0,0,0,0,0,1,1,0,1.0,1.0,1.0,75.5,0.0908258979638526,1.0,0,0,0,0,13.0,17.0,1,0,0,169.0,48.0,-14.946095571095569
1310,Roland Garros,2023,Clay,3,0,0,0,0,0,0,0,1,1,0,1.0,1.0,1.0,49.0,0.07673039392159464,6.0,0,0,0,0,19.5,21.0,1,0,0,380.25,76.0,13.053904428904431
1311,Roland Garros,2023,Clay,3,0,0,0,0,0,0,0,1,1,0,0.0,0.0,0.0,53.5,0.02483682781724711,5.0,0,0,0,0,14.0,24.5,1,0,0,196.0,63.0,0.053904428904431256
1312,Roland Garros,2023,Clay,3,0,0,0,0,0,0,0,1,1,0,1.0,1.0,1.0,469.5,0.0676470588235294,713.0,0,0,0,0,9.0,26.0,1,0,0,81.0,71.0,8.053904428904431
1313,Roland Garros,2023,Clay,3,0,0,0,0,0,0,0,1,1,0,1.0,1.0,1.0,55.0,0.006430370146846442,12.0,0,0,0,0,15.5,27.5,1,0,0,240.25,13.0,-49.94609557109557
1314,Roland Garros,2023,Clay,3,1,1,0,0,1,0,0,1,1,0,1.0,1.0,1.0,309.0,0.2180397727272727,500.0,0,0,0,0,8.0,27.5,1,0,0,64.0,91.0,28.05390442890443
1315,Roland Garros,2023,Clay,3,0,0,0,0,0,0,0,1,1,0,0.0,1.0,1.0,97.0,0.166587140641775,88.0,0,0,0,0,4.0,47.5,1,0,0,16.0,90.5,27.55390442890443
1316,Roland Garros,2023,Clay,3,0,0,0,0,0,0,0,1,1,0,1.0,1.0,1.0,152.5,0.3473684210526316,29.0,0,0,0,0,0.0,46.0,1,0,0,0.0,71.0,8.053904428904431
1317,Roland Garros,2023,Clay,3,0,0,0,0,0,0,0,1,1,0,0.0,0.0,0.0,100.5,0.02725886389630189,11.0,0,0,0,0,14.0,41.5,1,0,0,196.0,63.0,0.053904428904431256
1318,Roland Garros,2023,Clay,3,1,1,0,0,0,0,0,1,1,0,0.0,0.0,0.0,13.0,0.04232018933771908,2.0,0,0,0,0,8.5,40.0,1,0,0,72.25,65.5,2.5539044289044313
1319,Roland Garros,2023,Clay,3,0,0,0,0,1,0,0,1,1,0,0.0,0.0,0.0,77.5,0.04950617283950615,19.0,0,0,0,0,14.0,70.5,1,0,0,196.0,47.0,-15.946095571095569
1320,Roland Garros,2023,Clay,4,0,0,0,0,0,0,0,1,1,0,0.0,0.0,0.0,70.5,0.08395839583958387,7.0,0,0,0,0,15.5,1.0,1,0,0,240.25,34.5,-28.44609557109557
1321,Roland Garros,2023,Clay,4,0,0,0,0,0,0,0,1,1,0,0.0,1.0,1.0,27.5,0.01544027954839367,17.0,0,0,0,0,16.5,6.0,1,0,0,272.25,84.0,21.05390442890443
1322,Roland Garros,2023,Clay,4,1,1,0,0,1,0,1,1,1,0,0.0,1.0,1.0,47.5,0.0328223270440251,19.0,0,0,1,0,8.0,6.5,0,1,1,64.0,32.5,-30.44609557109557
1323,Roland Garros,2023,Clay,4,0,0,0,0,0,0,0,1,1,0,0.0,0.0,0.0,40.0,0.008171835575186859,6.0,0,0,0,0,18.5,21.0,1,0,0,342.25,64.0,1.0539044289044313
1324,Roland Garros,2023,Clay,4,1,1,0,0,0,0,0,1,1,0,1.0,1.0,1.0,46.0,0.008230452674897193,2.0,0,0,0,0,0.0,24.5,1,0,0,0.0,71.0,8.053904428904431
1325,Roland Garros,2023,Clay,4,0,0,0,0,0,0,0,1,1,0,0.0,0.0,0.0,10.0,0.02743182053526882,0.0,0,0,0,0,11.5,26.0,1,0,0,132.25,76.0,13.053904428904431
1326,Roland Garros,2023,Clay,4,0,0,0,0,1,0,0,1,1,0,0.0,1.0,1.0,3.5,0.06283712425079746,1.0,0,0,0,0,14.0,27.5,1,0,0,196.0,90.0,27.05390442890443
1327,Roland Garros,2023,Clay,4,1,1,0,1,1,0,0,1,1,0,0.0,0.0,0.0,17.0,0.06491057180162063,2.0,0,0,0,1,21.5,41.5,1,1,1,462.25,50.5,-12.446095571095569
1328,Roland Garros,2023,Clay,5,1,1,0,0,1,0,0,1,1,0,1.0,1.0,1.0,24.5,0.02310606060606069,3.0,0,0,0,0,12.5,6.5,1,0,0,156.25,67.0,4.053904428904431
1329,Roland Garros,2023,Clay,5,1,1,0,0,0,0,0,1,1,0,0.0,0.0,0.0,1.0,0.0005411255411255089,0.0,0,0,0,0,13.0,21.0,1,0,0,169.0,84.5,21.55390442890443
1330,Roland Garros,2023,Clay,5,1,1,0,0,0,0,0,1,1,0,0.0,0.0,0.0,6.0,0.05669137352422804,0.0,0,0,0,0,15.5,26.0,1,0,0,240.25,49.5,-13.446095571095569
1331,Roland Garros,2023,Clay,5,1,1,0,0,0,0,0,1,1,0,1.0,1.0,1.0,27.5,0.01710058017649063,5.0,0,0,0,0,19.5,41.5,1,0,0,380.25,46.0,-16.94609557109557
1332,Roland Garros,2023,Clay,6,1,1,0,0,0,0,0,1,1,0,0.0,1.0,1.0,21.0,0.01057318491443759,2.0,0,0,0,0,20.0,6.5,1,0,0,400.0,48.5,-14.446095571095569
1333,Roland Garros,2023,Clay,6,0,0,0,0,0,0,0,1,1,0,0.0,0.0,0.0,26.0,0.01889632107023409,4.0,0,0,0,0,15.5,41.5,1,0,0,240.25,73.5,10.553904428904431
1334,Roland Garros,2023,Clay,7,0,0,0,0,0,0,0,1,1,0,1.0,1.0,1.0,41.5,0.006165839829907926,1.0,0,0,0,0,9.5,6.5,1,0,0,90.25,75.0,12.053904428904431
1335,US Open,2023,Hard,2,1,1,0,0,0,0,0,1,1,0,1.0,1.0,1.0,168.0,0.07716580608146867,176.0,1,0,0,0,3.5,1.5,1,0,0,12.25,91.0,28.05390442890443
1336,US Open,2023,Hard,2,0,0,0,0,1,0,0,1,1,0,1.0,1.0,1.0,460.5,0.0,125.0,0,0,0,0,0.0,58.5,1,0,0,0.0,91.0,28.05390442890443
1337,US Open,2023,Hard,2,1,1,0,1,1,0,0,1,1,0,0.0,0.0,0.0,73.5,0.04751279695498101,15.0,1,0,0,1,12.5,57.0,1,1,1,156.25,67.5,4.553904428904431
1338,US Open,2023,Hard,2,0,0,0,0,0,0,0,1,1,0,1.0,1.0,1.0,337.0,0.1707097933513028,504.0,0,0,0,0,10.0,30.5,1,0,0,100.0,46.0,-16.94609557109557
1339,US Open,2023,Hard,2,1,0,0,1,1,0,0,1,1,0,1.0,1.0,1.0,18.5,0.02310606060606069,11.0,0,0,0,0,12.5,327.0,1,0,1,156.25,67.0,4.053904428904431
1340,US Open,2023,Hard,2,0,0,0,0,0,0,0,1,1,0,1.0,1.0,1.0,127.5,,11.0,0,0,0,0,6.5,60.0,1,0,0,42.25,91.0,28.05390442890443
1341,US Open,2023,Hard,2,0,0,0,0,0,0,0,1,1,0,1.0,1.0,1.0,404.0,0.2857142857142857,252.0,0,0,0,0,3.0,437.5,1,0,0,9.0,91.0,28.05390442890443
1342,US Open,2023,Hard,2,0,0,0,0,0,0,0,1,1,0,1.0,1.0,1.0,664.5,0.1725,413.0,1,0,0,0,8.5,12.5,1,0,0,72.25,90.0,27.05390442890443
1343,US Open,2023,Hard,2,0,0,0,0,0,0,0,1,1,0,0.0,0.0,0.0,75.5,0.01538753799392112,1.0,0,0,0,0,0.0,8.0,1,0,0,0.0,59.5,-3.4460955710955687
1344,US Open,2023,Hard,2,1,1,0,0,0,0,0,1,1,0,0.0,0.0,0.0,488.5,0.2221478755436601,791.0,0,0,0,0,5.0,203.0,1,0,0,25.0,57.0,-5.946095571095569
1345,US Open,2023,Hard,2,1,0,0,1,1,0,0,1,1,0,1.0,1.0,1.0,199.5,0.1092034217072135,1.0,0,0,0,0,14.0,64.0,1,0,1,196.0,91.0,28.05390442890443
1346,US Open,2023,Hard,2,1,1,0,0,0,0,0,1,1,0,0.0,0.0,0.0,38.0,0.008171835575186859,2.0,0,0,0,0,18.5,26.0,1,0,0,342.25,64.0,1.0539044289044313
1347,US Open,2023,Hard,2,1,1,0,0,0,0,0,1,1,0,0.0,0.0,0.0,48.0,0.0276107377274693,6.0,0,0,0,0,14.0,27.0,1,0,0,196.0,23.5,-39.44609557109557
1348,US Open,2023,Hard,2,0,0,0,0,0,0,0,1,1,0,0.0,0.0,0.0,322.0,,156.0,0,0,0,0,9.5,126.5,1,0,0,90.25,85.0,22.05390442890443
1349,US Open,2023,Hard,2,0,0,0,0,1,0,0,1,1,0,1.0,1.0,1.0,76.5,0.04750475047504754,65.0,0,0,0,0,8.5,174.0,1,0,0,72.25,90.0,27.05390442890443
1350,US Open,2023,Hard,2,0,0,0,0,0,0,0,1,1,0,0.0,0.0,0.0,467.0,,308.0,0,0,0,0,11.0,16.5,1,0,0,121.0,16.5,-46.44609557109557
1351,US Open,2023,Hard,2,0,0,0,0,0,0,0,1,1,0,0.0,0.0,0.0,348.5,,117.0,1,0,0,0,10.0,9.5,1,0,0,100.0,31.0,-31.94609557109557
1352,US Open,2023,Hard,2,0,0,0,0,0,0,0,1,1,0,1.0,1.0,1.0,502.5,0.0,299.0,0,0,0,0,0.0,164.0,1,0,0,0.0,91.0,28.05390442890443
1353,US Open,2023,Hard,2,0,0,0,0,0,0,0,1,1,0,1.0,1.0,1.0,1318.5,,947.0,0,0,0,0,0.0,127.0,1,0,0,0.0,91.0,28.05390442890443
1354,US Open,2023,Hard,2,1,1,0,0,1,0,1,1,1,0,1.0,1.0,1.0,21.0,0.006165839829907926,2.0,0,0,0,0,9.5,50.5,0,0,0,90.25,75.0,12.053904428904431
1355,US Open,2023,Hard,2,1,1,0,1,1,0,0,1,1,0,0.0,0.0,0.0,65.5,0.1843769765970905,9.0,0,0,0,1,16.0,32.5,1,1,1,256.0,27.5,-35.44609557109557
1356,US Open,2023,Hard,2,1,1,0,0,0,0,0,1,1,0,1.0,1.0,1.0,489.0,0.1185770750988143,2.0,0,0,0,0,2.0,44.5,1,0,0,4.0,71.0,8.053904428904431
1357,US Open,2023,Hard,2,1,1,0,0,1,0,1,1,1,0,1.0,1.0,1.0,34.5,0.01985049455307897,1.0,0,0,1,0,8.5,206.5,0,1,1,72.25,55.0,-7.946095571095569
1358,US Open,2023,Hard,2,1,1,0,0,0,0,0,1,1,0,1.0,1.0,1.0,42.0,0.03143728110001298,2.0,0,0,0,0,14.5,5.5,1,0,0,210.25,76.0,13.053904428904431
1359,US Open,2023,Hard,2,0,0,0,0,1,0,0,1,1,0,0.0,0.0,0.0,51.5,0.005307855626326963,45.0,0,0,0,0,10.5,12.5,1,0,0,110.25,81.0,18.05390442890443
1360,US Open,2023,Hard,2,1,1,0,0,0,0,0,1,1,0,0.0,0.0,0.0,51.0,0.02483682781724711,2.0,0,0,0,0,14.0,69.5,1,0,0,196.0,63.0,0.053904428904431256
1362,US Open,2023,Hard,2,0,0,0,0,0,0,0,1,1,0,0.0,0.0,0.0,59.0,0.0797692400628246,10.0,0,0,0,0,16.0,18.5,1,0,0,256.0,43.0,-19.94609557109557
1363,US Open,2023,Hard,2,1,1,0,0,1,0,0,1,1,0,1.0,1.0,1.0,46.5,0.008230452674897193,1.0,0,0,0,1,0.0,28.5,1,1,1,0.0,71.0,8.053904428904431
1364,US Open,2023,Hard,2,0,0,0,0,0,0,0,1,1,0,0.0,0.0,0.0,664.5,0.0636363636363636,315.0,0,0,0,0,8.5,621.0,1,0,0,72.25,63.0,0.053904428904431256
1365,US Open,2023,Hard,2,1,1,0,0,0,0,0,1,1,0,0.0,1.0,1.0,64.5,0.08955490143608946,9.0,0,0,0,0,13.0,187.0,1,0,0,169.0,40.5,-22.44609557109557
1366,US Open,2023,Hard,2,0,0,0,0,1,0,1,1,1,0,1.0,1.0,1.0,314.5,0.253615127919911,191.0,1,0,0,0,10.0,3.5,0,0,0,100.0,51.0,-11.946095571095569
1367,US Open,2023,Hard,3,1,1,0,0,1,0,0,1,1,0,1.0,1.0,1.0,58.5,0.006430370146846442,19.0,0,0,0,0,15.5,1.5,1,0,0,240.25,13.0,-49.94609557109557
1368,US Open,2023,Hard,3,1,1,0,0,0,0,0,1,1,0,0.0,0.0,0.0,57.0,0.04950617283950615,4.0,0,0,0,0,14.0,30.5,1,0,0,196.0,47.0,-15.946095571095569
1369,US Open,2023,Hard,3,1,1,0,0,0,0,0,1,1,0,1.0,1.0,1.0,327.0,0.0184019370460049,234.0,1,0,0,0,11.0,60.0,1,0,0,121.0,71.0,8.053904428904431
1370,US Open,2023,Hard,3,0,0,0,0,0,0,0,1,1,0,0.0,0.0,0.0,437.5,,729.0,0,0,0,0,13.0,12.5,1,0,0,169.0,39.0,-23.94609557109557
1371,US Open,2023,Hard,3,0,0,0,0,0,0,0,1,1,0,0.0,0.0,0.0,203.0,,240.0,0,0,0,0,4.0,8.0,1,0,0,16.0,78.0,15.053904428904431
1372,US Open,2023,Hard,3,1,1,0,0,0,0,0,1,1,0,0.0,0.0,0.0,26.0,0.02743182053526882,2.0,0,0,0,0,11.5,64.0,1,0,0,132.25,76.0,13.053904428904431
1373,US Open,2023,Hard,3,0,0,0,0,0,0,0,1,1,0,0.0,1.0,1.0,27.0,0.01544027954839367,2.0,0,0,0,0,16.5,126.5,1,0,0,272.25,84.0,21.05390442890443
1374,US Open,2023,Hard,3,0,0,0,0,0,0,0,1,1,0,0.0,0.0,0.0,174.0,0.09999999999999998,88.0,1,0,0,0,7.0,16.5,1,0,0,49.0,45.0,-17.94609557109557
1375,US Open,2023,Hard,3,0,0,0,0,0,0,0,1,1,0,1.0,1.0,1.0,164.0,0.1291755508173419,80.0,0,0,0,0,12.0,9.5,1,0,0,144.0,71.0,8.053904428904431
1376,US Open,2023,Hard,3,0,0,0,0,1,0,1,1,1,0,0.0,1.0,1.0,50.5,0.0328223270440251,5.0,0,0,0,0,8.0,127.0,0,0,0,64.0,32.5,-30.44609557109557
1377,US Open,2023,Hard,3,0,0,0,0,0,0,0,1,1,0,0.0,0.0,0.0,32.5,0.1445843422114609,19.0,0,0,0,0,16.5,44.5,1,0,0,272.25,56.5,-6.446095571095569
1378,US Open,2023,Hard,3,1,1,0,0,0,0,0,1,1,0,1.0,1.0,1.0,206.5,0.1664133738601824,245.0,1,0,0,0,9.0,5.5,1,0,0,81.0,46.0,-16.94609557109557
1379,US Open,2023,Hard,3,1,1,0,1,1,0,1,1,1,0,0.0,0.0,0.0,69.5,0.0177748518762344,5.0,0,0,0,0,9.5,12.5,0,0,1,90.25,42.0,-20.94609557109557
1381,US Open,2023,Hard,3,0,0,0,0,1,0,0,1,1,0,0.0,0.0,0.0,28.5,0.1500550357732526,15.0,0,0,0,0,16.5,621.0,1,0,0,272.25,56.5,-6.446095571095569
1382,US Open,2023,Hard,3,1,1,0,0,1,0,0,1,1,0,1.0,1.0,1.0,187.0,0.1028622540250447,140.0,0,0,0,1,5.5,3.5,1,1,1,30.25,35.0,-27.94609557109557
1383,US Open,2023,Hard,4,1,1,0,0,0,0,0,1,1,0,0.0,0.0,0.0,1.5,0.0005411255411255089,1.0,0,0,0,0,13.0,30.5,1,0,0,169.0,84.5,21.55390442890443
1384,US Open,2023,Hard,4,1,1,0,1,1,0,0,1,1,0,1.0,1.0,1.0,60.0,0.03399052079535569,4.0,0,0,0,1,0.0,12.5,1,1,1,0.0,89.0,26.05390442890443
1385,US Open,2023,Hard,4,0,0,0,0,1,0,1,1,1,0,0.0,0.0,0.0,8.0,0.05669137352422804,0.0,0,0,0,0,15.5,64.0,0,0,0,240.25,49.5,-13.446095571095569
1386,US Open,2023,Hard,4,1,1,0,0,1,0,0,1,1,0,0.0,1.0,1.0,16.5,0.01057318491443759,1.0,0,0,0,0,20.0,126.5,1,0,0,400.0,48.5,-14.446095571095569
1387,US Open,2023,Hard,4,1,1,0,0,1,0,0,1,1,0,0.0,0.0,0.0,127.0,0.1427566807313642,32.0,0,0,0,1,9.0,9.5,1,1,1,81.0,85.0,22.05390442890443
1388,US Open,2023,Hard,4,0,0,0,0,1,0,0,1,1,0,0.0,0.0,0.0,44.5,0.09314903846153844,25.0,0,0,0,0,8.5,5.5,1,0,0,72.25,79.0,16.05390442890443
1389,US Open,2023,Hard,4,1,1,0,0,1,0,1,1,1,0,0.0,0.0,0.0,12.5,,5.0,0,0,1,0,22.0,18.5,0,1,1,484.0,50.5,-12.446095571095569
1390,US Open,2023,Hard,4,0,0,0,0,1,0,1,1,1,0,1.0,1.0,1.0,621.0,0.1886043995672557,796.0,0,0,0,0,13.0,3.5,0,0,0,169.0,91.0,28.05390442890443
1391,US Open,2023,Hard,5,1,1,0,0,0,0,0,1,1,0,1.0,1.0,1.0,30.5,0.002501202501202449,1.0,0,0,0,0,7.0,12.5,1,0,0,49.0,91.0,28.05390442890443
1392,US Open,2023,Hard,5,0,0,0,0,0,0,0,1,1,0,0.0,0.0,0.0,64.0,0.01660877116804171,2.0,0,0,0,0,10.5,126.5,1,0,0,110.25,81.0,18.05390442890443
1393,US Open,2023,Hard,5,0,0,0,0,0,0,0,1,1,0,1.0,1.0,1.0,9.5,0.01710058017649063,5.0,0,0,0,0,19.5,5.5,1,0,0,380.25,46.0,-16.94609557109557
1394,US Open,2023,Hard,5,0,0,0,0,1,0,0,1,1,0,0.0,0.0,0.0,18.5,0.04232018933771908,1.0,0,0,0,0,8.5,3.5,1,0,0,72.25,65.5,2.5539044289044313
1395,US Open,2023,Hard,6,1,1,0,0,0,0,0,1,1,0,1.0,1.0,1.0,126.5,0.0790823211875844,173.0,0,0,0,0,18.0,12.5,1,0,0,324.0,71.0,8.053904428904431
1396,US Open,2023,Hard,6,0,0,0,0,1,0,0,1,1,0,0.0,0.0,0.0,3.5,0.02692944392196983,1.0,0,0,0,0,15.0,5.5,1,0,0,225.0,62.0,-0.9460955710955687
1397,US Open,2023,Hard,7,0,0,0,0,1,0,1,1,1,0,0.0,1.0,1.0,12.5,0.02406384127065708,3.0,0,0,0,0,18.5,5.5,0,0,0,342.25,69.0,6.053904428904431
1398,Wimbledon,2023,Grass,2,0,0,0,0,0,0,0,1,1,0,0.0,0.0,0.0,489.5,0.2451573849878934,161.0,0,0,0,0,10.5,2.0,1,0,0,110.25,53.0,-9.946095571095569
1399,Wimbledon,2023,Grass,2,0,0,0,0,0,0,0,1,1,0,0.0,0.0,0.0,641.5,,475.0,0,0,0,0,12.5,34.0,1,0,0,156.25,57.0,-5.946095571095569
1400,Wimbledon,2023,Grass,2,0,0,0,0,0,0,0,1,1,0,1.0,1.0,1.0,145.5,0.1092034217072135,107.0,0,0,0,0,14.0,112.5,1,0,0,196.0,91.0,28.05390442890443
1401,Wimbledon,2023,Grass,2,0,0,0,0,1,0,1,1,1,0,1.0,1.0,1.0,99.0,0.1720177664974619,84.0,0,0,0,0,0.0,28.0,0,0,0,0.0,89.0,26.05390442890443
1402,Wimbledon,2023,Grass,2,1,1,0,0,0,0,0,1,1,0,0.0,0.0,0.0,40.5,0.06170004885197844,27.0,0,0,0,0,19.0,17.0,1,0,0,361.0,59.0,-3.9460955710955687
1403,Wimbledon,2023,Grass,2,0,0,0,0,0,0,0,1,1,0,1.0,1.0,1.0,190.5,0.2968266253869969,125.0,0,0,0,0,9.0,46.5,1,0,0,81.0,89.0,26.05390442890443
1404,Wimbledon,2023,Grass,2,1,1,0,0,0,0,0,1,1,0,1.0,1.0,1.0,160.0,0.324875,162.0,0,0,0,0,9.0,71.0,1,0,0,81.0,46.0,-16.94609557109557
1405,Wimbledon,2023,Grass,2,0,0,0,0,0,0,0,1,1,0,1.0,1.0,1.0,475.0,,738.0,0,0,0,0,12.5,21.5,1,0,0,156.25,71.0,8.053904428904431
1406,Wimbledon,2023,Grass,2,1,1,0,0,1,0,1,1,1,0,0.0,1.0,1.0,5.5,0.06283712425079746,1.0,0,0,1,0,14.0,146.0,0,1,1,196.0,90.0,27.05390442890443
1407,Wimbledon,2023,Grass,2,1,1,0,0,0,0,0,1,1,0,0.0,0.0,0.0,51.5,0.0276107377274693,7.0,0,0,0,0,14.0,42.5,1,0,0,196.0,23.5,-39.44609557109557
1408,Wimbledon,2023,Grass,2,0,0,0,0,0,0,0,1,1,0,1.0,1.0,1.0,424.0,0.2047619047619048,274.0,1,0,0,0,5.0,45.5,1,0,0,25.0,91.0,28.05390442890443
1409,Wimbledon,2023,Grass,2,1,1,0,0,1,0,1,1,1,0,0.0,0.0,0.0,49.5,0.008816055100344444,29.0,0,0,1,0,18.0,32.5,0,1,1,324.0,67.5,4.553904428904431
1410,Wimbledon,2023,Grass,2,1,1,0,0,0,0,0,1,1,0,0.0,0.0,0.0,83.0,0.08636363636363642,10.0,1,0,0,0,11.0,25.0,1,0,0,121.0,65.0,2.0539044289044313
1411,Wimbledon,2023,Grass,2,0,0,0,0,0,0,0,1,1,0,1.0,1.0,1.0,564.5,,573.0,1,0,0,0,11.0,83.0,1,0,0,121.0,71.0,8.053904428904431
1412,Wimbledon,2023,Grass,2,1,1,0,0,1,0,1,1,1,0,0.0,0.0,0.0,72.5,0.01267281105990792,5.0,0,0,0,0,7.0,353.0,0,0,0,49.0,58.5,-4.446095571095569
1413,Wimbledon,2023,Grass,2,1,1,0,1,1,0,0,1,1,0,1.0,1.0,1.0,153.5,0.1707097933513028,141.0,0,0,0,1,10.0,14.0,1,1,1,100.0,46.0,-16.94609557109557
1414,Wimbledon,2023,Grass,2,1,0,0,1,1,0,1,1,1,0,1.0,1.0,1.0,321.5,0.0184019370460049,239.0,1,0,0,0,11.0,10.5,0,0,1,121.0,71.0,8.053904428904431
1415,Wimbledon,2023,Grass,2,0,0,0,0,0,0,0,1,1,0,0.0,0.0,0.0,630.5,0.2901785714285714,441.0,1,0,0,0,9.0,602.5,1,0,0,81.0,56.5,-6.446095571095569
1416,Wimbledon,2023,Grass,2,0,0,0,0,0,0,0,1,1,0,0.0,1.0,1.0,857.0,,1300.0,1,0,0,0,12.0,324.5,1,0,0,144.0,32.0,-30.94609557109557
1417,Wimbledon,2023,Grass,2,0,0,0,0,0,0,0,1,1,0,0.0,0.0,0.0,66.5,0.07255402959650797,1.0,0,0,0,0,14.5,24.5,1,0,0,210.25,27.5,-35.44609557109557
1418,Wimbledon,2023,Grass,2,0,0,0,0,1,0,0,1,1,0,0.0,0.0,0.0,56.0,0.03641939812152578,12.0,0,0,0,0,13.0,26.5,1,0,0,169.0,61.0,-1.9460955710955687
1419,Wimbledon,2023,Grass,2,0,0,0,0,0,0,0,1,1,0,1.0,1.0,1.0,381.0,0.2812254516889238,376.0,0,0,0,0,9.0,39.0,1,0,0,81.0,71.0,8.053904428904431
1420,Wimbledon,2023,Grass,2,0,0,0,0,1,0,0,1,1,0,1.0,1.0,1.0,67.0,0.0908258979638526,18.0,0,0,0,0,13.0,368.0,1,0,0,169.0,48.0,-14.946095571095569
1421,Wimbledon,2023,Grass,2,0,0,0,0,0,0,0,1,1,0,1.0,1.0,1.0,103.5,0.03661521084337349,61.0,0,0,0,0,4.0,10.0,1,0,0,16.0,91.0,28.05390442890443
1423,Wimbledon,2023,Grass,2,0,0,0,0,0,0,0,1,1,0,1.0,1.0,1.0,748.5,0.1570294784580499,229.0,0,0,0,0,10.5,36.5,1,0,0,110.25,46.0,-16.94609557109557
1424,Wimbledon,2023,Grass,2,0,0,0,0,0,0,0,1,1,0,0.0,0.0,0.0,771.0,,174.0,1,0,0,0,14.0,52.5,1,0,0,196.0,16.0,-46.94609557109557
1425,Wimbledon,2023,Grass,2,0,0,0,0,0,0,0,1,1,0,0.0,0.0,0.0,710.5,,271.0,0,0,0,0,12.0,24.0,1,0,0,144.0,57.5,-5.446095571095569
1426,Wimbledon,2023,Grass,2,1,1,0,1,1,0,1,1,1,0,1.0,1.0,1.0,56.0,0.006430370146846442,18.0,0,0,1,0,15.5,27.0,0,1,1,240.25,13.0,-49.94609557109557
1427,Wimbledon,2023,Grass,2,1,1,0,0,1,0,1,1,1,0,1.0,1.0,1.0,139.5,0.1028622540250447,63.0,0,0,1,0,5.5,795.0,0,1,1,30.25,35.0,-27.94609557109557
1428,Wimbledon,2023,Grass,2,0,0,0,0,0,0,0,1,1,0,0.0,0.0,0.0,197.0,0.2990430622009569,256.0,1,0,0,0,8.0,122.0,1,0,0,64.0,85.5,22.55390442890443
1429,Wimbledon,2023,Grass,2,1,1,0,0,0,0,0,1,1,0,1.0,1.0,1.0,93.5,,1.0,0,0,0,0,0.0,2.5,1,0,0,0.0,48.0,-14.946095571095569
1430,Wimbledon,2023,Grass,3,1,1,0,0,0,0,0,1,1,0,1.0,1.0,1.0,34.0,0.03450549450549456,6.0,1,0,0,0,7.0,2.0,1,0,0,49.0,90.0,27.05390442890443
1431,Wimbledon,2023,Grass,3,0,0,0,0,1,0,0,1,1,0,1.0,1.0,1.0,28.0,0.01710058017649063,8.0,0,0,0,0,19.5,112.5,1,0,0,380.25,46.0,-16.94609557109557
1432,Wimbledon,2023,Grass,3,1,1,0,0,0,0,0,1,1,0,0.0,1.0,1.0,46.5,0.0328223270440251,5.0,0,0,0,0,8.0,17.0,1,0,0,64.0,32.5,-30.44609557109557
1433,Wimbledon,2023,Grass,3,1,1,0,0,0,0,0,1,1,0,0.0,0.0,0.0,21.5,0.03315368283521147,1.0,0,0,0,0,13.5,71.0,1,0,0,182.25,69.0,6.053904428904431
1434,Wimbledon,2023,Grass,3,1,1,0,1,1,0,1,1,1,0,1.0,1.0,1.0,42.5,0.03143728110001298,1.0,0,0,0,0,14.5,146.0,0,0,1,210.25,76.0,13.053904428904431
1435,Wimbledon,2023,Grass,3,0,0,0,0,0,0,0,1,1,0,1.0,1.0,1.0,45.5,0.008230452674897193,1.0,0,0,0,0,0.0,32.5,1,0,0,0.0,71.0,8.053904428904431
1436,Wimbledon,2023,Grass,3,1,0,0,1,1,0,1,1,1,0,0.0,0.0,0.0,25.0,0.02810063499718674,32.0,0,0,0,0,15.5,83.0,0,0,1,240.25,80.0,17.05390442890443
1437,Wimbledon,2023,Grass,3,0,0,0,0,0,0,0,1,1,0,1.0,1.0,1.0,353.0,0.06666666666666671,158.0,0,0,0,0,0.0,14.0,1,0,0,0.0,89.0,26.05390442890443
1438,Wimbledon,2023,Grass,3,1,1,0,0,0,0,0,1,1,0,1.0,1.0,1.0,602.5,0.1666666666666667,113.0,0,0,0,0,0.0,10.5,1,0,0,0.0,89.0,26.05390442890443
1440,Wimbledon,2023,Grass,3,1,1,0,0,1,0,1,1,1,0,1.0,1.0,1.0,39.0,0.01985049455307897,2.0,0,0,1,0,8.5,26.5,0,1,1,72.25,55.0,-7.946095571095569
1441,Wimbledon,2023,Grass,3,1,1,0,0,0,0,0,1,1,0,0.0,0.0,0.0,368.0,,436.0,0,0,0,0,12.5,10.0,1,0,0,156.25,61.0,-1.9460955710955687
1442,Wimbledon,2023,Grass,3,1,1,0,0,0,0,0,1,1,0,0.0,0.0,0.0,14.0,0.05669137352422804,0.0,0,0,0,0,15.5,36.5,1,0,0,240.25,49.5,-13.446095571095569
1443,Wimbledon,2023,Grass,3,1,1,0,0,0,0,0,1,1,0,0.0,0.0,0.0,52.5,0.02483682781724711,1.0,0,0,0,0,14.0,24.0,1,0,0,196.0,63.0,0.053904428904431256
1444,Wimbledon,2023,Grass,3,1,1,0,0,1,0,0,1,1,0,1.0,1.0,1.0,795.0,0.1185770750988143,4.0,0,0,0,1,2.0,27.0,1,1,1,4.0,71.0,8.053904428904431
1445,Wimbledon,2023,Grass,3,1,1,0,0,1,0,1,1,1,0,0.0,0.0,0.0,2.5,0.02692944392196983,3.0,0,0,1,0,15.0,122.0,0,1,1,225.0,62.0,-0.9460955710955687
1446,Wimbledon,2023,Grass,4,1,1,0,0,0,0,0,1,1,0,1.0,1.0,1.0,112.5,0.04750475047504754,113.0,0,0,0,0,8.5,2.0,1,0,0,72.25,90.0,27.05390442890443
1447,Wimbledon,2023,Grass,4,0,0,0,0,1,0,0,1,1,0,1.0,1.0,1.0,17.0,0.03741686333404848,0.0,0,0,0,0,13.5,71.0,1,0,0,182.25,33.0,-29.94609557109557
1448,Wimbledon,2023,Grass,4,0,0,0,0,0,0,0,1,1,0,0.0,0.0,0.0,32.5,0.008171835575186859,7.0,0,0,0,0,18.5,146.0,1,0,0,342.25,64.0,1.0539044289044313
1449,Wimbledon,2023,Grass,4,1,0,0,1,1,0,0,1,1,0,0.0,0.0,0.0,83.0,0.06779100529100529,6.0,0,0,0,0,4.0,14.0,1,0,1,16.0,85.5,22.55390442890443
1450,Wimbledon,2023,Grass,4,0,0,0,0,1,0,0,1,1,0,0.0,0.0,0.0,10.5,,1.0,0,0,0,0,22.0,24.5,1,0,0,484.0,50.5,-12.446095571095569
1451,Wimbledon,2023,Grass,4,0,0,0,0,0,0,0,1,1,0,0.0,0.0,0.0,10.0,0.04232018933771908,6.0,0,0,0,0,8.5,26.5,1,0,0,72.25,65.5,2.5539044289044313
1452,Wimbledon,2023,Grass,4,0,0,0,0,0,0,0,1,1,0,1.0,1.0,1.0,24.0,0.006165839829907926,2.0,0,0,0,0,9.5,36.5,1,0,0,90.25,75.0,12.053904428904431
1453,Wimbledon,2023,Grass,4,1,1,0,0,0,0,0,1,1,0,0.0,1.0,1.0,122.0,0.01530612244897955,90.0,0,0,0,0,8.0,27.0,1,0,0,64.0,78.0,15.053904428904431
1454,Wimbledon,2023,Grass,5,0,0,0,0,1,0,1,1,1,0,0.0,0.0,0.0,71.0,0.04950617283950615,6.0,0,0,0,0,14.0,2.0,0,0,0,196.0,47.0,-15.946095571095569
1455,Wimbledon,2023,Grass,5,1,1,0,0,1,0,1,1,1,0,1.0,1.0,1.0,146.0,0.06233062330623312,60.0,0,0,1,0,8.0,14.0,0,1,1,64.0,80.0,17.05390442890443
1456,Wimbledon,2023,Grass,5,0,0,0,0,0,0,0,1,1,0,0.0,1.0,1.0,26.5,0.01544027954839367,13.0,0,0,0,0,16.5,24.5,1,0,0,272.25,84.0,21.05390442890443
1457,Wimbledon,2023,Grass,5,0,0,0,0,0,0,0,1,1,0,1.0,1.0,1.0,36.5,0.002501202501202449,5.0,0,0,0,0,7.0,27.0,1,0,0,49.0,91.0,28.05390442890443
1458,Wimbledon,2023,Grass,6,0,0,0,0,0,0,0,1,1,0,0.0,1.0,1.0,14.0,0.02406384127065708,4.0,0,0,0,0,18.5,2.0,1,0,0,342.25,69.0,6.053904428904431
1459,Wimbledon,2023,Grass,6,0,0,0,0,0,0,0,1,1,0,1.0,1.0,1.0,24.5,0.02310606060606069,11.0,0,0,0,0,12.5,27.0,1,0,0,156.25,67.0,4.053904428904431
1460,Wimbledon,2023,Grass,7,0,0,0,0,0,0,0,1,1,0,0.0,1.0,1.0,27.0,0.01057318491443759,2.0,0,0,0,0,20.0,2.0,1,0,0,400.0,48.5,-14.446095571095569
1461,Australian Open,2024,Hard,2,0,0,0,0,1,0,1,1,1,0,0.0,0.0,0.0,267.5,0.02962962962962973,215.0,1,0,0,0,8.0,1.5,0,0,0,64.0,32.0,-30.94609557109557
1462,Australian Open,2024,Hard,2,0,0,0,0,1,0,1,1,1,0,1.0,1.0,1.0,166.5,0.1664133738601824,163.0,1,0,0,0,10.0,65.5,0,0,0,100.0,46.0,-16.94609557109557
1463,Australian Open,2024,Hard,2,1,0,0,1,1,0,1,1,1,0,0.0,0.0,0.0,52.5,0.02483682781724711,3.0,0,0,0,0,15.0,50.5,0,0,1,225.0,63.0,0.053904428904431256
1464,Australian Open,2024,Hard,2,0,0,0,0,0,0,0,1,1,0,1.0,1.0,1.0,742.0,0.03497023809523811,310.0,0,0,0,0,6.5,25.5,1,0,0,42.25,46.0,-16.94609557109557
1465,Australian Open,2024,Hard,2,1,1,0,0,0,0,0,1,1,0,1.0,1.0,1.0,64.5,0.0595611285266458,3.0,0,0,0,0,0.0,25.5,1,0,0,0.0,67.0,4.053904428904431
1466,Australian Open,2024,Hard,2,0,0,0,0,0,0,0,1,1,0,1.0,1.0,1.0,326.0,0.2556818181818182,490.0,0,0,0,0,6.5,74.0,1,0,0,42.25,76.0,13.053904428904431
1467,Australian Open,2024,Hard,2,0,0,0,0,0,0,0,1,1,0,0.0,0.0,0.0,354.5,,163.0,0,0,0,0,6.0,579.0,1,0,0,36.0,42.0,-20.94609557109557
1468,Australian Open,2024,Hard,2,0,0,0,0,0,0,0,1,1,0,0.0,0.0,0.0,795.5,0.09090909090909088,1093.0,0,0,0,0,9.5,19.0,1,0,0,90.25,54.5,-8.446095571095569
1469,Australian Open,2024,Hard,2,1,1,0,0,0,0,0,1,1,0,1.0,1.0,1.0,65.0,0.06726579520697157,10.0,0,0,0,0,8.0,8.0,1,0,0,64.0,91.0,28.05390442890443
1470,Australian Open,2024,Hard,2,1,1,0,0,1,0,1,1,1,0,1.0,1.0,1.0,299.0,0.2051149573753552,78.0,1,0,1,0,9.0,693.5,0,1,1,81.0,90.0,27.05390442890443
1471,Australian Open,2024,Hard,2,0,0,0,0,0,0,0,1,1,0,1.0,1.0,1.0,216.5,0.07716580608146867,257.0,1,0,0,0,4.5,634.0,1,0,0,20.25,91.0,28.05390442890443
1472,Australian Open,2024,Hard,2,0,0,0,0,0,0,0,1,1,0,0.0,0.0,0.0,643.0,0.0875,136.0,1,0,0,0,12.0,27.0,1,0,0,144.0,57.5,-5.446095571095569
1473,Australian Open,2024,Hard,2,1,1,0,0,0,0,0,1,1,0,1.0,1.0,1.0,90.5,0.06233062330623312,37.0,1,0,0,0,9.0,24.5,1,0,0,81.0,80.0,17.05390442890443
1474,Australian Open,2024,Hard,2,0,0,0,0,0,0,0,1,1,0,1.0,1.0,1.0,162.0,0.0641025641025641,126.0,0,0,0,0,0.0,61.5,1,0,0,0.0,90.0,27.05390442890443
1475,Australian Open,2024,Hard,2,1,1,0,0,0,0,0,1,1,0,1.0,1.0,1.0,39.0,0.01985049455307897,4.0,0,0,0,0,9.5,61.5,1,0,0,90.25,55.0,-7.946095571095569
1476,Australian Open,2024,Hard,2,1,1,0,0,1,0,1,1,1,0,1.0,1.0,1.0,439.5,0.1142857142857143,9.0,0,0,1,0,0.0,16.0,0,1,1,0.0,90.0,27.05390442890443
1477,Australian Open,2024,Hard,2,1,1,0,0,0,0,0,1,1,0,0.0,0.0,0.0,79.0,0.08100328947368418,10.0,1,0,0,0,8.0,10.5,1,0,0,64.0,85.5,22.55390442890443
1478,Australian Open,2024,Hard,2,1,1,0,1,1,0,0,1,1,0,1.0,1.0,1.0,169.5,0.0315789473684211,5.0,0,0,0,1,2.0,63.0,1,1,1,4.0,90.0,27.05390442890443
1479,Australian Open,2024,Hard,2,1,1,0,1,1,0,1,1,1,0,0.0,0.0,0.0,50.0,0.05001536098310289,22.0,0,0,0,0,17.5,62.0,0,0,1,306.25,64.0,1.0539044289044313
1480,Australian Open,2024,Hard,2,0,0,0,0,0,0,0,1,1,0,0.0,1.0,1.0,20.5,0.01544027954839367,1.0,0,0,0,0,17.5,52.5,1,0,0,306.25,84.0,21.05390442890443
1481,Australian Open,2024,Hard,2,0,0,0,0,0,0,0,1,1,0,1.0,1.0,1.0,26.0,0.006165839829907926,0.0,0,0,0,0,10.5,345.0,1,0,0,110.25,75.0,12.053904428904431
1483,Australian Open,2024,Hard,2,0,0,0,0,0,0,0,1,1,0,1.0,1.0,1.0,103.5,0.1028622540250447,17.0,0,0,0,0,6.5,482.5,1,0,0,42.25,35.0,-27.94609557109557
1484,Australian Open,2024,Hard,2,1,1,0,0,0,0,0,1,1,0,0.0,0.0,0.0,46.0,0.07338632445891591,8.0,0,0,0,0,24.0,5.5,1,0,0,576.0,59.0,-3.9460955710955687
1485,Australian Open,2024,Hard,2,0,0,0,0,0,0,0,1,1,0,0.0,1.0,1.0,333.0,0.1440092165898617,186.0,1,0,0,0,12.0,13.0,1,0,0,144.0,48.5,-14.446095571095569
1486,Australian Open,2024,Hard,2,1,1,0,1,1,0,0,1,1,0,0.0,0.0,0.0,48.0,0.0276107377274693,8.0,0,0,0,1,15.0,349.0,1,1,1,225.0,23.5,-39.44609557109557
1487,Australian Open,2024,Hard,2,0,0,0,0,1,0,1,1,1,0,0.0,1.0,1.0,48.0,0.1192116440484824,2.0,0,0,0,0,9.0,320.0,0,0,0,81.0,90.0,27.05390442890443
1488,Australian Open,2024,Hard,2,0,0,0,0,1,0,1,1,1,0,1.0,1.0,1.0,124.0,0.04999999999999999,40.0,0,0,0,0,4.0,24.0,0,0,0,16.0,58.0,-4.946095571095569
1489,Australian Open,2024,Hard,2,1,1,0,0,1,0,0,1,1,0,1.0,1.0,1.0,35.5,0.008230452674897193,1.0,0,0,0,0,0.0,25.5,1,0,0,0.0,71.0,8.053904428904431
1490,Australian Open,2024,Hard,2,1,1,0,0,0,0,0,1,1,0,1.0,1.0,1.0,159.0,0.01331478537360903,40.0,0,0,0,0,12.5,33.5,1,0,0,156.25,90.0,27.05390442890443
1491,Australian Open,2024,Hard,2,1,1,0,1,1,0,1,1,1,0,0.0,0.0,0.0,570.0,0.0548736849638588,998.0,0,0,1,0,17.0,495.5,0,1,1,289.0,58.5,-4.446095571095569
1492,Australian Open,2024,Hard,2,1,1,0,1,1,0,0,1,1,0,1.0,1.0,1.0,734.5,0.1944146079484426,995.0,0,0,0,0,11.5,3.5,1,0,1,132.25,90.0,27.05390442890443
1493,Australian Open,2024,Hard,3,1,1,0,1,1,0,0,1,1,0,0.0,0.0,0.0,1.5,0.02692944392196983,1.0,0,0,0,1,16.0,65.5,1,1,1,256.0,62.0,-0.9460955710955687
1494,Australian Open,2024,Hard,3,1,1,0,0,1,0,0,1,1,0,1.0,1.0,1.0,25.5,,29.0,0,0,0,0,24.0,50.5,1,0,0,576.0,71.0,8.053904428904431
1495,Australian Open,2024,Hard,3,0,0,0,0,0,0,0,1,1,0,0.0,0.0,0.0,74.0,0.09202096680256261,10.0,0,0,0,0,0.0,25.5,1,0,0,0.0,39.0,-23.94609557109557
1496,Australian Open,2024,Hard,3,0,0,0,0,0,0,0,1,1,0,0.0,0.0,0.0,579.0,0.0636363636363636,516.0,1,0,0,0,9.5,19.0,1,0,0,90.25,63.0,0.053904428904431256
1497,Australian Open,2024,Hard,3,0,0,0,0,0,0,0,1,1,0,0.0,0.0,0.0,693.5,,1319.0,0,0,0,0,11.0,8.0,1,0,0,121.0,78.5,15.553904428904431
1498,Australian Open,2024,Hard,3,0,0,0,0,1,0,0,1,1,0,1.0,1.0,1.0,27.0,0.03450549450549456,6.0,1,0,0,0,8.0,634.0,1,0,0,64.0,90.0,27.05390442890443
1499,Australian Open,2024,Hard,3,1,1,0,0,1,0,0,1,1,0,0.0,0.0,0.0,61.5,0.08030199039121488,13.0,0,0,0,0,10.0,24.5,1,0,0,100.0,71.0,8.053904428904431
1500,Australian Open,2024,Hard,3,1,1,0,0,1,0,0,1,1,0,1.0,1.0,1.0,61.5,0.04750475047504754,57.0,1,0,0,1,9.5,16.0,1,1,1,90.25,90.0,27.05390442890443
1501,Australian Open,2024,Hard,3,0,0,0,0,0,0,0,1,1,0,0.0,0.0,0.0,63.0,0.1164249539594843,20.0,0,0,0,0,9.0,10.5,1,0,0,81.0,58.0,-4.946095571095569
1502,Australian Open,2024,Hard,3,1,1,0,0,0,0,0,1,1,0,0.0,0.0,0.0,62.0,0.1155179052753177,6.0,0,0,0,0,15.0,52.5,1,0,0,225.0,25.5,-37.44609557109557
1503,Australian Open,2024,Hard,3,1,1,0,0,0,0,0,1,1,0,1.0,1.0,1.0,977.0,,792.0,0,0,0,0,10.5,345.0,1,0,0,110.25,80.0,17.05390442890443
1504,Australian Open,2024,Hard,3,0,0,0,0,0,0,0,1,1,0,0.0,0.0,0.0,482.5,0.2273691654879774,805.0,0,0,0,0,12.0,5.5,1,0,0,144.0,48.5,-14.446095571095569
1507,Australian Open,2024,Hard,3,0,0,0,0,0,0,0,1,1,0,0.0,0.0,0.0,33.5,0.07588095438562725,9.0,0,0,0,0,14.5,25.5,1,0,0,210.25,76.5,13.553904428904431
1508,Australian Open,2024,Hard,3,0,0,0,0,0,0,0,1,1,0,1.0,1.0,1.0,495.5,,151.0,0,0,0,0,18.0,3.5,1,0,0,324.0,90.0,27.05390442890443
1509,Australian Open,2024,Hard,4,0,0,0,0,0,0,0,1,1,0,0.0,0.0,0.0,65.5,0.07423930450697791,3.0,0,0,0,0,17.0,50.5,1,0,0,289.0,32.0,-30.94609557109557
1510,Australian Open,2024,Hard,4,0,0,0,0,0,0,0,1,1,0,0.0,0.0,0.0,25.5,0.04901135386713307,13.0,0,0,0,0,12.5,19.0,1,0,0,156.25,26.0,-36.94609557109557
1511,Australian Open,2024,Hard,4,1,1,0,0,1,0,0,1,1,0,0.0,1.0,1.0,8.0,0.01057318491443759,2.0,0,0,0,1,21.0,634.0,1,1,1,441.0,48.5,-14.446095571095569
1512,Australian Open,2024,Hard,4,1,0,0,1,1,0,1,1,1,0,0.0,0.0,0.0,24.5,0.06931131435219595,13.0,0,0,0,0,15.0,16.0,0,0,1,225.0,84.5,21.55390442890443
1513,Australian Open,2024,Hard,4,1,1,0,0,1,0,1,1,1,0,0.0,0.0,0.0,10.5,0.08436235895252286,1.0,0,0,0,0,17.5,52.5,0,0,0,306.25,59.5,-3.4460955710955687
1514,Australian Open,2024,Hard,4,0,0,0,0,1,0,1,1,1,0,0.0,1.0,1.0,5.5,0.06283712425079746,1.0,0,0,0,0,15.0,345.0,0,0,0,225.0,90.0,27.05390442890443
1515,Australian Open,2024,Hard,4,1,1,0,1,1,0,0,1,1,0,1.0,1.0,1.0,24.0,0.002501202501202449,2.0,0,0,0,0,8.0,13.0,1,0,1,64.0,91.0,28.05390442890443
1516,Australian Open,2024,Hard,4,1,1,0,0,0,0,0,1,1,0,0.0,0.0,0.0,25.5,0.01910815173527036,35.0,0,0,0,0,16.0,3.5,1,0,0,256.0,56.5,-6.446095571095569
1517,Australian Open,2024,Hard,5,0,0,0,0,0,0,0,1,1,0,1.0,1.0,1.0,19.0,0.02310606060606069,6.0,0,0,0,0,13.5,50.5,1,0,0,182.25,67.0,4.053904428904431
1518,Australian Open,2024,Hard,5,1,1,0,0,0,0,0,1,1,0,0.0,0.0,0.0,16.0,0.04232018933771908,2.0,0,0,0,0,9.5,634.0,1,0,0,90.25,65.5,2.5539044289044313
1519,Australian Open,2024,Hard,5,0,0,0,0,0,0,0,1,1,0,0.0,0.0,0.0,52.5,0.04950617283950615,9.0,0,0,0,0,15.0,345.0,1,0,0,225.0,47.0,-15.946095571095569
1520,Australian Open,2024,Hard,5,1,1,0,0,0,0,0,1,1,0,1.0,1.0,1.0,13.0,0.01710058017649063,0.0,0,0,0,0,20.5,3.5,1,0,0,420.25,46.0,-16.94609557109557
1521,Australian Open,2024,Hard,6,1,0,0,1,1,0,0,1,1,0,1.0,1.0,1.0,634.0,0.0926535087719298,502.0,1,0,0,0,8.5,50.5,1,0,1,72.25,67.0,4.053904428904431
1522,Australian Open,2024,Hard,6,1,0,0,1,1,0,0,1,1,0,0.0,0.0,0.0,345.0,,560.0,0,0,0,0,9.5,3.5,1,0,1,90.25,39.0,-23.94609557109557
1523,Australian Open,2024,Hard,7,1,1,0,0,0,0,0,1,1,0,1.0,1.0,1.0,50.5,0.03143728110001298,11.0,0,0,0,0,15.5,3.5,1,0,0,240.25,76.0,13.053904428904431
1556,Roland Garros,2024,Clay,2,0,0,0,0,0,0,0,1,1,0,1.0,1.0,1.0,221.5,0.2314983318168032,139.0,1,0,0,0,19.0,1.0,1,0,0,361.0,71.0,8.053904428904431
1557,Roland Garros,2024,Clay,2,0,0,0,0,0,0,0,1,1,0,1.0,1.0,1.0,193.0,0.2152976966536288,278.0,0,0,0,0,18.0,45.0,1,0,0,324.0,71.0,8.053904428904431
1558,Roland Garros,2024,Clay,2,0,0,0,0,0,0,0,1,1,0,0.0,0.0,0.0,516.5,0.0727272727272727,333.0,0,0,0,0,11.0,161.5,1,0,0,121.0,81.0,18.05390442890443
1559,Roland Garros,2024,Clay,2,1,1,0,0,1,0,1,1,1,0,0.0,0.0,0.0,139.5,0.02881152460984387,145.0,0,0,1,0,0.0,29.5,0,1,1,0.0,53.0,-9.946095571095569
1560,Roland Garros,2024,Clay,2,0,0,0,0,1,0,1,1,1,0,0.0,0.0,0.0,26.0,0.07517482517482521,32.0,0,0,0,0,11.5,62.0,0,0,0,132.25,78.0,15.053904428904431
1561,Roland Garros,2024,Clay,2,0,0,0,0,0,0,0,1,1,0,1.0,1.0,1.0,213.0,0.0,232.0,0,0,0,0,10.0,117.5,1,0,0,100.0,71.0,8.053904428904431
1562,Roland Garros,2024,Clay,2,0,0,0,0,1,0,0,1,1,0,1.0,1.0,1.0,429.5,0.05925925925925934,7.0,0,0,0,0,12.0,431.0,1,0,0,144.0,25.0,-37.94609557109557
1563,Roland Garros,2024,Clay,2,1,1,0,0,0,0,0,1,1,0,0.0,0.0,0.0,31.5,0.06931131435219595,15.0,0,0,0,0,15.0,16.5,1,0,0,225.0,84.5,21.55390442890443
1564,Roland Garros,2024,Clay,2,0,0,0,0,1,0,0,1,1,0,0.0,1.0,1.0,45.5,0.1192116440484824,9.0,0,0,0,0,9.0,7.5,1,0,0,81.0,90.0,27.05390442890443
1565,Roland Garros,2024,Clay,2,1,1,0,0,0,0,0,1,1,0,0.0,0.0,0.0,65.5,0.03900709219858162,7.0,0,0,0,0,0.0,107.5,1,0,0,0.0,64.5,1.5539044289044313
1566,Roland Garros,2024,Clay,2,1,1,0,0,0,0,0,1,1,0,0.0,0.0,0.0,55.5,0.08269557823129259,5.0,0,0,0,0,12.0,66.0,1,0,0,144.0,20.0,-42.94609557109557
1567,Roland Garros,2024,Clay,2,1,1,0,0,0,0,0,1,1,0,1.0,1.0,1.0,25.0,0.002501202501202449,0.0,0,0,0,0,8.0,104.5,1,0,0,64.0,91.0,28.05390442890443
1568,Roland Garros,2024,Clay,2,0,0,0,0,0,0,0,1,1,0,0.0,1.0,1.0,639.5,0.02524544179523136,703.0,0,0,0,0,13.0,17.0,1,0,0,169.0,48.5,-14.446095571095569
1569,Roland Garros,2024,Clay,2,1,1,0,0,0,0,0,1,1,0,0.0,0.0,0.0,663.0,0.0829471182412358,156.0,1,0,0,0,15.5,394.0,1,0,0,240.25,65.0,2.0539044289044313
1570,Roland Garros,2024,Clay,2,1,0,0,1,1,0,0,1,1,0,0.0,0.0,0.0,728.0,0.04306632213608963,1312.0,0,0,0,0,4.0,101.5,1,0,1,16.0,44.5,-18.44609557109557
1571,Roland Garros,2024,Clay,2,0,0,0,0,0,0,0,1,1,0,0.0,1.0,1.0,167.0,0.1203914031102569,178.0,0,0,0,0,9.0,14.0,1,0,0,81.0,15.5,-47.44609557109557
1572,Roland Garros,2024,Clay,2,1,1,0,0,1,0,0,1,1,0,1.0,1.0,1.0,63.0,0.06080233079336622,24.0,0,0,0,1,22.0,15.5,1,1,1,484.0,80.0,17.05390442890443
1573,Roland Garros,2024,Clay,2,1,1,0,0,1,0,1,1,1,0,0.0,0.0,0.0,124.0,0.03197004608294918,68.0,0,0,1,0,6.0,34.5,0,1,1,36.0,75.5,12.553904428904431
1574,Roland Garros,2024,Clay,2,1,1,0,1,1,0,0,1,1,0,1.0,1.0,1.0,60.5,0.0595611285266458,1.0,0,0,0,0,0.0,40.5,1,0,1,0.0,67.0,4.053904428904431
1575,Roland Garros,2024,Clay,2,0,0,0,0,0,0,0,1,1,0,0.0,0.0,0.0,331.5,0.08833333333333332,487.0,1,0,0,0,12.5,21.5,1,0,0,156.25,59.0,-3.9460955710955687
1576,Roland Garros,2024,Clay,2,0,0,0,0,0,0,0,1,1,0,1.0,1.0,1.0,352.5,0.00661785412559851,157.0,0,0,0,0,9.0,27.5,1,0,0,81.0,51.0,-11.946095571095569
1577,Roland Garros,2024,Clay,2,0,0,0,0,0,0,0,1,1,0,1.0,1.0,1.0,537.0,0.3333333333333333,220.0,0,0,0,0,4.5,659.5,1,0,0,20.25,71.0,8.053904428904431
1578,Roland Garros,2024,Clay,2,1,1,0,0,0,0,0,1,1,0,1.0,1.0,1.0,74.5,,65.0,0,0,0,0,0.0,43.5,1,0,0,0.0,51.0,-11.946095571095569
1579,Roland Garros,2024,Clay,2,0,0,0,0,0,0,0,1,1,0,0.0,0.0,0.0,34.5,0.04950617283950615,1.0,0,0,0,0,15.0,5.5,1,0,0,225.0,47.0,-15.946095571095569
1580,Roland Garros,2024,Clay,2,0,0,0,0,1,0,0,1,1,0,0.0,0.0,0.0,11.5,,1.0,0,0,0,0,23.0,43.5,1,0,0,529.0,50.5,-12.446095571095569
1581,Roland Garros,2024,Clay,2,0,0,0,0,0,0,0,1,1,0,0.0,0.0,0.0,68.0,0.02483682781724711,10.0,0,0,0,0,15.0,70.0,1,0,0,225.0,63.0,0.053904428904431256
1582,Roland Garros,2024,Clay,2,1,1,0,0,0,0,0,1,1,0,0.0,0.0,0.0,50.0,0.005719514985129237,4.0,0,0,0,0,15.0,189.0,1,0,0,225.0,59.5,-3.4460955710955687
1583,Roland Garros,2024,Clay,2,1,1,0,0,1,0,0,1,1,0,0.0,0.0,0.0,369.0,,560.0,0,0,0,0,0.0,18.0,1,0,0,0.0,63.0,0.053904428904431256
1584,Roland Garros,2024,Clay,2,1,1,0,0,1,0,1,1,1,0,1.0,1.0,1.0,31.5,0.008230452674897193,1.0,0,0,0,0,0.0,98.5,0,0,0,0.0,71.0,8.053904428904431
1585,Roland Garros,2024,Clay,2,0,0,0,0,0,0,0,1,1,0,0.0,0.0,0.0,73.5,0.1212664277180406,5.0,0,0,0,0,5.0,81.5,1,0,0,25.0,85.5,22.55390442890443
1586,Roland Garros,2024,Clay,2,1,1,0,0,0,0,0,1,1,0,1.0,1.0,1.0,316.5,0.0625528317836011,61.0,1,0,0,0,18.5,435.0,1,0,0,342.25,89.0,26.05390442890443
1587,Roland Garros,2024,Clay,2,0,0,0,0,1,0,0,1,1,0,1.0,1.0,1.0,97.5,0.1973684210526316,11.0,0,0,0,0,0.0,3.5,1,0,0,0.0,38.0,-24.94609557109557
1588,Roland Garros,2024,Clay,3,1,1,0,0,0,0,0,1,1,0,1.0,1.0,1.0,45.0,0.01985049455307897,0.0,0,0,0,0,9.5,1.0,1,0,0,90.25,55.0,-7.946095571095569
1589,Roland Garros,2024,Clay,3,0,0,0,0,1,0,1,1,1,0,1.0,1.0,1.0,161.5,0.01435574229691866,151.0,1,0,0,0,9.0,29.5,0,0,0,81.0,91.0,28.05390442890443
1590,Roland Garros,2024,Clay,3,0,0,0,0,0,0,0,1,1,0,1.0,1.0,1.0,117.5,0.03869674185463656,123.0,0,0,0,0,13.5,62.0,1,0,0,182.25,80.0,17.05390442890443
1592,Roland Garros,2024,Clay,3,0,0,0,0,1,0,1,1,1,0,0.0,0.0,0.0,7.5,0.02692944392196983,1.0,0,0,0,0,16.0,107.5,0,0,0,256.0,62.0,-0.9460955710955687
1593,Roland Garros,2024,Clay,3,1,1,0,0,0,0,0,1,1,0,0.0,0.0,0.0,66.0,0.02250549450549455,22.0,0,0,0,0,8.5,104.5,1,0,0,72.25,68.0,5.053904428904431
1596,Roland Garros,2024,Clay,3,0,0,0,0,1,0,1,1,1,0,0.0,0.0,0.0,15.5,0.01910815173527036,13.0,0,0,0,0,16.0,34.5,0,0,0,256.0,56.5,-6.446095571095569
1597,Roland Garros,2024,Clay,3,0,0,0,0,0,0,0,1,1,0,1.0,1.0,1.0,40.5,0.008045881472861782,7.0,0,0,0,0,26.0,21.5,1,0,0,676.0,38.0,-24.94609557109557
1598,Roland Garros,2024,Clay,3,1,1,0,0,0,0,0,1,1,0,0.0,1.0,1.0,27.5,0.01544027954839367,1.0,0,0,0,0,17.5,659.5,1,0,0,306.25,84.0,21.05390442890443
1599,Roland Garros,2024,Clay,3,0,0,0,0,0,0,0,1,1,0,0.0,0.0,0.0,43.5,0.0276107377274693,7.0,0,0,0,0,15.0,5.5,1,0,0,225.0,23.5,-39.44609557109557
1600,Roland Garros,2024,Clay,3,0,0,0,0,0,0,0,1,1,0,0.0,0.0,0.0,70.0,0.01964285714285718,8.0,0,0,0,0,0.0,43.5,1,0,0,0.0,67.5,4.553904428904431
1601,Roland Garros,2024,Clay,3,0,0,0,0,0,0,0,1,1,0,0.0,0.0,0.0,189.0,0.2144093359046631,292.0,1,0,0,0,11.0,18.0,1,0,0,121.0,64.5,1.5539044289044313
1602,Roland Garros,2024,Clay,3,0,0,0,0,1,0,0,1,1,0,1.0,1.0,1.0,98.5,0.1473684210526316,57.0,0,0,0,0,0.0,81.5,1,0,0,0.0,71.0,8.053904428904431
1604,Roland Garros,2024,Clay,4,0,0,0,0,0,0,0,1,1,0,0.0,0.0,0.0,29.5,0.04232018933771908,1.0,0,0,0,0,9.5,1.0,1,0,0,90.25,65.5,2.5539044289044313
1605,Roland Garros,2024,Clay,4,0,0,0,0,0,0,0,1,1,0,1.0,1.0,1.0,16.5,0.01710058017649063,1.0,0,0,0,0,20.5,62.0,1,0,0,420.25,46.0,-16.94609557109557
1606,Roland Garros,2024,Clay,4,1,1,0,0,0,0,0,1,1,0,1.0,1.0,1.0,104.5,0.1578947368421052,9.0,0,0,0,0,8.0,107.5,1,0,0,64.0,71.0,8.053904428904431
1607,Roland Garros,2024,Clay,4,1,1,0,0,0,0,0,1,1,0,1.0,1.0,1.0,14.0,0.02310606060606069,0.0,0,0,0,0,13.5,17.0,1,0,0,182.25,67.0,4.053904428904431
1608,Roland Garros,2024,Clay,4,0,0,0,0,0,0,0,1,1,0,1.0,1.0,1.0,34.5,0.04750475047504754,3.0,1,0,0,0,9.5,21.5,1,0,0,90.25,90.0,27.05390442890443
1609,Roland Garros,2024,Clay,4,0,0,0,0,0,0,0,1,1,0,1.0,1.0,1.0,659.5,0.04175824175824167,457.0,1,0,0,0,12.0,5.5,1,0,0,144.0,71.0,8.053904428904431
1611,Roland Garros,2024,Clay,4,1,1,0,1,1,0,1,1,1,0,0.0,0.0,0.0,81.5,0.01980198019801993,5.0,0,0,1,0,14.0,3.5,0,1,1,196.0,39.0,-23.94609557109557
1612,Roland Garros,2024,Clay,5,0,0,0,0,0,0,0,1,1,0,0.0,0.0,0.0,62.0,0.05446009389671358,6.0,0,0,0,0,9.5,1.0,1,0,0,90.25,39.0,-23.94609557109557
1613,Roland Garros,2024,Clay,5,0,0,0,0,0,0,0,1,1,0,1.0,1.0,1.0,107.5,0.1028622540250447,69.0,0,0,0,0,6.5,17.0,1,0,0,42.25,35.0,-27.94609557109557
1614,Roland Garros,2024,Clay,5,0,0,0,0,1,0,1,1,1,0,0.0,1.0,1.0,5.5,0.06283712425079746,1.0,0,0,0,0,15.0,21.5,0,0,0,225.0,90.0,27.05390442890443
1615,Roland Garros,2024,Clay,5,1,1,0,0,1,0,0,1,1,0,1.0,1.0,1.0,18.0,0.006165839829907926,0.0,0,0,0,0,10.5,3.5,1,0,0,110.25,75.0,12.053904428904431
1616,Roland Garros,2024,Clay,6,0,0,0,0,1,0,1,1,1,0,0.0,1.0,1.0,1.0,0.01057318491443759,0.0,0,0,0,0,21.0,17.0,0,0,0,441.0,48.5,-14.446095571095569
1617,Roland Garros,2024,Clay,6,0,0,0,0,1,0,0,1,1,0,0.0,1.0,1.0,3.5,0.02406384127065708,1.0,0,0,0,0,19.5,21.5,1,0,0,380.25,69.0,6.053904428904431
1618,Roland Garros,2024,Clay,7,0,0,0,0,0,0,0,1,1,0,1.0,1.0,1.0,21.5,0.03143728110001298,3.0,0,0,0,0,15.5,17.0,1,0,0,240.25,76.0,13.053904428904431
1619,US Open,2024,Hard,2,0,0,0,0,0,0,0,0,1,0,1.0,1.0,1.0,401.0,0.046875,214.0,0,0,0,0,7.0,1.0,1,0,0,49.0,46.0,-16.94609557109557
1620,US Open,2024,Hard,2,0,0,0,0,0,0,0,0,1,0,0.0,0.0,0.0,56.0,0.005833333333333302,24.0,0,0,0,0,18.0,65.0,1,0,0,324.0,62.5,-0.44609557109556874
1621,US Open,2024,Hard,2,0,0,0,0,0,0,0,0,1,0,1.0,1.0,1.0,91.0,0.02354920100925151,0.0,0,0,0,0,0.0,44.5,1,0,0,0.0,91.0,28.05390442890443
1622,US Open,2024,Hard,2,1,1,0,0,1,0,1,0,1,0,1.0,1.0,1.0,45.0,0.0595611285266458,0.0,0,0,1,0,0.0,31.0,0,1,1,0.0,67.0,4.053904428904431
1623,US Open,2024,Hard,2,1,1,0,0,0,0,0,0,1,0,1.0,1.0,1.0,259.5,0.00661785412559851,105.0,0,0,0,0,9.0,24.5,1,0,0,81.0,51.0,-11.946095571095569
1624,US Open,2024,Hard,2,1,1,0,0,0,0,0,0,1,0,0.0,0.0,0.0,585.5,0.07675438596491224,81.0,1,0,0,0,6.5,215.0,1,0,0,42.25,77.5,14.553904428904431
1625,US Open,2024,Hard,2,0,0,0,0,0,0,0,0,1,0,0.0,0.0,0.0,277.5,0.0636363636363636,61.0,1,0,0,0,9.5,60.0,1,0,0,90.25,63.0,0.053904428904431256
1626,US Open,2024,Hard,2,0,0,0,0,0,0,0,0,1,0,0.0,0.0,0.0,351.5,0.2990430622009569,395.0,1,0,0,0,9.0,15.5,1,0,0,81.0,85.5,22.55390442890443
1627,US Open,2024,Hard,2,1,1,0,0,1,0,1,0,1,0,0.0,0.0,0.0,187.0,0.1146938775510204,172.0,0,0,1,0,18.0,5.5,0,1,1,324.0,57.0,-5.946095571095569
1628,US Open,2024,Hard,2,1,1,0,0,1,0,0,0,1,0,0.0,1.0,1.0,114.0,0.1203914031102569,76.0,1,0,0,1,9.0,46.5,1,1,1,81.0,15.5,-47.44609557109557
1629,US Open,2024,Hard,2,1,1,0,0,0,0,0,0,1,0,1.0,1.0,1.0,494.5,0.4191176470588235,849.0,0,0,0,0,11.0,128.0,1,0,0,121.0,91.0,28.05390442890443
1630,US Open,2024,Hard,2,1,1,0,0,1,0,1,0,1,0,1.0,1.0,1.0,185.0,0.3518518518518519,182.0,0,0,1,0,8.5,26.0,0,1,1,72.25,91.0,28.05390442890443
1631,US Open,2024,Hard,2,1,1,0,0,0,0,0,0,1,0,0.0,0.0,0.0,170.5,0.1427566807313642,107.0,1,0,0,0,10.0,21.0,1,0,0,100.0,85.0,22.05390442890443
1632,US Open,2024,Hard,2,0,0,0,0,0,0,0,0,1,0,1.0,1.0,1.0,76.0,,68.0,0,0,0,0,0.0,36.0,1,0,0,0.0,51.0,-11.946095571095569
1633,US Open,2024,Hard,2,0,0,0,0,0,0,0,0,1,0,0.0,0.0,0.0,684.0,,984.0,0,0,0,0,8.0,811.5,1,0,0,64.0,49.0,-13.946095571095569
1634,US Open,2024,Hard,2,0,0,0,0,0,0,0,0,1,0,1.0,1.0,1.0,53.0,0.01468486029889537,44.0,0,0,0,0,8.0,11.5,1,0,0,64.0,71.0,8.053904428904431
1635,US Open,2024,Hard,2,0,0,0,0,0,0,0,0,1,0,1.0,1.0,1.0,661.5,0.1619047619047619,1181.0,0,0,0,0,6.0,18.0,1,0,0,36.0,71.0,8.053904428904431
1636,US Open,2024,Hard,2,1,0,0,1,1,0,1,0,1,0,0.0,0.0,0.0,144.0,0.1067982594437787,162.0,0,0,0,0,15.0,64.0,0,0,1,225.0,54.5,-8.446095571095569
1637,US Open,2024,Hard,2,1,1,0,0,0,0,0,0,1,0,1.0,1.0,1.0,95.0,0.03714923469387749,46.0,1,0,0,0,4.5,38.0,1,0,0,20.25,91.0,28.05390442890443
1638,US Open,2024,Hard,2,0,0,0,0,1,0,0,0,1,0,0.0,0.0,0.0,19.0,,8.0,0,0,0,0,23.0,407.0,1,0,0,529.0,50.5,-12.446095571095569
1639,US Open,2024,Hard,2,0,0,0,0,0,0,0,0,1,0,1.0,1.0,1.0,118.5,0.04398355086715544,23.0,0,0,0,0,17.0,29.5,1,0,0,289.0,91.0,28.05390442890443
1640,US Open,2024,Hard,2,0,0,0,0,0,0,0,0,1,0,1.0,1.0,1.0,1395.0,0.0,212.0,0,0,0,0,0.0,58.5,1,0,0,0.0,91.0,28.05390442890443
1641,US Open,2024,Hard,2,1,1,0,0,1,0,0,0,1,0,0.0,0.0,0.0,279.0,0.02962962962962973,256.0,1,0,0,1,8.0,35.0,1,1,1,64.0,32.0,-30.94609557109557
1642,US Open,2024,Hard,2,0,0,0,0,0,0,0,0,1,0,1.0,1.0,1.0,299.5,0.05797101449275366,107.0,0,0,0,0,3.0,7.5,1,0,0,9.0,71.0,8.053904428904431
1643,US Open,2024,Hard,2,0,0,0,0,0,0,0,0,1,0,0.0,0.0,0.0,259.5,0.1666666666666666,293.0,0,0,0,0,6.0,9.5,1,0,0,36.0,80.0,17.05390442890443
1644,US Open,2024,Hard,2,1,1,0,1,1,0,1,0,1,0,0.0,1.0,1.0,43.0,0.006762041898193405,22.0,0,0,0,0,16.5,61.0,0,0,1,272.25,89.5,26.55390442890443
1645,US Open,2024,Hard,2,0,0,0,0,0,0,0,0,1,0,1.0,1.0,1.0,334.0,0.1291755508173419,154.0,1,0,0,0,13.0,517.0,1,0,0,169.0,71.0,8.053904428904431
1646,US Open,2024,Hard,2,1,1,0,0,0,0,0,0,1,0,0.0,0.0,0.0,55.0,0.0276107377274693,4.0,0,0,0,0,15.0,20.0,1,0,0,225.0,23.5,-39.44609557109557
1647,US Open,2024,Hard,2,0,0,0,0,0,0,0,0,1,0,0.0,1.0,1.0,226.0,0.1976744186046512,228.0,1,0,0,0,10.0,31.5,1,0,0,100.0,18.0,-44.94609557109557
1648,US Open,2024,Hard,2,0,0,0,0,0,0,0,0,1,0,0.0,0.0,0.0,476.5,,799.0,0,0,0,0,15.0,231.0,1,0,0,225.0,47.0,-15.946095571095569
1649,US Open,2024,Hard,2,0,0,0,0,0,0,0,0,1,0,0.0,0.0,0.0,639.5,0.1939799331103678,459.0,1,0,0,0,7.0,638.5,1,0,0,49.0,38.5,-24.44609557109557
1650,US Open,2024,Hard,2,0,0,0,0,0,0,0,0,1,0,1.0,1.0,1.0,63.5,0.02885616102110949,11.0,0,0,0,0,19.0,3.5,1,0,0,361.0,80.0,17.05390442890443
1651,US Open,2024,Hard,3,1,1,0,0,0,0,0,0,1,0,0.0,0.0,0.0,65.0,0.01926973406500632,32.0,0,0,0,0,15.5,1.0,1,0,0,240.25,67.5,4.553904428904431
1652,US Open,2024,Hard,3,0,0,0,0,1,0,1,0,1,0,0.0,0.0,0.0,31.0,0.002161769380989109,18.0,0,0,0,0,16.5,44.5,0,0,0,272.25,85.5,22.55390442890443
1653,US Open,2024,Hard,3,1,1,0,0,0,0,0,0,1,0,0.0,0.0,0.0,24.5,0.04232018933771908,1.0,0,0,0,0,9.5,215.0,1,0,0,90.25,65.5,2.5539044289044313
1654,US Open,2024,Hard,3,1,1,0,0,1,0,1,0,1,0,0.0,0.0,0.0,60.0,0.09519912711402073,8.0,0,0,0,0,11.0,15.5,0,0,0,121.0,78.5,15.553904428904431
1655,US Open,2024,Hard,3,1,1,0,0,0,0,0,0,1,0,0.0,1.0,1.0,46.5,0.1277343346308863,9.0,1,0,0,0,6.0,5.5,1,0,0,36.0,89.5,26.55390442890443
1656,US Open,2024,Hard,3,0,0,0,0,1,0,1,0,1,0,1.0,1.0,1.0,128.0,0.1876607968027976,58.0,0,0,0,0,17.0,26.0,0,0,0,289.0,71.0,8.053904428904431
1657,US Open,2024,Hard,3,1,1,0,0,1,0,0,0,1,0,1.0,1.0,1.0,36.0,0.008045881472861782,4.0,0,0,0,1,26.0,21.0,1,1,1,676.0,38.0,-24.94609557109557
1658,US Open,2024,Hard,3,0,0,0,0,0,0,0,0,1,0,0.0,0.0,0.0,811.5,0.3121693121693122,681.0,1,0,0,0,4.0,11.5,1,0,0,16.0,72.0,9.053904428904431
1659,US Open,2024,Hard,3,1,1,0,0,0,0,0,0,1,0,0.0,0.0,0.0,64.0,0.1418613861386139,4.0,0,0,0,0,14.0,18.0,1,0,0,196.0,47.0,-15.946095571095569
1660,US Open,2024,Hard,3,1,1,0,0,1,0,1,0,1,0,0.0,1.0,1.0,38.0,0.1192116440484824,2.0,0,0,1,0,9.0,407.0,0,1,1,81.0,90.0,27.05390442890443
1661,US Open,2024,Hard,3,1,1,0,0,1,0,0,0,1,0,0.0,0.0,0.0,58.5,0.01275510204081642,13.0,0,0,0,1,15.0,29.5,1,1,1,225.0,29.5,-33.44609557109557
1662,US Open,2024,Hard,3,1,1,0,0,1,0,0,0,1,0,1.0,1.0,1.0,35.0,0.006165839829907926,0.0,0,0,0,1,10.5,7.5,1,1,1,110.25,75.0,12.053904428904431
1663,US Open,2024,Hard,3,1,1,0,0,0,0,0,0,1,0,0.0,0.0,0.0,61.0,0.02150537634408611,12.0,0,0,0,0,6.0,9.5,1,0,0,36.0,75.5,12.553904428904431
1664,US Open,2024,Hard,3,0,0,0,0,0,0,0,0,1,0,0.0,0.0,0.0,517.0,,712.0,1,0,0,0,0.0,20.0,1,0,0,0.0,42.0,-20.94609557109557
1665,US Open,2024,Hard,3,1,1,0,0,1,0,1,0,1,0,1.0,1.0,1.0,231.0,0.006071645415907767,38.0,0,0,1,0,0.0,31.5,0,1,1,0.0,91.0,28.05390442890443
1666,US Open,2024,Hard,3,0,0,0,0,0,0,0,0,1,0,0.0,1.0,1.0,638.5,0.08015640273704791,461.0,0,0,0,0,13.5,3.5,1,0,0,182.25,48.5,-14.446095571095569
1667,US Open,2024,Hard,4,0,0,0,0,0,0,0,0,1,0,0.0,0.0,0.0,44.5,0.005719514985129237,7.0,0,0,0,0,15.0,1.0,1,0,0,225.0,59.5,-3.4460955710955687
1668,US Open,2024,Hard,4,1,1,0,0,0,0,0,0,1,0,1.0,1.0,1.0,215.0,0.06001984126984139,262.0,0,0,0,0,7.0,15.5,1,0,0,49.0,27.0,-35.94609557109557
1669,US Open,2024,Hard,4,1,1,0,0,0,0,0,0,1,0,0.0,1.0,1.0,5.5,0.06283712425079746,1.0,0,0,0,0,15.0,26.0,1,0,0,225.0,90.0,27.05390442890443
1670,US Open,2024,Hard,4,0,0,0,0,0,0,0,0,1,0,0.0,0.0,0.0,11.5,0.00784762663215699,1.0,0,0,0,0,16.0,21.0,1,0,0,256.0,76.0,13.053904428904431
1671,US Open,2024,Hard,4,1,1,0,0,1,0,1,0,1,0,1.0,1.0,1.0,407.0,0.1666666666666667,60.0,0,0,0,0,6.0,18.0,0,0,0,36.0,91.0,28.05390442890443
1672,US Open,2024,Hard,4,1,1,0,0,0,0,0,0,1,0,0.0,0.0,0.0,29.5,0.08683589956998194,27.0,0,0,0,0,16.0,7.5,1,0,0,256.0,45.5,-17.44609557109557
1673,US Open,2024,Hard,4,1,0,0,1,1,0,0,0,1,0,1.0,1.0,1.0,9.5,0.03143728110001298,1.0,0,0,0,0,15.5,20.0,1,0,1,240.25,76.0,13.053904428904431
1674,US Open,2024,Hard,4,0,0,0,0,0,0,0,0,1,0,0.0,1.0,1.0,3.5,0.02406384127065708,1.0,0,0,0,0,19.5,31.5,1,0,0,380.25,69.0,6.053904428904431
1675,US Open,2024,Hard,5,1,1,0,0,0,0,0,0,1,0,0.0,1.0,1.0,1.0,0.01057318491443759,0.0,0,0,0,0,21.0,15.5,1,0,0,441.0,48.5,-14.446095571095569
1676,US Open,2024,Hard,5,1,1,0,0,1,0,0,0,1,0,0.0,0.0,0.0,21.0,0.01910815173527036,14.0,0,0,0,1,16.0,26.0,1,1,1,256.0,56.5,-6.446095571095569
1677,US Open,2024,Hard,5,1,1,0,0,0,0,0,0,1,0,0.0,1.0,1.0,18.0,0.02017841971112999,2.0,0,0,0,0,13.5,7.5,1,0,0,182.25,84.0,21.05390442890443
1678,US Open,2024,Hard,5,1,1,0,0,1,0,1,0,1,0,1.0,1.0,1.0,31.5,0.01710058017649063,3.0,0,0,1,0,20.5,20.0,0,1,1,420.25,46.0,-16.94609557109557
1679,US Open,2024,Hard,6,1,1,0,0,0,0,0,0,1,0,1.0,1.0,1.0,26.0,0.002501202501202449,0.0,0,0,0,0,8.0,15.5,1,0,0,64.0,91.0,28.05390442890443
1680,US Open,2024,Hard,6,1,1,0,0,1,0,0,0,1,0,0.0,0.0,0.0,7.5,0.04901135386713307,1.0,0,0,0,1,12.5,20.0,1,1,1,156.25,26.0,-36.94609557109557
1681,US Open,2024,Hard,7,1,1,0,0,0,0,0,0,1,0,1.0,1.0,1.0,20.0,0.02310606060606069,0.0,0,0,0,0,13.5,15.5,1,0,0,182.25,67.0,4.053904428904431
1682,Wimbledon,2024,Grass,2,0,0,0,0,0,0,0,1,1,0,1.0,1.0,1.0,499.0,,136.0,1,0,0,0,6.0,2.0,1,0,0,36.0,38.0,-24.94609557109557
1683,Wimbledon,2024,Grass,2,1,1,0,0,0,0,0,1,1,0,0.0,1.0,1.0,323.5,,503.0,0,0,0,0,5.5,56.5,1,0,0,30.25,90.5,27.55390442890443
1684,Wimbledon,2024,Grass,2,0,0,0,0,0,0,0,1,1,0,0.0,1.0,1.0,121.0,0.1203914031102569,120.0,1,0,0,0,9.0,212.0,1,0,0,81.0,15.5,-47.44609557109557
1685,Wimbledon,2024,Grass,2,1,0,0,1,1,0,1,1,1,0,0.0,0.0,0.0,27.5,0.04232018933771908,1.0,0,0,0,0,9.5,612.0,0,0,1,90.25,65.5,2.5539044289044313
1686,Wimbledon,2024,Grass,2,0,0,0,0,0,0,0,1,1,0,1.0,1.0,1.0,811.5,0.1808905380333952,495.0,0,0,0,0,5.5,23.0,1,0,0,30.25,91.0,28.05390442890443
1687,Wimbledon,2024,Grass,2,1,1,0,0,1,0,0,1,1,0,1.0,1.0,1.0,778.5,0.235886371808702,1233.0,0,0,0,1,7.5,98.0,1,1,1,56.25,76.0,13.053904428904431
1688,Wimbledon,2024,Grass,2,0,0,0,0,0,0,0,1,1,0,1.0,1.0,1.0,504.5,,747.0,0,0,0,0,8.0,50.5,1,0,0,64.0,39.0,-23.94609557109557
1689,Wimbledon,2024,Grass,2,0,0,0,0,0,0,0,1,1,0,0.0,0.0,0.0,176.5,0.1146938775510204,171.0,0,0,0,0,18.0,15.0,1,0,0,324.0,57.0,-5.946095571095569
1690,Wimbledon,2024,Grass,2,0,0,0,0,0,0,0,1,1,0,0.0,0.0,0.0,327.5,0.1666666666666666,471.0,0,0,0,0,6.0,5.5,1,0,0,36.0,80.0,17.05390442890443
1691,Wimbledon,2024,Grass,2,0,0,0,0,0,0,0,1,1,0,0.0,0.0,0.0,313.5,0.002450980392156799,489.0,1,0,0,0,7.0,63.5,1,0,0,49.0,55.0,-7.946095571095569
1692,Wimbledon,2024,Grass,2,0,0,0,0,0,0,0,1,1,0,1.0,1.0,1.0,85.0,0.06233062330623312,34.0,1,0,0,0,9.0,123.5,1,0,0,81.0,80.0,17.05390442890443
1693,Wimbledon,2024,Grass,2,0,0,0,0,0,0,0,1,1,0,1.0,1.0,1.0,186.0,0.25,180.0,0,0,0,0,12.5,31.5,1,0,0,156.25,89.0,26.05390442890443
1694,Wimbledon,2024,Grass,2,1,1,0,0,0,0,0,1,1,0,1.0,1.0,1.0,85.0,0.1028622540250447,4.0,0,0,0,0,6.5,19.5,1,0,0,42.25,35.0,-27.94609557109557
1695,Wimbledon,2024,Grass,2,0,0,0,0,1,0,1,1,1,0,0.0,0.0,0.0,37.0,0.04950617283950615,2.0,0,0,0,0,15.0,51.5,0,0,0,225.0,47.0,-15.946095571095569
1696,Wimbledon,2024,Grass,2,0,0,0,0,0,0,0,1,1,0,0.0,0.0,0.0,304.5,0.08907841743662626,109.0,0,0,0,0,5.5,286.5,1,0,0,30.25,49.0,-13.946095571095569
1697,Wimbledon,2024,Grass,2,0,0,0,0,0,0,0,1,1,0,1.0,1.0,1.0,875.5,,3.0,1,0,0,0,14.0,15.0,1,0,0,196.0,46.0,-16.94609557109557
1698,Wimbledon,2024,Grass,2,0,0,0,0,0,0,0,1,1,0,1.0,1.0,1.0,10.5,0.03143728110001298,1.0,0,0,0,0,15.5,39.5,1,0,0,240.25,76.0,13.053904428904431
1699,Wimbledon,2024,Grass,2,0,0,0,0,0,0,0,1,1,0,0.0,0.0,0.0,649.5,,449.0,0,0,0,0,17.0,406.5,1,0,0,289.0,36.5,-26.44609557109557
1700,Wimbledon,2024,Grass,2,1,1,0,0,0,0,0,1,1,0,0.0,1.0,1.0,901.5,,987.0,0,0,0,0,0.0,40.5,1,0,0,0.0,90.0,27.05390442890443
1701,Wimbledon,2024,Grass,2,1,1,0,0,0,0,0,1,1,0,0.0,0.0,0.0,18.0,0.02692944392196983,2.0,0,0,0,0,16.0,59.0,1,0,0,256.0,62.0,-0.9460955710955687
1702,Wimbledon,2024,Grass,2,1,1,0,0,0,0,0,1,1,0,1.0,1.0,1.0,696.5,0.3428571428571429,717.0,0,0,0,0,8.0,33.5,1,0,0,64.0,89.0,26.05390442890443
1703,Wimbledon,2024,Grass,2,1,1,0,0,0,0,0,1,1,0,0.0,0.0,0.0,189.0,0.0346295675494469,236.0,0,0,0,0,16.0,37.0,1,0,0,256.0,75.0,12.053904428904431
1704,Wimbledon,2024,Grass,2,0,0,0,0,1,0,1,1,1,0,0.0,0.0,0.0,47.5,0.0276107377274693,1.0,0,0,0,0,15.0,76.0,0,0,0,225.0,23.5,-39.44609557109557
1705,Wimbledon,2024,Grass,2,0,0,0,0,0,0,0,1,1,0,0.0,1.0,1.0,65.5,0.07636138613861393,3.0,0,0,0,0,0.0,8.0,1,0,0,0.0,68.5,5.553904428904431
1706,Wimbledon,2024,Grass,2,0,0,0,0,1,0,0,1,1,0,1.0,1.0,1.0,696.0,0.4285714285714285,536.0,1,0,0,0,18.0,13.5,1,0,0,324.0,89.0,26.05390442890443
1707,Wimbledon,2024,Grass,2,0,0,0,0,0,0,0,1,1,0,1.0,1.0,1.0,577.0,0.0394736842105263,502.0,1,0,0,0,10.0,136.5,1,0,0,100.0,89.0,26.05390442890443
1708,Wimbledon,2024,Grass,2,1,1,0,0,0,0,0,1,1,0,1.0,1.0,1.0,185.5,0.0868934040218104,321.0,0,0,0,0,19.5,50.5,1,0,0,380.25,89.0,26.05390442890443
1709,Wimbledon,2024,Grass,2,1,1,0,1,1,0,1,1,1,0,1.0,1.0,1.0,43.5,0.01985049455307897,1.0,0,0,1,0,9.5,16.0,0,1,1,90.25,55.0,-7.946095571095569
1710,Wimbledon,2024,Grass,2,0,0,0,0,0,0,0,1,1,0,0.0,0.0,0.0,799.0,,866.0,0,0,0,0,8.0,29.0,1,0,0,64.0,58.5,-4.446095571095569
1711,Wimbledon,2024,Grass,2,0,0,0,0,0,0,0,1,1,0,0.0,1.0,1.0,71.0,0.122059405940594,16.0,0,0,0,0,14.0,35.5,1,0,0,196.0,38.0,-24.94609557109557
1712,Wimbledon,2024,Grass,2,1,1,0,0,0,0,0,1,1,0,0.0,0.0,0.0,476.0,0.1484794275491949,788.0,1,0,0,0,8.0,58.5,1,0,0,64.0,26.0,-36.94609557109557
1713,Wimbledon,2024,Grass,2,0,0,0,0,0,0,0,1,1,0,1.0,1.0,1.0,67.0,0.02885616102110949,22.0,0,0,0,0,19.0,2.5,1,0,0,361.0,80.0,17.05390442890443
1716,Wimbledon,2024,Grass,3,0,0,0,0,0,0,0,1,1,0,1.0,1.0,1.0,98.0,0.03661521084337349,44.0,1,0,0,0,5.0,23.0,1,0,0,25.0,91.0,28.05390442890443
1717,Wimbledon,2024,Grass,3,0,0,0,0,1,0,1,1,1,0,0.0,0.0,0.0,50.5,0.005719514985129237,9.0,0,0,0,0,15.0,15.0,0,0,0,225.0,59.5,-3.4460955710955687
1718,Wimbledon,2024,Grass,3,0,0,0,0,1,0,1,1,1,0,0.0,1.0,1.0,5.5,0.06283712425079746,1.0,0,0,0,0,15.0,63.5,0,0,0,225.0,90.0,27.05390442890443
1719,Wimbledon,2024,Grass,3,0,0,0,0,0,0,0,1,1,0,0.0,0.0,0.0,123.5,0.01425736176497738,85.0,0,0,0,0,20.0,31.5,1,0,0,400.0,75.5,12.553904428904431
1720,Wimbledon,2024,Grass,3,1,1,0,0,0,0,0,1,1,0,0.0,0.0,0.0,51.5,0.05446009389671358,5.0,0,0,0,0,9.5,19.5,1,0,0,90.25,39.0,-23.94609557109557
1721,Wimbledon,2024,Grass,3,1,1,0,0,0,0,0,1,1,0,0.0,0.0,0.0,15.0,0.01910815173527036,14.0,0,0,0,0,16.0,286.5,1,0,0,256.0,56.5,-6.446095571095569
1722,Wimbledon,2024,Grass,3,1,1,0,0,0,0,0,1,1,0,1.0,1.0,1.0,406.5,0.00661785412559851,321.0,0,0,0,0,9.0,39.5,1,0,0,81.0,51.0,-11.946095571095569
1723,Wimbledon,2024,Grass,3,1,1,0,1,1,0,1,1,1,0,0.0,0.0,0.0,59.0,0.08269557823129259,14.0,0,0,1,0,12.0,40.5,0,1,1,144.0,20.0,-42.94609557109557
1724,Wimbledon,2024,Grass,3,1,1,0,1,1,0,1,1,1,0,0.0,1.0,1.0,37.0,0.1192116440484824,4.0,0,0,1,0,9.0,33.5,0,1,1,81.0,90.0,27.05390442890443
1725,Wimbledon,2024,Grass,3,0,0,0,0,0,0,0,1,1,0,0.0,0.0,0.0,76.0,0.04598260117793268,2.0,0,0,0,0,0.0,8.0,1,0,0,0.0,75.5,12.553904428904431
1726,Wimbledon,2024,Grass,3,1,1,0,0,0,0,0,1,1,0,0.0,0.0,0.0,13.5,,1.0,0,0,0,0,23.0,136.5,1,0,0,529.0,50.5,-12.446095571095569
1727,Wimbledon,2024,Grass,3,1,1,0,0,1,0,0,1,1,0,1.0,1.0,1.0,50.5,0.07928520078052792,1.0,0,0,0,1,8.0,16.0,1,1,1,64.0,90.0,27.05390442890443
1728,Wimbledon,2024,Grass,3,1,1,0,0,0,0,0,1,1,0,1.0,1.0,1.0,29.0,0.006165839829907926,0.0,0,0,0,0,10.5,35.5,1,0,0,110.25,75.0,12.053904428904431
1729,Wimbledon,2024,Grass,3,1,1,0,0,0,0,0,1,1,0,0.0,1.0,1.0,2.5,0.02406384127065708,3.0,0,0,0,0,19.5,58.5,1,0,0,380.25,69.0,6.053904428904431
1730,Wimbledon,2024,Grass,4,0,0,0,0,0,0,0,1,1,0,0.0,0.0,0.0,612.0,0.2344210411437302,520.0,1,0,0,0,14.0,2.0,1,0,0,196.0,42.5,-20.44609557109557
1731,Wimbledon,2024,Grass,4,0,0,0,0,0,0,0,1,1,0,1.0,1.0,1.0,23.0,0.002501202501202449,0.0,0,0,0,0,8.0,15.0,1,0,0,64.0,91.0,28.05390442890443
1732,Wimbledon,2024,Grass,4,0,0,0,0,0,0,0,1,1,0,0.0,0.0,0.0,63.5,0.09519912711402073,3.0,0,0,0,0,11.0,31.5,1,0,0,121.0,78.5,15.553904428904431
1733,Wimbledon,2024,Grass,4,1,1,0,0,1,0,0,1,1,0,1.0,1.0,1.0,286.5,0.2,203.0,0,0,0,1,0.0,19.5,1,1,1,0.0,89.0,26.05390442890443
1734,Wimbledon,2024,Grass,4,1,1,0,0,0,0,0,1,1,0,1.0,1.0,1.0,40.5,0.008045881472861782,1.0,0,0,0,0,26.0,39.5,1,0,0,676.0,38.0,-24.94609557109557
1735,Wimbledon,2024,Grass,4,1,1,0,0,0,0,0,1,1,0,1.0,1.0,1.0,33.5,0.008230452674897193,1.0,0,0,0,0,0.0,8.0,1,0,0,0.0,71.0,8.053904428904431
1736,Wimbledon,2024,Grass,4,0,0,0,0,0,0,0,1,1,0,1.0,1.0,1.0,136.5,0.01435574229691866,113.0,1,0,0,0,9.0,16.0,1,0,0,81.0,91.0,28.05390442890443
1737,Wimbledon,2024,Grass,4,1,1,0,0,0,0,0,1,1,0,0.0,0.0,0.0,35.5,0.06931131435219595,19.0,0,0,0,0,15.0,58.5,1,0,0,225.0,84.5,21.55390442890443
1738,Wimbledon,2024,Grass,5,1,1,0,0,0,0,0,1,1,0,1.0,1.0,1.0,15.0,0.02310606060606069,0.0,0,0,0,0,13.5,2.0,1,0,0,182.25,67.0,4.053904428904431
1739,Wimbledon,2024,Grass,5,1,1,0,0,1,0,0,1,1,0,1.0,1.0,1.0,19.5,0.01710058017649063,3.0,0,0,0,1,20.5,31.5,1,1,1,420.25,46.0,-16.94609557109557
1740,Wimbledon,2024,Grass,5,1,1,0,1,1,0,1,1,1,0,0.0,0.0,0.0,8.0,0.04901135386713307,2.0,0,0,0,0,12.5,39.5,0,0,1,156.25,26.0,-36.94609557109557
1741,Wimbledon,2024,Grass,5,1,1,0,0,0,0,0,1,1,0,1.0,1.0,1.0,58.5,0.0595611285266458,1.0,0,0,0,0,0.0,16.0,1,0,0,0.0,67.0,4.053904428904431
1742,Wimbledon,2024,Grass,6,0,0,0,0,0,0,0,1,1,0,0.0,1.0,1.0,2.0,0.01057318491443759,0.0,0,0,0,0,21.0,31.5,1,0,0,441.0,48.5,-14.446095571095569
1743,Wimbledon,2024,Grass,6,1,1,0,0,0,0,0,1,1,0,0.0,1.0,1.0,16.0,0.02017841971112999,8.0,0,0,0,0,13.5,39.5,1,0,0,182.25,84.0,21.05390442890443
1744,Wimbledon,2024,Grass,7,1,1,0,1,1,0,1,1,1,0,1.0,1.0,1.0,31.5,0.04750475047504754,1.0,1,0,1,0,9.5,39.5,0,1,1,90.25,90.0,27.05390442890443
1745,Australian Open,2025,Hard,2,0,0,0,0,0,0,0,0,1,0,1.0,1.0,1.0,257.0,0.03450549450549456,330.0,1,0,0,0,9.0,1.0,1,0,0,81.0,90.0,27.05390442890443
1746,Australian Open,2025,Hard,2,1,1,0,1,1,0,0,0,1,0,0.0,0.0,0.0,106.0,0.04242424242424253,20.0,0,0,0,0,0.0,429.5,1,0,1,0.0,54.0,-8.946095571095569
1747,Australian Open,2025,Hard,2,1,1,0,0,1,0,1,0,1,0,1.0,1.0,1.0,484.5,0.4255644852659778,753.0,0,0,1,0,16.0,52.5,0,1,1,256.0,51.0,-11.946095571095569
1748,Australian Open,2025,Hard,2,0,0,0,0,1,0,0,0,1,0,1.0,1.0,1.0,73.5,0.0423728813559322,1.0,0,0,0,0,0.0,32.0,1,0,0,0.0,58.0,-4.946095571095569
1749,Australian Open,2025,Hard,2,1,1,0,0,0,0,0,0,1,0,1.0,1.0,1.0,545.0,,680.0,1,0,0,0,7.0,29.0,1,0,0,49.0,46.0,-16.94609557109557
1750,Australian Open,2025,Hard,2,0,0,0,0,0,0,0,0,1,0,0.0,0.0,0.0,51.0,0.0003734129947722264,20.0,0,0,0,0,11.0,61.5,1,0,0,121.0,61.0,-1.9460955710955687
1752,Australian Open,2025,Hard,2,0,0,0,0,0,0,0,0,1,0,1.0,1.0,1.0,20.5,0.01710058017649063,3.0,0,0,0,0,21.5,214.5,1,0,0,462.25,46.0,-16.94609557109557
1753,Australian Open,2025,Hard,2,0,0,0,0,0,0,0,0,1,0,1.0,1.0,1.0,57.0,0.0595611285266458,0.0,0,0,0,0,0.0,6.5,1,0,0,0.0,67.0,4.053904428904431
1754,Australian Open,2025,Hard,2,0,0,0,0,0,0,0,0,1,0,1.0,1.0,1.0,179.0,0.2592592592592592,144.0,0,0,0,0,5.0,153.0,1,0,0,25.0,76.0,13.053904428904431
1755,Australian Open,2025,Hard,2,1,1,0,0,1,0,0,0,1,0,0.0,1.0,1.0,333.5,,513.0,0,0,0,1,5.0,40.5,1,1,1,25.0,71.0,8.053904428904431
1756,Australian Open,2025,Hard,2,1,1,0,0,0,0,0,0,1,0,0.0,0.0,0.0,32.0,0.09857852519300658,32.0,0,0,0,0,19.0,276.5,1,0,0,361.0,30.5,-32.44609557109557
1757,Australian Open,2025,Hard,2,1,1,0,0,1,0,0,0,1,0,0.0,1.0,1.0,410.5,,273.0,0,0,0,1,8.0,30.0,1,1,1,64.0,29.0,-33.94609557109557
1758,Australian Open,2025,Hard,2,0,0,0,0,1,0,0,0,1,0,0.0,0.0,0.0,735.0,,1044.0,0,0,0,0,10.0,168.0,1,0,0,100.0,64.5,1.5539044289044313
1759,Australian Open,2025,Hard,2,0,0,0,0,0,0,0,0,1,0,0.0,0.0,0.0,65.5,0.002279942279942271,11.0,0,0,0,0,20.0,62.0,1,0,0,400.0,59.5,-3.4460955710955687
1760,Australian Open,2025,Hard,2,1,1,0,0,0,0,0,0,1,0,0.0,0.0,0.0,12.5,0.03874544590527484,9.0,0,0,0,0,16.5,164.0,1,0,0,272.25,56.0,-6.946095571095569
1761,Australian Open,2025,Hard,2,1,1,0,0,1,0,1,0,1,0,1.0,1.0,1.0,331.5,,505.0,0,0,0,0,11.5,20.0,0,0,0,132.25,91.0,28.05390442890443
1762,Australian Open,2025,Hard,2,0,0,0,0,0,0,0,0,1,0,1.0,1.0,1.0,490.0,,746.0,0,0,0,0,9.0,37.0,1,0,0,81.0,39.0,-23.94609557109557
1763,Australian Open,2025,Hard,2,0,0,0,0,1,0,1,0,1,0,1.0,1.0,1.0,155.5,0.0357142857142857,23.0,0,0,0,0,0.0,45.5,0,0,0,0.0,46.0,-16.94609557109557
1764,Australian Open,2025,Hard,2,1,1,0,0,0,0,0,0,1,0,1.0,1.0,1.0,229.5,0.03497023809523811,47.0,1,0,0,0,7.5,27.0,1,0,0,56.25,46.0,-16.94609557109557
1765,Australian Open,2025,Hard,2,0,0,0,0,0,0,0,0,1,0,0.0,0.0,0.0,512.0,0.108294930875576,428.0,0,0,0,0,14.0,31.0,1,0,0,196.0,35.5,-27.44609557109557
1767,Australian Open,2025,Hard,2,1,1,0,0,0,0,0,0,1,0,0.0,0.0,0.0,106.0,0.1349789915966386,62.0,0,0,0,0,18.0,182.5,1,0,0,324.0,85.5,22.55390442890443
1768,Australian Open,2025,Hard,2,0,0,0,0,0,0,0,0,1,0,0.0,1.0,1.0,559.0,0.1090909090909091,592.0,0,0,0,0,13.5,9.5,1,0,0,182.25,73.0,10.053904428904431
1769,Australian Open,2025,Hard,2,1,1,0,0,0,0,0,0,1,0,0.0,1.0,1.0,75.0,0.06689895470383267,6.0,0,0,0,0,0.0,13.5,1,0,0,0.0,69.5,6.553904428904431
1770,Australian Open,2025,Hard,2,1,1,0,0,1,0,0,0,1,0,1.0,1.0,1.0,236.5,0.1549096622152395,333.0,0,0,0,0,8.0,301.5,1,0,0,64.0,71.0,8.053904428904431
1771,Australian Open,2025,Hard,2,1,1,0,0,0,0,0,0,1,0,0.0,0.0,0.0,45.5,0.005719514985129237,3.0,0,0,0,0,16.0,164.0,1,0,0,256.0,59.5,-3.4460955710955687
1772,Australian Open,2025,Hard,2,0,0,0,0,0,0,0,0,1,0,0.0,0.0,0.0,24.5,0.0559506317954746,19.0,0,0,0,0,15.0,36.0,1,0,0,225.0,82.5,19.55390442890443
1773,Australian Open,2025,Hard,2,0,0,0,0,1,0,0,0,1,0,1.0,1.0,1.0,36.5,0.008045881472861782,3.0,0,0,0,0,27.0,31.5,1,0,0,729.0,38.0,-24.94609557109557
1774,Australian Open,2025,Hard,2,0,0,0,0,0,0,0,0,1,0,1.0,1.0,1.0,130.0,0.09523809523809518,38.0,0,0,0,0,0.0,40.0,1,0,0,0.0,90.0,27.05390442890443
1775,Australian Open,2025,Hard,2,0,0,0,0,0,0,0,0,1,0,0.0,0.0,0.0,59.5,0.01936842105263159,7.0,0,0,0,0,15.0,49.5,1,0,0,225.0,58.5,-4.446095571095569
1776,Australian Open,2025,Hard,2,1,0,0,1,1,0,1,0,1,0,1.0,1.0,1.0,96.5,0.01157894736842108,7.0,0,0,0,0,19.0,80.0,0,0,1,361.0,38.0,-24.94609557109557
1777,Australian Open,2025,Hard,3,0,0,0,0,0,0,0,0,1,0,0.0,0.0,0.0,429.5,0.02285395763656631,649.0,0,0,0,0,10.0,1.0,1,0,0,100.0,30.0,-32.94609557109557
1778,Australian Open,2025,Hard,3,1,1,0,0,0,0,0,0,1,0,0.0,0.0,0.0,52.5,0.003737113402061898,1.0,0,0,0,0,0.0,32.0,1,0,0,0.0,84.5,21.55390442890443
1779,Australian Open,2025,Hard,3,0,0,0,0,0,0,0,0,1,0,1.0,1.0,1.0,29.0,0.03205128205128205,22.0,0,0,0,0,12.0,61.5,1,0,0,144.0,89.0,26.05390442890443
1780,Australian Open,2025,Hard,3,0,0,0,0,0,0,0,0,1,0,1.0,1.0,1.0,882.5,0.04421052631578948,793.0,0,0,0,0,11.0,214.5,1,0,0,121.0,90.0,27.05390442890443
1781,Australian Open,2025,Hard,3,1,1,0,0,0,0,0,0,1,0,0.0,0.0,0.0,153.0,0.1058278981695771,130.0,0,0,0,0,0.0,6.5,1,0,0,0.0,42.0,-20.94609557109557
1782,Australian Open,2025,Hard,3,0,0,0,0,0,0,0,0,1,0,0.0,0.0,0.0,40.5,0.057744686267023,21.0,0,0,0,0,17.5,276.5,1,0,0,306.25,69.0,6.053904428904431
1783,Australian Open,2025,Hard,3,0,0,0,0,0,0,0,0,1,0,0.0,1.0,1.0,30.0,0.006762041898193405,6.0,0,0,0,0,17.5,168.0,1,0,0,306.25,89.5,26.55390442890443
1784,Australian Open,2025,Hard,3,1,1,0,0,1,0,0,0,1,0,0.0,0.0,0.0,62.0,0.01980198019801993,6.0,0,0,0,0,15.0,164.0,1,0,0,225.0,39.0,-23.94609557109557
1785,Australian Open,2025,Hard,3,1,1,0,0,1,0,0,0,1,0,1.0,1.0,1.0,20.0,0.002501202501202449,0.0,0,0,0,1,9.0,37.0,1,1,1,81.0,91.0,28.05390442890443
1786,Australian Open,2025,Hard,3,0,0,0,0,1,0,0,0,1,0,0.0,0.0,0.0,45.5,0.02941144132554885,1.0,0,0,0,0,17.5,27.0,1,0,0,306.25,42.5,-20.44609557109557
1787,Australian Open,2025,Hard,3,1,1,0,0,1,0,0,0,1,0,0.0,0.0,0.0,65.0,0.1657894736842105,2.0,0,0,0,0,0.0,31.0,1,0,0,0.0,54.5,-8.446095571095569
1788,Australian Open,2025,Hard,3,0,0,0,0,1,0,1,0,1,0,0.0,0.0,0.0,182.5,0.05370843989769819,183.0,1,0,0,0,0.0,9.5,0,0,0,0.0,38.0,-24.94609557109557
1789,Australian Open,2025,Hard,3,1,1,0,0,0,0,0,0,1,0,1.0,1.0,1.0,301.5,0.149092970521542,409.0,0,0,0,0,10.0,13.5,1,0,0,100.0,90.0,27.05390442890443
1790,Australian Open,2025,Hard,3,0,0,0,0,0,0,0,0,1,0,1.0,1.0,1.0,164.0,0.0315789473684211,52.0,0,0,0,0,3.0,36.0,1,0,0,9.0,90.0,27.05390442890443
1791,Australian Open,2025,Hard,3,1,1,0,0,1,0,1,0,1,0,0.0,0.0,0.0,40.0,0.1108658819332976,28.0,0,0,1,0,21.0,31.5,0,1,1,441.0,39.5,-23.44609557109557
1792,Australian Open,2025,Hard,3,0,0,0,0,1,0,1,0,1,0,1.0,1.0,1.0,80.0,0.0,0.0,0,0,0,0,0.0,49.5,0,0,0,0.0,67.0,4.053904428904431
1793,Australian Open,2025,Hard,4,1,1,0,0,0,0,0,0,1,0,1.0,1.0,1.0,32.0,0.008230452674897193,8.0,0,0,0,0,0.0,1.0,1,0,0,0.0,71.0,8.053904428904431
1794,Australian Open,2025,Hard,4,0,0,0,0,0,0,0,0,1,0,1.0,1.0,1.0,214.5,0.1263368983957219,151.0,0,0,0,0,13.0,61.5,1,0,0,169.0,90.0,27.05390442890443
1795,Australian Open,2025,Hard,4,1,1,0,0,0,0,0,0,1,0,1.0,1.0,1.0,276.5,0.00661785412559851,81.0,0,0,0,0,10.0,6.5,1,0,0,100.0,51.0,-11.946095571095569
1796,Australian Open,2025,Hard,4,1,1,0,0,1,0,0,0,1,0,1.0,1.0,1.0,168.0,0.1374269005847953,50.0,0,0,0,0,9.5,164.0,1,0,0,90.25,80.0,17.05390442890443
1797,Australian Open,2025,Hard,4,1,0,0,1,1,0,0,0,1,0,0.0,0.0,1.0,37.0,0.05863945578231283,10.0,0,0,0,0,14.5,27.0,1,0,1,210.25,63.5,0.5539044289044313
1798,Australian Open,2025,Hard,4,1,1,0,0,1,0,1,0,1,0,0.0,0.0,0.0,31.0,0.07397573815518416,12.0,0,0,1,0,9.0,9.5,0,1,1,81.0,67.5,4.553904428904431
1799,Australian Open,2025,Hard,4,1,1,0,0,0,0,0,0,1,0,1.0,1.0,1.0,36.0,0.01677122628266325,14.0,0,0,0,0,17.0,13.5,1,0,0,289.0,91.0,28.05390442890443
1800,Australian Open,2025,Hard,4,0,0,0,0,1,0,0,0,1,0,0.0,0.0,0.0,49.5,0.05446009389671358,1.0,1,0,0,0,10.5,31.5,1,0,0,110.25,39.0,-23.94609557109557
1801,Australian Open,2025,Hard,5,0,0,0,0,1,0,0,0,1,0,0.0,0.0,0.0,1.0,0.04901135386713307,0.0,0,0,0,0,13.5,61.5,1,0,0,182.25,26.0,-36.94609557109557
1802,Australian Open,2025,Hard,5,1,1,0,0,0,0,0,0,1,0,1.0,1.0,1.0,164.0,0.06001984126984139,176.0,1,0,0,0,8.0,6.5,1,0,0,64.0,27.0,-35.94609557109557
1803,Australian Open,2025,Hard,5,1,1,0,0,0,0,0,0,1,0,1.0,1.0,1.0,27.0,0.001288926372070121,8.0,0,0,0,0,10.0,9.5,1,0,0,100.0,89.0,26.05390442890443
1804,Australian Open,2025,Hard,5,0,0,0,0,0,0,0,0,1,0,0.0,1.0,1.0,31.5,,15.0,0,0,0,0,15.0,13.5,1,0,0,225.0,71.0,8.053904428904431
1805,Australian Open,2025,Hard,6,0,0,0,0,1,0,1,0,1,0,0.0,0.0,0.0,61.5,0.02150537634408611,13.0,0,0,0,0,7.0,6.5,0,0,0,49.0,75.5,12.553904428904431
1806,Australian Open,2025,Hard,6,1,0,0,1,1,0,0,0,1,0,1.0,1.0,1.0,9.5,0.02310606060606069,1.0,0,0,0,0,14.5,13.5,1,0,1,210.25,67.0,4.053904428904431
1807,Australian Open,2025,Hard,7,1,1,0,0,1,0,1,0,1,0,1.0,1.0,1.0,6.5,0.03143728110001298,1.0,0,0,1,0,16.5,13.5,0,1,1,272.25,76.0,13.053904428904431
1808,Roland Garros,2025,Clay,2,0,0,0,0,0,0,0,0,1,0,1.0,1.0,1.0,92.5,0.00661785412559851,13.0,1,0,0,0,10.0,1.0,1,0,0,100.0,51.0,-11.946095571095569
1809,Roland Garros,2025,Clay,2,0,0,0,0,0,0,0,0,1,0,1.0,1.0,1.0,1002.5,,837.0,0,0,0,0,11.0,596.5,1,0,0,121.0,91.0,28.05390442890443
1810,Roland Garros,2025,Clay,2,1,1,0,0,0,0,0,0,1,0,0.0,0.0,0.0,76.5,0.08177466863033866,1.0,0,0,0,0,22.0,403.5,1,0,0,484.0,63.0,0.053904428904431256
1811,Roland Garros,2025,Clay,2,1,1,0,0,1,0,1,0,1,0,0.0,0.0,0.0,50.5,0.03128514056224896,9.0,0,0,1,0,15.0,35.5,0,1,1,225.0,55.5,-7.446095571095569
1812,Roland Garros,2025,Clay,2,1,1,0,0,0,0,0,0,1,0,1.0,1.0,1.0,22.0,0.01710058017649063,6.0,0,0,0,0,21.5,86.5,1,0,0,462.25,46.0,-16.94609557109557
1813,Roland Garros,2025,Clay,2,1,0,0,1,1,0,1,0,1,0,0.0,0.0,0.0,150.5,0.04213483146067409,119.0,0,0,0,0,15.0,39.5,0,0,1,225.0,30.5,-32.44609557109557
1814,Roland Garros,2025,Clay,2,0,0,0,0,1,0,0,0,1,0,1.0,1.0,1.0,710.0,0.0,496.0,0,0,0,0,0.0,412.5,1,0,0,0.0,71.0,8.053904428904431
1815,Roland Garros,2025,Clay,2,0,0,0,0,1,0,1,0,1,0,0.0,0.0,0.0,198.5,0.1054945054945055,151.0,1,0,0,0,6.0,15.0,0,0,0,36.0,57.5,-5.446095571095569
1816,Roland Garros,2025,Clay,2,0,0,0,0,0,0,0,0,1,0,1.0,1.0,1.0,81.0,0.1948051948051948,6.0,0,0,0,0,0.0,5.5,1,0,0,0.0,60.0,-2.9460955710955687
1817,Roland Garros,2025,Clay,2,0,0,0,0,1,0,1,0,1,0,1.0,1.0,1.0,452.0,0.25,674.0,0,0,0,0,9.0,61.0,0,0,0,81.0,71.0,8.053904428904431
1818,Roland Garros,2025,Clay,2,0,0,0,0,1,0,0,0,1,0,1.0,1.0,1.0,132.5,0.1028622540250447,55.0,0,0,0,0,7.5,59.0,1,0,0,56.25,35.0,-27.94609557109557
1819,Roland Garros,2025,Clay,2,0,0,0,0,0,0,0,0,1,0,0.0,1.0,1.0,29.5,0.004832857060008244,1.0,0,0,0,0,21.0,532.5,1,0,0,441.0,90.0,27.05390442890443
1820,Roland Garros,2025,Clay,2,0,0,0,0,1,0,1,0,1,0,1.0,1.0,1.0,23.5,0.002501202501202449,1.0,0,0,0,0,9.0,63.0,0,0,0,81.0,91.0,28.05390442890443
1821,Roland Garros,2025,Clay,2,1,1,0,0,0,0,0,0,1,0,1.0,1.0,1.0,437.5,0.06101010101010096,857.0,1,0,0,0,13.0,224.5,1,0,0,169.0,90.0,27.05390442890443
1822,Roland Garros,2025,Clay,2,1,0,0,1,1,0,1,0,1,0,0.0,0.0,0.0,108.5,0.1058278981695771,57.0,0,0,0,0,0.0,47.0,0,0,1,0.0,42.0,-20.94609557109557
1823,Roland Garros,2025,Clay,2,1,1,0,0,0,0,0,0,1,0,0.0,0.0,0.0,50.0,0.00660211267605626,2.0,0,0,0,0,10.5,10.5,1,0,0,110.25,41.0,-21.94609557109557
1824,Roland Garros,2025,Clay,2,0,0,0,0,0,0,0,0,1,0,0.0,0.0,0.0,160.0,0.1680911680911681,128.0,0,0,0,0,11.0,17.5,1,0,0,121.0,53.0,-9.946095571095569
1825,Roland Garros,2025,Clay,2,0,0,0,0,0,0,0,0,1,0,1.0,1.0,1.0,591.5,,587.0,1,0,0,0,7.0,50.5,1,0,0,49.0,46.0,-16.94609557109557
1826,Roland Garros,2025,Clay,2,0,0,0,0,1,0,1,0,1,0,0.0,1.0,1.0,441.0,0.2255639097744361,272.0,0,0,0,0,7.0,700.0,0,0,0,49.0,77.5,14.553904428904431
1827,Roland Garros,2025,Clay,2,1,1,0,0,0,0,0,0,1,0,1.0,1.0,1.0,396.0,0.1333333333333333,370.0,1,0,0,0,7.5,29.0,1,0,0,56.25,71.0,8.053904428904431
1828,Roland Garros,2025,Clay,2,1,0,0,1,1,0,1,0,1,0,1.0,1.0,1.0,917.0,0.25,492.0,0,0,0,0,0.0,32.0,0,0,1,0.0,71.0,8.053904428904431
1829,Roland Garros,2025,Clay,2,0,0,0,0,1,0,0,0,1,0,1.0,1.0,1.0,119.5,0.06233062330623312,75.0,0,0,0,0,10.0,59.0,1,0,0,100.0,80.0,17.05390442890443
1830,Roland Garros,2025,Clay,2,0,0,0,0,0,0,0,0,1,0,0.0,0.0,0.0,971.5,0.0357142857142857,217.0,1,0,0,0,9.0,66.5,1,0,0,81.0,33.0,-29.94609557109557
1831,Roland Garros,2025,Clay,2,1,1,0,0,0,0,0,0,1,0,1.0,1.0,1.0,306.5,0.0790823211875844,309.0,0,0,0,0,20.0,7.5,1,0,0,400.0,71.0,8.053904428904431
1832,Roland Garros,2025,Clay,2,0,0,0,0,1,0,0,0,1,0,0.0,0.0,0.0,67.5,0.03888888888888892,9.0,0,0,0,0,0.0,15.0,1,0,0,0.0,80.5,17.55390442890443
1833,Roland Garros,2025,Clay,2,1,1,0,0,1,0,0,0,1,0,0.0,0.0,0.0,65.5,0.0558008658008658,17.0,0,0,0,1,20.0,39.5,1,1,1,400.0,73.5,10.553904428904431
1834,Roland Garros,2025,Clay,2,0,0,0,0,0,0,0,0,1,0,1.0,1.0,1.0,39.5,0.008045881472861782,11.0,0,0,0,0,27.0,44.0,1,0,0,729.0,38.0,-24.94609557109557
1835,Roland Garros,2025,Clay,2,0,0,0,0,0,0,0,0,1,0,0.0,0.0,0.0,39.0,0.07397573815518416,8.0,0,0,0,0,9.0,19.5,1,0,0,81.0,67.5,4.553904428904431
1836,Roland Garros,2025,Clay,2,0,0,0,0,0,0,0,0,1,0,1.0,1.0,1.0,596.5,0.0976190476190476,557.0,0,0,0,0,17.0,24.0,1,0,0,289.0,71.0,8.053904428904431
1837,Roland Garros,2025,Clay,2,1,1,0,0,1,0,0,0,1,0,1.0,1.0,1.0,69.0,0.006071645415907767,4.0,0,0,0,0,0.0,42.5,1,0,0,0.0,91.0,28.05390442890443
1838,Roland Garros,2025,Clay,2,0,0,0,0,0,0,0,0,1,0,0.0,0.0,0.0,70.5,0.01224489795918371,9.0,0,0,0,0,16.0,977.5,1,0,0,256.0,30.5,-32.44609557109557
1839,Roland Garros,2025,Clay,2,0,0,0,0,0,0,0,0,1,0,1.0,1.0,1.0,69.5,0.0423728813559322,1.0,0,0,0,0,0.0,3.5,1,0,0,0.0,58.0,-4.946095571095569
1840,Roland Garros,2025,Clay,3,0,0,0,0,0,0,0,0,1,0,0.0,0.0,0.0,596.5,,521.0,0,0,0,0,8.0,1.0,1,0,0,64.0,78.0,15.053904428904431
1841,Roland Garros,2025,Clay,3,0,0,0,0,0,0,0,0,1,0,1.0,1.0,1.0,403.5,0.04421052631578948,169.0,0,0,0,0,11.0,35.5,1,0,0,121.0,90.0,27.05390442890443
1842,Roland Garros,2025,Clay,3,0,0,0,0,0,0,0,0,1,0,0.0,0.0,0.0,86.5,0.0803571428571428,3.0,0,0,0,0,0.0,39.5,1,0,0,0.0,74.0,11.053904428904431
1843,Roland Garros,2025,Clay,3,1,1,0,0,0,0,0,0,1,0,1.0,1.0,1.0,412.5,0.1902439024390244,659.0,0,0,0,0,2.0,15.0,1,0,0,4.0,91.0,28.05390442890443
1844,Roland Garros,2025,Clay,3,1,1,0,0,1,0,1,0,1,0,1.0,1.0,1.0,5.5,0.02310606060606069,1.0,0,0,0,0,14.5,61.0,0,0,0,210.25,67.0,4.053904428904431
1845,Roland Garros,2025,Clay,3,1,1,0,0,1,0,0,0,1,0,1.0,1.0,1.0,532.5,,95.0,0,0,0,1,5.0,59.0,1,1,1,25.0,71.0,8.053904428904431
1846,Roland Garros,2025,Clay,3,1,1,0,0,0,0,0,0,1,0,1.0,1.0,1.0,224.5,0.142084385142445,327.0,0,0,0,0,14.0,63.0,1,0,0,196.0,71.0,8.053904428904431
1847,Roland Garros,2025,Clay,3,0,0,0,0,0,0,0,0,1,0,0.0,0.0,0.0,47.0,0.04745564111148304,6.0,0,0,0,0,10.0,10.5,1,0,0,100.0,61.0,-1.9460955710955687
1848,Roland Garros,2025,Clay,3,0,0,0,0,0,0,0,0,1,0,0.0,0.0,0.0,50.5,0.01936842105263159,7.0,0,0,0,0,15.0,17.5,1,0,0,225.0,58.5,-4.446095571095569
1849,Roland Garros,2025,Clay,3,0,0,0,0,0,0,0,0,1,0,0.0,0.0,0.0,29.0,0.02150537634408611,4.0,0,0,0,0,7.0,700.0,1,0,0,49.0,75.5,12.553904428904431
1850,Roland Garros,2025,Clay,3,1,1,0,0,0,0,0,0,1,0,1.0,1.0,1.0,59.0,0.0,0.0,0,0,0,0,0.0,32.0,1,0,0,0.0,67.0,4.053904428904431
1851,Roland Garros,2025,Clay,3,0,0,0,0,0,0,0,0,1,0,0.0,0.0,0.0,66.5,0.01980198019801993,3.0,0,0,0,0,15.0,7.5,1,0,0,225.0,39.0,-23.94609557109557
1852,Roland Garros,2025,Clay,3,1,1,0,0,1,0,1,0,1,0,0.0,0.0,0.0,15.0,0.03874544590527484,4.0,0,0,1,0,16.5,39.5,0,1,1,272.25,56.0,-6.946095571095569
1853,Roland Garros,2025,Clay,3,0,0,0,0,0,0,0,0,1,0,0.0,1.0,1.0,44.0,0.1307590584501454,8.0,0,0,0,0,9.0,19.5,1,0,0,81.0,71.0,8.053904428904431
1854,Roland Garros,2025,Clay,3,1,1,0,0,1,0,1,0,1,0,1.0,1.0,1.0,24.0,0.008230452674897193,4.0,0,0,1,0,0.0,42.5,0,1,1,0.0,71.0,8.053904428904431
1855,Roland Garros,2025,Clay,3,0,0,0,0,0,0,0,0,1,0,0.0,1.0,1.0,977.5,0.2,619.0,0,0,0,0,2.0,3.5,1,0,0,4.0,84.5,21.55390442890443
1856,Roland Garros,2025,Clay,4,0,0,0,0,1,0,1,0,1,0,0.0,0.0,0.0,1.0,0.04901135386713307,0.0,0,0,0,0,13.5,35.5,0,0,0,182.25,26.0,-36.94609557109557
1857,Roland Garros,2025,Clay,4,1,0,0,1,1,0,0,0,1,0,1.0,1.0,1.0,15.0,0.001288926372070121,2.0,0,0,0,0,10.0,39.5,1,0,1,100.0,89.0,26.05390442890443
1858,Roland Garros,2025,Clay,4,1,1,0,0,1,0,1,0,1,0,0.0,0.0,0.0,59.0,0.0632624113475177,6.0,0,0,0,0,16.0,61.0,0,0,0,256.0,64.0,1.0539044289044313
1859,Roland Garros,2025,Clay,4,0,0,0,0,0,0,0,0,1,0,0.0,0.0,1.0,63.0,0.0368052904703442,20.0,0,0,0,0,18.5,10.5,1,0,0,342.25,60.5,-2.4460955710955687
1860,Roland Garros,2025,Clay,4,1,1,0,0,0,0,0,0,1,0,0.0,0.0,0.0,700.0,0.08907841743662626,1198.0,1,0,0,0,6.5,17.5,1,0,0,42.25,49.0,-13.946095571095569
1861,Roland Garros,2025,Clay,4,1,1,0,0,0,0,0,0,1,0,1.0,1.0,1.0,7.5,0.03143728110001298,1.0,0,0,0,0,16.5,32.0,1,0,0,272.25,76.0,13.053904428904431
1862,Roland Garros,2025,Clay,4,0,0,0,0,0,0,0,0,1,0,0.0,1.0,1.0,39.5,0.02232828615317095,3.0,0,0,0,0,13.5,19.5,1,0,0,182.25,69.5,6.553904428904431
1863,Roland Garros,2025,Clay,4,1,1,0,0,0,0,0,0,1,0,0.0,0.0,0.0,42.5,0.0617934407888745,19.0,0,0,0,0,17.5,3.5,1,0,0,306.25,53.0,-9.946095571095569
1864,Roland Garros,2025,Clay,5,0,0,0,0,1,0,0,0,1,0,0.0,0.0,0.0,39.5,0.003737113402061898,5.0,0,0,0,0,0.0,35.5,1,0,0,0.0,84.5,21.55390442890443
1865,Roland Garros,2025,Clay,5,1,1,0,0,0,0,0,0,1,0,0.0,0.0,0.0,61.0,0.0272192653919443,6.0,0,0,0,0,21.0,10.5,1,0,0,441.0,35.5,-27.44609557109557
1866,Roland Garros,2025,Clay,5,1,1,0,0,1,0,1,0,1,0,1.0,1.0,1.0,32.0,0.04087726725064311,8.0,0,0,1,0,16.5,17.5,0,1,1,272.25,90.0,27.05390442890443
1867,Roland Garros,2025,Clay,5,0,0,0,0,0,0,0,0,1,0,0.0,0.0,0.0,3.5,0.00784762663215699,1.0,0,0,0,0,17.0,19.5,1,0,0,289.0,76.0,13.053904428904431
1868,Roland Garros,2025,Clay,6,1,1,0,0,1,0,1,0,1,0,0.0,1.0,1.0,35.5,,7.0,0,0,1,0,15.0,10.5,0,1,1,225.0,71.0,8.053904428904431
1869,Roland Garros,2025,Clay,6,1,1,0,1,1,0,1,0,1,0,1.0,1.0,1.0,19.5,0.1355042016806723,3.0,0,0,1,0,15.0,17.5,0,1,1,225.0,91.0,28.05390442890443
1870,Roland Garros,2025,Clay,7,1,1,0,0,1,0,0,0,1,0,1.0,1.0,1.0,17.5,0.03205128205128205,5.0,0,0,0,1,12.0,10.5,1,1,1,144.0,89.0,26.05390442890443
1871,US Open,2025,Hard,2,1,1,0,0,0,0,0,0,1,0,1.0,1.0,1.0,1.5,0.001288926372070121,1.0,0,0,0,0,10.0,38.0,1,0,0,100.0,89.0,26.05390442890443
1872,US Open,2025,Hard,2,1,1,0,0,0,0,0,0,1,0,1.0,1.0,1.0,129.0,0.08270676691729323,68.0,0,0,0,0,3.0,62.0,1,0,0,9.0,90.0,27.05390442890443
1873,US Open,2025,Hard,2,0,0,0,0,0,0,0,0,1,0,0.0,0.0,0.0,54.0,0.01499107469931482,28.0,0,0,0,0,21.0,50.0,1,0,0,441.0,61.0,-1.9460955710955687
1874,US Open,2025,Hard,2,0,0,0,0,0,0,0,0,1,0,0.0,0.0,0.0,38.0,0.02150537634408611,10.0,0,0,0,0,7.0,29.5,1,0,0,49.0,75.5,12.553904428904431
1875,US Open,2025,Hard,2,0,0,0,0,0,0,0,0,1,0,0.0,0.0,1.0,45.0,0.0368052904703442,16.0,0,0,0,0,18.5,21.0,1,0,0,342.25,60.5,-2.4460955710955687
1876,US Open,2025,Hard,2,1,1,0,1,1,0,1,0,1,0,1.0,1.0,1.0,120.5,0.01626794258373199,143.0,0,0,1,0,10.0,86.0,0,1,1,100.0,71.0,8.053904428904431
1877,US Open,2025,Hard,2,0,0,0,0,0,0,0,0,1,0,0.0,0.0,0.0,46.0,0.1408306019030875,16.0,0,0,0,0,22.0,58.5,1,0,0,484.0,59.5,-3.4460955710955687
1878,US Open,2025,Hard,2,1,1,0,0,1,0,0,0,1,0,1.0,1.0,1.0,97.0,0.00661785412559851,12.0,1,0,0,0,10.0,12.5,1,0,0,100.0,51.0,-11.946095571095569
1879,US Open,2025,Hard,2,1,1,0,0,1,0,1,0,1,0,0.0,0.0,0.0,5.0,0.00784762663215699,0.0,0,0,1,0,17.0,76.0,0,1,1,289.0,76.0,13.053904428904431
1880,US Open,2025,Hard,2,0,0,0,0,1,0,1,0,1,0,0.0,0.0,0.0,963.5,,193.0,0,0,0,0,14.0,64.5,0,0,0,196.0,67.0,4.053904428904431
1881,US Open,2025,Hard,2,1,1,0,0,1,0,0,0,1,0,0.0,0.0,0.0,624.5,0.03933747412008279,515.0,0,0,0,1,9.0,539.5,1,1,1,81.0,58.0,-4.946095571095569
1882,US Open,2025,Hard,2,0,0,0,0,0,0,0,0,1,0,0.0,0.0,0.0,312.0,0.008333333333333304,48.0,1,0,0,0,8.0,27.5,1,0,0,64.0,78.0,15.053904428904431
1883,US Open,2025,Hard,2,1,1,0,0,0,0,0,0,1,0,0.0,0.0,1.0,70.5,0.04489795918367345,1.0,0,0,0,0,12.5,27.0,1,0,0,156.25,52.0,-10.946095571095569
1884,US Open,2025,Hard,2,1,1,0,0,0,0,0,0,1,0,0.0,0.0,0.0,55.5,0.03128514056224896,21.0,0,0,0,0,15.0,41.0,1,0,0,225.0,55.5,-7.446095571095569
1885,US Open,2025,Hard,2,1,1,0,0,1,0,1,0,1,0,1.0,1.0,1.0,99.5,0.4137931034482759,45.0,0,0,0,0,0.0,425.5,0,0,0,0.0,91.0,28.05390442890443
1886,US Open,2025,Hard,2,1,1,0,0,0,0,0,0,1,0,1.0,1.0,1.0,766.0,,1002.0,0,0,0,0,8.0,12.5,1,0,0,64.0,25.0,-37.94609557109557
1888,US Open,2025,Hard,2,0,0,0,0,0,0,0,0,1,0,0.0,0.0,0.0,337.0,0.13433575677462,498.0,0,0,0,0,14.0,49.0,1,0,0,196.0,38.5,-24.44609557109557
1889,US Open,2025,Hard,2,1,1,0,1,1,0,1,0,1,0,1.0,1.0,1.0,259.5,0.1666666666666667,13.0,0,0,0,0,7.0,80.5,0,0,1,49.0,91.0,28.05390442890443
1890,US Open,2025,Hard,2,1,1,0,0,0,0,0,0,1,0,0.0,0.0,0.0,42.5,0.0298947368421052,3.0,0,0,0,0,12.0,22.0,1,0,0,144.0,58.5,-4.446095571095569
1891,US Open,2025,Hard,2,0,0,0,0,0,0,0,0,1,0,1.0,1.0,1.0,463.5,0.02727272727272728,241.0,0,0,0,0,6.5,28.5,1,0,0,42.25,91.0,28.05390442890443
1892,US Open,2025,Hard,2,1,1,0,0,0,0,0,0,1,0,1.0,1.0,1.0,751.5,,377.0,1,0,0,0,5.0,95.5,1,0,0,25.0,91.0,28.05390442890443
1893,US Open,2025,Hard,2,1,1,0,0,0,0,0,0,1,0,1.0,1.0,1.0,58.0,0.0423728813559322,0.0,0,0,0,0,0.0,702.5,1,0,0,0.0,58.0,-4.946095571095569
1894,US Open,2025,Hard,2,1,1,0,0,0,0,0,0,1,0,1.0,1.0,1.0,656.0,0.2717948717948718,810.0,1,0,0,0,14.5,7.5,1,0,0,210.25,71.0,8.053904428904431
1895,US Open,2025,Hard,2,0,0,0,0,0,0,0,0,1,0,1.0,1.0,1.0,104.5,0.1518518518518519,7.0,0,0,0,0,6.0,12.5,1,0,0,36.0,91.0,28.05390442890443
1897,US Open,2025,Hard,2,1,1,0,0,1,0,1,0,1,0,1.0,1.0,1.0,72.5,0.07100424328147098,1.0,0,0,0,0,0.0,75.0,0,0,0,0.0,48.0,-14.946095571095569
1898,US Open,2025,Hard,2,1,1,0,0,0,0,0,0,1,0,0.0,0.0,0.0,47.5,0.08585164835164827,17.0,1,0,0,0,4.0,20.0,1,0,0,16.0,85.0,22.05390442890443
1899,US Open,2025,Hard,2,1,1,0,0,0,0,0,0,1,0,1.0,1.0,1.0,33.0,0.05710766198571071,34.0,1,0,0,0,15.5,87.0,1,0,0,240.25,90.0,27.05390442890443
1900,US Open,2025,Hard,2,1,1,0,1,1,0,0,0,1,0,1.0,1.0,1.0,707.5,0.2017543859649122,367.0,0,0,0,0,7.0,44.0,1,0,1,49.0,75.0,12.053904428904431
1901,US Open,2025,Hard,2,1,1,0,0,1,0,0,0,1,0,0.0,1.0,1.0,71.0,0.0291327913279133,8.0,0,0,0,0,0.0,132.5,1,0,0,0.0,90.5,27.55390442890443
1902,US Open,2025,Hard,2,1,1,0,0,1,0,1,0,1,0,0.0,0.0,0.0,98.5,0.02886597938144331,41.0,0,0,0,0,8.0,3.0,0,0,0,64.0,28.0,-34.94609557109557
1903,US Open,2025,Hard,3,1,1,0,1,1,0,0,0,1,0,0.0,0.0,0.0,38.0,0.02352882900733111,8.0,0,0,0,0,10.0,62.0,1,0,1,100.0,73.0,10.053904428904431
1904,US Open,2025,Hard,3,0,0,0,0,0,0,0,0,1,0,1.0,1.0,1.0,50.0,0.008045881472861782,4.0,0,0,0,0,27.0,29.5,1,0,0,729.0,38.0,-24.94609557109557
1905,US Open,2025,Hard,3,0,0,0,0,0,0,0,0,1,0,0.0,0.0,0.0,86.0,0.2911902530459232,2.0,0,0,0,0,22.0,21.0,1,0,0,484.0,80.0,17.05390442890443
1906,US Open,2025,Hard,3,1,1,0,1,1,0,1,0,1,0,1.0,1.0,1.0,12.5,0.03143728110001298,1.0,0,0,1,0,16.5,58.5,0,1,1,272.25,76.0,13.053904428904431
1907,US Open,2025,Hard,3,1,1,0,0,1,0,1,0,1,0,0.0,0.0,0.0,64.5,0.03387458006718924,1.0,0,0,1,0,15.0,76.0,0,1,1,225.0,54.5,-8.446095571095569
1908,US Open,2025,Hard,3,1,1,0,0,0,0,0,0,1,0,0.0,0.0,0.0,27.5,0.003737113402061898,7.0,0,0,0,0,0.0,539.5,1,0,0,0.0,84.5,21.55390442890443
1909,US Open,2025,Hard,3,0,0,0,0,0,0,0,0,1,0,0.0,0.0,0.0,27.0,0.00660211267605626,2.0,0,0,0,0,10.5,41.0,1,0,0,110.25,41.0,-21.94609557109557
1910,US Open,2025,Hard,3,0,0,0,0,0,0,0,0,1,0,1.0,1.0,1.0,425.5,0.1953125,235.0,0,0,0,0,5.5,12.5,1,0,0,30.25,91.0,28.05390442890443
1912,US Open,2025,Hard,3,1,1,0,0,1,0,1,0,1,0,0.0,0.0,0.0,80.5,0.008181818181818179,1.0,0,0,0,0,0.0,22.0,0,0,0,0.0,42.0,-20.94609557109557
1913,US Open,2025,Hard,3,0,0,0,0,0,0,0,0,1,0,0.0,1.0,1.0,95.5,0.1115691335670532,5.0,0,0,0,0,13.5,28.5,1,0,0,182.25,19.0,-43.94609557109557
1914,US Open,2025,Hard,3,1,1,0,0,0,0,0,0,1,0,1.0,1.0,1.0,702.5,0.1666666666666667,771.0,0,0,0,0,0.0,7.5,1,0,0,0.0,91.0,28.05390442890443
1916,US Open,2025,Hard,3,0,0,0,0,0,0,0,0,1,0,0.0,0.0,0.0,75.0,0.05941878567721837,2.0,0,0,0,0,0.0,20.0,1,0,0,0.0,85.5,22.55390442890443
1917,US Open,2025,Hard,3,1,0,0,1,1,0,1,0,1,0,0.0,1.0,1.0,44.0,0.07299519449052161,34.0,0,0,0,0,11.5,87.0,0,0,1,132.25,90.5,27.55390442890443
1918,US Open,2025,Hard,3,1,1,0,0,1,0,1,0,1,0,0.0,0.0,0.0,3.0,0.04901135386713307,0.0,0,0,0,0,13.5,132.5,0,0,0,182.25,26.0,-36.94609557109557
1919,US Open,2025,Hard,4,1,1,0,0,1,0,0,0,1,0,1.0,1.0,1.0,62.0,0.0,0.0,0,0,0,0,0.0,29.5,1,0,0,0.0,67.0,4.053904428904431
1920,US Open,2025,Hard,4,0,0,0,0,0,0,0,0,1,0,1.0,1.0,1.0,21.0,0.01710058017649063,2.0,0,0,0,0,21.5,58.5,1,0,0,462.25,46.0,-16.94609557109557
1921,US Open,2025,Hard,4,0,0,0,0,0,0,0,0,1,0,1.0,1.0,1.0,539.5,0.01190476190476189,235.0,1,0,0,0,8.5,76.0,1,0,0,72.25,46.0,-16.94609557109557
1922,US Open,2025,Hard,4,1,1,0,1,1,0,1,0,1,0,0.0,0.0,0.0,41.0,0.0619205457078349,10.0,0,0,1,0,9.5,12.5,0,1,1,90.25,59.0,-3.9460955710955687
1923,US Open,2025,Hard,4,1,1,0,0,1,0,1,0,1,0,0.0,0.0,0.0,49.0,0.0632624113475177,4.0,0,0,1,0,16.0,22.0,0,1,1,256.0,64.0,1.0539044289044313
1924,US Open,2025,Hard,4,0,0,0,0,0,0,0,0,1,0,1.0,1.0,1.0,7.5,0.02310606060606069,1.0,0,0,0,0,14.5,28.5,1,0,0,210.25,67.0,4.053904428904431
1925,US Open,2025,Hard,4,1,1,0,0,1,0,1,0,1,0,0.0,1.0,1.0,20.0,,2.0,0,0,0,0,15.0,12.5,0,0,0,225.0,71.0,8.053904428904431
1926,US Open,2025,Hard,4,0,0,0,0,1,0,1,0,1,0,0.0,0.0,0.0,87.0,0.09090909090909088,6.0,0,0,0,0,18.0,132.5,0,0,0,324.0,74.5,11.553904428904431
1927,US Open,2025,Hard,5,1,1,0,0,0,0,0,0,1,0,1.0,1.0,1.0,29.5,0.008230452674897193,1.0,0,0,0,0,0.0,58.5,1,0,0,0.0,71.0,8.053904428904431
1928,US Open,2025,Hard,5,0,0,0,0,1,0,0,0,1,0,0.0,0.0,0.0,76.0,0.003760262725780006,14.0,0,0,0,0,20.0,12.5,1,0,0,400.0,73.5,10.553904428904431
1929,US Open,2025,Hard,5,1,1,0,0,1,0,0,0,1,0,0.0,0.0,0.0,22.0,0.04935286839366027,26.0,0,0,0,1,19.0,28.5,1,1,1,361.0,62.0,-0.9460955710955687
1930,US Open,2025,Hard,5,1,1,0,0,0,0,0,0,1,0,1.0,1.0,1.0,132.5,0.04137323943661975,35.0,1,0,0,0,8.0,12.5,1,0,0,64.0,58.0,-4.946095571095569
1931,US Open,2025,Hard,6,0,0,0,0,1,0,0,0,1,0,1.0,1.0,1.0,58.5,0.006071645415907767,3.0,0,0,0,0,0.0,12.5,1,0,0,0.0,91.0,28.05390442890443
1932,US Open,2025,Hard,6,1,1,0,0,1,0,1,0,1,0,0.0,1.0,1.0,28.5,0.05582353532308315,7.0,0,0,1,0,16.5,12.5,0,1,1,272.25,63.5,0.5539044289044313
1933,US Open,2025,Hard,7,1,1,0,0,1,0,1,0,1,0,1.0,1.0,1.0,12.5,0.03205128205128205,5.0,0,0,0,0,12.0,12.5,0,0,0,144.0,89.0,26.05390442890443
1934,Wimbledon,2025,Grass,2,0,0,0,0,0,0,0,0,1,0,0.0,0.0,0.0,471.5,,245.0,0,0,0,0,14.0,1.0,1,0,0,196.0,38.0,-24.94609557109557
1935,Wimbledon,2025,Grass,2,0,0,0,0,1,0,0,0,1,0,1.0,1.0,1.0,260.0,0.06279342723004694,272.0,1,0,0,0,5.5,96.5,1,0,0,30.25,58.0,-4.946095571095569
1936,Wimbledon,2025,Grass,2,1,1,0,0,0,0,0,0,1,0,0.0,1.0,1.0,36.0,0.004832857060008244,4.0,0,0,0,0,21.0,43.5,1,0,0,441.0,90.0,27.05390442890443
1937,Wimbledon,2025,Grass,2,0,0,0,0,0,0,0,0,1,0,1.0,1.0,1.0,36.5,0.04087726725064311,23.0,0,0,0,0,16.5,65.0,1,0,0,272.25,90.0,27.05390442890443
1938,Wimbledon,2025,Grass,2,1,1,0,0,0,0,0,0,1,0,1.0,1.0,1.0,127.0,0.1636363636363636,108.0,0,0,0,0,10.0,22.5,1,0,0,100.0,71.0,8.053904428904431
1939,Wimbledon,2025,Grass,2,1,1,0,0,0,0,0,0,1,0,1.0,1.0,1.0,615.5,0.05023547880690729,539.0,0,0,0,0,7.0,60.0,1,0,0,49.0,46.0,-16.94609557109557
1940,Wimbledon,2025,Grass,2,1,1,0,0,0,0,0,0,1,0,0.0,0.0,1.0,46.0,0.0368052904703442,20.0,0,0,0,0,18.5,43.5,1,0,0,342.25,60.5,-2.4460955710955687
1941,Wimbledon,2025,Grass,2,1,1,0,0,0,0,0,0,1,0,0.0,0.0,0.0,53.0,0.03128514056224896,20.0,0,0,0,0,15.0,14.5,1,0,0,225.0,55.5,-7.446095571095569
1942,Wimbledon,2025,Grass,2,0,0,0,0,0,0,0,0,1,0,0.0,0.0,0.0,51.5,0.07384863323622376,5.0,0,0,0,0,17.0,5.5,1,0,0,289.0,61.5,-1.4460955710955687
1943,Wimbledon,2025,Grass,2,0,0,0,0,0,0,0,0,1,0,0.0,0.0,0.0,344.0,0.4,460.0,0,0,0,0,9.0,70.5,1,0,0,81.0,53.0,-9.946095571095569
1944,Wimbledon,2025,Grass,2,1,1,0,0,0,0,0,0,1,0,1.0,1.0,1.0,83.0,0.1948051948051948,4.0,0,0,0,0,0.0,69.5,1,0,0,0.0,60.0,-2.9460955710955687
1945,Wimbledon,2025,Grass,2,1,1,0,1,1,0,1,0,1,0,0.0,0.0,0.0,29.0,0.02150537634408611,4.0,0,0,0,0,7.0,115.5,0,0,1,49.0,75.5,12.553904428904431
1946,Wimbledon,2025,Grass,2,1,1,0,0,1,0,0,0,1,0,0.0,1.0,1.0,690.5,0.1684210526315789,389.0,0,0,0,1,4.5,24.5,1,1,1,20.25,77.5,14.553904428904431
1947,Wimbledon,2025,Grass,2,1,1,0,0,0,0,0,0,1,0,0.0,1.0,1.0,800.0,,1242.0,0,0,0,0,3.0,47.0,1,0,0,9.0,90.5,27.55390442890443
1948,Wimbledon,2025,Grass,2,1,1,0,0,1,0,1,0,1,0,0.0,0.0,0.0,55.0,0.0272192653919443,4.0,0,0,1,0,21.0,51.0,0,1,1,441.0,35.5,-27.44609557109557
1949,Wimbledon,2025,Grass,2,1,1,0,0,0,0,0,0,1,0,1.0,1.0,1.0,1086.0,,362.0,0,0,0,0,0.0,16.5,1,0,0,0.0,89.0,26.05390442890443
1950,Wimbledon,2025,Grass,2,0,0,0,0,1,0,0,0,1,0,1.0,1.0,1.0,131.5,0.2571428571428572,53.0,0,0,0,0,0.0,14.0,1,0,0,0.0,89.0,26.05390442890443
1951,Wimbledon,2025,Grass,2,1,0,0,1,1,0,1,0,1,0,0.0,1.0,1.0,725.5,,259.0,0,0,0,0,13.5,74.5,0,0,1,182.25,73.0,10.053904428904431
1952,Wimbledon,2025,Grass,2,1,0,0,1,1,0,1,0,1,0,1.0,1.0,1.0,418.0,0.2152976966536288,106.0,1,0,0,0,19.0,73.5,0,0,1,361.0,71.0,8.053904428904431
1953,Wimbledon,2025,Grass,2,0,0,0,0,0,0,0,0,1,0,0.0,0.0,0.0,230.5,0.2357660455486543,293.0,0,0,0,0,14.0,26.0,1,0,0,196.0,35.5,-27.44609557109557
1954,Wimbledon,2025,Grass,2,1,1,0,0,0,0,0,0,1,0,0.0,1.0,1.0,42.0,0.1307590584501454,6.0,0,0,0,0,9.0,36.0,1,0,0,81.0,71.0,8.053904428904431
1955,Wimbledon,2025,Grass,2,1,1,0,0,0,0,0,0,1,0,1.0,1.0,1.0,76.0,0.07629847815414825,2.0,0,0,0,0,21.0,336.0,1,0,0,441.0,80.0,17.05390442890443
1956,Wimbledon,2025,Grass,2,0,0,0,0,0,0,0,0,1,0,1.0,1.0,1.0,609.0,0.08571428571428569,528.0,0,0,0,0,3.0,75.0,1,0,0,9.0,91.0,28.05390442890443
1957,Wimbledon,2025,Grass,2,1,1,0,0,0,0,0,0,1,0,0.0,1.0,1.0,489.0,0.2257142857142857,792.0,1,0,0,0,0.0,7.5,1,0,0,0.0,18.5,-44.44609557109557
1958,Wimbledon,2025,Grass,2,1,1,0,0,0,0,0,0,1,0,0.0,0.0,0.0,80.5,0.05941878567721837,5.0,0,0,0,0,0.0,11.0,1,0,0,0.0,85.5,22.55390442890443
1959,Wimbledon,2025,Grass,2,0,0,0,0,0,0,0,0,1,0,1.0,1.0,1.0,721.0,0.01190476190476189,748.0,0,0,0,0,8.5,63.0,1,0,0,72.25,46.0,-16.94609557109557
1960,Wimbledon,2025,Grass,2,0,0,0,0,0,0,0,0,1,0,1.0,1.0,1.0,78.0,0.03714923469387749,22.0,0,0,0,0,5.5,54.5,1,0,0,30.25,91.0,28.05390442890443
1961,Wimbledon,2025,Grass,2,1,1,0,0,0,0,0,0,1,0,1.0,1.0,1.0,18.5,0.1355042016806723,1.0,0,0,0,0,15.0,69.0,1,0,0,225.0,91.0,28.05390442890443
1962,Wimbledon,2025,Grass,2,1,1,0,0,0,0,0,0,1,0,1.0,1.0,1.0,30.0,0.002501202501202449,4.0,0,0,0,0,9.0,78.5,1,0,0,81.0,91.0,28.05390442890443
1963,Wimbledon,2025,Grass,2,1,1,0,0,0,0,0,0,1,0,1.0,1.0,1.0,207.5,0.1333333333333333,219.0,0,0,0,0,0.0,510.5,1,0,0,0.0,89.0,26.05390442890443
1964,Wimbledon,2025,Grass,2,1,1,0,0,0,0,0,0,1,0,0.0,0.0,0.0,266.0,0.06427015250544671,156.0,0,0,0,0,7.0,499.5,1,0,0,49.0,57.5,-5.446095571095569
1965,Wimbledon,2025,Grass,2,1,1,0,0,0,0,0,0,1,0,1.0,1.0,1.0,1174.0,0.4285714285714285,4.0,0,0,0,0,19.0,3.0,1,0,0,361.0,89.0,26.05390442890443
1966,Wimbledon,2025,Grass,3,0,0,0,0,0,0,0,0,1,0,1.0,1.0,1.0,96.5,0.00661785412559851,13.0,1,0,0,0,10.0,1.0,1,0,0,100.0,51.0,-11.946095571095569
1967,Wimbledon,2025,Grass,3,1,1,0,0,0,0,0,0,1,0,0.0,0.0,0.0,43.5,0.00660211267605626,7.0,0,0,0,0,10.5,65.0,1,0,0,110.25,41.0,-21.94609557109557
1968,Wimbledon,2025,Grass,3,0,0,0,0,0,0,0,0,1,0,1.0,1.0,1.0,60.0,0.0,0.0,0,0,0,0,0.0,22.5,1,0,0,0.0,67.0,4.053904428904431
1969,Wimbledon,2025,Grass,3,1,1,0,0,0,0,0,0,1,0,1.0,1.0,1.0,14.5,0.03143728110001298,1.0,0,0,0,0,16.5,43.5,1,0,0,272.25,76.0,13.053904428904431
1970,Wimbledon,2025,Grass,3,1,1,0,0,0,0,0,0,1,0,0.0,1.0,1.0,70.5,0.0291327913279133,3.0,0,0,0,0,0.0,5.5,1,0,0,0.0,90.5,27.55390442890443
1971,Wimbledon,2025,Grass,3,1,1,0,1,1,0,0,0,1,0,1.0,1.0,1.0,69.5,0.006071645415907767,3.0,0,0,0,1,0.0,115.5,1,1,1,0.0,91.0,28.05390442890443
1972,Wimbledon,2025,Grass,3,1,1,0,0,1,0,1,0,1,0,1.0,1.0,1.0,24.5,0.008230452674897193,3.0,0,0,0,0,0.0,47.0,0,0,0,0.0,71.0,8.053904428904431
1973,Wimbledon,2025,Grass,3,1,1,0,1,1,0,0,0,1,0,0.0,0.0,0.0,16.5,0.03874544590527484,7.0,0,0,0,0,16.5,51.0,1,0,1,272.25,56.0,-6.946095571095569
1974,Wimbledon,2025,Grass,3,1,1,0,0,0,0,0,0,1,0,0.0,0.0,0.0,74.5,0.01224489795918371,9.0,0,0,0,0,16.0,14.0,1,0,0,256.0,30.5,-32.44609557109557
1975,Wimbledon,2025,Grass,3,1,1,0,0,1,0,0,0,1,0,0.0,0.0,0.0,73.5,0.1335753176043557,37.0,0,0,0,1,0.0,26.0,1,1,1,0.0,81.0,18.05390442890443
1976,Wimbledon,2025,Grass,3,1,1,0,0,0,0,0,0,1,0,0.0,0.0,0.0,336.0,,496.0,1,0,0,0,8.5,36.0,1,0,0,72.25,59.0,-3.9460955710955687
1977,Wimbledon,2025,Grass,3,0,0,0,0,0,0,0,0,1,0,0.0,0.0,0.0,75.0,0.01980198019801993,2.0,0,0,0,0,15.0,7.5,1,0,0,225.0,39.0,-23.94609557109557
1978,Wimbledon,2025,Grass,3,0,0,0,0,0,0,0,0,1,0,0.0,0.0,0.0,63.0,0.1000967117988394,2.0,0,0,0,0,15.0,11.0,1,0,0,225.0,69.0,6.053904428904431
1979,Wimbledon,2025,Grass,3,0,0,0,0,0,0,0,0,1,0,0.0,0.0,0.0,54.5,0.0632624113475177,9.0,0,0,0,0,16.0,69.0,1,0,0,256.0,64.0,1.0539044289044313
1980,Wimbledon,2025,Grass,3,1,1,0,0,1,0,0,0,1,0,0.0,0.0,0.0,510.5,0.008333333333333304,157.0,0,0,0,1,8.0,78.5,1,1,1,64.0,78.0,15.053904428904431
1981,Wimbledon,2025,Grass,3,1,1,0,0,0,0,0,0,1,0,1.0,1.0,1.0,499.5,0.25,781.0,0,0,0,0,18.0,3.0,1,0,0,324.0,89.0,26.05390442890443
1982,Wimbledon,2025,Grass,4,1,1,0,0,0,0,0,0,1,0,1.0,1.0,1.0,65.0,0.0423728813559322,0.0,0,0,0,0,0.0,1.0,1,0,0,0.0,58.0,-4.946095571095569
1983,Wimbledon,2025,Grass,4,1,1,0,0,1,0,1,0,1,0,0.0,0.0,0.0,43.5,0.0619205457078349,5.0,0,0,0,0,9.5,22.5,0,0,0,90.25,59.0,-3.9460955710955687
1984,Wimbledon,2025,Grass,4,0,0,0,0,0,0,0,0,1,0,1.0,1.0,1.0,5.5,0.02310606060606069,1.0,0,0,0,0,14.5,115.5,1,0,0,210.25,67.0,4.053904428904431
1985,Wimbledon,2025,Grass,4,0,0,0,0,1,0,0,0,1,0,0.0,0.0,0.0,47.0,0.04745564111148304,10.0,0,0,0,0,10.0,51.0,1,0,0,100.0,61.0,-1.9460955710955687
1986,Wimbledon,2025,Grass,4,1,1,0,1,1,0,0,0,1,0,1.0,1.0,1.0,26.0,0.01710058017649063,8.0,0,0,0,1,21.5,14.0,1,1,1,462.25,46.0,-16.94609557109557
1987,Wimbledon,2025,Grass,4,1,0,0,1,1,0,0,0,1,0,0.0,1.0,1.0,36.0,0.02232828615317095,2.0,0,0,0,0,13.5,7.5,1,0,1,182.25,69.5,6.553904428904431
1988,Wimbledon,2025,Grass,4,0,0,0,0,0,0,0,0,1,0,0.0,0.0,0.0,69.0,0.07013483146067412,36.0,0,0,0,0,17.0,11.0,1,0,0,289.0,42.0,-20.94609557109557
1990,Wimbledon,2025,Grass,5,1,1,0,1,1,0,0,0,1,0,0.0,1.0,1.0,22.5,,3.0,0,0,0,1,15.0,1.0,1,1,1,225.0,71.0,8.053904428904431
1991,Wimbledon,2025,Grass,5,1,1,0,0,0,0,0,0,1,0,1.0,1.0,1.0,51.0,0.008045881472861782,14.0,0,0,0,0,27.0,115.5,1,0,0,729.0,38.0,-24.94609557109557
1992,Wimbledon,2025,Grass,5,1,1,0,0,0,0,0,0,1,0,1.0,1.0,1.0,14.0,0.03205128205128205,6.0,0,0,0,0,12.0,7.5,1,0,0,144.0,89.0,26.05390442890443
1993,Wimbledon,2025,Grass,5,1,0,0,1,1,0,0,0,1,0,0.0,0.0,0.0,3.0,0.00784762663215699,0.0,0,0,0,0,17.0,11.0,1,0,1,289.0,76.0,13.053904428904431
1994,Wimbledon,2025,Grass,6,1,1,0,1,1,0,1,0,1,0,0.0,0.0,0.0,1.0,0.04901135386713307,0.0,0,0,1,0,13.5,115.5,0,1,1,182.25,26.0,-36.94609557109557
1995,Wimbledon,2025,Grass,6,0,0,0,0,0,0,0,0,1,0,0.0,1.0,1.0,7.5,0.01057318491443759,1.0,0,0,0,0,22.0,11.0,1,0,0,484.0,48.5,-14.446095571095569
1996,Wimbledon,2025,Grass,7,1,1,0,0,0,0,0,0,1,0,0.0,0.0,0.0,115.5,0.08585164835164827,67.0,1,0,0,0,4.0,11.0,1,0,0,16.0,85.0,22.05390442890443
