match_id,tournament,year,surface,stage_code,same_country,same_language,rank_mean,opp_rank_mean,rank_gap,single_top100,exp_mean,exp_mean_sq,age_mean,win,pre_olympic,olympic_period,won_tb,tb_set,tb_type,ling_prox,ling_prox_binary,ling_prox_psw_tree,ling_prox_psw_cognet
2,Australian Open,2018,Hard,2,1,1,87.5,55.5,13.0,0,5.0,25.0,23.5,0,0,0,1,1,7pt,1.0,1,1.0,1.0
2,Australian Open,2018,Hard,2,0,0,55.5,87.5,83.0,0,14.5,210.25,31.5,1,0,0,0,1,7pt,0.5,0,0.41304898,0.37004793
3,Australian Open,2018,Hard,2,0,0,472.5,35.0,749.0,0,11.0,121.0,30.0,0,0,0,0,1,7pt,0.25,0,0.21113216999999995,0.041329872
3,Australian Open,2018,Hard,2,0,1,35.0,472.5,26.0,0,14.0,196.0,33.0,1,0,0,1,1,7pt,0.0,1,0.23402292000000002,0.18278809
7,Australian Open,2018,Hard,2,0,1,20.0,79.5,10.0,0,12.5,156.25,33.5,0,0,0,0,1,7pt,0.0,1,0.17925000000000002,0.18077663
7,Australian Open,2018,Hard,2,0,0,79.5,20.0,5.0,0,16.0,256.0,37.5,1,0,0,1,1,7pt,0.36250001192092896,1,0.32067871000000003,0.46761107
7,Australian Open,2018,Hard,2,0,1,20.0,79.5,10.0,0,12.5,156.25,33.5,0,0,0,0,2,7pt,0.0,1,0.17925000000000002,0.18077663
7,Australian Open,2018,Hard,2,0,0,79.5,20.0,5.0,0,16.0,256.0,37.5,1,0,0,1,2,7pt,0.36250001192092896,1,0.32067871000000003,0.46761107
8,Australian Open,2018,Hard,2,1,1,198.0,8.5,8.0,0,12.0,144.0,30.0,0,0,0,0,1,7pt,1.0,1,1.0,1.0
8,Australian Open,2018,Hard,2,1,1,8.5,198.0,5.0,0,13.0,169.0,31.5,1,0,0,1,1,7pt,1.0,1,1.0,1.0
9,Australian Open,2018,Hard,2,1,1,493.5,58.5,647.0,0,9.5,90.25,27.0,0,0,0,0,3,7pt,1.0,1,1.0,1.0
9,Australian Open,2018,Hard,2,0,0,58.5,493.5,1.0,0,11.0,121.0,28.5,1,0,0,1,3,7pt,0.25,0,0.14313637999999995,0.16881076
12,Australian Open,2018,Hard,2,0,1,143.5,22.5,251.0,1,11.0,121.0,27.0,0,0,0,0,2,7pt,0.7075000405311584,1,0.52563611,0.60401666
12,Australian Open,2018,Hard,2,0,0,22.5,143.5,7.0,0,15.0,225.0,38.0,1,0,0,1,2,7pt,0.0,0,0.15970169999999995,0.12863554
13,Australian Open,2018,Hard,2,0,1,85.5,181.0,3.0,0,12.0,144.0,36.0,0,0,0,0,1,7pt,0.8875000476837158,1,0.62949178,0.69089741
13,Australian Open,2018,Hard,2,0,0,181.0,85.5,100.0,0,12.5,156.25,30.0,1,0,0,1,1,7pt,0.75,0,0.57849321,0.63389355
19,Australian Open,2018,Hard,2,1,1,73.0,25.0,2.0,0,3.0,9.0,23.0,0,0,0,0,1,7pt,1.0,1,1.0,1.0
19,Australian Open,2018,Hard,2,1,1,25.0,73.0,4.0,0,10.5,110.25,31.5,1,0,0,1,1,7pt,1.0,1,1.0,1.0
19,Australian Open,2018,Hard,2,1,1,73.0,25.0,2.0,0,3.0,9.0,23.0,0,0,0,0,2,7pt,1.0,1,1.0,1.0
19,Australian Open,2018,Hard,2,1,1,25.0,73.0,4.0,0,10.5,110.25,31.5,1,0,0,1,2,7pt,1.0,1,1.0,1.0
25,Australian Open,2018,Hard,2,0,0,336.0,41.5,324.0,1,14.5,210.25,31.0,0,0,0,0,1,7pt,0.032499998807907104,0,0.12769365,0.15025871
25,Australian Open,2018,Hard,2,0,0,41.5,336.0,5.0,0,18.5,342.25,36.5,1,0,0,1,1,7pt,0.25,0,0.22969455000000005,0.13042375
25,Australian Open,2018,Hard,2,0,0,336.0,41.5,324.0,1,14.5,210.25,31.0,0,0,0,0,3,7pt,0.032499998807907104,0,0.12769365,0.15025871
25,Australian Open,2018,Hard,2,0,0,41.5,336.0,5.0,0,18.5,342.25,36.5,1,0,0,1,3,7pt,0.25,0,0.22969455000000005,0.13042375
26,Australian Open,2018,Hard,2,0,1,49.5,81.0,39.0,0,10.0,100.0,32.5,0,0,0,0,3,7pt,0.8875000476837158,1,0.6669113,0.6979596
26,Australian Open,2018,Hard,2,1,1,81.0,49.5,22.0,0,7.0,49.0,25.5,1,0,0,1,3,7pt,1.0,1,1.0,1.0
27,Australian Open,2018,Hard,2,0,1,27.0,73.5,12.0,0,14.5,210.25,32.5,0,0,0,1,2,7pt,1.0,1,0.7180881800000001,0.76837629
27,Australian Open,2018,Hard,2,1,1,73.5,27.0,79.0,0,12.5,156.25,31.5,1,0,0,0,2,7pt,1.0,1,1.0,1.0
27,Australian Open,2018,Hard,2,0,1,27.0,73.5,12.0,0,14.5,210.25,32.5,0,0,0,0,3,7pt,1.0,1,0.7180881800000001,0.76837629
27,Australian Open,2018,Hard,2,1,1,73.5,27.0,79.0,0,12.5,156.25,31.5,1,0,0,1,3,7pt,1.0,1,1.0,1.0
28,Australian Open,2018,Hard,2,0,0,49.0,39.5,28.0,0,11.0,121.0,31.0,0,0,0,0,1,7pt,0.0,0,0.05427945000000001,0.17543539
28,Australian Open,2018,Hard,2,0,0,39.5,49.0,15.0,0,17.5,306.25,37.5,1,0,0,1,1,7pt,0.25,0,0.20640218,0.11449017
30,Australian Open,2018,Hard,2,0,1,69.0,304.0,28.0,0,24.5,600.25,43.5,0,0,0,0,1,7pt,0.032499998807907104,1,0.21685814999999997,0.24291396
30,Australian Open,2018,Hard,2,0,0,304.0,69.0,184.0,0,7.0,49.0,25.5,1,0,0,1,1,7pt,0.0,0,0.03610062999999997,0.068012953
32,Australian Open,2018,Hard,3,1,1,166.5,1.0,73.0,0,4.0,16.0,22.0,0,0,0,0,2,7pt,1.0,1,1.0,1.0
32,Australian Open,2018,Hard,3,0,0,1.0,166.5,0.0,0,18.0,324.0,35.5,1,0,0,1,2,7pt,0.25,0,0.14773548000000003,0.23890541
33,Australian Open,2018,Hard,3,0,0,55.5,35.0,83.0,0,14.5,210.25,31.5,0,0,0,0,2,7pt,0.5,0,0.41304898,0.37004793
33,Australian Open,2018,Hard,3,0,1,35.0,55.5,26.0,0,14.0,196.0,33.0,1,0,0,1,2,7pt,0.0,1,0.23402292000000002,0.18278809
35,Australian Open,2018,Hard,3,0,0,79.5,60.0,5.0,0,16.0,256.0,37.5,0,0,0,0,2,7pt,0.36250001192092896,1,0.32067871000000003,0.46761107
35,Australian Open,2018,Hard,3,1,1,60.0,79.5,36.0,1,12.5,156.25,27.0,1,0,0,1,2,7pt,1.0,1,1.0,1.0
36,Australian Open,2018,Hard,3,1,1,8.5,58.5,5.0,0,13.0,169.0,31.5,0,0,0,0,1,7pt,1.0,1,1.0,1.0
36,Australian Open,2018,Hard,3,0,0,58.5,8.5,1.0,0,11.0,121.0,28.5,1,0,0,1,1,7pt,0.25,0,0.14313637999999995,0.16881076
36,Australian Open,2018,Hard,3,1,1,8.5,58.5,5.0,0,13.0,169.0,31.5,0,0,0,0,3,7pt,1.0,1,1.0,1.0
36,Australian Open,2018,Hard,3,0,0,58.5,8.5,1.0,0,11.0,121.0,28.5,1,0,0,1,3,7pt,0.25,0,0.14313637999999995,0.16881076
38,Australian Open,2018,Hard,3,0,0,181.0,22.5,100.0,0,12.5,156.25,30.0,0,0,0,0,2,7pt,0.75,0,0.57849321,0.63389355
38,Australian Open,2018,Hard,3,0,0,22.5,181.0,7.0,0,15.0,225.0,38.0,1,0,0,1,2,7pt,0.0,0,0.15970169999999995,0.12863554
39,Australian Open,2018,Hard,3,0,0,54.5,16.5,3.0,0,13.5,182.25,30.5,0,0,0,1,1,7pt,0.5,0,0.50285801,0.49603325
39,Australian Open,2018,Hard,3,0,0,16.5,54.5,1.0,0,13.5,182.25,31.5,1,0,0,0,1,7pt,0.25,0,0.35156208,0.21645801
40,Australian Open,2018,Hard,3,0,0,9.5,64.5,1.0,0,15.5,240.25,34.0,0,0,0,0,1,7pt,0.25,0,0.25448393999999996,0.44476289
40,Australian Open,2018,Hard,3,1,1,64.5,9.5,7.0,0,20.0,400.0,39.0,1,0,0,1,1,7pt,1.0,1,1.0,1.0
40,Australian Open,2018,Hard,3,0,0,9.5,64.5,1.0,0,15.5,240.25,34.0,0,0,0,0,3,7pt,0.25,0,0.25448393999999996,0.44476289
40,Australian Open,2018,Hard,3,1,1,64.5,9.5,7.0,0,20.0,400.0,39.0,1,0,0,1,3,7pt,1.0,1,1.0,1.0
41,Australian Open,2018,Hard,3,0,0,41.5,25.0,21.0,0,15.0,225.0,34.0,0,0,0,0,1,7pt,0.25,0,0.35156208,0.21645801
41,Australian Open,2018,Hard,3,1,1,25.0,41.5,4.0,0,10.5,110.25,31.5,1,0,0,1,1,7pt,1.0,1,1.0,1.0
43,Australian Open,2018,Hard,3,0,0,7.5,129.0,1.0,0,15.0,225.0,35.0,0,0,0,0,1,7pt,0.25,0,0.26572764000000004,0.31916791
43,Australian Open,2018,Hard,3,1,1,129.0,7.5,86.0,0,16.0,256.0,34.0,1,0,0,1,1,7pt,1.0,1,1.0,1.0
44,Australian Open,2018,Hard,3,0,0,41.5,12.0,5.0,0,18.5,342.25,36.5,0,0,0,1,1,7pt,0.25,0,0.22969455000000005,0.13042375
44,Australian Open,2018,Hard,3,1,1,12.0,41.5,0.0,0,20.0,400.0,40.0,1,0,0,0,1,7pt,1.0,1,1.0,1.0
46,Australian Open,2018,Hard,3,0,0,53.5,39.5,25.0,0,20.0,400.0,36.0,0,0,0,0,1,7pt,0.25,0,0.32245827000000005,0.35521922
46,Australian Open,2018,Hard,3,0,0,39.5,53.5,15.0,0,17.5,306.25,37.5,1,0,0,1,1,7pt,0.25,0,0.20640218,0.11449017
47,Australian Open,2018,Hard,3,0,0,3.5,304.0,1.0,0,8.5,72.25,29.0,0,0,0,0,2,7pt,0.0,0,0.32045548999999995,0.40157098
47,Australian Open,2018,Hard,3,0,0,304.0,3.5,184.0,0,7.0,49.0,25.5,1,0,0,1,2,7pt,0.0,0,0.03610062999999997,0.068012953
48,Australian Open,2018,Hard,4,0,1,35.0,1.0,26.0,0,14.0,196.0,33.0,0,0,0,0,2,7pt,0.0,1,0.23402292000000002,0.18278809
48,Australian Open,2018,Hard,4,0,0,1.0,35.0,0.0,0,18.0,324.0,35.5,1,0,0,1,2,7pt,0.25,0,0.14773548000000003,0.23890541
49,Australian Open,2018,Hard,4,1,1,60.0,115.0,36.0,1,12.5,156.25,27.0,0,0,0,0,2,7pt,1.0,1,1.0,1.0
49,Australian Open,2018,Hard,4,0,0,115.0,60.0,84.0,0,6.5,42.25,27.0,1,0,0,1,2,7pt,0.0,0,0.04517572999999997,0.20310442
51,Australian Open,2018,Hard,4,0,0,22.5,16.5,7.0,0,15.0,225.0,38.0,0,0,0,1,2,7pt,0.0,0,0.15970169999999995,0.12863554
51,Australian Open,2018,Hard,4,0,0,16.5,22.5,1.0,0,13.5,182.25,31.5,1,0,0,0,2,7pt,0.25,0,0.35156208,0.21645801
54,Australian Open,2018,Hard,4,1,1,73.5,12.0,79.0,0,12.5,156.25,31.5,0,0,0,1,1,7pt,1.0,1,1.0,1.0
54,Australian Open,2018,Hard,4,1,1,12.0,73.5,0.0,0,20.0,400.0,40.0,1,0,0,0,1,7pt,1.0,1,1.0,1.0
54,Australian Open,2018,Hard,4,1,1,73.5,12.0,79.0,0,12.5,156.25,31.5,0,0,0,0,2,7pt,1.0,1,1.0,1.0
54,Australian Open,2018,Hard,4,1,1,12.0,73.5,0.0,0,20.0,400.0,40.0,1,0,0,1,2,7pt,1.0,1,1.0,1.0
56,Australian Open,2018,Hard,5,0,0,1.0,115.0,0.0,0,18.0,324.0,35.5,0,0,0,1,2,7pt,0.25,0,0.14773548000000003,0.23890541
56,Australian Open,2018,Hard,5,0,0,115.0,1.0,84.0,0,6.5,42.25,27.0,1,0,0,0,2,7pt,0.0,0,0.04517572999999997,0.20310442
56,Australian Open,2018,Hard,5,0,0,1.0,115.0,0.0,0,18.0,324.0,35.5,0,0,0,0,3,7pt,0.25,0,0.14773548000000003,0.23890541
56,Australian Open,2018,Hard,5,0,0,115.0,1.0,84.0,0,6.5,42.25,27.0,1,0,0,1,3,7pt,0.0,0,0.04517572999999997,0.20310442
57,Australian Open,2018,Hard,5,0,1,46.0,16.5,16.0,0,10.0,100.0,30.5,0,0,0,1,2,7pt,1.0,1,0.62645039,0.66638535
57,Australian Open,2018,Hard,5,0,0,16.5,46.0,1.0,0,13.5,182.25,31.5,1,0,0,0,2,7pt,0.25,0,0.35156208,0.21645801
57,Australian Open,2018,Hard,5,0,1,46.0,16.5,16.0,0,10.0,100.0,30.5,0,0,0,0,3,7pt,1.0,1,0.62645039,0.66638535
57,Australian Open,2018,Hard,5,0,0,16.5,46.0,1.0,0,13.5,182.25,31.5,1,0,0,1,3,7pt,0.25,0,0.35156208,0.21645801
60,Australian Open,2018,Hard,6,0,0,115.0,16.5,84.0,0,6.5,42.25,27.0,0,0,0,0,3,7pt,0.0,0,0.04517572999999997,0.20310442
60,Australian Open,2018,Hard,6,0,0,16.5,115.0,1.0,0,13.5,182.25,31.5,1,0,0,1,3,7pt,0.25,0,0.35156208,0.21645801
61,Australian Open,2018,Hard,6,1,1,12.0,25.0,0.0,0,20.0,400.0,40.0,0,0,0,0,1,7pt,1.0,1,1.0,1.0
61,Australian Open,2018,Hard,6,1,1,25.0,12.0,4.0,0,10.5,110.25,31.5,1,0,0,1,1,7pt,1.0,1,1.0,1.0
67,Roland Garros,2018,Clay,2,0,0,40.0,12.0,4.0,0,18.5,342.25,36.5,0,0,0,0,1,7pt,0.25,0,0.22969455000000005,0.13042375
67,Roland Garros,2018,Clay,2,1,1,12.0,40.0,4.0,0,10.5,110.25,31.5,1,0,0,1,1,7pt,1.0,1,1.0,1.0
67,Roland Garros,2018,Clay,2,0,0,40.0,12.0,4.0,0,18.5,342.25,36.5,0,0,0,0,2,7pt,0.25,0,0.22969455000000005,0.13042375
67,Roland Garros,2018,Clay,2,1,1,12.0,40.0,4.0,0,10.5,110.25,31.5,1,0,0,1,2,7pt,1.0,1,1.0,1.0
68,Roland Garros,2018,Clay,2,0,0,50.0,18.5,14.0,0,17.5,306.25,39.0,0,0,0,0,3,7pt,0.25,0,0.27058636999999996,0.29453829
68,Roland Garros,2018,Clay,2,1,1,18.5,50.0,1.0,0,13.0,169.0,31.5,1,0,0,1,3,7pt,1.0,1,1.0,1.0
76,Roland Garros,2018,Clay,2,0,0,30.5,74.5,11.0,0,6.5,42.25,27.0,0,0,0,1,1,7pt,0.0,0,0.04517572999999997,0.20310442
76,Roland Garros,2018,Clay,2,0,0,74.5,30.5,13.0,0,9.5,90.25,32.5,1,0,0,0,1,7pt,0.36250001192092896,1,0.25872545999999996,0.43995741
76,Roland Garros,2018,Clay,2,0,0,30.5,74.5,11.0,0,6.5,42.25,27.0,0,0,0,0,2,7pt,0.0,0,0.04517572999999997,0.20310442
76,Roland Garros,2018,Clay,2,0,0,74.5,30.5,13.0,0,9.5,90.25,32.5,1,0,0,1,2,7pt,0.36250001192092896,1,0.25872545999999996,0.43995741
81,Roland Garros,2018,Clay,2,1,1,259.0,721.0,290.0,0,10.0,100.0,28.5,0,0,0,0,2,7pt,1.0,1,1.0,1.0
81,Roland Garros,2018,Clay,2,1,1,721.0,259.0,910.0,0,19.5,380.25,37.0,1,0,0,1,2,7pt,1.0,1,1.0,1.0
84,Roland Garros,2018,Clay,2,0,0,66.5,43.0,7.0,0,9.0,81.0,28.0,0,0,0,0,1,7pt,0.5,0,0.47475523,0.40841019
84,Roland Garros,2018,Clay,2,0,0,43.0,66.5,26.0,0,14.5,210.25,32.0,1,0,0,1,1,7pt,0.75,0,0.68834653,0.69678515
84,Roland Garros,2018,Clay,2,0,0,66.5,43.0,7.0,0,9.0,81.0,28.0,0,0,0,1,2,7pt,0.5,0,0.47475523,0.40841019
84,Roland Garros,2018,Clay,2,0,0,43.0,66.5,26.0,0,14.5,210.25,32.0,1,0,0,0,2,7pt,0.75,0,0.68834653,0.69678515
84,Roland Garros,2018,Clay,2,0,0,66.5,43.0,7.0,0,9.0,81.0,28.0,0,0,0,0,3,7pt,0.5,0,0.47475523,0.40841019
84,Roland Garros,2018,Clay,2,0,0,43.0,66.5,26.0,0,14.5,210.25,32.0,1,0,0,1,3,7pt,0.75,0,0.68834653,0.69678515
85,Roland Garros,2018,Clay,2,0,0,21.0,242.0,24.0,0,17.5,306.25,37.5,0,0,0,1,1,7pt,0.25,0,0.25837027999999995,0.16764438
85,Roland Garros,2018,Clay,2,0,0,242.0,21.0,332.0,0,9.5,90.25,29.5,1,0,0,0,1,7pt,0.25,0,0.12143219000000005,0.14941365
85,Roland Garros,2018,Clay,2,0,0,21.0,242.0,24.0,0,17.5,306.25,37.5,0,0,0,0,2,7pt,0.25,0,0.25837027999999995,0.16764438
85,Roland Garros,2018,Clay,2,0,0,242.0,21.0,332.0,0,9.5,90.25,29.5,1,0,0,1,2,7pt,0.25,0,0.12143219000000005,0.14941365
89,Roland Garros,2018,Clay,2,0,1,112.0,501.5,118.0,0,13.0,169.0,30.0,0,0,0,0,3,7pt,0.8875000476837158,1,0.6669113,0.6979596
89,Roland Garros,2018,Clay,2,1,1,501.5,112.0,371.0,0,11.0,121.0,30.5,1,0,0,1,3,7pt,1.0,1,1.0,1.0
90,Roland Garros,2018,Clay,2,0,1,54.0,74.0,8.0,0,10.0,100.0,32.5,0,0,0,0,1,7pt,0.8875000476837158,1,0.6669113,0.6979596
90,Roland Garros,2018,Clay,2,1,1,74.0,54.0,84.0,1,6.5,42.25,27.5,1,0,0,1,1,7pt,1.0,1,1.0,1.0
91,Roland Garros,2018,Clay,2,0,0,74.5,54.5,15.0,0,10.0,100.0,32.0,0,0,0,1,1,7pt,0.25,0,0.37554002,0.36609644
91,Roland Garros,2018,Clay,2,0,0,54.5,74.5,11.0,0,13.5,182.25,30.5,1,0,0,0,1,7pt,0.5,0,0.50285801,0.49603325
92,Roland Garros,2018,Clay,2,1,1,437.0,86.0,186.0,0,4.0,16.0,23.0,0,0,0,0,1,7pt,1.0,1,1.0,1.0
92,Roland Garros,2018,Clay,2,0,0,86.0,437.0,2.0,0,12.5,156.25,30.0,1,0,0,1,1,7pt,0.75,0,0.57849321,0.63389355
98,Roland Garros,2018,Clay,3,1,1,159.0,12.0,128.0,0,9.5,90.25,27.0,0,0,0,0,2,7pt,1.0,1,1.0,1.0
98,Roland Garros,2018,Clay,3,1,1,12.0,159.0,4.0,0,10.5,110.25,31.5,1,0,0,1,2,7pt,1.0,1,1.0,1.0
99,Roland Garros,2018,Clay,3,1,1,45.0,18.5,12.0,0,14.5,210.25,33.0,0,0,0,0,2,7pt,1.0,1,1.0,1.0
99,Roland Garros,2018,Clay,3,1,1,18.5,45.0,1.0,0,13.0,169.0,31.5,1,0,0,1,2,7pt,1.0,1,1.0,1.0
101,Roland Garros,2018,Clay,3,0,1,76.5,23.0,7.0,0,9.0,81.0,27.5,0,0,0,0,1,7pt,1.0,1,0.55793491,0.5540092
101,Roland Garros,2018,Clay,3,0,1,23.0,76.5,16.0,0,12.5,156.25,33.5,1,0,0,1,1,7pt,0.0,1,0.17925000000000002,0.18077663
104,Roland Garros,2018,Clay,3,0,0,167.5,74.5,63.0,0,11.0,121.0,28.5,0,0,0,0,1,7pt,0.5,0,0.41720712000000004,0.50120014
104,Roland Garros,2018,Clay,3,0,0,74.5,167.5,13.0,0,9.5,90.25,32.5,1,0,0,1,1,7pt,0.36250001192092896,1,0.25872545999999996,0.43995741
112,Roland Garros,2018,Clay,4,1,1,721.0,7.5,910.0,0,19.5,380.25,37.0,0,0,0,0,1,7pt,1.0,1,1.0,1.0
112,Roland Garros,2018,Clay,4,0,0,7.5,721.0,1.0,0,8.5,72.25,29.0,1,0,0,1,1,7pt,0.0,0,0.32045548999999995,0.40157098
115,Roland Garros,2018,Clay,4,0,1,23.0,22.0,16.0,0,12.5,156.25,33.5,0,0,0,0,1,7pt,0.0,1,0.17925000000000002,0.18077663
115,Roland Garros,2018,Clay,4,0,0,22.0,23.0,2.0,0,15.0,225.0,34.0,1,0,0,1,1,7pt,0.25,0,0.35156208,0.21645801
115,Roland Garros,2018,Clay,4,0,1,23.0,22.0,16.0,0,12.5,156.25,33.5,0,0,0,0,2,7pt,0.0,1,0.17925000000000002,0.18077663
115,Roland Garros,2018,Clay,4,0,0,22.0,23.0,2.0,0,15.0,225.0,34.0,1,0,0,1,2,7pt,0.25,0,0.35156208,0.21645801
117,Roland Garros,2018,Clay,4,0,0,2.5,26.0,1.0,0,18.0,324.0,35.5,0,0,0,0,2,7pt,0.25,0,0.14773548000000003,0.23890541
117,Roland Garros,2018,Clay,4,0,0,26.0,2.5,4.0,0,15.5,240.25,36.5,1,0,0,1,2,7pt,0.0,0,0.15970169999999995,0.12863554
120,Roland Garros,2018,Clay,5,0,1,94.5,18.5,31.0,0,10.0,100.0,29.0,0,0,0,0,2,7pt,1.0,1,0.78069082,0.81991625
120,Roland Garros,2018,Clay,5,1,1,18.5,94.5,1.0,0,13.0,169.0,31.5,1,0,0,1,2,7pt,1.0,1,1.0,1.0
121,Roland Garros,2018,Clay,5,0,0,26.0,22.0,4.0,0,15.5,240.25,36.5,0,0,0,0,1,7pt,0.0,0,0.15970169999999995,0.12863554
121,Roland Garros,2018,Clay,5,0,0,22.0,26.0,2.0,0,15.0,225.0,34.0,1,0,0,1,1,7pt,0.25,0,0.35156208,0.21645801
122,Roland Garros,2018,Clay,5,0,0,7.5,24.0,1.0,0,8.5,72.25,29.0,0,0,0,1,2,7pt,0.0,0,0.32045548999999995,0.40157098
122,Roland Garros,2018,Clay,5,1,1,24.0,7.5,4.0,0,20.0,400.0,36.5,1,0,0,0,2,7pt,1.0,1,1.0,1.0
122,Roland Garros,2018,Clay,5,0,0,7.5,24.0,1.0,0,8.5,72.25,29.0,0,0,0,0,3,7pt,0.0,0,0.32045548999999995,0.40157098
122,Roland Garros,2018,Clay,5,1,1,24.0,7.5,4.0,0,20.0,400.0,36.5,1,0,0,1,3,7pt,1.0,1,1.0,1.0
125,Roland Garros,2018,Clay,7,0,0,2.5,18.5,3.0,0,13.5,182.25,31.5,0,0,0,0,2,7pt,0.25,0,0.35156208,0.21645801
125,Roland Garros,2018,Clay,7,1,1,18.5,2.5,1.0,0,13.0,169.0,31.5,1,0,0,1,2,7pt,1.0,1,1.0,1.0
126,US Open,2018,Hard,2,0,1,58.5,7.5,1.0,0,7.0,49.0,29.5,0,0,0,0,2,7pt,1.0,1,0.900353469,0.91253656
126,US Open,2018,Hard,2,0,0,7.5,58.5,1.0,0,8.5,72.25,29.0,1,0,0,1,2,7pt,0.0,0,0.32045548999999995,0.40157098
126,US Open,2018,Hard,2,0,1,58.5,7.5,1.0,0,7.0,49.0,29.5,0,0,0,0,3,7pt,1.0,1,0.900353469,0.91253656
126,US Open,2018,Hard,2,0,0,7.5,58.5,1.0,0,8.5,72.25,29.0,1,0,0,1,3,7pt,0.0,0,0.32045548999999995,0.40157098
131,US Open,2018,Hard,2,0,0,189.5,5.5,21.0,0,5.0,25.0,33.0,0,0,0,0,2,7pt,0.25,0,0.17189306000000004,0.28034297
131,US Open,2018,Hard,2,0,0,5.5,189.5,1.0,0,18.0,324.0,35.5,1,0,0,1,2,7pt,0.25,0,0.14773548000000003,0.23890541
133,US Open,2018,Hard,2,0,1,72.0,17.0,24.0,0,10.0,100.0,32.5,0,0,0,0,3,7pt,0.8875000476837158,1,0.6669113,0.6979596
133,US Open,2018,Hard,2,1,1,17.0,72.0,2.0,0,13.0,169.0,31.5,1,0,0,1,3,7pt,1.0,1,1.0,1.0
135,US Open,2018,Hard,2,0,0,82.0,23.0,12.0,0,5.0,25.0,24.5,0,0,0,1,2,7pt,0.25,0,0.29058516,0.4198128
135,US Open,2018,Hard,2,0,0,23.0,82.0,2.0,0,14.5,210.25,32.5,1,0,0,0,2,7pt,0.25,0,0.39463627,0.27279788
137,US Open,2018,Hard,2,1,1,250.0,35.5,76.0,0,7.5,56.25,25.5,0,0,0,0,3,7pt,1.0,1,1.0,1.0
137,US Open,2018,Hard,2,1,1,35.5,250.0,1.0,0,14.5,210.25,33.0,1,0,0,1,3,7pt,1.0,1,1.0,1.0
139,US Open,2018,Hard,2,0,0,49.0,30.5,32.0,0,17.0,289.0,37.5,0,0,0,0,2,7pt,0.4625000059604645,0,0.47926670000000005,0.54369944
139,US Open,2018,Hard,2,0,0,30.5,49.0,15.0,0,1.0,1.0,31.5,1,0,0,1,2,7pt,0.25,0,0.40302013999999997,0.39645278
140,US Open,2018,Hard,2,1,1,49.0,82.0,12.0,0,8.5,72.25,32.0,0,0,0,0,1,7pt,1.0,1,1.0,1.0
140,US Open,2018,Hard,2,0,0,82.0,49.0,36.0,0,12.5,156.25,31.5,1,0,0,1,1,7pt,0.0,0,0.07228427999999998,0.099671818
140,US Open,2018,Hard,2,1,1,49.0,82.0,12.0,0,8.5,72.25,32.0,0,0,0,0,2,7pt,1.0,1,1.0,1.0
140,US Open,2018,Hard,2,0,0,82.0,49.0,36.0,0,12.5,156.25,31.5,1,0,0,1,2,7pt,0.0,0,0.07228427999999998,0.099671818
141,US Open,2018,Hard,2,0,0,25.0,180.5,8.0,0,6.5,42.25,27.0,0,0,0,0,1,7pt,0.0,0,0.04517572999999997,0.20310442
141,US Open,2018,Hard,2,1,1,180.5,25.0,109.0,0,9.5,90.25,28.0,1,0,0,1,1,7pt,1.0,1,1.0,1.0
144,US Open,2018,Hard,2,0,0,50.5,45.0,3.0,0,18.5,342.25,36.5,0,0,0,0,2,7pt,0.25,0,0.22969455000000005,0.13042375
144,US Open,2018,Hard,2,0,0,45.0,50.5,2.0,0,10.0,100.0,29.0,1,0,0,1,2,7pt,0.5,0,0.50285801,0.49603325
145,US Open,2018,Hard,2,0,1,112.0,49.5,64.0,0,9.5,90.25,28.0,0,0,0,0,2,7pt,1.0,1,0.55793491,0.5540092
145,US Open,2018,Hard,2,0,0,49.5,112.0,9.0,0,14.5,210.25,32.0,1,0,0,1,2,7pt,0.75,0,0.68834653,0.69678515
153,US Open,2018,Hard,2,0,0,3.5,60.0,1.0,0,13.5,182.25,31.5,0,0,0,0,2,7pt,0.25,0,0.35156208,0.21645801
153,US Open,2018,Hard,2,0,0,60.0,3.5,24.0,0,12.5,156.25,30.0,1,0,0,1,2,7pt,0.75,0,0.57849321,0.63389355
155,US Open,2018,Hard,2,0,0,306.0,87.0,426.0,1,12.5,156.25,31.0,0,0,0,0,1,7pt,0.0,0,0.18542879999999995,0.13084383
155,US Open,2018,Hard,2,0,0,87.0,306.0,140.0,0,14.5,210.25,33.5,1,0,0,1,1,7pt,0.25,0,0.35156208,0.21645801
160,US Open,2018,Hard,3,0,0,49.5,9.5,9.0,0,14.5,210.25,32.0,0,0,0,0,2,7pt,0.75,0,0.68834653,0.69678515
160,US Open,2018,Hard,3,1,1,9.5,49.5,1.0,0,10.5,110.25,31.5,1,0,0,1,2,7pt,1.0,1,1.0,1.0
163,US Open,2018,Hard,3,1,1,123.5,23.0,1.0,0,2.5,6.25,25.5,0,0,0,0,2,7pt,1.0,1,1.0,1.0
163,US Open,2018,Hard,3,0,0,23.0,123.5,2.0,0,14.5,210.25,32.5,1,0,0,1,2,7pt,0.25,0,0.39463627,0.27279788
166,US Open,2018,Hard,3,0,0,353.5,30.5,153.0,0,6.5,42.25,24.0,0,0,0,1,1,7pt,0.25,0,0.20916051000000002,0.024486724
166,US Open,2018,Hard,3,0,0,30.5,353.5,15.0,0,1.0,1.0,31.5,1,0,0,0,1,7pt,0.25,0,0.40302013999999997,0.39645278
167,US Open,2018,Hard,3,0,0,22.5,82.0,5.0,0,15.0,225.0,35.0,0,0,0,0,2,7pt,0.25,0,0.26572764000000004,0.31916791
167,US Open,2018,Hard,3,0,0,82.0,22.5,36.0,0,12.5,156.25,31.5,1,0,0,1,2,7pt,0.0,0,0.07228427999999998,0.099671818
168,US Open,2018,Hard,3,0,0,7.5,101.0,1.0,0,8.5,72.25,29.0,0,0,0,0,1,7pt,0.0,0,0.32045548999999995,0.40157098
168,US Open,2018,Hard,3,1,1,101.0,7.5,62.0,0,12.5,156.25,31.5,1,0,0,1,1,7pt,1.0,1,1.0,1.0
168,US Open,2018,Hard,3,0,0,7.5,101.0,1.0,0,8.5,72.25,29.0,0,0,0,0,3,7pt,0.0,0,0.32045548999999995,0.40157098
168,US Open,2018,Hard,3,1,1,101.0,7.5,62.0,0,12.5,156.25,31.5,1,0,0,1,3,7pt,1.0,1,1.0,1.0
169,US Open,2018,Hard,3,0,1,17.0,45.5,4.0,0,12.5,156.25,33.5,0,0,0,0,2,7pt,0.0,1,0.17925000000000002,0.18077663
169,US Open,2018,Hard,3,0,1,45.5,17.0,11.0,0,10.0,100.0,29.0,1,0,0,1,2,7pt,1.0,1,0.78069082,0.81991625
171,US Open,2018,Hard,3,1,1,180.5,48.5,109.0,0,9.5,90.25,28.0,0,0,0,0,1,7pt,1.0,1,1.0,1.0
171,US Open,2018,Hard,3,0,0,48.5,180.5,3.0,0,11.0,121.0,29.5,1,0,0,1,1,7pt,0.25,0,0.15936165999999996,0.19101538
172,US Open,2018,Hard,3,0,1,32.5,118.0,3.0,0,15.0,225.0,35.0,0,0,0,0,2,7pt,1.0,1,0.78069082,0.81991625
172,US Open,2018,Hard,3,1,1,118.0,32.5,114.0,0,6.5,42.25,27.5,1,0,0,1,2,7pt,1.0,1,1.0,1.0
175,US Open,2018,Hard,4,1,1,35.5,11.5,1.0,0,14.5,210.25,33.0,0,0,0,0,1,7pt,1.0,1,1.0,1.0
175,US Open,2018,Hard,4,0,0,11.5,35.5,1.0,0,15.5,240.25,34.0,1,0,0,1,1,7pt,0.25,0,0.25448393999999996,0.44476289
178,US Open,2018,Hard,4,1,1,101.0,28.0,62.0,0,12.5,156.25,31.5,0,0,0,0,1,7pt,1.0,1,1.0,1.0
178,US Open,2018,Hard,4,0,0,28.0,101.0,4.0,0,15.5,240.25,36.5,1,0,0,1,1,7pt,0.0,0,0.15970169999999995,0.12863554
179,US Open,2018,Hard,4,1,1,155.5,82.0,205.0,0,11.0,121.0,25.0,0,0,0,0,3,7pt,1.0,1,1.0,1.0
179,US Open,2018,Hard,4,0,0,82.0,155.5,36.0,0,12.5,156.25,31.5,1,0,0,1,3,7pt,0.0,0,0.07228427999999998,0.099671818
182,US Open,2018,Hard,5,0,1,45.5,1.5,11.0,0,10.0,100.0,29.0,0,0,0,0,2,7pt,1.0,1,0.78069082,0.81991625
182,US Open,2018,Hard,5,1,1,1.5,45.5,1.0,1,13.5,182.25,33.0,1,0,0,1,2,7pt,1.0,1,1.0,1.0
186,US Open,2018,Hard,6,1,1,9.5,1.5,1.0,0,10.5,110.25,31.5,0,0,0,1,2,7pt,1.0,1,1.0,1.0
186,US Open,2018,Hard,6,1,1,1.5,9.5,1.0,1,13.5,182.25,33.0,1,0,0,0,2,7pt,1.0,1,1.0,1.0
187,US Open,2018,Hard,6,0,0,82.0,5.5,36.0,0,12.5,156.25,31.5,0,0,0,0,1,7pt,0.0,0,0.07228427999999998,0.099671818
187,US Open,2018,Hard,6,0,0,5.5,82.0,1.0,0,18.0,324.0,35.5,1,0,0,1,1,7pt,0.25,0,0.14773548000000003,0.23890541
204,Wimbledon,2018,Grass,2,1,1,100.0,14.0,70.0,1,12.5,156.25,31.0,0,0,0,0,2,7pt,1.0,1,1.0,1.0
204,Wimbledon,2018,Grass,2,1,1,14.0,100.0,4.0,0,10.5,110.25,31.5,1,0,0,1,2,7pt,1.0,1,1.0,1.0
207,Wimbledon,2018,Grass,2,1,1,287.5,23.5,535.0,0,18.5,342.25,36.0,0,0,0,0,1,7pt,1.0,1,1.0,1.0
207,Wimbledon,2018,Grass,2,0,0,23.5,287.5,25.0,0,17.5,306.25,37.5,1,0,0,1,1,7pt,0.25,0,0.25837027999999995,0.16764438
208,Wimbledon,2018,Grass,2,0,0,112.5,25.0,3.0,0,8.5,72.25,30.0,0,0,0,0,4,7pt,0.0,0,0.04517572999999997,0.20310442
208,Wimbledon,2018,Grass,2,0,1,25.0,112.5,6.0,0,14.5,210.25,32.0,1,0,0,1,4,7pt,1.0,1,0.65523931,0.69686258
213,Wimbledon,2018,Grass,2,0,1,93.5,45.5,5.0,0,6.0,36.0,28.0,0,0,0,0,1,7pt,0.0,1,0.23402292000000002,0.18278809
213,Wimbledon,2018,Grass,2,1,1,45.5,93.5,29.0,0,16.0,256.0,31.0,1,0,0,1,1,7pt,1.0,1,1.0,1.0
213,Wimbledon,2018,Grass,2,0,1,93.5,45.5,5.0,0,6.0,36.0,28.0,0,0,0,0,2,7pt,0.0,1,0.23402292000000002,0.18278809
213,Wimbledon,2018,Grass,2,1,1,45.5,93.5,29.0,0,16.0,256.0,31.0,1,0,0,1,2,7pt,1.0,1,1.0,1.0
213,Wimbledon,2018,Grass,2,0,1,93.5,45.5,5.0,0,6.0,36.0,28.0,0,0,0,0,3,7pt,0.0,1,0.23402292000000002,0.18278809
213,Wimbledon,2018,Grass,2,1,1,45.5,93.5,29.0,0,16.0,256.0,31.0,1,0,0,1,3,7pt,1.0,1,1.0,1.0
214,Wimbledon,2018,Grass,2,1,1,229.0,59.5,40.0,0,1.5,2.25,21.5,0,0,0,1,2,7pt,1.0,1,1.0,1.0
214,Wimbledon,2018,Grass,2,0,1,59.5,229.0,19.0,0,9.5,90.25,29.0,1,0,0,0,2,7pt,1.0,1,0.89202948,0.91387117
215,Wimbledon,2018,Grass,2,0,0,44.0,108.5,2.0,0,10.0,100.0,29.0,0,0,0,0,1,7pt,0.5,0,0.50285801,0.49603325
215,Wimbledon,2018,Grass,2,1,1,108.5,44.0,3.0,0,10.0,100.0,29.5,1,0,0,1,1,7pt,1.0,1,1.0,1.0
215,Wimbledon,2018,Grass,2,0,0,44.0,108.5,2.0,0,10.0,100.0,29.0,0,0,0,0,3,7pt,0.5,0,0.50285801,0.49603325
215,Wimbledon,2018,Grass,2,1,1,108.5,44.0,3.0,0,10.0,100.0,29.5,1,0,0,1,3,7pt,1.0,1,1.0,1.0
216,Wimbledon,2018,Grass,2,0,0,64.5,355.0,23.0,0,12.5,156.25,32.5,0,0,0,1,3,7pt,0.0,0,0.15970169999999995,0.12863554
216,Wimbledon,2018,Grass,2,0,1,355.0,64.5,120.0,1,8.5,72.25,27.5,1,0,0,0,3,7pt,0.8575000166893005,1,0.69012758,0.21231112
218,Wimbledon,2018,Grass,2,0,0,1.5,124.0,1.0,0,13.5,182.25,31.5,0,0,0,1,2,7pt,0.25,0,0.35156208,0.21645801
218,Wimbledon,2018,Grass,2,0,1,124.0,1.5,120.0,0,9.5,90.25,29.5,1,0,0,0,2,7pt,1.0,1,0.7828256,0.81417686
221,Wimbledon,2018,Grass,2,0,1,66.5,75.5,11.0,0,9.0,81.0,27.5,0,0,0,0,1,7pt,1.0,1,0.55793491,0.5540092
221,Wimbledon,2018,Grass,2,0,0,75.5,66.5,49.0,0,18.5,342.25,39.0,1,0,0,1,1,7pt,0.06499999761581421,0,0.14606816,0.15274642
221,Wimbledon,2018,Grass,2,0,1,66.5,75.5,11.0,0,9.0,81.0,27.5,0,0,0,0,2,7pt,1.0,1,0.55793491,0.5540092
221,Wimbledon,2018,Grass,2,0,0,75.5,66.5,49.0,0,18.5,342.25,39.0,1,0,0,1,2,7pt,0.06499999761581421,0,0.14606816,0.15274642
221,Wimbledon,2018,Grass,2,0,1,66.5,75.5,11.0,0,9.0,81.0,27.5,0,0,0,0,3,7pt,1.0,1,0.55793491,0.5540092
221,Wimbledon,2018,Grass,2,0,0,75.5,66.5,49.0,0,18.5,342.25,39.0,1,0,0,1,3,7pt,0.06499999761581421,0,0.14606816,0.15274642
223,Wimbledon,2018,Grass,2,0,0,23.0,51.0,12.0,0,14.0,196.0,33.5,0,0,0,0,1,7pt,0.25,0,0.40288400999999996,0.4021906
223,Wimbledon,2018,Grass,2,0,0,51.0,23.0,10.0,0,16.5,272.25,36.0,1,0,0,1,1,7pt,0.5,0,0.41393596,0.47037259
225,Wimbledon,2018,Grass,2,0,0,74.0,102.5,30.0,0,13.0,169.0,31.5,0,0,0,0,2,7pt,0.2875000238418579,0,0.23891806999999998,0.39245039
225,Wimbledon,2018,Grass,2,1,1,102.5,74.0,33.0,0,6.5,42.25,27.0,1,0,0,1,2,7pt,1.0,1,1.0,1.0
226,Wimbledon,2018,Grass,2,1,1,69.0,76.0,30.0,0,17.0,289.0,36.5,0,0,0,0,1,7pt,1.0,1,1.0,1.0
226,Wimbledon,2018,Grass,2,0,0,76.0,69.0,6.0,0,12.5,156.25,30.0,1,0,0,1,1,7pt,0.75,0,0.57849321,0.63389355
226,Wimbledon,2018,Grass,2,1,1,69.0,76.0,30.0,0,17.0,289.0,36.5,0,0,0,1,3,7pt,1.0,1,1.0,1.0
226,Wimbledon,2018,Grass,2,0,0,76.0,69.0,6.0,0,12.5,156.25,30.0,1,0,0,0,3,7pt,0.75,0,0.57849321,0.63389355
228,Wimbledon,2018,Grass,2,0,0,36.5,39.0,3.0,0,18.5,342.25,36.5,0,0,0,1,2,7pt,0.25,0,0.22969455000000005,0.13042375
228,Wimbledon,2018,Grass,2,0,1,39.0,36.5,4.0,0,15.0,225.0,35.0,1,0,0,0,2,7pt,1.0,1,0.78069082,0.81991625
228,Wimbledon,2018,Grass,2,0,0,36.5,39.0,3.0,0,18.5,342.25,36.5,0,0,0,0,4,7pt,0.25,0,0.22969455000000005,0.13042375
228,Wimbledon,2018,Grass,2,0,1,39.0,36.5,4.0,0,15.0,225.0,35.0,1,0,0,1,4,7pt,1.0,1,0.78069082,0.81991625
229,Wimbledon,2018,Grass,2,0,1,265.5,87.0,451.0,1,11.0,121.0,27.0,0,0,0,0,2,7pt,0.7075000405311584,1,0.52563611,0.60401666
229,Wimbledon,2018,Grass,2,1,1,87.0,265.5,10.0,0,12.0,144.0,32.5,1,0,0,1,2,7pt,1.0,1,1.0,1.0
231,Wimbledon,2018,Grass,2,0,0,239.5,41.5,189.0,0,12.5,156.25,31.5,0,0,0,0,1,7pt,0.0,0,0.07228427999999998,0.099671818
231,Wimbledon,2018,Grass,2,0,1,41.5,239.5,5.0,0,17.0,289.0,32.0,1,0,0,1,1,7pt,0.0,1,0.23361790000000004,0.18300405
231,Wimbledon,2018,Grass,2,0,0,239.5,41.5,189.0,0,12.5,156.25,31.5,0,0,0,1,2,7pt,0.0,0,0.07228427999999998,0.099671818
231,Wimbledon,2018,Grass,2,0,1,41.5,239.5,5.0,0,17.0,289.0,32.0,1,0,0,0,2,7pt,0.0,1,0.23361790000000004,0.18300405
235,Wimbledon,2018,Grass,3,1,1,45.5,16.5,29.0,0,16.0,256.0,31.0,0,0,0,1,1,7pt,1.0,1,1.0,1.0
235,Wimbledon,2018,Grass,3,1,1,16.5,45.5,17.0,1,13.5,182.25,33.0,1,0,0,0,1,7pt,1.0,1,1.0,1.0
235,Wimbledon,2018,Grass,3,1,1,45.5,16.5,29.0,0,16.0,256.0,31.0,0,0,0,0,3,7pt,1.0,1,1.0,1.0
235,Wimbledon,2018,Grass,3,1,1,16.5,45.5,17.0,1,13.5,182.25,33.0,1,0,0,1,3,7pt,1.0,1,1.0,1.0
235,Wimbledon,2018,Grass,3,1,1,45.5,16.5,29.0,0,16.0,256.0,31.0,0,0,0,0,4,7pt,1.0,1,1.0,1.0
235,Wimbledon,2018,Grass,3,1,1,16.5,45.5,17.0,1,13.5,182.25,33.0,1,0,0,1,4,7pt,1.0,1,1.0,1.0
236,Wimbledon,2018,Grass,3,0,1,355.0,18.5,120.0,1,8.5,72.25,27.5,0,0,0,1,1,7pt,0.8575000166893005,1,0.69012758,0.21231112
236,Wimbledon,2018,Grass,3,0,0,18.5,355.0,1.0,0,15.0,225.0,34.0,1,0,0,0,1,7pt,0.25,0,0.35156208,0.21645801
236,Wimbledon,2018,Grass,3,0,1,355.0,18.5,120.0,1,8.5,72.25,27.5,0,0,0,0,2,7pt,0.8575000166893005,1,0.69012758,0.21231112
236,Wimbledon,2018,Grass,3,0,0,18.5,355.0,1.0,0,15.0,225.0,34.0,1,0,0,1,2,7pt,0.25,0,0.35156208,0.21645801
238,Wimbledon,2018,Grass,3,1,1,108.5,29.5,3.0,0,10.0,100.0,29.5,0,0,0,0,1,7pt,1.0,1,1.0,1.0
238,Wimbledon,2018,Grass,3,0,0,29.5,108.5,5.0,0,6.5,42.25,27.0,1,0,0,1,1,7pt,0.0,0,0.04517572999999997,0.20310442
238,Wimbledon,2018,Grass,3,1,1,108.5,29.5,3.0,0,10.0,100.0,29.5,0,0,0,1,2,7pt,1.0,1,1.0,1.0
238,Wimbledon,2018,Grass,3,0,0,29.5,108.5,5.0,0,6.5,42.25,27.0,1,0,0,0,2,7pt,0.0,0,0.04517572999999997,0.20310442
238,Wimbledon,2018,Grass,3,1,1,108.5,29.5,3.0,0,10.0,100.0,29.5,0,0,0,0,3,7pt,1.0,1,1.0,1.0
238,Wimbledon,2018,Grass,3,0,0,29.5,108.5,5.0,0,6.5,42.25,27.0,1,0,0,1,3,7pt,0.0,0,0.04517572999999997,0.20310442
239,Wimbledon,2018,Grass,3,0,0,52.5,33.5,9.0,0,14.5,210.25,32.0,0,0,0,0,3,7pt,0.75,0,0.68834653,0.69678515
239,Wimbledon,2018,Grass,3,0,0,33.5,52.5,1.0,0,1.0,1.0,31.5,1,0,0,1,3,7pt,0.25,0,0.40302013999999997,0.39645278
240,Wimbledon,2018,Grass,3,0,0,3.5,75.5,1.0,0,18.0,324.0,35.5,0,0,0,1,1,7pt,0.25,0,0.14773548000000003,0.23890541
240,Wimbledon,2018,Grass,3,0,0,75.5,3.5,49.0,0,18.5,342.25,39.0,1,0,0,0,1,7pt,0.06499999761581421,0,0.14606816,0.15274642
240,Wimbledon,2018,Grass,3,0,0,3.5,75.5,1.0,0,18.0,324.0,35.5,0,0,0,0,3,7pt,0.25,0,0.14773548000000003,0.23890541
240,Wimbledon,2018,Grass,3,0,0,75.5,3.5,49.0,0,18.5,342.25,39.0,1,0,0,1,3,7pt,0.06499999761581421,0,0.14606816,0.15274642
240,Wimbledon,2018,Grass,3,0,0,3.5,75.5,1.0,0,18.0,324.0,35.5,0,0,0,0,4,7pt,0.25,0,0.14773548000000003,0.23890541
240,Wimbledon,2018,Grass,3,0,0,75.5,3.5,49.0,0,18.5,342.25,39.0,1,0,0,1,4,7pt,0.06499999761581421,0,0.14606816,0.15274642
241,Wimbledon,2018,Grass,3,1,1,242.0,67.5,268.0,0,4.0,16.0,24.0,0,0,0,0,1,7pt,1.0,1,1.0,1.0
241,Wimbledon,2018,Grass,3,0,1,67.5,242.0,19.0,0,10.0,100.0,29.0,1,0,0,1,1,7pt,1.0,1,0.78069082,0.81991625
242,Wimbledon,2018,Grass,3,0,0,64.5,51.0,3.0,0,9.5,90.25,28.5,0,0,0,0,1,7pt,0.5,0,0.36052525,0.33027062
242,Wimbledon,2018,Grass,3,0,0,51.0,64.5,10.0,0,16.5,272.25,36.0,1,0,0,1,1,7pt,0.5,0,0.41393596,0.47037259
242,Wimbledon,2018,Grass,3,0,0,64.5,51.0,3.0,0,9.5,90.25,28.5,0,0,0,0,3,7pt,0.5,0,0.36052525,0.33027062
242,Wimbledon,2018,Grass,3,0,0,51.0,64.5,10.0,0,16.5,272.25,36.0,1,0,0,1,3,7pt,0.5,0,0.41393596,0.47037259
243,Wimbledon,2018,Grass,3,0,1,25.0,102.5,6.0,0,14.5,210.25,32.0,0,0,0,0,3,7pt,1.0,1,0.65523931,0.69686258
243,Wimbledon,2018,Grass,3,1,1,102.5,25.0,33.0,0,6.5,42.25,27.0,1,0,0,1,3,7pt,1.0,1,1.0,1.0
244,Wimbledon,2018,Grass,3,0,1,124.0,76.0,120.0,0,9.5,90.25,29.5,0,0,0,0,2,7pt,1.0,1,0.7828256,0.81417686
244,Wimbledon,2018,Grass,3,0,0,76.0,124.0,6.0,0,12.5,156.25,30.0,1,0,0,1,2,7pt,0.75,0,0.57849321,0.63389355
245,Wimbledon,2018,Grass,3,0,0,25.0,109.5,2.0,0,15.5,240.25,36.5,0,0,0,0,2,7pt,0.0,0,0.15970169999999995,0.12863554
245,Wimbledon,2018,Grass,3,0,0,109.5,25.0,59.0,0,10.5,110.25,30.5,1,0,0,1,2,7pt,0.5,0,0.44120066999999996,0.52107555
246,Wimbledon,2018,Grass,3,1,1,9.5,87.0,1.0,0,13.0,169.0,31.5,0,0,0,1,2,7pt,1.0,1,1.0,1.0
246,Wimbledon,2018,Grass,3,1,1,87.0,9.5,10.0,0,12.0,144.0,32.5,1,0,0,0,2,7pt,1.0,1,1.0,1.0
246,Wimbledon,2018,Grass,3,1,1,9.5,87.0,1.0,0,13.0,169.0,31.5,0,0,0,0,3,7pt,1.0,1,1.0,1.0
246,Wimbledon,2018,Grass,3,1,1,87.0,9.5,10.0,0,12.0,144.0,32.5,1,0,0,1,3,7pt,1.0,1,1.0,1.0
247,Wimbledon,2018,Grass,3,0,1,39.0,41.5,4.0,0,15.0,225.0,35.0,0,0,0,1,1,7pt,1.0,1,0.78069082,0.81991625
247,Wimbledon,2018,Grass,3,0,1,41.5,39.0,5.0,0,17.0,289.0,32.0,1,0,0,0,1,7pt,0.0,1,0.23361790000000004,0.18300405
247,Wimbledon,2018,Grass,3,0,1,39.0,41.5,4.0,0,15.0,225.0,35.0,0,0,0,0,4,7pt,1.0,1,0.78069082,0.81991625
247,Wimbledon,2018,Grass,3,0,1,41.5,39.0,5.0,0,17.0,289.0,32.0,1,0,0,1,4,7pt,0.0,1,0.23361790000000004,0.18300405
248,Wimbledon,2018,Grass,3,0,0,23.5,45.5,25.0,0,17.5,306.25,37.5,0,0,0,0,3,7pt,0.25,0,0.25837027999999995,0.16764438
248,Wimbledon,2018,Grass,3,1,1,45.5,23.5,7.0,0,8.5,72.25,32.0,1,0,0,1,3,7pt,1.0,1,1.0,1.0
250,Wimbledon,2018,Grass,4,1,1,102.5,16.5,33.0,0,6.5,42.25,27.0,0,0,0,1,2,7pt,1.0,1,1.0,1.0
250,Wimbledon,2018,Grass,4,1,1,16.5,102.5,17.0,1,13.5,182.25,33.0,1,0,0,0,2,7pt,1.0,1,1.0,1.0
250,Wimbledon,2018,Grass,4,1,1,102.5,16.5,33.0,0,6.5,42.25,27.0,0,0,0,1,4,7pt,1.0,1,1.0,1.0
250,Wimbledon,2018,Grass,4,1,1,16.5,102.5,17.0,1,13.5,182.25,33.0,1,0,0,0,4,7pt,1.0,1,1.0,1.0
251,Wimbledon,2018,Grass,4,0,0,76.0,26.5,6.0,0,12.5,156.25,30.0,0,0,0,0,2,7pt,0.75,0,0.57849321,0.63389355
251,Wimbledon,2018,Grass,4,0,1,26.5,76.0,7.0,0,12.5,156.25,33.5,1,0,0,1,2,7pt,0.0,1,0.17925000000000002,0.18077663
251,Wimbledon,2018,Grass,4,0,0,76.0,26.5,6.0,0,12.5,156.25,30.0,0,0,0,1,3,7pt,0.75,0,0.57849321,0.63389355
251,Wimbledon,2018,Grass,4,0,1,26.5,76.0,7.0,0,12.5,156.25,33.5,1,0,0,0,3,7pt,0.0,1,0.17925000000000002,0.18077663
251,Wimbledon,2018,Grass,4,0,0,76.0,26.5,6.0,0,12.5,156.25,30.0,0,0,0,1,4,7pt,0.75,0,0.57849321,0.63389355
251,Wimbledon,2018,Grass,4,0,1,26.5,76.0,7.0,0,12.5,156.25,33.5,1,0,0,0,4,7pt,0.0,1,0.17925000000000002,0.18077663
252,Wimbledon,2018,Grass,4,1,1,87.0,29.5,10.0,0,12.0,144.0,32.5,0,0,0,0,3,7pt,1.0,1,1.0,1.0
252,Wimbledon,2018,Grass,4,0,0,29.5,87.0,5.0,0,6.5,42.25,27.0,1,0,0,1,3,7pt,0.0,0,0.04517572999999997,0.20310442
253,Wimbledon,2018,Grass,4,0,1,67.5,33.5,19.0,0,10.0,100.0,29.0,0,0,0,0,2,7pt,1.0,1,0.78069082,0.81991625
253,Wimbledon,2018,Grass,4,0,0,33.5,67.5,1.0,0,1.0,1.0,31.5,1,0,0,1,2,7pt,0.25,0,0.40302013999999997,0.39645278
253,Wimbledon,2018,Grass,4,0,1,67.5,33.5,19.0,0,10.0,100.0,29.0,0,0,0,0,3,7pt,1.0,1,0.78069082,0.81991625
253,Wimbledon,2018,Grass,4,0,0,33.5,67.5,1.0,0,1.0,1.0,31.5,1,0,0,1,3,7pt,0.25,0,0.40302013999999997,0.39645278
255,Wimbledon,2018,Grass,4,1,1,14.0,109.5,4.0,0,10.5,110.25,31.5,0,0,0,0,2,7pt,1.0,1,1.0,1.0
255,Wimbledon,2018,Grass,4,0,0,109.5,14.0,59.0,0,10.5,110.25,30.5,1,0,0,1,2,7pt,0.5,0,0.44120066999999996,0.52107555
255,Wimbledon,2018,Grass,4,1,1,14.0,109.5,4.0,0,10.5,110.25,31.5,0,0,0,0,4,7pt,1.0,1,1.0,1.0
255,Wimbledon,2018,Grass,4,0,0,109.5,14.0,59.0,0,10.5,110.25,30.5,1,0,0,1,4,7pt,0.5,0,0.44120066999999996,0.52107555
256,Wimbledon,2018,Grass,4,0,0,75.5,41.5,49.0,0,18.5,342.25,39.0,0,0,0,1,2,7pt,0.06499999761581421,0,0.14606816,0.15274642
256,Wimbledon,2018,Grass,4,0,1,41.5,75.5,5.0,0,17.0,289.0,32.0,1,0,0,0,2,7pt,0.0,1,0.23361790000000004,0.18300405
257,Wimbledon,2018,Grass,5,0,1,41.5,16.5,5.0,0,17.0,289.0,32.0,0,0,0,0,1,7pt,0.0,1,0.23361790000000004,0.18300405
257,Wimbledon,2018,Grass,5,1,1,16.5,41.5,17.0,1,13.5,182.25,33.0,1,0,0,1,1,7pt,1.0,1,1.0,1.0
257,Wimbledon,2018,Grass,5,0,1,41.5,16.5,5.0,0,17.0,289.0,32.0,0,0,0,0,2,7pt,0.0,1,0.23361790000000004,0.18300405
257,Wimbledon,2018,Grass,5,1,1,16.5,41.5,17.0,1,13.5,182.25,33.0,1,0,0,1,2,7pt,1.0,1,1.0,1.0
257,Wimbledon,2018,Grass,5,0,1,41.5,16.5,5.0,0,17.0,289.0,32.0,0,0,0,1,3,7pt,0.0,1,0.23361790000000004,0.18300405
257,Wimbledon,2018,Grass,5,1,1,16.5,41.5,17.0,1,13.5,182.25,33.0,1,0,0,0,3,7pt,1.0,1,1.0,1.0
258,Wimbledon,2018,Grass,5,0,0,13.5,26.5,1.0,0,15.5,240.25,34.0,0,0,0,1,1,7pt,0.25,0,0.25448393999999996,0.44476289
258,Wimbledon,2018,Grass,5,0,1,26.5,13.5,7.0,0,12.5,156.25,33.5,1,0,0,0,1,7pt,0.0,1,0.17925000000000002,0.18077663
258,Wimbledon,2018,Grass,5,0,0,13.5,26.5,1.0,0,15.5,240.25,34.0,0,0,0,0,2,7pt,0.25,0,0.25448393999999996,0.44476289
258,Wimbledon,2018,Grass,5,0,1,26.5,13.5,7.0,0,12.5,156.25,33.5,1,0,0,1,2,7pt,0.0,1,0.17925000000000002,0.18077663
258,Wimbledon,2018,Grass,5,0,0,13.5,26.5,1.0,0,15.5,240.25,34.0,0,0,0,0,4,7pt,0.25,0,0.25448393999999996,0.44476289
258,Wimbledon,2018,Grass,5,0,1,26.5,13.5,7.0,0,12.5,156.25,33.5,1,0,0,1,4,7pt,0.0,1,0.17925000000000002,0.18077663
259,Wimbledon,2018,Grass,5,0,0,51.0,33.5,10.0,0,16.5,272.25,36.0,0,0,0,1,2,7pt,0.5,0,0.41393596,0.47037259
259,Wimbledon,2018,Grass,5,0,0,33.5,51.0,1.0,0,1.0,1.0,31.5,1,0,0,0,2,7pt,0.25,0,0.40302013999999997,0.39645278
259,Wimbledon,2018,Grass,5,0,0,51.0,33.5,10.0,0,16.5,272.25,36.0,0,0,0,0,3,7pt,0.5,0,0.41393596,0.47037259
259,Wimbledon,2018,Grass,5,0,0,33.5,51.0,1.0,0,1.0,1.0,31.5,1,0,0,1,3,7pt,0.25,0,0.40302013999999997,0.39645278
260,Wimbledon,2018,Grass,5,0,0,29.5,109.5,5.0,0,6.5,42.25,27.0,0,0,0,0,1,7pt,0.0,0,0.04517572999999997,0.20310442
260,Wimbledon,2018,Grass,5,0,0,109.5,29.5,59.0,0,10.5,110.25,30.5,1,0,0,1,1,7pt,0.5,0,0.44120066999999996,0.52107555
260,Wimbledon,2018,Grass,5,0,0,29.5,109.5,5.0,0,6.5,42.25,27.0,0,0,0,0,3,7pt,0.0,0,0.04517572999999997,0.20310442
260,Wimbledon,2018,Grass,5,0,0,109.5,29.5,59.0,0,10.5,110.25,30.5,1,0,0,1,3,7pt,0.5,0,0.44120066999999996,0.52107555
260,Wimbledon,2018,Grass,5,0,0,29.5,109.5,5.0,0,6.5,42.25,27.0,0,0,0,0,4,7pt,0.0,0,0.04517572999999997,0.20310442
260,Wimbledon,2018,Grass,5,0,0,109.5,29.5,59.0,0,10.5,110.25,30.5,1,0,0,1,4,7pt,0.5,0,0.44120066999999996,0.52107555
261,Wimbledon,2018,Grass,6,0,0,33.5,16.5,1.0,0,1.0,1.0,31.5,0,0,0,1,3,7pt,0.25,0,0.40302013999999997,0.39645278
261,Wimbledon,2018,Grass,6,1,1,16.5,33.5,17.0,1,13.5,182.25,33.0,1,0,0,0,3,7pt,1.0,1,1.0,1.0
261,Wimbledon,2018,Grass,6,0,0,33.5,16.5,1.0,0,1.0,1.0,31.5,0,0,0,1,4,7pt,0.25,0,0.40302013999999997,0.39645278
261,Wimbledon,2018,Grass,6,1,1,16.5,33.5,17.0,1,13.5,182.25,33.0,1,0,0,0,4,7pt,1.0,1,1.0,1.0
262,Wimbledon,2018,Grass,6,0,0,109.5,26.5,59.0,0,10.5,110.25,30.5,0,0,0,0,1,7pt,0.5,0,0.44120066999999996,0.52107555
262,Wimbledon,2018,Grass,6,0,1,26.5,109.5,7.0,0,12.5,156.25,33.5,1,0,0,1,1,7pt,0.0,1,0.17925000000000002,0.18077663
263,Wimbledon,2018,Grass,7,0,1,26.5,16.5,7.0,0,12.5,156.25,33.5,0,0,0,1,2,7pt,0.0,1,0.17925000000000002,0.18077663
263,Wimbledon,2018,Grass,7,1,1,16.5,26.5,17.0,1,13.5,182.25,33.0,1,0,0,0,2,7pt,1.0,1,1.0,1.0
264,Australian Open,2019,Hard,2,1,1,156.0,3.5,136.0,0,16.5,272.25,34.5,0,0,0,1,2,7pt,1.0,1,1.0,1.0
264,Australian Open,2019,Hard,2,0,0,3.5,156.0,1.0,0,14.5,210.25,32.5,1,0,0,0,2,7pt,0.25,0,0.35156208,0.21645801
265,Australian Open,2019,Hard,2,0,0,50.5,7.0,3.0,0,12.0,144.0,30.5,0,0,0,0,2,7pt,0.25,0,0.15936165999999996,0.19101538
265,Australian Open,2019,Hard,2,0,0,7.0,50.5,0.0,0,16.5,272.25,35.0,1,0,0,1,2,7pt,0.25,0,0.25448393999999996,0.44476289
266,Australian Open,2019,Hard,2,1,1,236.5,7.0,17.0,0,6.0,36.0,24.0,0,0,0,0,1,7pt,1.0,1,1.0,1.0
266,Australian Open,2019,Hard,2,1,1,7.0,236.5,12.0,0,21.0,441.0,41.0,1,0,0,1,1,7pt,1.0,1,1.0,1.0
266,Australian Open,2019,Hard,2,1,1,236.5,7.0,17.0,0,6.0,36.0,24.0,0,0,0,0,2,7pt,1.0,1,1.0,1.0
266,Australian Open,2019,Hard,2,1,1,7.0,236.5,12.0,0,21.0,441.0,41.0,1,0,0,1,2,7pt,1.0,1,1.0,1.0
267,Australian Open,2019,Hard,2,0,0,77.0,11.5,30.0,0,16.0,256.0,35.5,0,0,0,0,1,7pt,0.25,0,0.22517370999999997,0.30890587
267,Australian Open,2019,Hard,2,1,1,11.5,77.0,1.0,0,14.0,196.0,32.5,1,0,0,1,1,7pt,1.0,1,1.0,1.0
273,Australian Open,2019,Hard,2,1,1,130.0,30.0,30.0,0,8.0,64.0,26.5,0,0,0,0,2,7pt,1.0,1,1.0,1.0
273,Australian Open,2019,Hard,2,0,0,30.0,130.0,12.0,0,16.0,256.0,35.0,1,0,0,1,2,7pt,0.25,0,0.37375634999999996,0.31452337
274,Australian Open,2019,Hard,2,0,0,19.5,84.0,3.0,0,7.5,56.25,28.0,0,0,0,0,3,7pt,0.0,0,0.04517572999999997,0.20310442
274,Australian Open,2019,Hard,2,0,0,84.0,19.5,32.0,1,13.5,182.25,32.5,1,0,0,1,3,7pt,0.0,0,0.07228427999999998,0.099671818
275,Australian Open,2019,Hard,2,0,0,22.5,59.5,7.0,0,16.0,256.0,36.0,0,0,0,1,2,7pt,0.25,0,0.26572764000000004,0.31916791
275,Australian Open,2019,Hard,2,0,0,59.5,22.5,7.0,0,10.5,110.25,33.5,1,0,0,0,2,7pt,0.36250001192092896,1,0.25872545999999996,0.43995741
277,Australian Open,2019,Hard,2,0,1,109.0,203.0,60.0,0,10.5,110.25,29.0,0,0,0,0,2,7pt,1.0,1,0.55793491,0.5540092
277,Australian Open,2019,Hard,2,0,0,203.0,109.0,142.0,0,6.5,42.25,24.0,1,0,0,1,2,7pt,0.25,0,0.13696914999999998,0.15779608
283,Australian Open,2019,Hard,2,1,1,101.0,373.0,4.0,0,9.5,90.25,29.0,0,0,0,0,1,7pt,1.0,1,1.0,1.0
283,Australian Open,2019,Hard,2,1,1,373.0,101.0,238.0,0,2.0,4.0,20.0,1,0,0,1,1,7pt,1.0,1,1.0,1.0
284,Australian Open,2019,Hard,2,1,1,188.0,198.0,78.0,1,7.5,56.25,27.5,0,0,0,0,1,7pt,1.0,1,1.0,1.0
284,Australian Open,2019,Hard,2,0,1,198.0,188.0,22.0,0,3.0,9.0,23.0,1,0,0,1,1,7pt,0.8875000476837158,1,0.62949178,0.69089741
289,Australian Open,2019,Hard,2,0,0,58.5,38.5,1.0,0,18.5,342.25,39.0,0,0,0,0,2,7pt,0.0,0,0.14296317000000003,0.10061308
289,Australian Open,2019,Hard,2,0,1,38.5,58.5,7.0,0,12.5,156.25,31.0,1,0,0,1,2,7pt,0.8875000476837158,1,0.66709471,0.6995635
290,Australian Open,2019,Hard,2,0,1,69.0,42.0,8.0,0,15.0,225.0,37.0,0,0,0,0,2,7pt,0.0,1,0.23402292000000002,0.18278809
290,Australian Open,2019,Hard,2,0,0,42.0,69.0,56.0,0,10.0,100.0,29.0,1,0,0,1,2,7pt,0.25,0,0.37554002,0.36609644
292,Australian Open,2019,Hard,2,1,1,32.0,65.5,2.0,0,21.0,441.0,37.5,0,0,0,1,2,7pt,1.0,1,1.0,1.0
292,Australian Open,2019,Hard,2,0,0,65.5,32.0,41.0,0,13.5,182.25,31.0,1,0,0,0,2,7pt,0.75,0,0.57849321,0.63389355
295,Australian Open,2019,Hard,2,1,1,5.0,45.5,0.0,0,11.5,132.25,32.5,0,0,0,1,1,7pt,1.0,1,1.0,1.0
295,Australian Open,2019,Hard,2,1,1,45.5,5.0,87.0,0,5.5,30.25,26.5,1,0,0,0,1,7pt,1.0,1,1.0,1.0
298,Australian Open,2019,Hard,3,0,0,65.5,11.5,3.0,0,1.0,1.0,34.5,0,0,0,1,2,7pt,0.5,0,0.46675122,0.36580595
298,Australian Open,2019,Hard,3,1,1,11.5,65.5,1.0,0,14.0,196.0,32.5,1,0,0,0,2,7pt,1.0,1,1.0,1.0
299,Australian Open,2019,Hard,3,0,0,42.0,15.0,4.0,0,11.0,121.0,30.0,0,0,0,0,1,7pt,0.5,0,0.50285801,0.49603325
299,Australian Open,2019,Hard,3,0,1,15.0,42.0,0.0,0,13.5,182.25,34.5,1,0,0,1,1,7pt,0.0,1,0.17925000000000002,0.18077663
306,Australian Open,2019,Hard,3,0,0,59.5,373.0,7.0,0,10.5,110.25,33.5,0,0,0,0,2,7pt,0.36250001192092896,1,0.25872545999999996,0.43995741
306,Australian Open,2019,Hard,3,1,1,373.0,59.5,238.0,0,2.0,4.0,20.0,1,0,0,1,2,7pt,1.0,1,1.0,1.0
308,Australian Open,2019,Hard,3,0,1,38.5,90.0,7.0,0,12.5,156.25,31.0,0,0,0,0,2,7pt,0.8875000476837158,1,0.66709471,0.6995635
308,Australian Open,2019,Hard,3,1,1,90.0,38.5,36.0,1,12.5,156.25,29.5,1,0,0,1,2,7pt,1.0,1,1.0,1.0
309,Australian Open,2019,Hard,3,0,0,30.0,42.0,12.0,0,16.0,256.0,35.0,0,0,0,0,2,7pt,0.25,0,0.37375634999999996,0.31452337
309,Australian Open,2019,Hard,3,0,0,42.0,30.0,56.0,0,10.0,100.0,29.0,1,0,0,1,2,7pt,0.25,0,0.37554002,0.36609644
310,Australian Open,2019,Hard,3,0,0,203.0,65.5,142.0,0,6.5,42.25,24.0,0,0,0,0,1,7pt,0.25,0,0.13696914999999998,0.15779608
310,Australian Open,2019,Hard,3,0,0,65.5,203.0,41.0,0,13.5,182.25,31.0,1,0,0,1,1,7pt,0.75,0,0.57849321,0.63389355
311,Australian Open,2019,Hard,3,0,1,198.0,45.5,22.0,0,3.0,9.0,23.0,0,0,0,1,1,7pt,0.8875000476837158,1,0.62949178,0.69089741
311,Australian Open,2019,Hard,3,1,1,45.5,198.0,87.0,0,5.5,30.25,26.5,1,0,0,0,1,7pt,1.0,1,1.0,1.0
311,Australian Open,2019,Hard,3,0,1,198.0,45.5,22.0,0,3.0,9.0,23.0,0,0,0,0,3,7pt,0.8875000476837158,1,0.62949178,0.69089741
311,Australian Open,2019,Hard,3,1,1,45.5,198.0,87.0,0,5.5,30.25,26.5,1,0,0,1,3,7pt,1.0,1,1.0,1.0
312,Australian Open,2019,Hard,4,0,0,42.0,7.0,56.0,0,10.0,100.0,29.0,0,0,0,1,1,7pt,0.25,0,0.37554002,0.36609644
312,Australian Open,2019,Hard,4,0,0,7.0,42.0,0.0,0,16.5,272.25,35.0,1,0,0,0,1,7pt,0.25,0,0.25448393999999996,0.44476289
313,Australian Open,2019,Hard,4,1,1,116.0,7.0,64.0,0,13.5,182.25,32.0,0,0,0,0,2,7pt,1.0,1,1.0,1.0
313,Australian Open,2019,Hard,4,1,1,7.0,116.0,12.0,0,21.0,441.0,41.0,1,0,0,1,2,7pt,1.0,1,1.0,1.0
314,Australian Open,2019,Hard,4,0,1,24.5,11.5,5.0,0,10.0,100.0,31.0,0,0,0,0,2,7pt,0.8875000476837158,1,0.62949178,0.69089741
314,Australian Open,2019,Hard,4,1,1,11.5,24.5,1.0,0,14.0,196.0,32.5,1,0,0,1,2,7pt,1.0,1,1.0,1.0
316,Australian Open,2019,Hard,4,1,1,373.0,20.0,238.0,0,2.0,4.0,20.0,0,0,0,0,2,7pt,1.0,1,1.0,1.0
316,Australian Open,2019,Hard,4,0,0,20.0,373.0,20.0,0,16.5,272.25,35.5,1,0,0,1,2,7pt,0.25,0,0.16853648,0.22753999
317,Australian Open,2019,Hard,4,0,0,84.0,28.0,32.0,1,13.5,182.25,32.5,0,0,0,0,1,7pt,0.0,0,0.07228427999999998,0.099671818
317,Australian Open,2019,Hard,4,0,0,28.0,84.0,0.0,0,9.5,90.25,30.0,1,0,0,1,1,7pt,0.0,0,0.32045548999999995,0.40157098
320,Australian Open,2019,Hard,5,1,1,7.0,11.5,12.0,0,21.0,441.0,41.0,0,0,0,0,2,7pt,1.0,1,1.0,1.0
320,Australian Open,2019,Hard,5,1,1,11.5,7.0,1.0,0,14.0,196.0,32.5,1,0,0,1,2,7pt,1.0,1,1.0,1.0
322,Australian Open,2019,Hard,5,0,0,20.0,90.0,20.0,0,16.5,272.25,35.5,0,0,0,0,2,7pt,0.25,0,0.16853648,0.22753999
322,Australian Open,2019,Hard,5,1,1,90.0,20.0,36.0,1,12.5,156.25,29.5,1,0,0,1,2,7pt,1.0,1,1.0,1.0
323,Australian Open,2019,Hard,5,0,1,15.0,65.5,0.0,0,13.5,182.25,34.5,0,0,0,0,2,7pt,0.0,1,0.17925000000000002,0.18077663
323,Australian Open,2019,Hard,5,0,0,65.5,15.0,41.0,0,13.5,182.25,31.0,1,0,0,1,2,7pt,0.75,0,0.57849321,0.63389355
325,Australian Open,2019,Hard,6,0,0,65.5,28.0,41.0,0,13.5,182.25,31.0,0,0,0,0,2,7pt,0.75,0,0.57849321,0.63389355
325,Australian Open,2019,Hard,6,0,0,28.0,65.5,0.0,0,9.5,90.25,30.0,1,0,0,1,2,7pt,0.0,0,0.32045548999999995,0.40157098
326,Australian Open,2019,Hard,7,0,0,28.0,11.5,0.0,0,9.5,90.25,30.0,0,0,0,0,2,7pt,0.0,0,0.32045548999999995,0.40157098
326,Australian Open,2019,Hard,7,1,1,11.5,28.0,1.0,0,14.0,196.0,32.5,1,0,0,1,2,7pt,1.0,1,1.0,1.0
327,Roland Garros,2019,Clay,2,1,1,178.5,3.5,13.0,0,6.5,42.25,24.0,0,0,0,0,2,7pt,1.0,1,1.0,1.0
327,Roland Garros,2019,Clay,2,0,0,3.5,178.5,1.0,0,19.0,361.0,36.5,1,0,0,1,2,7pt,0.25,0,0.14773548000000003,0.23890541
329,Roland Garros,2019,Clay,2,0,0,69.0,13.0,6.0,0,14.0,196.0,32.0,0,0,0,0,1,7pt,0.0,0,0.18542879999999995,0.13084383
329,Roland Garros,2019,Clay,2,0,0,13.0,69.0,2.0,0,14.5,210.25,32.5,1,0,0,1,1,7pt,0.25,0,0.35156208,0.21645801
332,Roland Garros,2019,Clay,2,0,1,348.5,20.5,117.0,0,8.5,72.25,24.5,0,0,0,0,2,7pt,1.0,1,0.78069082,0.81991625
332,Roland Garros,2019,Clay,2,0,0,20.5,348.5,1.0,0,16.0,256.0,36.0,1,0,0,1,2,7pt,0.25,0,0.26572764000000004,0.31916791
335,Roland Garros,2019,Clay,2,0,1,67.5,32.5,11.0,0,8.0,64.0,30.5,0,0,0,0,2,7pt,1.0,1,0.900353469,0.91253656
335,Roland Garros,2019,Clay,2,0,0,32.5,67.5,5.0,0,16.0,256.0,34.0,1,0,0,1,2,7pt,0.5,0,0.41159081,0.4878875
336,Roland Garros,2019,Clay,2,0,0,132.5,258.0,47.0,0,4.0,16.0,22.5,0,0,0,0,2,7pt,0.25,0,0.24160528000000003,0.38457265
336,Roland Garros,2019,Clay,2,1,1,258.0,132.5,86.0,0,7.0,49.0,24.0,1,0,0,1,2,7pt,1.0,1,1.0,1.0
339,Roland Garros,2019,Clay,2,0,0,7.5,378.5,1.0,0,16.5,272.25,35.0,0,0,0,0,3,7pt,0.25,0,0.25448393999999996,0.44476289
339,Roland Garros,2019,Clay,2,1,1,378.5,7.5,491.0,0,5.0,25.0,23.5,1,0,0,1,3,7pt,1.0,1,1.0,1.0
340,Roland Garros,2019,Clay,2,1,1,342.0,209.5,280.0,0,9.0,81.0,26.0,0,0,0,0,1,7pt,1.0,1,1.0,1.0
340,Roland Garros,2019,Clay,2,1,1,209.5,342.0,57.0,0,3.5,12.25,23.5,1,0,0,1,1,7pt,1.0,1,1.0,1.0
341,Roland Garros,2019,Clay,2,0,1,14.0,292.0,2.0,0,13.5,182.25,34.5,0,0,0,0,2,7pt,0.0,1,0.17925000000000002,0.18077663
341,Roland Garros,2019,Clay,2,0,0,292.0,14.0,504.0,1,13.5,182.25,34.0,1,0,0,1,2,7pt,0.0,0,0.16581625,0.11233675
353,Roland Garros,2019,Clay,2,0,0,55.0,190.0,18.0,0,19.5,380.25,37.5,0,0,0,0,3,7pt,0.25,0,0.22692990000000002,0.11544807
353,Roland Garros,2019,Clay,2,1,1,190.0,55.0,22.0,1,14.5,210.25,32.0,1,0,0,1,3,7pt,1.0,1,1.0,1.0
355,Roland Garros,2019,Clay,2,1,1,19.5,68.5,5.0,0,16.5,272.25,35.0,0,0,0,0,1,7pt,1.0,1,1.0,1.0
355,Roland Garros,2019,Clay,2,0,0,68.5,19.5,1.0,0,1.0,1.0,34.5,1,0,0,1,1,7pt,0.5,0,0.46675122,0.36580595
362,Roland Garros,2019,Clay,3,1,1,38.0,17.5,22.0,0,9.5,90.25,33.0,0,0,0,0,2,7pt,1.0,1,1.0,1.0
362,Roland Garros,2019,Clay,3,1,1,17.5,38.0,33.0,0,21.0,441.0,41.0,1,0,0,1,2,7pt,1.0,1,1.0,1.0
365,Roland Garros,2019,Clay,3,1,1,287.5,23.5,39.0,0,7.5,56.25,25.0,0,0,0,1,2,7pt,1.0,1,1.0,1.0
365,Roland Garros,2019,Clay,3,0,1,23.5,287.5,1.0,0,10.0,100.0,31.0,1,0,0,0,2,7pt,0.8875000476837158,1,0.62949178,0.69089741
367,Roland Garros,2019,Clay,3,0,0,71.5,258.0,13.0,0,9.0,81.0,28.0,0,0,0,0,1,7pt,0.0,0,0.011686439999999965,0.010418825
367,Roland Garros,2019,Clay,3,1,1,258.0,71.5,86.0,0,7.0,49.0,24.0,1,0,0,1,1,7pt,1.0,1,1.0,1.0
369,Roland Garros,2019,Clay,3,0,0,52.0,58.5,22.0,0,12.5,156.25,34.0,0,0,0,0,1,7pt,0.75,0,0.47388262000000003,0.48639801
369,Roland Garros,2019,Clay,3,1,1,58.5,52.0,1.0,0,13.5,182.25,32.5,1,0,0,1,1,7pt,1.0,1,1.0,1.0
373,Roland Garros,2019,Clay,3,0,0,68.5,190.0,1.0,0,1.0,1.0,34.5,0,0,0,0,2,7pt,0.5,0,0.46675122,0.36580595
373,Roland Garros,2019,Clay,3,1,1,190.0,68.5,22.0,1,14.5,210.25,32.0,1,0,0,1,2,7pt,1.0,1,1.0,1.0
377,Roland Garros,2019,Clay,4,0,0,17.5,23.5,3.0,0,9.5,90.25,30.0,0,0,0,0,3,7pt,0.0,0,0.32045548999999995,0.40157098
377,Roland Garros,2019,Clay,4,0,1,23.5,17.5,1.0,0,10.0,100.0,31.0,1,0,0,1,3,7pt,0.8875000476837158,1,0.62949178,0.69089741
380,Roland Garros,2019,Clay,4,1,1,109.0,115.5,52.0,0,11.0,121.0,30.0,0,0,0,0,2,7pt,1.0,1,1.0,1.0
380,Roland Garros,2019,Clay,4,0,0,115.5,109.0,59.0,0,9.0,81.0,29.0,1,0,0,1,2,7pt,0.0,0,0.10672020999999998,0.12312818
381,Roland Garros,2019,Clay,4,0,0,292.0,190.0,504.0,1,13.5,182.25,34.0,0,0,0,0,3,7pt,0.0,0,0.16581625,0.11233675
381,Roland Garros,2019,Clay,4,1,1,190.0,292.0,22.0,1,14.5,210.25,32.0,1,0,0,1,3,7pt,1.0,1,1.0,1.0
384,Roland Garros,2019,Clay,5,0,1,23.5,58.5,1.0,0,10.0,100.0,31.0,0,0,0,0,2,7pt,0.8875000476837158,1,0.62949178,0.69089741
384,Roland Garros,2019,Clay,5,1,1,58.5,23.5,1.0,0,13.5,182.25,32.5,1,0,0,1,2,7pt,1.0,1,1.0,1.0
385,Roland Garros,2019,Clay,5,1,1,190.0,52.5,22.0,1,14.5,210.25,32.0,0,0,0,1,2,7pt,1.0,1,1.0,1.0
385,Roland Garros,2019,Clay,5,1,1,52.5,190.0,3.0,0,7.5,56.25,28.0,1,0,0,0,2,7pt,1.0,1,1.0,1.0
385,Roland Garros,2019,Clay,5,1,1,190.0,52.5,22.0,1,14.5,210.25,32.0,0,0,0,0,3,7pt,1.0,1,1.0,1.0
385,Roland Garros,2019,Clay,5,1,1,52.5,190.0,3.0,0,7.5,56.25,28.0,1,0,0,1,3,7pt,1.0,1,1.0,1.0
389,Roland Garros,2019,Clay,7,1,1,58.5,52.5,1.0,0,13.5,182.25,32.5,0,0,0,0,2,7pt,1.0,1,1.0,1.0
389,Roland Garros,2019,Clay,7,1,1,52.5,58.5,3.0,0,7.5,56.25,28.0,1,0,0,1,2,7pt,1.0,1,1.0,1.0
392,US Open,2019,Hard,2,0,0,68.0,84.5,4.0,0,9.0,81.0,28.0,0,0,0,0,2,7pt,0.0,0,0.011686439999999965,0.010418825
392,US Open,2019,Hard,2,1,1,84.5,68.0,69.0,0,16.0,256.0,33.0,1,0,0,1,2,7pt,1.0,1,1.0,1.0
395,US Open,2019,Hard,2,1,1,256.0,48.5,16.0,0,3.0,9.0,23.5,0,0,0,0,3,7pt,1.0,1,1.0,1.0
395,US Open,2019,Hard,2,0,0,48.5,256.0,13.0,0,5.5,30.25,25.5,1,0,0,1,3,7pt,0.0,0,0.06167674000000001,0.27452189
397,US Open,2019,Hard,2,0,0,18.0,34.0,4.0,0,16.0,256.0,36.0,0,0,0,0,1,7pt,0.25,0,0.26572764000000004,0.31916791
397,US Open,2019,Hard,2,1,1,34.0,18.0,2.0,0,13.5,182.25,32.5,1,0,0,1,1,7pt,1.0,1,1.0,1.0
399,US Open,2019,Hard,2,1,1,224.5,370.0,83.0,0,17.0,289.0,34.5,0,0,0,0,2,7pt,1.0,1,1.0,1.0
399,US Open,2019,Hard,2,1,1,370.0,224.5,174.0,1,13.0,169.0,31.0,1,0,0,1,2,7pt,1.0,1,1.0,1.0
402,US Open,2019,Hard,2,0,0,21.5,58.0,17.0,0,14.5,210.25,34.0,0,0,0,0,2,7pt,0.5,0,0.33146113,0.31087729
402,US Open,2019,Hard,2,1,1,58.0,21.5,96.0,0,5.5,30.25,26.5,1,0,0,1,2,7pt,1.0,1,1.0,1.0
403,US Open,2019,Hard,2,1,1,265.5,29.5,167.0,0,17.0,289.0,29.5,0,0,0,0,1,7pt,1.0,1,1.0,1.0
403,US Open,2019,Hard,2,0,0,29.5,265.5,15.0,0,7.0,49.0,29.0,1,0,0,1,1,7pt,0.2875000238418579,0,0.33500683,0.50676095
405,US Open,2019,Hard,2,0,0,538.5,16.0,201.0,0,8.0,64.0,25.5,0,0,0,0,2,7pt,0.25,0,0.26462471,0.28747532
405,US Open,2019,Hard,2,1,1,16.0,538.5,26.0,0,21.0,441.0,41.0,1,0,0,1,2,7pt,1.0,1,1.0,1.0
406,US Open,2019,Hard,2,1,1,47.0,17.0,8.0,0,5.5,30.25,27.0,0,0,0,0,1,7pt,1.0,1,1.0,1.0
406,US Open,2019,Hard,2,0,1,17.0,47.0,20.0,0,16.0,256.0,33.5,1,0,0,1,1,7pt,1.0,1,0.68292937,0.71418059
407,US Open,2019,Hard,2,0,0,318.0,121.5,38.0,1,8.0,64.0,26.0,0,0,0,1,2,7pt,0.10249999910593033,0,0.13827162999999998,0.14316258
407,US Open,2019,Hard,2,1,1,121.5,318.0,3.0,0,5.0,25.0,26.5,1,0,0,0,2,7pt,1.0,1,1.0,1.0
407,US Open,2019,Hard,2,0,0,318.0,121.5,38.0,1,8.0,64.0,26.0,0,0,0,0,3,7pt,0.10249999910593033,0,0.13827162999999998,0.14316258
407,US Open,2019,Hard,2,1,1,121.5,318.0,3.0,0,5.0,25.0,26.5,1,0,0,1,3,7pt,1.0,1,1.0,1.0
410,US Open,2019,Hard,2,0,0,185.0,28.5,80.0,1,9.0,81.0,27.0,0,0,0,1,1,7pt,0.4099999964237213,0,0.45938593000000005,0.46585411
410,US Open,2019,Hard,2,1,1,28.5,185.0,19.0,0,20.5,420.25,38.5,1,0,0,0,1,7pt,1.0,1,1.0,1.0
411,US Open,2019,Hard,2,0,1,48.0,213.0,8.0,0,11.5,132.25,33.0,0,0,0,1,1,7pt,1.0,1,0.62645039,0.66638535
411,US Open,2019,Hard,2,0,0,213.0,48.0,64.0,1,8.5,72.25,26.5,1,0,0,0,1,7pt,0.25,0,0.30029797999999996,0.38704723
411,US Open,2019,Hard,2,0,1,48.0,213.0,8.0,0,11.5,132.25,33.0,0,0,0,0,3,7pt,1.0,1,0.62645039,0.66638535
411,US Open,2019,Hard,2,0,0,213.0,48.0,64.0,1,8.5,72.25,26.5,1,0,0,1,3,7pt,0.25,0,0.30029797999999996,0.38704723
416,US Open,2019,Hard,2,1,1,499.0,351.0,80.0,0,10.0,100.0,28.5,0,0,0,0,1,7pt,1.0,1,1.0,1.0
416,US Open,2019,Hard,2,1,1,351.0,499.0,36.0,0,1.0,1.0,16.0,1,0,0,1,1,7pt,1.0,1,1.0,1.0
418,US Open,2019,Hard,2,0,0,60.0,27.0,2.0,0,19.5,380.25,37.5,0,0,0,0,2,7pt,0.25,0,0.22692990000000002,0.11544807
418,US Open,2019,Hard,2,0,0,27.0,60.0,2.0,0,9.5,90.25,30.0,1,0,0,1,2,7pt,0.0,0,0.32045548999999995,0.40157098
420,US Open,2019,Hard,2,0,0,58.5,769.5,27.0,0,17.5,306.25,37.5,0,0,0,0,3,7pt,0.5,0,0.40009838,0.27615115
420,US Open,2019,Hard,2,0,0,769.5,58.5,645.0,1,10.5,110.25,29.0,1,0,0,1,3,7pt,0.25,0,0.15332931000000005,0.16868858
423,US Open,2019,Hard,3,1,1,84.5,24.5,69.0,0,16.0,256.0,33.0,0,0,0,0,1,7pt,1.0,1,1.0,1.0
423,US Open,2019,Hard,3,1,1,24.5,84.5,19.0,0,12.5,156.25,31.0,1,0,0,1,1,7pt,1.0,1,1.0,1.0
424,US Open,2019,Hard,3,1,1,21.0,48.5,20.0,0,11.0,121.0,31.5,0,0,0,1,2,7pt,1.0,1,1.0,1.0
424,US Open,2019,Hard,3,0,0,48.5,21.0,13.0,0,5.5,30.25,25.5,1,0,0,0,2,7pt,0.0,0,0.06167674000000001,0.27452189
428,US Open,2019,Hard,3,0,0,29.5,58.0,15.0,0,7.0,49.0,29.0,0,0,0,0,1,7pt,0.2875000238418579,0,0.33500683,0.50676095
428,US Open,2019,Hard,3,1,1,58.0,29.5,96.0,0,5.5,30.25,26.5,1,0,0,1,1,7pt,1.0,1,1.0,1.0
434,US Open,2019,Hard,3,0,0,13.0,64.5,2.0,0,13.0,169.0,31.5,0,0,0,0,1,7pt,0.25,0,0.39582883999999996,0.28566164
434,US Open,2019,Hard,3,0,0,64.5,13.0,23.0,0,7.0,49.0,26.5,1,0,0,1,1,7pt,0.25,0,0.23851131999999997,0.40310991
436,US Open,2019,Hard,3,0,0,27.0,60.0,2.0,0,9.5,90.25,30.0,0,0,0,0,3,7pt,0.0,0,0.32045548999999995,0.40157098
436,US Open,2019,Hard,3,0,0,60.0,27.0,28.0,0,13.5,182.25,31.0,1,0,0,1,3,7pt,0.75,0,0.57849321,0.63389355
439,US Open,2019,Hard,4,1,1,34.0,48.5,2.0,0,13.5,182.25,32.5,0,0,0,0,2,7pt,1.0,1,1.0,1.0
439,US Open,2019,Hard,4,0,0,48.5,34.0,13.0,0,5.5,30.25,25.5,1,0,0,1,2,7pt,0.0,0,0.06167674000000001,0.27452189
442,US Open,2019,Hard,4,0,1,21.0,17.0,8.0,0,10.0,100.0,31.0,0,0,0,0,3,7pt,0.8875000476837158,1,0.62949178,0.69089741
442,US Open,2019,Hard,4,0,1,17.0,21.0,20.0,0,16.0,256.0,33.5,1,0,0,1,3,7pt,1.0,1,0.68292937,0.71418059
445,US Open,2019,Hard,4,0,0,4.5,60.0,1.0,0,19.0,361.0,36.5,0,0,0,0,1,7pt,0.25,0,0.14773548000000003,0.23890541
445,US Open,2019,Hard,4,0,0,60.0,4.5,28.0,0,13.5,182.25,31.0,1,0,0,1,1,7pt,0.75,0,0.57849321,0.63389355
447,US Open,2019,Hard,5,1,1,58.0,28.5,96.0,0,5.5,30.25,26.5,0,0,0,0,3,7pt,1.0,1,1.0,1.0
447,US Open,2019,Hard,5,1,1,28.5,58.0,15.0,0,11.0,121.0,31.5,1,0,0,1,3,7pt,1.0,1,1.0,1.0
448,US Open,2019,Hard,5,1,1,28.5,17.0,19.0,0,20.5,420.25,38.5,0,0,0,0,1,7pt,1.0,1,1.0,1.0
448,US Open,2019,Hard,5,0,1,17.0,28.5,20.0,0,16.0,256.0,33.5,1,0,0,1,1,7pt,1.0,1,0.68292937,0.71418059
449,US Open,2019,Hard,5,0,0,60.0,23.5,28.0,0,13.5,182.25,31.0,0,0,0,0,1,7pt,0.75,0,0.57849321,0.63389355
449,US Open,2019,Hard,5,1,1,23.5,60.0,1.0,0,7.5,56.25,28.0,1,0,0,1,1,7pt,1.0,1,1.0,1.0
450,US Open,2019,Hard,6,1,1,28.5,1.0,15.0,0,11.0,121.0,31.5,0,0,0,0,1,7pt,1.0,1,1.0,1.0
450,US Open,2019,Hard,6,1,1,1.0,28.5,0.0,0,11.5,132.25,32.5,1,0,0,1,1,7pt,1.0,1,1.0,1.0
450,US Open,2019,Hard,6,1,1,28.5,1.0,15.0,0,11.0,121.0,31.5,0,0,0,0,2,7pt,1.0,1,1.0,1.0
450,US Open,2019,Hard,6,1,1,1.0,28.5,0.0,0,11.5,132.25,32.5,1,0,0,1,2,7pt,1.0,1,1.0,1.0
451,US Open,2019,Hard,6,1,1,23.5,17.0,1.0,0,7.5,56.25,28.0,0,0,0,0,1,7pt,1.0,1,1.0,1.0
451,US Open,2019,Hard,6,0,1,17.0,23.5,20.0,0,16.0,256.0,33.5,1,0,0,1,1,7pt,1.0,1,0.68292937,0.71418059
451,US Open,2019,Hard,6,1,1,23.5,17.0,1.0,0,7.5,56.25,28.0,0,0,0,0,2,7pt,1.0,1,1.0,1.0
451,US Open,2019,Hard,6,0,1,17.0,23.5,20.0,0,16.0,256.0,33.5,1,0,0,1,2,7pt,1.0,1,0.68292937,0.71418059
455,Wimbledon,2019,Grass,2,1,1,54.0,9.5,4.0,0,6.0,36.0,24.0,0,0,0,0,2,7pt,1.0,1,1.0,1.0
455,Wimbledon,2019,Grass,2,0,1,9.5,54.0,1.0,0,13.5,182.25,34.5,1,0,0,1,2,7pt,0.0,1,0.17925000000000002,0.18077663
456,Wimbledon,2019,Grass,2,1,1,72.5,11.5,55.0,0,17.0,289.0,32.0,0,0,0,1,4,7pt,1.0,1,1.0,1.0
456,Wimbledon,2019,Grass,2,0,0,11.5,72.5,9.0,0,13.0,169.0,31.5,1,0,0,0,4,7pt,0.25,0,0.39582883999999996,0.28566164
459,Wimbledon,2019,Grass,2,0,0,65.5,16.0,1.0,0,1.0,1.0,34.5,0,0,0,0,1,7pt,0.5,0,0.46675122,0.36580595
459,Wimbledon,2019,Grass,2,1,1,16.0,65.5,30.0,0,21.0,441.0,41.0,1,0,0,1,1,7pt,1.0,1,1.0,1.0
461,Wimbledon,2019,Grass,2,0,1,60.0,19.0,36.0,0,20.5,420.25,37.5,0,0,0,0,2,7pt,0.032499998807907104,1,0.26636684,0.27857307
461,Wimbledon,2019,Grass,2,1,1,19.0,60.0,14.0,0,16.5,272.25,35.0,1,0,0,1,2,7pt,1.0,1,1.0,1.0
466,Wimbledon,2019,Grass,2,0,0,277.5,72.5,19.0,0,4.0,16.0,21.5,0,0,0,1,1,7pt,0.0,0,0.13691723,0.096027702
466,Wimbledon,2019,Grass,2,0,1,72.5,277.5,5.0,0,8.0,64.0,30.5,1,0,0,0,1,7pt,1.0,1,0.900353469,0.91253656
467,Wimbledon,2019,Grass,2,0,0,93.0,232.5,40.0,0,20.0,400.0,38.0,0,0,0,1,2,7pt,0.0,0,0.15970169999999995,0.12863554
467,Wimbledon,2019,Grass,2,1,1,232.5,93.0,105.0,1,8.0,64.0,27.0,1,0,0,0,2,7pt,1.0,1,1.0,1.0
467,Wimbledon,2019,Grass,2,0,0,93.0,232.5,40.0,0,20.0,400.0,38.0,0,0,0,0,4,7pt,0.0,0,0.15970169999999995,0.12863554
467,Wimbledon,2019,Grass,2,1,1,232.5,93.0,105.0,1,8.0,64.0,27.0,1,0,0,1,4,7pt,1.0,1,1.0,1.0
468,Wimbledon,2019,Grass,2,1,1,240.0,102.0,364.0,0,6.5,42.25,23.5,0,0,0,0,4,7pt,1.0,1,1.0,1.0
468,Wimbledon,2019,Grass,2,1,1,102.0,240.0,96.0,0,16.0,256.0,33.0,1,0,0,1,4,7pt,1.0,1,1.0,1.0
469,Wimbledon,2019,Grass,2,0,0,92.0,38.0,90.0,0,15.5,240.25,36.0,0,0,0,0,4,7pt,0.0,0,0.16556698000000003,0.11860746
469,Wimbledon,2019,Grass,2,0,0,38.0,92.0,22.0,0,11.0,121.0,30.0,1,0,0,1,4,7pt,0.5,0,0.50285801,0.49603325
472,Wimbledon,2019,Grass,2,1,1,20.0,56.5,24.0,0,11.0,121.0,31.5,0,0,0,0,2,7pt,1.0,1,1.0,1.0
472,Wimbledon,2019,Grass,2,0,0,56.5,20.0,39.0,0,14.5,210.25,34.0,1,0,0,1,2,7pt,0.5,0,0.33146113,0.31087729
474,Wimbledon,2019,Grass,2,1,1,190.0,72.0,232.0,0,9.5,90.25,28.5,0,0,0,0,2,7pt,1.0,1,1.0,1.0
474,Wimbledon,2019,Grass,2,1,1,72.0,190.0,22.0,0,5.5,30.25,27.0,1,0,0,1,2,7pt,1.0,1,1.0,1.0
475,Wimbledon,2019,Grass,2,1,1,264.0,54.5,170.0,0,17.0,289.0,29.5,0,0,0,0,4,7pt,1.0,1,1.0,1.0
475,Wimbledon,2019,Grass,2,0,0,54.5,264.0,9.0,0,19.5,380.25,37.5,1,0,0,1,4,7pt,0.25,0,0.22692990000000002,0.11544807
479,Wimbledon,2019,Grass,2,1,1,86.5,65.5,5.0,0,5.0,25.0,23.0,0,0,0,1,1,7pt,1.0,1,1.0,1.0
479,Wimbledon,2019,Grass,2,0,0,65.5,86.5,3.0,0,14.5,210.25,37.0,1,0,0,0,1,7pt,0.5,0,0.40422618,0.46985993
481,Wimbledon,2019,Grass,2,1,1,272.0,60.0,134.0,0,8.5,72.25,27.5,0,0,0,0,1,7pt,1.0,1,1.0,1.0
481,Wimbledon,2019,Grass,2,0,0,60.0,272.0,42.0,0,13.5,182.25,31.0,1,0,0,1,1,7pt,0.75,0,0.57849321,0.63389355
483,Wimbledon,2019,Grass,2,0,1,35.5,188.0,5.0,0,7.0,49.0,31.0,0,0,0,1,4,7pt,0.8875000476837158,1,0.62949178,0.69089741
483,Wimbledon,2019,Grass,2,0,0,188.0,35.5,14.0,0,3.5,12.25,23.0,1,0,0,0,4,7pt,0.25,0,0.30475241,0.4400456
485,Wimbledon,2019,Grass,3,1,1,224.0,3.0,266.0,0,7.0,49.0,24.5,0,0,0,1,1,7pt,1.0,1,1.0,1.0
485,Wimbledon,2019,Grass,3,0,0,3.0,224.0,2.0,0,19.0,361.0,36.5,1,0,0,0,1,7pt,0.25,0,0.14773548000000003,0.23890541
485,Wimbledon,2019,Grass,3,1,1,224.0,3.0,266.0,0,7.0,49.0,24.5,0,0,0,0,4,7pt,1.0,1,1.0,1.0
485,Wimbledon,2019,Grass,3,0,0,3.0,224.0,2.0,0,19.0,361.0,36.5,1,0,0,1,4,7pt,0.25,0,0.14773548000000003,0.23890541
487,Wimbledon,2019,Grass,3,1,1,282.5,9.5,147.0,0,13.5,182.25,31.5,0,0,0,0,2,7pt,1.0,1,1.0,1.0
487,Wimbledon,2019,Grass,3,0,1,9.5,282.5,1.0,0,13.5,182.25,34.5,1,0,0,1,2,7pt,0.0,1,0.17925000000000002,0.18077663
489,Wimbledon,2019,Grass,3,0,0,84.5,15.5,127.0,1,11.5,132.25,30.0,0,0,0,1,1,7pt,0.25,0,0.36744732,0.52177691
489,Wimbledon,2019,Grass,3,1,1,15.5,84.5,9.0,0,11.0,121.0,31.5,1,0,0,0,1,7pt,1.0,1,1.0,1.0
490,Wimbledon,2019,Grass,3,0,1,72.5,16.0,5.0,0,8.0,64.0,30.5,0,0,0,1,1,7pt,1.0,1,0.900353469,0.91253656
490,Wimbledon,2019,Grass,3,1,1,16.0,72.5,30.0,0,21.0,441.0,41.0,1,0,0,0,1,7pt,1.0,1,1.0,1.0
491,Wimbledon,2019,Grass,3,0,0,65.5,18.5,3.0,0,14.5,210.25,37.0,0,0,0,1,2,7pt,0.5,0,0.40422618,0.46985993
491,Wimbledon,2019,Grass,3,0,0,18.5,65.5,7.0,0,9.5,90.25,30.0,1,0,0,0,2,7pt,0.0,0,0.32045548999999995,0.40157098
491,Wimbledon,2019,Grass,3,0,0,65.5,18.5,3.0,0,14.5,210.25,37.0,0,0,0,0,3,7pt,0.5,0,0.40422618,0.46985993
491,Wimbledon,2019,Grass,3,0,0,18.5,65.5,7.0,0,9.5,90.25,30.0,1,0,0,1,3,7pt,0.0,0,0.32045548999999995,0.40157098
492,Wimbledon,2019,Grass,3,1,1,102.0,19.0,96.0,0,16.0,256.0,33.0,0,0,0,0,2,7pt,1.0,1,1.0,1.0
492,Wimbledon,2019,Grass,3,1,1,19.0,102.0,14.0,0,16.5,272.25,35.0,1,0,0,1,2,7pt,1.0,1,1.0,1.0
494,Wimbledon,2019,Grass,3,0,1,276.5,22.0,323.0,1,12.5,156.25,30.5,0,0,0,0,3,7pt,0.7749999761581421,1,0.51834604,0.57831305
494,Wimbledon,2019,Grass,3,0,1,22.0,276.5,6.0,0,10.0,100.0,31.0,1,0,0,1,3,7pt,0.8875000476837158,1,0.62949178,0.69089741
495,Wimbledon,2019,Grass,3,0,1,71.5,37.5,47.0,0,9.5,90.25,33.0,0,0,0,0,1,7pt,1.0,1,0.62578252,0.66404462
495,Wimbledon,2019,Grass,3,0,0,37.5,71.5,7.0,0,16.0,256.0,34.0,1,0,0,1,1,7pt,0.5,0,0.41159081,0.4878875
495,Wimbledon,2019,Grass,3,0,1,71.5,37.5,47.0,0,9.5,90.25,33.0,0,0,0,0,2,7pt,1.0,1,0.62578252,0.66404462
495,Wimbledon,2019,Grass,3,0,0,37.5,71.5,7.0,0,16.0,256.0,34.0,1,0,0,1,2,7pt,0.5,0,0.41159081,0.4878875
495,Wimbledon,2019,Grass,3,0,1,71.5,37.5,47.0,0,9.5,90.25,33.0,0,0,0,0,3,7pt,1.0,1,0.62578252,0.66404462
495,Wimbledon,2019,Grass,3,0,0,37.5,71.5,7.0,0,16.0,256.0,34.0,1,0,0,1,3,7pt,0.5,0,0.41159081,0.4878875
496,Wimbledon,2019,Grass,3,0,0,188.0,38.0,14.0,0,3.5,12.25,23.0,0,0,0,0,3,7pt,0.25,0,0.30475241,0.4400456
496,Wimbledon,2019,Grass,3,0,0,38.0,188.0,22.0,0,11.0,121.0,30.0,1,0,0,1,3,7pt,0.5,0,0.50285801,0.49603325
497,Wimbledon,2019,Grass,3,1,1,72.0,48.0,22.0,0,5.5,30.25,27.0,0,0,0,0,1,7pt,1.0,1,1.0,1.0
497,Wimbledon,2019,Grass,3,0,0,48.0,72.0,10.0,0,13.0,169.0,31.5,1,0,0,1,1,7pt,0.0,0,0.14855026999999998,0.117736
497,Wimbledon,2019,Grass,3,1,1,72.0,48.0,22.0,0,5.5,30.25,27.0,0,0,0,0,3,7pt,1.0,1,1.0,1.0
497,Wimbledon,2019,Grass,3,0,0,48.0,72.0,10.0,0,13.0,169.0,31.5,1,0,0,1,3,7pt,0.0,0,0.14855026999999998,0.117736
498,Wimbledon,2019,Grass,3,0,0,98.5,56.5,11.0,0,14.5,210.25,34.5,0,0,0,0,1,7pt,0.4625000059604645,0,0.46190917,0.49024096
498,Wimbledon,2019,Grass,3,0,0,56.5,98.5,39.0,0,14.5,210.25,34.0,1,0,0,1,1,7pt,0.5,0,0.33146113,0.31087729
499,Wimbledon,2019,Grass,3,0,0,11.5,54.5,9.0,0,13.0,169.0,31.5,0,0,0,0,3,7pt,0.25,0,0.39582883999999996,0.28566164
499,Wimbledon,2019,Grass,3,0,0,54.5,11.5,9.0,0,19.5,380.25,37.5,1,0,0,1,3,7pt,0.25,0,0.22692990000000002,0.11544807
500,Wimbledon,2019,Grass,3,1,1,32.0,59.5,28.0,0,20.5,420.25,38.5,0,0,0,0,4,7pt,1.0,1,1.0,1.0
500,Wimbledon,2019,Grass,3,0,0,59.5,32.0,17.0,0,12.0,144.0,31.5,1,0,0,1,4,7pt,0.25,0,0.26272600999999995,0.15196094
501,Wimbledon,2019,Grass,4,0,0,48.0,3.0,10.0,0,13.0,169.0,31.5,0,0,0,1,2,7pt,0.0,0,0.14855026999999998,0.117736
501,Wimbledon,2019,Grass,4,0,0,3.0,48.0,2.0,0,19.0,361.0,36.5,1,0,0,0,2,7pt,0.25,0,0.14773548000000003,0.23890541
501,Wimbledon,2019,Grass,4,0,0,48.0,3.0,10.0,0,13.0,169.0,31.5,0,0,0,0,3,7pt,0.0,0,0.14855026999999998,0.117736
501,Wimbledon,2019,Grass,4,0,0,3.0,48.0,2.0,0,19.0,361.0,36.5,1,0,0,1,3,7pt,0.25,0,0.14773548000000003,0.23890541
502,Wimbledon,2019,Grass,4,0,0,59.5,5.0,17.0,0,12.0,144.0,31.5,0,0,0,0,1,7pt,0.25,0,0.26272600999999995,0.15196094
502,Wimbledon,2019,Grass,4,1,1,5.0,59.5,0.0,0,11.5,132.25,32.5,1,0,0,1,1,7pt,1.0,1,1.0,1.0
502,Wimbledon,2019,Grass,4,0,0,59.5,5.0,17.0,0,12.0,144.0,31.5,0,0,0,0,2,7pt,0.25,0,0.26272600999999995,0.15196094
502,Wimbledon,2019,Grass,4,1,1,5.0,59.5,0.0,0,11.5,132.25,32.5,1,0,0,1,2,7pt,1.0,1,1.0,1.0
503,Wimbledon,2019,Grass,4,0,0,37.5,9.5,7.0,0,16.0,256.0,34.0,0,0,0,0,3,7pt,0.5,0,0.41159081,0.4878875
503,Wimbledon,2019,Grass,4,0,1,9.5,37.5,1.0,0,13.5,182.25,34.5,1,0,0,1,3,7pt,0.0,1,0.17925000000000002,0.18077663
505,Wimbledon,2019,Grass,4,0,1,22.0,18.5,6.0,0,10.0,100.0,31.0,0,0,0,0,1,7pt,0.8875000476837158,1,0.62949178,0.69089741
505,Wimbledon,2019,Grass,4,0,0,18.5,22.0,7.0,0,9.5,90.25,30.0,1,0,0,1,1,7pt,0.0,0,0.32045548999999995,0.40157098
506,Wimbledon,2019,Grass,4,1,1,16.0,21.5,30.0,0,21.0,441.0,41.0,0,0,0,0,1,7pt,1.0,1,1.0,1.0
506,Wimbledon,2019,Grass,4,1,1,21.5,16.0,17.0,0,18.0,324.0,36.5,1,0,0,1,1,7pt,1.0,1,1.0,1.0
506,Wimbledon,2019,Grass,4,1,1,16.0,21.5,30.0,0,21.0,441.0,41.0,0,0,0,0,4,7pt,1.0,1,1.0,1.0
506,Wimbledon,2019,Grass,4,1,1,21.5,16.0,17.0,0,18.0,324.0,36.5,1,0,0,1,4,7pt,1.0,1,1.0,1.0
507,Wimbledon,2019,Grass,4,0,0,54.5,38.0,9.0,0,19.5,380.25,37.5,0,0,0,1,2,7pt,0.25,0,0.22692990000000002,0.11544807
507,Wimbledon,2019,Grass,4,0,0,38.0,54.5,22.0,0,11.0,121.0,30.0,1,0,0,0,2,7pt,0.5,0,0.50285801,0.49603325
508,Wimbledon,2019,Grass,4,1,1,15.5,56.5,9.0,0,11.0,121.0,31.5,0,0,0,0,1,7pt,1.0,1,1.0,1.0
508,Wimbledon,2019,Grass,4,0,0,56.5,15.5,39.0,0,14.5,210.25,34.0,1,0,0,1,1,7pt,0.5,0,0.33146113,0.31087729
508,Wimbledon,2019,Grass,4,1,1,15.5,56.5,9.0,0,11.0,121.0,31.5,0,0,0,0,3,7pt,1.0,1,1.0,1.0
508,Wimbledon,2019,Grass,4,0,0,56.5,15.5,39.0,0,14.5,210.25,34.0,1,0,0,1,3,7pt,0.5,0,0.33146113,0.31087729
509,Wimbledon,2019,Grass,5,0,0,15.5,5.0,3.0,0,16.0,256.0,36.0,0,0,0,1,3,7pt,0.25,0,0.26572764000000004,0.31916791
509,Wimbledon,2019,Grass,5,1,1,5.0,15.5,0.0,0,11.5,132.25,32.5,1,0,0,0,3,7pt,1.0,1,1.0,1.0
510,Wimbledon,2019,Grass,5,0,0,18.5,9.5,7.0,0,9.5,90.25,30.0,0,0,0,1,3,7pt,0.0,0,0.32045548999999995,0.40157098
510,Wimbledon,2019,Grass,5,0,1,9.5,18.5,1.0,0,13.5,182.25,34.5,1,0,0,0,3,7pt,0.0,1,0.17925000000000002,0.18077663
511,Wimbledon,2019,Grass,5,0,0,3.0,21.5,2.0,0,19.0,361.0,36.5,0,0,0,0,1,7pt,0.25,0,0.14773548000000003,0.23890541
511,Wimbledon,2019,Grass,5,1,1,21.5,3.0,17.0,0,18.0,324.0,36.5,1,0,0,1,1,7pt,1.0,1,1.0,1.0
511,Wimbledon,2019,Grass,5,0,0,3.0,21.5,2.0,0,19.0,361.0,36.5,0,0,0,1,2,7pt,0.25,0,0.14773548000000003,0.23890541
511,Wimbledon,2019,Grass,5,1,1,21.5,3.0,17.0,0,18.0,324.0,36.5,1,0,0,0,2,7pt,1.0,1,1.0,1.0
512,Wimbledon,2019,Grass,5,0,0,38.0,56.5,22.0,0,11.0,121.0,30.0,0,0,0,0,2,7pt,0.5,0,0.50285801,0.49603325
512,Wimbledon,2019,Grass,5,0,0,56.5,38.0,39.0,0,14.5,210.25,34.0,1,0,0,1,2,7pt,0.5,0,0.33146113,0.31087729
513,Wimbledon,2019,Grass,6,0,1,9.5,5.0,1.0,0,13.5,182.25,34.5,0,0,0,1,2,7pt,0.0,1,0.17925000000000002,0.18077663
513,Wimbledon,2019,Grass,6,1,1,5.0,9.5,0.0,0,11.5,132.25,32.5,1,0,0,0,2,7pt,1.0,1,1.0,1.0
513,Wimbledon,2019,Grass,6,0,1,9.5,5.0,1.0,0,13.5,182.25,34.5,0,0,0,0,3,7pt,0.0,1,0.17925000000000002,0.18077663
513,Wimbledon,2019,Grass,6,1,1,5.0,9.5,0.0,0,11.5,132.25,32.5,1,0,0,1,3,7pt,1.0,1,1.0,1.0
514,Wimbledon,2019,Grass,6,0,0,56.5,21.5,39.0,0,14.5,210.25,34.0,0,0,0,0,2,7pt,0.5,0,0.33146113,0.31087729
514,Wimbledon,2019,Grass,6,1,1,21.5,56.5,17.0,0,18.0,324.0,36.5,1,0,0,1,2,7pt,1.0,1,1.0,1.0
514,Wimbledon,2019,Grass,6,0,0,56.5,21.5,39.0,0,14.5,210.25,34.0,0,0,0,0,3,7pt,0.5,0,0.33146113,0.31087729
514,Wimbledon,2019,Grass,6,1,1,21.5,56.5,17.0,0,18.0,324.0,36.5,1,0,0,1,3,7pt,1.0,1,1.0,1.0
515,Wimbledon,2019,Grass,7,1,1,21.5,5.0,17.0,0,18.0,324.0,36.5,0,0,0,1,1,7pt,1.0,1,1.0,1.0
515,Wimbledon,2019,Grass,7,1,1,5.0,21.5,0.0,0,11.5,132.25,32.5,1,0,0,0,1,7pt,1.0,1,1.0,1.0
515,Wimbledon,2019,Grass,7,1,1,21.5,5.0,17.0,0,18.0,324.0,36.5,0,0,0,0,2,7pt,1.0,1,1.0,1.0
515,Wimbledon,2019,Grass,7,1,1,5.0,21.5,0.0,0,11.5,132.25,32.5,1,0,0,1,2,7pt,1.0,1,1.0,1.0
515,Wimbledon,2019,Grass,7,1,1,21.5,5.0,17.0,0,18.0,324.0,36.5,0,0,0,0,3,7pt,1.0,1,1.0,1.0
515,Wimbledon,2019,Grass,7,1,1,5.0,21.5,0.0,0,11.5,132.25,32.5,1,0,0,1,3,7pt,1.0,1,1.0,1.0
515,Wimbledon,2019,Grass,7,1,1,21.5,5.0,17.0,0,18.0,324.0,36.5,0,0,0,1,4,7pt,1.0,1,1.0,1.0
515,Wimbledon,2019,Grass,7,1,1,5.0,21.5,0.0,0,11.5,132.25,32.5,1,0,0,0,4,7pt,1.0,1,1.0,1.0
517,Australian Open,2020,Hard,2,1,1,251.0,12.5,44.0,0,3.0,9.0,21.0,0,0,0,0,1,7pt,1.0,1,1.0,1.0
517,Australian Open,2020,Hard,2,0,0,12.5,251.0,1.0,0,15.5,240.25,35.0,1,0,0,1,1,7pt,0.5,0,0.33146113,0.31087729
518,Australian Open,2020,Hard,2,0,0,403.0,14.5,108.0,1,10.0,100.0,26.5,0,0,0,0,2,7pt,0.25,0,0.23473858999999997,0.031222224
518,Australian Open,2020,Hard,2,0,0,14.5,403.0,1.0,0,12.0,144.0,31.5,1,0,0,1,2,7pt,0.25,0,0.35325949999999995,0.35046604
523,Australian Open,2020,Hard,2,0,0,44.5,21.0,3.0,0,6.5,42.25,26.5,0,0,0,0,1,7pt,0.0,0,0.06167674000000001,0.27452189
523,Australian Open,2020,Hard,2,0,0,21.0,44.5,6.0,0,14.0,196.0,32.5,1,0,0,1,1,7pt,0.25,0,0.39582883999999996,0.28566164
524,Australian Open,2020,Hard,2,0,1,124.5,21.5,45.0,0,11.0,121.0,30.5,0,0,0,0,2,7pt,1.0,1,0.62578252,0.66404462
524,Australian Open,2020,Hard,2,0,1,21.5,124.5,1.0,0,11.0,121.0,32.0,1,0,0,1,2,7pt,0.8875000476837158,1,0.62949178,0.69089741
525,Australian Open,2020,Hard,2,0,0,183.5,26.0,223.0,0,13.0,169.0,29.5,0,0,0,1,2,7pt,0.25,0,0.24434029999999995,0.19595511
525,Australian Open,2020,Hard,2,0,0,26.0,183.5,20.0,0,19.5,380.25,38.0,1,0,0,0,2,7pt,0.25,0,0.29203862,0.27428475
525,Australian Open,2020,Hard,2,0,0,183.5,26.0,223.0,0,13.0,169.0,29.5,0,0,0,0,3,7pt,0.25,0,0.24434029999999995,0.19595511
525,Australian Open,2020,Hard,2,0,0,26.0,183.5,20.0,0,19.5,380.25,38.0,1,0,0,1,3,7pt,0.25,0,0.29203862,0.27428475
528,Australian Open,2020,Hard,2,1,1,91.5,29.5,43.0,1,13.0,169.0,30.0,0,0,0,0,1,7pt,1.0,1,1.0,1.0
528,Australian Open,2020,Hard,2,0,0,29.5,91.5,7.0,0,16.0,256.0,35.5,1,0,0,1,1,7pt,0.5,0,0.41720712000000004,0.50120014
529,Australian Open,2020,Hard,2,0,0,63.5,38.5,1.0,0,11.0,121.0,34.5,0,0,0,1,2,7pt,0.75,0,0.52729675,0.45108455
529,Australian Open,2020,Hard,2,0,0,38.5,63.5,7.0,0,8.0,64.0,31.5,1,0,0,0,2,7pt,0.25,0,0.40288400999999996,0.4021906
532,Australian Open,2020,Hard,2,1,1,4.5,93.0,3.0,1,15.0,225.0,33.5,0,0,0,0,2,7pt,1.0,1,1.0,1.0
532,Australian Open,2020,Hard,2,0,0,93.0,4.5,14.0,0,15.0,225.0,33.0,1,0,0,1,2,7pt,0.5,0,0.38593179,0.39071652
533,Australian Open,2020,Hard,2,1,1,9.0,242.0,2.0,0,8.5,72.25,29.0,0,0,0,0,2,7pt,1.0,1,1.0,1.0
533,Australian Open,2020,Hard,2,1,1,242.0,9.0,200.0,1,9.0,81.0,28.0,1,0,0,1,2,7pt,1.0,1,1.0,1.0
537,Australian Open,2020,Hard,2,1,1,454.0,190.5,370.0,0,9.0,81.0,26.0,0,0,0,0,1,7pt,1.0,1,1.0,1.0
537,Australian Open,2020,Hard,2,1,1,190.5,454.0,11.0,0,7.5,56.25,25.5,1,0,0,1,1,7pt,1.0,1,1.0,1.0
539,Australian Open,2020,Hard,2,0,0,496.0,51.0,442.0,0,9.5,90.25,27.0,0,0,0,0,3,7pt,0.0,0,0.15577072000000003,0.19102988
539,Australian Open,2020,Hard,2,0,0,51.0,496.0,6.0,0,16.0,256.0,37.0,1,0,0,1,3,7pt,0.25,0,0.25302237000000005,0.40436414
541,Australian Open,2020,Hard,2,1,1,151.5,267.5,155.0,0,10.0,100.0,33.0,0,0,0,1,1,7pt,1.0,1,1.0,1.0
541,Australian Open,2020,Hard,2,1,1,267.5,151.5,377.0,0,11.0,121.0,32.0,1,0,0,0,1,7pt,1.0,1,1.0,1.0
546,Australian Open,2020,Hard,2,0,0,52.5,160.5,5.0,0,16.0,256.0,34.0,0,0,0,0,2,7pt,0.25,0,0.18154316999999998,0.32001269
546,Australian Open,2020,Hard,2,1,1,160.5,52.5,189.0,0,6.5,42.25,28.0,1,0,0,1,2,7pt,1.0,1,1.0,1.0
546,Australian Open,2020,Hard,2,0,0,52.5,160.5,5.0,0,16.0,256.0,34.0,0,0,0,0,3,7pt,0.25,0,0.18154316999999998,0.32001269
546,Australian Open,2020,Hard,2,1,1,160.5,52.5,189.0,0,6.5,42.25,28.0,1,0,0,1,3,7pt,1.0,1,1.0,1.0
550,Australian Open,2020,Hard,3,1,1,93.5,17.0,65.0,0,15.0,225.0,31.5,0,0,0,0,3,7pt,1.0,1,1.0,1.0
550,Australian Open,2020,Hard,3,0,1,17.0,93.5,12.0,0,10.0,100.0,32.5,1,0,0,1,3,7pt,1.0,1,0.6778180300000001,0.68427199
551,Australian Open,2020,Hard,3,0,1,57.5,21.0,9.0,0,19.0,361.0,34.0,0,0,0,0,1,7pt,0.0,1,0.23361790000000004,0.18300405
551,Australian Open,2020,Hard,3,0,0,21.0,57.5,6.0,0,14.0,196.0,32.5,1,0,0,1,1,7pt,0.25,0,0.39582883999999996,0.28566164
553,Australian Open,2020,Hard,3,0,1,86.5,28.0,171.0,0,10.5,110.25,28.5,0,0,0,0,1,7pt,1.0,1,0.7424637700000001,0.76322085
553,Australian Open,2020,Hard,3,1,1,28.0,86.5,0.0,0,22.0,484.0,42.0,1,0,0,1,1,7pt,1.0,1,1.0,1.0
554,Australian Open,2020,Hard,3,1,1,223.0,38.5,6.0,0,12.0,144.0,29.0,0,0,0,0,1,7pt,1.0,1,1.0,1.0
554,Australian Open,2020,Hard,3,0,0,38.5,223.0,7.0,0,8.0,64.0,31.5,1,0,0,1,1,7pt,0.25,0,0.40288400999999996,0.4021906
555,Australian Open,2020,Hard,3,0,0,26.0,65.0,20.0,0,19.5,380.25,38.0,0,0,0,0,3,7pt,0.25,0,0.29203862,0.27428475
555,Australian Open,2020,Hard,3,0,0,65.0,26.0,12.0,0,8.0,64.0,27.5,1,0,0,1,3,7pt,0.25,0,0.23851131999999997,0.40310991
556,Australian Open,2020,Hard,3,1,1,40.5,93.0,7.0,0,6.5,42.25,28.0,0,0,0,0,1,7pt,1.0,1,1.0,1.0
556,Australian Open,2020,Hard,3,0,0,93.0,40.5,14.0,0,15.0,225.0,33.0,1,0,0,1,1,7pt,0.5,0,0.38593179,0.39071652
557,Australian Open,2020,Hard,3,1,1,121.5,242.0,13.0,0,1.0,1.0,28.5,0,0,0,1,1,7pt,1.0,1,1.0,1.0
557,Australian Open,2020,Hard,3,1,1,242.0,121.5,200.0,1,9.0,81.0,28.0,1,0,0,0,1,7pt,1.0,1,1.0,1.0
559,Australian Open,2020,Hard,3,0,0,6.0,51.0,2.0,0,20.0,400.0,37.5,0,0,0,0,2,7pt,0.25,0,0.14773548000000003,0.23890541
559,Australian Open,2020,Hard,3,0,0,51.0,6.0,6.0,0,16.0,256.0,37.0,1,0,0,1,2,7pt,0.25,0,0.25302237000000005,0.40436414
560,Australian Open,2020,Hard,3,1,1,28.0,267.5,6.0,0,12.0,144.0,32.5,0,0,0,0,2,7pt,1.0,1,1.0,1.0
560,Australian Open,2020,Hard,3,1,1,267.5,28.0,377.0,0,11.0,121.0,32.0,1,0,0,1,2,7pt,1.0,1,1.0,1.0
560,Australian Open,2020,Hard,3,1,1,28.0,267.5,6.0,0,12.0,144.0,32.5,0,0,0,0,3,7pt,1.0,1,1.0,1.0
560,Australian Open,2020,Hard,3,1,1,267.5,28.0,377.0,0,11.0,121.0,32.0,1,0,0,1,3,7pt,1.0,1,1.0,1.0
562,Australian Open,2020,Hard,3,0,0,20.5,62.0,23.0,0,20.0,400.0,39.0,0,0,0,1,1,7pt,0.0,0,0.13951612000000002,0.093269654
562,Australian Open,2020,Hard,3,0,0,62.0,20.5,12.0,0,12.5,156.25,30.5,1,0,0,0,1,7pt,0.5,0,0.49482172999999996,0.45697123
563,Australian Open,2020,Hard,3,0,0,19.5,85.0,1.0,0,17.0,289.0,37.0,0,0,0,0,1,7pt,0.25,0,0.26572764000000004,0.31916791
563,Australian Open,2020,Hard,3,1,1,85.0,19.5,6.0,0,6.0,36.0,24.0,1,0,0,1,1,7pt,1.0,1,1.0,1.0
565,Australian Open,2020,Hard,4,0,1,15.5,21.5,23.0,0,17.0,289.0,34.5,0,0,0,0,2,7pt,1.0,1,0.68292937,0.71418059
565,Australian Open,2020,Hard,4,0,1,21.5,15.5,1.0,0,11.0,121.0,32.0,1,0,0,1,2,7pt,0.8875000476837158,1,0.62949178,0.69089741
566,Australian Open,2020,Hard,4,0,1,17.0,65.0,12.0,0,10.0,100.0,32.5,0,0,0,0,2,7pt,1.0,1,0.6778180300000001,0.68427199
566,Australian Open,2020,Hard,4,0,0,65.0,17.0,12.0,0,8.0,64.0,27.5,1,0,0,1,2,7pt,0.25,0,0.23851131999999997,0.40310991
568,Australian Open,2020,Hard,4,0,0,21.0,190.5,6.0,0,14.0,196.0,32.5,0,0,0,0,1,7pt,0.25,0,0.39582883999999996,0.28566164
568,Australian Open,2020,Hard,4,1,1,190.5,21.0,11.0,0,7.5,56.25,25.5,1,0,0,1,1,7pt,1.0,1,1.0,1.0
568,Australian Open,2020,Hard,4,0,0,21.0,190.5,6.0,0,14.0,196.0,32.5,0,0,0,0,3,7pt,0.25,0,0.39582883999999996,0.28566164
568,Australian Open,2020,Hard,4,1,1,190.5,21.0,11.0,0,7.5,56.25,25.5,1,0,0,1,3,7pt,1.0,1,1.0,1.0
574,Australian Open,2020,Hard,5,1,1,190.5,242.0,11.0,0,7.5,56.25,25.5,0,0,0,0,1,7pt,1.0,1,1.0,1.0
574,Australian Open,2020,Hard,5,1,1,242.0,190.5,200.0,1,9.0,81.0,28.0,1,0,0,1,1,7pt,1.0,1,1.0,1.0
577,Australian Open,2020,Hard,6,0,0,12.5,85.0,1.0,0,15.5,240.25,35.0,0,0,0,1,1,7pt,0.5,0,0.33146113,0.31087729
577,Australian Open,2020,Hard,6,1,1,85.0,12.5,6.0,0,6.0,36.0,24.0,1,0,0,0,1,7pt,1.0,1,1.0,1.0
580,Roland Garros,2020,Clay,2,1,1,143.0,5.0,36.0,0,11.0,121.0,32.0,0,0,0,0,3,7pt,1.0,1,1.0,1.0
580,Roland Garros,2020,Clay,2,0,1,5.0,143.0,4.0,0,17.0,289.0,34.5,1,0,0,1,3,7pt,1.0,1,0.68292937,0.71418059
581,Roland Garros,2020,Clay,2,1,1,174.0,5.5,36.0,0,8.0,64.0,25.0,0,0,0,0,2,7pt,1.0,1,1.0,1.0
581,Roland Garros,2020,Clay,2,0,1,5.5,174.0,1.0,0,11.0,121.0,32.0,1,0,0,1,2,7pt,0.8875000476837158,1,0.62949178,0.69089741
587,Roland Garros,2020,Clay,2,0,0,57.5,17.0,5.0,0,6.5,42.25,26.5,0,0,0,0,2,7pt,0.0,0,0.06167674000000001,0.27452189
587,Roland Garros,2020,Clay,2,0,0,17.0,57.5,4.0,0,12.0,144.0,31.5,1,0,0,1,2,7pt,0.25,0,0.35325949999999995,0.35046604
591,Roland Garros,2020,Clay,2,1,1,457.0,27.5,520.0,0,12.0,144.0,29.5,0,0,0,1,1,7pt,1.0,1,1.0,1.0
591,Roland Garros,2020,Clay,2,1,1,27.5,457.0,9.0,0,14.5,210.25,33.5,1,0,0,0,1,7pt,1.0,1,1.0,1.0
598,Roland Garros,2020,Clay,2,0,0,72.5,329.5,5.0,0,19.0,361.0,36.0,0,0,0,0,1,7pt,0.25,0,0.25113660000000004,0.2297214
598,Roland Garros,2020,Clay,2,1,1,329.5,72.5,567.0,0,10.0,100.0,28.0,1,0,0,1,1,7pt,1.0,1,1.0,1.0
600,Roland Garros,2020,Clay,2,1,1,68.0,82.5,28.0,0,13.0,169.0,30.0,0,0,0,1,2,7pt,1.0,1,1.0,1.0
600,Roland Garros,2020,Clay,2,1,1,82.5,68.0,43.0,0,8.0,64.0,25.5,1,0,0,0,2,7pt,1.0,1,1.0,1.0
600,Roland Garros,2020,Clay,2,1,1,68.0,82.5,28.0,0,13.0,169.0,30.0,0,0,0,0,3,7pt,1.0,1,1.0,1.0
600,Roland Garros,2020,Clay,2,1,1,82.5,68.0,43.0,0,8.0,64.0,25.5,1,0,0,1,3,7pt,1.0,1,1.0,1.0
601,Roland Garros,2020,Clay,2,0,0,52.0,169.5,8.0,0,16.0,256.0,34.0,0,0,0,0,1,7pt,0.25,0,0.18154316999999998,0.32001269
601,Roland Garros,2020,Clay,2,0,0,169.5,52.0,59.0,0,9.5,90.25,26.5,1,0,0,1,1,7pt,0.25,0,0.31173569,0.32680425
603,Roland Garros,2020,Clay,2,0,0,52.0,193.5,2.0,0,22.0,484.0,37.0,0,0,0,1,1,7pt,0.5,0,0.31663655999999996,0.22264028
603,Roland Garros,2020,Clay,2,1,1,193.5,52.0,5.0,0,3.0,9.0,25.0,1,0,0,0,1,7pt,1.0,1,1.0,1.0
608,Roland Garros,2020,Clay,2,0,1,69.0,252.0,6.0,0,10.5,110.25,31.0,0,0,0,0,3,7pt,1.0,1,0.73746499,0.77297723
608,Roland Garros,2020,Clay,2,1,1,252.0,69.0,330.0,0,16.0,256.0,38.0,1,0,0,1,3,7pt,1.0,1,1.0,1.0
615,Roland Garros,2020,Clay,3,0,1,168.5,14.0,75.0,0,11.0,121.0,29.0,0,0,0,0,2,7pt,0.7075000405311584,1,0.52563611,0.60401666
615,Roland Garros,2020,Clay,3,1,1,14.0,168.5,20.0,0,15.0,225.0,33.5,1,0,0,1,2,7pt,1.0,1,1.0,1.0
618,Roland Garros,2020,Clay,3,1,1,85.5,17.0,35.0,0,15.0,225.0,31.5,0,0,0,0,1,7pt,1.0,1,1.0,1.0
618,Roland Garros,2020,Clay,3,0,0,17.0,85.5,4.0,0,12.0,144.0,31.5,1,0,0,1,1,7pt,0.25,0,0.35325949999999995,0.35046604
620,Roland Garros,2020,Clay,3,1,1,193.5,26.5,5.0,0,3.0,9.0,25.0,0,0,0,0,3,7pt,1.0,1,1.0,1.0
620,Roland Garros,2020,Clay,3,1,1,26.5,193.5,1.0,0,12.0,144.0,32.5,1,0,0,1,3,7pt,1.0,1,1.0,1.0
621,Roland Garros,2020,Clay,3,0,0,285.5,27.5,145.0,0,6.5,42.25,26.5,0,0,0,0,1,7pt,0.0,0,0.17933083000000005,0.23712225
621,Roland Garros,2020,Clay,3,1,1,27.5,285.5,9.0,0,14.5,210.25,33.5,1,0,0,1,1,7pt,1.0,1,1.0,1.0
626,Roland Garros,2020,Clay,3,0,1,20.5,62.0,15.0,0,10.0,100.0,32.5,0,0,0,0,1,7pt,1.0,1,0.6778180300000001,0.68427199
626,Roland Garros,2020,Clay,3,0,0,62.0,20.5,6.0,0,14.0,196.0,35.0,1,0,0,1,1,7pt,0.5,0,0.41365057000000005,0.4916223
627,Roland Garros,2020,Clay,4,0,0,27.5,1.5,15.0,0,19.5,380.25,38.0,0,0,0,0,2,7pt,0.25,0,0.29203862,0.27428475
627,Roland Garros,2020,Clay,4,1,1,1.5,27.5,1.0,0,12.5,156.25,33.5,1,0,0,1,2,7pt,1.0,1,1.0,1.0
627,Roland Garros,2020,Clay,4,0,0,27.5,1.5,15.0,0,19.5,380.25,38.0,0,0,0,0,3,7pt,0.25,0,0.29203862,0.27428475
627,Roland Garros,2020,Clay,4,1,1,1.5,27.5,1.0,0,12.5,156.25,33.5,1,0,0,1,3,7pt,1.0,1,1.0,1.0
630,Roland Garros,2020,Clay,4,1,1,195.0,16.5,54.0,0,4.5,20.25,24.5,0,0,0,0,3,7pt,1.0,1,1.0,1.0
630,Roland Garros,2020,Clay,4,1,1,16.5,195.0,1.0,0,8.5,72.25,29.0,1,0,0,1,3,7pt,1.0,1,1.0,1.0
631,Roland Garros,2020,Clay,4,1,1,14.0,17.0,20.0,0,15.0,225.0,33.5,0,0,0,0,2,7pt,1.0,1,1.0,1.0
631,Roland Garros,2020,Clay,4,0,0,17.0,14.0,4.0,0,12.0,144.0,31.5,1,0,0,1,2,7pt,0.25,0,0.35325949999999995,0.35046604
633,Roland Garros,2020,Clay,4,0,1,88.5,252.0,51.0,0,19.5,380.25,36.5,0,0,0,0,3,7pt,1.0,1,0.65523931,0.69686258
633,Roland Garros,2020,Clay,4,1,1,252.0,88.5,330.0,0,16.0,256.0,38.0,1,0,0,1,3,7pt,1.0,1,1.0,1.0
635,Roland Garros,2020,Clay,5,0,0,62.0,1.5,6.0,0,14.0,196.0,35.0,0,0,0,1,1,7pt,0.5,0,0.41365057000000005,0.4916223
635,Roland Garros,2020,Clay,5,1,1,1.5,62.0,1.0,0,12.5,156.25,33.5,1,0,0,0,1,7pt,1.0,1,1.0,1.0
635,Roland Garros,2020,Clay,5,0,0,62.0,1.5,6.0,0,14.0,196.0,35.0,0,0,0,0,3,7pt,0.5,0,0.41365057000000005,0.4916223
635,Roland Garros,2020,Clay,5,1,1,1.5,62.0,1.0,0,12.5,156.25,33.5,1,0,0,1,3,7pt,1.0,1,1.0,1.0
639,Roland Garros,2020,Clay,6,1,1,1.5,14.5,1.0,0,12.5,156.25,33.5,0,0,0,0,1,7pt,1.0,1,1.0,1.0
639,Roland Garros,2020,Clay,6,0,0,14.5,1.5,7.0,0,14.0,196.0,32.5,1,0,0,1,1,7pt,0.25,0,0.39582883999999996,0.28566164
643,US Open,2020,Hard,3,0,0,36.0,5.5,6.0,0,8.0,64.0,31.5,0,0,0,1,2,7pt,0.25,0,0.40288400999999996,0.4021906
643,US Open,2020,Hard,3,0,1,5.5,36.0,1.0,0,11.0,121.0,32.0,1,0,0,0,2,7pt,0.8875000476837158,1,0.62949178,0.69089741
644,US Open,2020,Hard,3,1,1,39.0,13.5,2.0,0,6.0,36.0,24.0,0,0,0,0,1,7pt,1.0,1,1.0,1.0
644,US Open,2020,Hard,3,1,1,13.5,39.0,1.0,0,8.5,72.25,29.0,1,0,0,1,1,7pt,1.0,1,1.0,1.0
644,US Open,2020,Hard,3,1,1,39.0,13.5,2.0,0,6.0,36.0,24.0,0,0,0,1,2,7pt,1.0,1,1.0,1.0
644,US Open,2020,Hard,3,1,1,13.5,39.0,1.0,0,8.5,72.25,29.0,1,0,0,0,2,7pt,1.0,1,1.0,1.0
648,US Open,2020,Hard,3,0,0,17.5,45.5,11.0,0,20.0,400.0,39.0,0,0,0,0,2,7pt,0.0,0,0.13951612000000002,0.093269654
648,US Open,2020,Hard,3,0,0,45.5,17.5,9.0,0,13.5,182.25,32.5,1,0,0,1,2,7pt,0.5,0,0.49239814000000004,0.34522831
649,US Open,2020,Hard,3,0,0,25.5,55.5,45.0,0,15.5,240.25,34.0,0,0,0,1,1,7pt,0.25,0,0.28170055000000005,0.37885547
649,US Open,2020,Hard,3,0,0,55.5,25.5,13.0,0,16.0,256.0,34.0,1,0,0,0,1,7pt,0.25,0,0.18154316999999998,0.32001269
649,US Open,2020,Hard,3,0,0,25.5,55.5,45.0,0,15.5,240.25,34.0,0,0,0,0,2,7pt,0.25,0,0.28170055000000005,0.37885547
649,US Open,2020,Hard,3,0,0,55.5,25.5,13.0,0,16.0,256.0,34.0,1,0,0,1,2,7pt,0.25,0,0.18154316999999998,0.32001269
652,US Open,2020,Hard,3,1,1,30.0,384.0,10.0,0,14.5,210.25,33.5,0,0,0,0,2,7pt,1.0,1,1.0,1.0
652,US Open,2020,Hard,3,1,1,384.0,30.0,112.0,0,13.0,169.0,27.0,1,0,0,1,2,7pt,1.0,1,1.0,1.0
656,US Open,2020,Hard,3,0,0,58.0,20.5,4.0,0,8.0,64.0,27.5,0,0,0,1,1,7pt,0.25,0,0.23851131999999997,0.40310991
656,US Open,2020,Hard,3,0,0,20.5,58.0,1.0,0,17.0,289.0,37.0,1,0,0,0,1,7pt,0.25,0,0.26572764000000004,0.31916791
657,US Open,2020,Hard,3,0,0,52.5,102.0,3.0,0,22.0,484.0,37.0,0,0,0,1,1,7pt,0.5,0,0.31663655999999996,0.22264028
657,US Open,2020,Hard,3,1,1,102.0,52.5,52.0,0,6.5,42.25,27.5,1,0,0,0,1,7pt,1.0,1,1.0,1.0
657,US Open,2020,Hard,3,0,0,52.5,102.0,3.0,0,22.0,484.0,37.0,0,0,0,0,2,7pt,0.5,0,0.31663655999999996,0.22264028
657,US Open,2020,Hard,3,1,1,102.0,52.5,52.0,0,6.5,42.25,27.5,1,0,0,1,2,7pt,1.0,1,1.0,1.0
657,US Open,2020,Hard,3,0,0,52.5,102.0,3.0,0,22.0,484.0,37.0,0,0,0,0,3,7pt,0.5,0,0.31663655999999996,0.22264028
657,US Open,2020,Hard,3,1,1,102.0,52.5,52.0,0,6.5,42.25,27.5,1,0,0,1,3,7pt,1.0,1,1.0,1.0
661,US Open,2020,Hard,4,0,0,45.5,302.5,9.0,0,13.5,182.25,32.5,0,0,0,0,1,7pt,0.5,0,0.49239814000000004,0.34522831
661,US Open,2020,Hard,4,1,1,302.5,45.5,89.0,0,3.5,12.25,24.5,1,0,0,1,1,7pt,1.0,1,1.0,1.0
664,US Open,2020,Hard,4,1,1,102.0,22.0,52.0,0,6.5,42.25,27.5,0,0,0,0,2,7pt,1.0,1,1.0,1.0
664,US Open,2020,Hard,4,0,0,22.0,102.0,10.0,0,14.0,196.0,32.5,1,0,0,1,2,7pt,0.25,0,0.39582883999999996,0.28566164
666,US Open,2020,Hard,5,1,1,302.5,5.5,89.0,0,3.5,12.25,24.5,0,0,0,0,2,7pt,1.0,1,1.0,1.0
666,US Open,2020,Hard,5,0,1,5.5,302.5,1.0,0,11.0,121.0,32.0,1,0,0,1,2,7pt,0.8875000476837158,1,0.62949178,0.69089741
667,US Open,2020,Hard,5,1,1,40.0,19.0,8.0,0,6.5,42.25,28.0,0,0,0,0,1,7pt,1.0,1,1.0,1.0
667,US Open,2020,Hard,5,0,0,19.0,40.0,6.0,0,12.0,144.0,31.5,1,0,0,1,1,7pt,0.25,0,0.35325949999999995,0.35046604
668,US Open,2020,Hard,5,1,1,25.0,22.0,2.0,0,12.0,144.0,32.5,0,0,0,0,2,7pt,1.0,1,1.0,1.0
668,US Open,2020,Hard,5,0,0,22.0,25.0,10.0,0,14.0,196.0,32.5,1,0,0,1,2,7pt,0.25,0,0.39582883999999996,0.28566164
670,US Open,2020,Hard,6,0,1,5.5,19.0,1.0,0,11.0,121.0,32.0,0,0,0,0,1,7pt,0.8875000476837158,1,0.62949178,0.69089741
670,US Open,2020,Hard,6,0,0,19.0,5.5,6.0,0,12.0,144.0,31.5,1,0,0,1,1,7pt,0.25,0,0.35325949999999995,0.35046604
673,Australian Open,2021,Hard,2,0,0,163.0,1.5,140.0,0,13.0,169.0,33.0,0,0,0,1,1,7pt,0.0,0,0.07801568999999997,0.094076328
673,Australian Open,2021,Hard,2,1,1,1.5,163.0,1.0,0,13.5,182.25,34.5,1,0,0,0,1,7pt,1.0,1,1.0,1.0
673,Australian Open,2021,Hard,2,0,0,163.0,1.5,140.0,0,13.0,169.0,33.0,0,0,0,0,2,7pt,0.0,0,0.07801568999999997,0.094076328
673,Australian Open,2021,Hard,2,1,1,1.5,163.0,1.0,0,13.5,182.25,34.5,1,0,0,1,2,7pt,1.0,1,1.0,1.0
674,Australian Open,2021,Hard,2,0,0,354.5,4.5,375.0,0,17.5,306.25,36.0,0,0,0,0,1,7pt,0.0,0,0.007371660000000002,0.011790262
674,Australian Open,2021,Hard,2,1,1,4.5,354.5,3.0,0,11.5,132.25,30.5,1,0,0,1,1,7pt,1.0,1,1.0,1.0
677,Australian Open,2021,Hard,2,0,1,399.5,13.5,463.0,0,5.5,30.25,27.0,0,0,0,0,1,7pt,0.8875000476837158,1,0.62949178,0.69089741
677,Australian Open,2021,Hard,2,0,0,13.5,399.5,17.0,0,18.5,342.25,37.0,1,0,0,1,1,7pt,0.25,0,0.25448393999999996,0.44476289
685,Australian Open,2021,Hard,2,0,0,45.0,49.5,2.0,0,17.5,306.25,35.0,0,0,0,1,1,7pt,0.75,0,0.68834653,0.69678515
685,Australian Open,2021,Hard,2,0,0,49.5,45.0,5.0,0,14.0,196.0,34.5,1,0,0,0,1,7pt,0.25,0,0.1605742,0.27577949
685,Australian Open,2021,Hard,2,0,0,45.0,49.5,2.0,0,17.5,306.25,35.0,0,0,0,0,2,7pt,0.75,0,0.68834653,0.69678515
685,Australian Open,2021,Hard,2,0,0,49.5,45.0,5.0,0,14.0,196.0,34.5,1,0,0,1,2,7pt,0.25,0,0.1605742,0.27577949
686,Australian Open,2021,Hard,2,0,0,521.5,62.0,271.0,0,12.5,156.25,30.0,0,0,0,1,1,7pt,0.75,0,0.37723821,0.36349005
686,Australian Open,2021,Hard,2,1,1,62.0,521.5,4.0,0,8.0,64.0,30.5,1,0,0,0,1,7pt,1.0,1,1.0,1.0
686,Australian Open,2021,Hard,2,0,0,521.5,62.0,271.0,0,12.5,156.25,30.0,0,0,0,0,2,7pt,0.75,0,0.37723821,0.36349005
686,Australian Open,2021,Hard,2,1,1,62.0,521.5,4.0,0,8.0,64.0,30.5,1,0,0,1,2,7pt,1.0,1,1.0,1.0
686,Australian Open,2021,Hard,2,0,0,521.5,62.0,271.0,0,12.5,156.25,30.0,0,0,0,0,3,7pt,0.75,0,0.37723821,0.36349005
686,Australian Open,2021,Hard,2,1,1,62.0,521.5,4.0,0,8.0,64.0,30.5,1,0,0,1,3,7pt,1.0,1,1.0,1.0
689,Australian Open,2021,Hard,2,1,1,308.5,65.5,273.0,0,11.5,132.25,29.5,0,0,0,1,2,7pt,1.0,1,1.0,1.0
689,Australian Open,2021,Hard,2,0,0,65.5,308.5,29.0,0,18.0,324.0,36.0,1,0,0,0,2,7pt,0.25,0,0.30102944,0.012433414
690,Australian Open,2021,Hard,2,0,0,198.0,87.0,42.0,1,7.0,49.0,25.5,0,0,0,0,1,7pt,0.0,0,0.15944499,0.22358318
690,Australian Open,2021,Hard,2,1,1,87.0,198.0,6.0,0,10.5,110.25,29.0,1,0,0,1,1,7pt,1.0,1,1.0,1.0
694,Australian Open,2021,Hard,2,0,1,94.5,102.5,47.0,0,15.5,240.25,33.0,0,0,0,1,1,7pt,1.0,1,0.7180881800000001,0.76837629
694,Australian Open,2021,Hard,2,1,1,102.5,94.5,13.0,0,12.0,144.0,33.0,1,0,0,0,1,7pt,1.0,1,1.0,1.0
697,Australian Open,2021,Hard,2,1,1,37.5,328.0,3.0,0,7.5,56.25,29.0,0,0,0,1,1,7pt,1.0,1,1.0,1.0
697,Australian Open,2021,Hard,2,0,0,328.0,37.5,186.0,0,7.5,56.25,28.5,1,0,0,0,1,7pt,0.4625000059604645,0,0.46190917,0.49024096
697,Australian Open,2021,Hard,2,1,1,37.5,328.0,3.0,0,7.5,56.25,29.0,0,0,0,0,3,7pt,1.0,1,1.0,1.0
697,Australian Open,2021,Hard,2,0,0,328.0,37.5,186.0,0,7.5,56.25,28.5,1,0,0,1,3,7pt,0.4625000059604645,0,0.46190917,0.49024096
700,Australian Open,2021,Hard,2,1,1,205.5,510.0,305.0,1,11.0,121.0,29.0,0,0,0,0,1,7pt,1.0,1,1.0,1.0
700,Australian Open,2021,Hard,2,0,0,510.0,205.5,552.0,0,12.5,156.25,29.5,1,0,0,1,1,7pt,0.25,0,0.17970717000000003,0.37751663
702,Australian Open,2021,Hard,2,0,0,43.0,125.0,10.0,0,12.5,156.25,35.0,0,0,0,0,2,7pt,0.0,0,0.022177820000000015,0.089522392
702,Australian Open,2021,Hard,2,1,1,125.0,43.0,12.0,0,1.0,1.0,29.5,1,0,0,1,2,7pt,1.0,1,1.0,1.0
703,Australian Open,2021,Hard,2,0,0,260.0,122.0,298.0,1,13.0,169.0,27.0,0,0,0,0,2,7pt,0.25,0,0.24335808000000003,0.23301172
703,Australian Open,2021,Hard,2,1,1,122.0,260.0,144.0,1,9.0,81.0,26.5,1,0,0,1,2,7pt,1.0,1,1.0,1.0
704,Australian Open,2021,Hard,2,0,1,98.0,160.5,6.0,0,14.0,196.0,30.5,0,0,0,1,1,7pt,1.0,1,0.55793491,0.5540092
704,Australian Open,2021,Hard,2,1,1,160.5,98.0,143.0,0,7.5,56.25,26.0,1,0,0,0,1,7pt,1.0,1,1.0,1.0
709,Australian Open,2021,Hard,3,0,0,141.0,16.0,26.0,0,14.0,196.0,31.5,0,0,0,0,2,7pt,0.25,0,0.20958573000000003,0.26524922
709,Australian Open,2021,Hard,3,0,0,16.0,141.0,14.0,0,20.5,420.25,37.0,1,0,0,1,2,7pt,0.5,0,0.34129125000000005,0.46281105
714,Australian Open,2021,Hard,3,1,1,160.5,56.0,143.0,0,7.5,56.25,26.0,0,0,0,0,2,7pt,1.0,1,1.0,1.0
714,Australian Open,2021,Hard,3,0,0,56.0,160.5,26.0,0,18.5,342.25,37.0,1,0,0,1,2,7pt,0.5,0,0.42751545,0.38409811
716,Australian Open,2021,Hard,3,0,0,328.0,43.5,186.0,0,7.5,56.25,28.5,0,0,0,0,1,7pt,0.4625000059604645,0,0.46190917,0.49024096
716,Australian Open,2021,Hard,3,0,0,43.5,328.0,3.0,0,14.5,210.25,33.5,1,0,0,1,1,7pt,0.5,0,0.49239814000000004,0.34522831
716,Australian Open,2021,Hard,3,0,0,328.0,43.5,186.0,0,7.5,56.25,28.5,0,0,0,1,2,7pt,0.4625000059604645,0,0.46190917,0.49024096
716,Australian Open,2021,Hard,3,0,0,43.5,328.0,3.0,0,14.5,210.25,33.5,1,0,0,0,2,7pt,0.5,0,0.49239814000000004,0.34522831
717,Australian Open,2021,Hard,3,0,0,203.5,172.0,255.0,0,14.5,210.25,32.5,0,0,0,0,1,7pt,0.10249999910593033,0,0.30996495,0.25007218
717,Australian Open,2021,Hard,3,1,1,172.0,203.5,78.0,0,8.5,72.25,26.5,1,0,0,1,1,7pt,1.0,1,1.0,1.0
718,Australian Open,2021,Hard,3,1,1,38.5,102.5,3.0,0,7.0,49.0,25.0,0,0,0,0,1,7pt,1.0,1,1.0,1.0
718,Australian Open,2021,Hard,3,1,1,102.5,38.5,13.0,0,12.0,144.0,33.0,1,0,0,1,1,7pt,1.0,1,1.0,1.0
719,Australian Open,2021,Hard,3,1,1,42.5,510.0,31.0,0,11.5,132.25,35.0,0,0,0,0,2,7pt,1.0,1,1.0,1.0
719,Australian Open,2021,Hard,3,0,0,510.0,42.5,552.0,0,12.5,156.25,29.5,1,0,0,1,2,7pt,0.25,0,0.17970717000000003,0.37751663
720,Australian Open,2021,Hard,3,1,1,122.0,232.5,144.0,1,9.0,81.0,26.5,0,0,0,0,2,7pt,1.0,1,1.0,1.0
720,Australian Open,2021,Hard,3,1,1,232.5,122.0,317.0,0,11.5,132.25,31.0,1,0,0,1,2,7pt,1.0,1,1.0,1.0
721,Australian Open,2021,Hard,4,0,0,510.0,4.5,552.0,0,12.5,156.25,29.5,0,0,0,0,1,7pt,0.25,0,0.17970717000000003,0.37751663
721,Australian Open,2021,Hard,4,1,1,4.5,510.0,3.0,0,11.5,132.25,30.5,1,0,0,1,1,7pt,1.0,1,1.0,1.0
722,Australian Open,2021,Hard,4,0,1,20.5,13.5,15.0,0,11.0,121.0,33.5,0,0,0,0,1,7pt,1.0,1,0.6778180300000001,0.68427199
722,Australian Open,2021,Hard,4,0,1,13.5,20.5,3.0,0,12.0,144.0,33.0,1,0,0,1,1,7pt,0.8875000476837158,1,0.62949178,0.69089741
722,Australian Open,2021,Hard,4,0,1,20.5,13.5,15.0,0,11.0,121.0,33.5,0,0,0,0,2,7pt,1.0,1,0.6778180300000001,0.68427199
722,Australian Open,2021,Hard,4,0,1,13.5,20.5,3.0,0,12.0,144.0,33.0,1,0,0,1,2,7pt,0.8875000476837158,1,0.62949178,0.69089741
723,Australian Open,2021,Hard,4,0,0,56.0,13.5,26.0,0,18.5,342.25,37.0,0,0,0,1,1,7pt,0.5,0,0.42751545,0.38409811
723,Australian Open,2021,Hard,4,0,0,13.5,56.0,17.0,0,18.5,342.25,37.0,1,0,0,0,1,7pt,0.25,0,0.25448393999999996,0.44476289
726,Australian Open,2021,Hard,4,1,1,87.0,49.5,6.0,0,10.5,110.25,29.0,0,0,0,1,1,7pt,1.0,1,1.0,1.0
726,Australian Open,2021,Hard,4,0,0,49.5,87.0,5.0,0,14.0,196.0,34.5,1,0,0,0,1,7pt,0.25,0,0.1605742,0.27577949
726,Australian Open,2021,Hard,4,1,1,87.0,49.5,6.0,0,10.5,110.25,29.0,0,0,0,0,2,7pt,1.0,1,1.0,1.0
726,Australian Open,2021,Hard,4,0,0,49.5,87.0,5.0,0,14.0,196.0,34.5,1,0,0,1,2,7pt,0.25,0,0.1605742,0.27577949
728,Australian Open,2021,Hard,4,0,0,8.0,102.5,2.0,0,16.0,256.0,35.5,0,0,0,0,1,7pt,0.25,0,0.28327698,0.28573227
728,Australian Open,2021,Hard,4,1,1,102.5,8.0,13.0,0,12.0,144.0,33.0,1,0,0,1,1,7pt,1.0,1,1.0,1.0
729,Australian Open,2021,Hard,5,1,1,16.5,4.5,17.0,0,16.0,256.0,34.5,0,0,0,0,3,7pt,1.0,1,1.0,1.0
729,Australian Open,2021,Hard,5,1,1,4.5,16.5,3.0,0,11.5,132.25,30.5,1,0,0,1,3,7pt,1.0,1,1.0,1.0
730,Australian Open,2021,Hard,5,0,0,43.5,13.5,3.0,0,14.5,210.25,33.5,0,0,0,0,1,7pt,0.5,0,0.49239814000000004,0.34522831
730,Australian Open,2021,Hard,5,0,1,13.5,43.5,3.0,0,12.0,144.0,33.0,1,0,0,1,1,7pt,0.8875000476837158,1,0.62949178,0.69089741
733,Australian Open,2021,Hard,6,0,0,13.5,13.5,17.0,0,18.5,342.25,37.0,0,0,0,0,2,7pt,0.25,0,0.25448393999999996,0.44476289
733,Australian Open,2021,Hard,6,0,1,13.5,13.5,3.0,0,12.0,144.0,33.0,1,0,0,1,2,7pt,0.8875000476837158,1,0.62949178,0.69089741
769,Roland Garros,2021,Clay,2,1,1,172.5,663.5,55.0,0,12.0,144.0,33.0,0,0,0,1,2,7pt,1.0,1,1.0,1.0
769,Roland Garros,2021,Clay,2,1,1,663.5,172.5,677.0,0,2.0,4.0,20.0,1,0,0,0,2,7pt,1.0,1,1.0,1.0
772,Roland Garros,2021,Clay,2,0,0,22.5,40.0,17.0,0,13.0,169.0,31.0,0,0,0,1,1,7pt,0.0,0,0.16907048000000002,0.29890305
772,Roland Garros,2021,Clay,2,0,0,40.0,22.5,8.0,0,14.0,196.0,34.5,1,0,0,0,1,7pt,0.25,0,0.1605742,0.27577949
772,Roland Garros,2021,Clay,2,0,0,22.5,40.0,17.0,0,13.0,169.0,31.0,0,0,0,0,2,7pt,0.0,0,0.16907048000000002,0.29890305
772,Roland Garros,2021,Clay,2,0,0,40.0,22.5,8.0,0,14.0,196.0,34.5,1,0,0,1,2,7pt,0.25,0,0.1605742,0.27577949
772,Roland Garros,2021,Clay,2,0,0,22.5,40.0,17.0,0,13.0,169.0,31.0,0,0,0,0,3,7pt,0.0,0,0.16907048000000002,0.29890305
772,Roland Garros,2021,Clay,2,0,0,40.0,22.5,8.0,0,14.0,196.0,34.5,1,0,0,1,3,7pt,0.25,0,0.1605742,0.27577949
773,Roland Garros,2021,Clay,2,0,0,110.0,81.5,74.0,0,14.0,196.0,33.0,0,0,0,0,2,7pt,0.0,0,0.15787309000000005,0.11175504
773,Roland Garros,2021,Clay,2,1,1,81.5,110.0,35.0,0,9.0,81.0,26.5,1,0,0,1,2,7pt,1.0,1,1.0,1.0
777,Roland Garros,2021,Clay,2,1,1,166.0,45.5,22.0,0,13.0,169.0,29.0,0,0,0,0,1,7pt,1.0,1,1.0,1.0
777,Roland Garros,2021,Clay,2,0,0,45.5,166.0,15.0,0,10.5,110.25,32.0,1,0,0,1,1,7pt,0.25,0,0.21494174,0.29982477
782,Roland Garros,2021,Clay,2,1,1,129.0,89.0,2.0,0,1.0,1.0,28.5,0,0,0,0,1,7pt,1.0,1,1.0,1.0
782,Roland Garros,2021,Clay,2,1,1,89.0,129.0,18.0,0,10.5,110.25,29.0,1,0,0,1,1,7pt,1.0,1,1.0,1.0
783,Roland Garros,2021,Clay,2,0,0,67.0,9.5,10.0,0,18.0,324.0,35.5,0,0,0,1,2,7pt,0.25,0,0.19755632,0.30709198
783,Roland Garros,2021,Clay,2,0,0,9.5,67.0,1.0,0,16.5,272.25,36.0,1,0,0,0,2,7pt,0.5,0,0.33146113,0.31087729
783,Roland Garros,2021,Clay,2,0,0,67.0,9.5,10.0,0,18.0,324.0,35.5,0,0,0,0,3,7pt,0.25,0,0.19755632,0.30709198
783,Roland Garros,2021,Clay,2,0,0,9.5,67.0,1.0,0,16.5,272.25,36.0,1,0,0,1,3,7pt,0.5,0,0.33146113,0.31087729
788,Roland Garros,2021,Clay,2,0,0,229.0,29.0,158.0,0,2.0,4.0,19.0,0,0,0,1,1,7pt,0.2875000238418579,0,0.32114136000000004,0.37227029
788,Roland Garros,2021,Clay,2,1,1,29.0,229.0,2.0,0,15.5,240.25,34.5,1,0,0,0,1,7pt,1.0,1,1.0,1.0
790,Roland Garros,2021,Clay,2,1,1,862.0,59.0,1262.0,0,6.0,36.0,24.5,0,0,0,1,2,7pt,1.0,1,1.0,1.0
790,Roland Garros,2021,Clay,2,0,1,59.0,862.0,14.0,0,13.5,182.25,31.0,1,0,0,0,2,7pt,0.8575000166893005,1,0.69012758,0.21231112
792,Roland Garros,2021,Clay,2,1,1,59.5,16.5,7.0,0,8.0,64.0,30.5,0,0,0,0,1,7pt,1.0,1,1.0,1.0
792,Roland Garros,2021,Clay,2,0,0,16.5,59.5,9.0,0,18.5,342.25,37.0,1,0,0,1,1,7pt,0.25,0,0.25448393999999996,0.44476289
792,Roland Garros,2021,Clay,2,1,1,59.5,16.5,7.0,0,8.0,64.0,30.5,0,0,0,1,2,7pt,1.0,1,1.0,1.0
792,Roland Garros,2021,Clay,2,0,0,16.5,59.5,9.0,0,18.5,342.25,37.0,1,0,0,0,2,7pt,0.25,0,0.25448393999999996,0.44476289
795,Roland Garros,2021,Clay,2,0,1,50.0,19.5,2.0,0,11.5,132.25,32.0,0,0,0,0,3,7pt,1.0,1,0.73746499,0.77297723
795,Roland Garros,2021,Clay,2,0,0,19.5,50.0,7.0,0,14.5,210.25,32.5,1,0,0,1,3,7pt,0.25,0,0.26305574,0.31848744
797,Roland Garros,2021,Clay,2,1,1,150.5,41.5,35.0,0,10.0,100.0,28.5,0,0,0,1,2,7pt,1.0,1,1.0,1.0
797,Roland Garros,2021,Clay,2,1,1,41.5,150.5,13.0,0,7.0,49.0,25.0,1,0,0,0,2,7pt,1.0,1,1.0,1.0
797,Roland Garros,2021,Clay,2,1,1,150.5,41.5,35.0,0,10.0,100.0,28.5,0,0,0,0,3,7pt,1.0,1,1.0,1.0
797,Roland Garros,2021,Clay,2,1,1,41.5,150.5,13.0,0,7.0,49.0,25.0,1,0,0,1,3,7pt,1.0,1,1.0,1.0
798,Roland Garros,2021,Clay,2,0,0,407.5,380.0,265.0,0,14.0,196.0,32.0,0,0,0,0,1,7pt,0.25,0,0.16374754999999996,0.16198477
798,Roland Garros,2021,Clay,2,1,1,380.0,407.5,308.0,0,17.0,289.0,29.0,1,0,0,1,1,7pt,1.0,1,1.0,1.0
802,Roland Garros,2021,Clay,3,1,1,81.5,40.0,35.0,0,9.0,81.0,26.5,0,0,0,0,1,7pt,1.0,1,1.0,1.0
802,Roland Garros,2021,Clay,3,0,0,40.0,81.5,8.0,0,14.0,196.0,34.5,1,0,0,1,1,7pt,0.25,0,0.1605742,0.27577949
806,Roland Garros,2021,Clay,3,0,0,226.5,20.0,71.0,0,4.0,16.0,24.5,0,0,0,0,2,7pt,0.0,0,0.26292932,0.34853053
806,Roland Garros,2021,Clay,3,1,1,20.0,226.5,14.0,0,15.5,240.25,36.0,1,0,0,1,2,7pt,1.0,1,1.0,1.0
807,Roland Garros,2021,Clay,3,0,0,9.5,89.0,1.0,0,16.5,272.25,36.0,0,0,0,0,1,7pt,0.5,0,0.33146113,0.31087729
807,Roland Garros,2021,Clay,3,1,1,89.0,9.5,18.0,0,10.5,110.25,29.0,1,0,0,1,1,7pt,1.0,1,1.0,1.0
809,Roland Garros,2021,Clay,3,0,1,20.0,49.0,10.0,0,11.0,121.0,33.5,0,0,0,0,2,7pt,1.0,1,0.6778180300000001,0.68427199
809,Roland Garros,2021,Clay,3,0,0,49.0,20.0,20.0,0,14.0,196.0,32.5,1,0,0,1,2,7pt,0.75,0,0.47388262000000003,0.48639801
815,Roland Garros,2021,Clay,3,1,1,380.0,3.5,308.0,0,17.0,289.0,29.0,0,0,0,0,1,7pt,1.0,1,1.0,1.0
815,Roland Garros,2021,Clay,3,1,1,3.5,380.0,1.0,0,13.5,182.25,34.5,1,0,0,1,1,7pt,1.0,1,1.0,1.0
816,Roland Garros,2021,Clay,4,1,1,30.5,320.5,3.0,0,7.5,56.25,29.0,0,0,0,0,2,7pt,1.0,1,1.0,1.0
816,Roland Garros,2021,Clay,4,1,1,320.5,30.5,263.0,0,11.5,132.25,29.5,1,0,0,1,2,7pt,1.0,1,1.0,1.0
819,Roland Garros,2021,Clay,4,1,1,20.0,89.0,14.0,0,15.5,240.25,36.0,0,0,0,0,1,7pt,1.0,1,1.0,1.0
819,Roland Garros,2021,Clay,4,1,1,89.0,20.0,18.0,0,10.5,110.25,29.0,1,0,0,1,1,7pt,1.0,1,1.0,1.0
820,Roland Garros,2021,Clay,4,0,0,49.0,13.0,20.0,0,14.0,196.0,32.5,0,0,0,0,3,7pt,0.75,0,0.47388262000000003,0.48639801
820,Roland Garros,2021,Clay,4,1,1,13.0,49.0,14.0,0,16.0,256.0,34.5,1,0,0,1,3,7pt,1.0,1,1.0,1.0
826,Roland Garros,2021,Clay,5,0,1,59.0,13.0,14.0,0,13.5,182.25,31.0,0,0,0,0,1,7pt,0.8575000166893005,1,0.69012758,0.21231112
826,Roland Garros,2021,Clay,5,1,1,13.0,59.0,14.0,0,16.0,256.0,34.5,1,0,0,1,1,7pt,1.0,1,1.0,1.0
827,Roland Garros,2021,Clay,5,0,0,19.5,3.5,7.0,0,14.5,210.25,32.5,0,0,0,1,2,7pt,0.25,0,0.26305574,0.31848744
827,Roland Garros,2021,Clay,5,1,1,3.5,19.5,1.0,0,13.5,182.25,34.5,1,0,0,0,2,7pt,1.0,1,1.0,1.0
829,Roland Garros,2021,Clay,6,1,1,3.5,13.0,1.0,0,13.5,182.25,34.5,0,0,0,1,1,7pt,1.0,1,1.0,1.0
829,Roland Garros,2021,Clay,6,1,1,13.0,3.5,14.0,0,16.0,256.0,34.5,1,0,0,0,1,7pt,1.0,1,1.0,1.0
829,Roland Garros,2021,Clay,6,1,1,3.5,13.0,1.0,0,13.5,182.25,34.5,0,0,0,0,2,7pt,1.0,1,1.0,1.0
829,Roland Garros,2021,Clay,6,1,1,13.0,3.5,14.0,0,16.0,256.0,34.5,1,0,0,1,2,7pt,1.0,1,1.0,1.0
830,Roland Garros,2021,Clay,7,1,1,89.0,13.0,18.0,0,10.5,110.25,29.0,0,0,0,0,2,7pt,1.0,1,1.0,1.0
830,Roland Garros,2021,Clay,7,1,1,13.0,89.0,14.0,0,16.0,256.0,34.5,1,0,0,1,2,7pt,1.0,1,1.0,1.0
833,US Open,2021,Hard,2,0,0,32.0,131.0,8.0,0,14.0,196.0,34.5,0,0,0,1,1,7pt,0.25,0,0.1605742,0.27577949
833,US Open,2021,Hard,2,1,1,131.0,32.0,70.0,0,12.0,144.0,33.0,1,0,0,0,1,7pt,1.0,1,1.0,1.0
833,US Open,2021,Hard,2,0,0,32.0,131.0,8.0,0,14.0,196.0,34.5,0,0,0,0,3,7pt,0.25,0,0.1605742,0.27577949
833,US Open,2021,Hard,2,1,1,131.0,32.0,70.0,0,12.0,144.0,33.0,1,0,0,1,3,7pt,1.0,1,1.0,1.0
834,US Open,2021,Hard,2,0,0,90.5,30.5,65.0,0,8.0,64.0,28.5,0,0,0,0,1,7pt,0.5,0,0.45963496000000004,0.48837119
834,US Open,2021,Hard,2,0,0,30.5,90.5,7.0,0,18.5,342.25,37.0,1,0,0,1,1,7pt,0.5,0,0.42751545,0.38409811
835,US Open,2021,Hard,2,1,1,261.5,26.5,41.0,0,7.0,49.0,25.0,0,0,0,1,2,7pt,1.0,1,1.0,1.0
835,US Open,2021,Hard,2,0,0,26.5,261.5,7.0,0,13.0,169.0,34.0,1,0,0,0,2,7pt,0.0,0,0.01747262000000005,0.089177907
835,US Open,2021,Hard,2,1,1,261.5,26.5,41.0,0,7.0,49.0,25.0,0,0,0,0,3,7pt,1.0,1,1.0,1.0
835,US Open,2021,Hard,2,0,0,26.5,261.5,7.0,0,13.0,169.0,34.0,1,0,0,1,3,7pt,0.0,0,0.01747262000000005,0.089177907
837,US Open,2021,Hard,2,0,0,372.0,134.0,612.0,0,5.0,25.0,27.5,0,0,0,0,2,7pt,0.4625000059604645,0,0.47926670000000005,0.54369944
837,US Open,2021,Hard,2,0,0,134.0,372.0,80.0,0,17.0,289.0,34.5,1,0,0,1,2,7pt,0.42500001192092896,0,0.36571062,0.44801986
842,US Open,2021,Hard,2,1,1,221.5,30.0,31.0,0,9.5,90.25,28.0,0,0,0,0,3,7pt,1.0,1,1.0,1.0
842,US Open,2021,Hard,2,0,0,30.0,221.5,36.0,0,17.5,306.25,38.5,1,0,0,1,3,7pt,0.0,0,0.19741821000000004,0.11366156
843,US Open,2021,Hard,2,0,0,19.5,124.5,1.0,0,21.0,441.0,38.5,0,0,0,0,1,7pt,0.25,0,0.14773548000000003,0.23890541
843,US Open,2021,Hard,2,1,1,124.5,19.5,23.0,0,7.0,49.0,28.5,1,0,0,1,1,7pt,1.0,1,1.0,1.0
844,US Open,2021,Hard,2,1,1,60.5,53.5,31.0,0,13.0,169.0,31.5,0,0,0,0,3,7pt,1.0,1,1.0,1.0
844,US Open,2021,Hard,2,0,1,53.5,60.5,19.0,0,9.0,81.0,33.0,1,0,0,1,3,7pt,0.8875000476837158,1,0.62949178,0.69089741
845,US Open,2021,Hard,2,0,0,341.5,55.5,369.0,0,8.0,64.0,25.5,0,0,0,0,1,7pt,0.25,0,0.22213411000000005,0.036165025
845,US Open,2021,Hard,2,1,1,55.5,341.5,27.0,0,10.0,100.0,28.5,1,0,0,1,1,7pt,1.0,1,1.0,1.0
845,US Open,2021,Hard,2,0,0,341.5,55.5,369.0,0,8.0,64.0,25.5,0,0,0,0,2,7pt,0.25,0,0.22213411000000005,0.036165025
845,US Open,2021,Hard,2,1,1,55.5,341.5,27.0,0,10.0,100.0,28.5,1,0,0,1,2,7pt,1.0,1,1.0,1.0
846,US Open,2021,Hard,2,1,1,9.0,82.5,2.0,0,13.5,182.25,34.5,0,0,0,1,2,7pt,1.0,1,1.0,1.0
846,US Open,2021,Hard,2,1,1,82.5,9.0,53.0,0,7.0,49.0,25.0,1,0,0,0,2,7pt,1.0,1,1.0,1.0
848,US Open,2021,Hard,2,1,1,43.5,169.5,5.0,0,19.5,380.25,38.0,0,0,0,1,2,7pt,1.0,1,1.0,1.0
848,US Open,2021,Hard,2,0,1,169.5,43.5,209.0,0,15.5,240.25,34.0,1,0,0,0,2,7pt,0.0,1,0.07040071000000003,0.076125205
850,US Open,2021,Hard,2,0,0,125.5,25.5,91.0,0,13.0,169.0,31.0,0,0,0,0,1,7pt,0.4099999964237213,0,0.45938593000000005,0.46585411
850,US Open,2021,Hard,2,1,1,25.5,125.5,19.0,0,15.5,240.25,36.0,1,0,0,1,1,7pt,1.0,1,1.0,1.0
852,US Open,2021,Hard,2,0,0,147.5,46.0,5.0,0,17.0,289.0,34.0,0,0,0,1,1,7pt,0.5,0,0.41408455,0.50624382
852,US Open,2021,Hard,2,0,1,46.0,147.5,12.0,0,13.5,182.25,31.0,1,0,0,0,1,7pt,0.8575000166893005,1,0.69012758,0.21231112
861,US Open,2021,Hard,2,0,0,61.5,46.0,71.0,0,14.0,196.0,32.0,0,0,0,1,2,7pt,0.5,0,0.49140024000000004,0.34431696
861,US Open,2021,Hard,2,1,1,46.0,61.5,18.0,0,15.5,240.25,34.5,1,0,0,0,2,7pt,1.0,1,1.0,1.0
864,US Open,2021,Hard,3,0,0,30.5,131.0,7.0,0,18.5,342.25,37.0,0,0,0,0,1,7pt,0.5,0,0.42751545,0.38409811
864,US Open,2021,Hard,3,1,1,131.0,30.5,70.0,0,12.0,144.0,33.0,1,0,0,1,1,7pt,1.0,1,1.0,1.0
865,US Open,2021,Hard,3,0,0,26.5,58.0,7.0,0,13.0,169.0,34.0,0,0,0,0,3,7pt,0.0,0,0.01747262000000005,0.089177907
865,US Open,2021,Hard,3,0,1,58.0,26.5,8.0,0,18.0,324.0,35.5,1,0,0,1,3,7pt,1.0,1,0.7828256,0.81417686
866,US Open,2021,Hard,3,0,0,134.0,15.5,80.0,0,17.0,289.0,34.5,0,0,0,0,1,7pt,0.42500001192092896,0,0.36571062,0.44801986
866,US Open,2021,Hard,3,0,0,15.5,134.0,5.0,0,14.5,210.25,32.5,1,0,0,1,1,7pt,0.25,0,0.26305574,0.31848744
866,US Open,2021,Hard,3,0,0,134.0,15.5,80.0,0,17.0,289.0,34.5,0,0,0,0,2,7pt,0.42500001192092896,0,0.36571062,0.44801986
866,US Open,2021,Hard,3,0,0,15.5,134.0,5.0,0,14.5,210.25,32.5,1,0,0,1,2,7pt,0.25,0,0.26305574,0.31848744
869,US Open,2021,Hard,3,0,1,53.5,124.5,19.0,0,9.0,81.0,33.0,0,0,0,0,1,7pt,0.8875000476837158,1,0.62949178,0.69089741
869,US Open,2021,Hard,3,1,1,124.5,53.5,23.0,0,7.0,49.0,28.5,1,0,0,1,1,7pt,1.0,1,1.0,1.0
870,US Open,2021,Hard,3,1,1,82.5,55.5,53.0,0,7.0,49.0,25.0,0,0,0,0,2,7pt,1.0,1,1.0,1.0
870,US Open,2021,Hard,3,1,1,55.5,82.5,27.0,0,10.0,100.0,28.5,1,0,0,1,2,7pt,1.0,1,1.0,1.0
871,US Open,2021,Hard,3,0,1,169.5,19.5,209.0,0,15.5,240.25,34.0,0,0,0,0,1,7pt,0.0,1,0.07040071000000003,0.076125205
871,US Open,2021,Hard,3,0,0,19.5,169.5,11.0,0,13.0,169.0,34.5,1,0,0,1,1,7pt,0.25,0,0.25488323,0.23032315
872,US Open,2021,Hard,3,1,1,114.5,25.5,13.0,0,5.5,30.25,28.0,0,0,0,0,2,7pt,1.0,1,1.0,1.0
872,US Open,2021,Hard,3,1,1,25.5,114.5,19.0,0,15.5,240.25,36.0,1,0,0,1,2,7pt,1.0,1,1.0,1.0
874,US Open,2021,Hard,3,0,0,47.0,6.0,8.0,0,14.0,196.0,32.0,0,0,0,1,2,7pt,0.25,0,0.16776943,0.37132788
874,US Open,2021,Hard,3,1,1,6.0,47.0,6.0,0,16.0,256.0,34.5,1,0,0,0,2,7pt,1.0,1,1.0,1.0
874,US Open,2021,Hard,3,0,0,47.0,6.0,8.0,0,14.0,196.0,32.0,0,0,0,0,3,7pt,0.25,0,0.16776943,0.37132788
874,US Open,2021,Hard,3,1,1,6.0,47.0,6.0,0,16.0,256.0,34.5,1,0,0,1,3,7pt,1.0,1,1.0,1.0
875,US Open,2021,Hard,3,1,1,483.5,16.5,577.0,0,6.5,42.25,26.5,0,0,0,0,1,7pt,1.0,1,1.0,1.0
875,US Open,2021,Hard,3,0,0,16.5,483.5,11.0,0,18.5,342.25,37.0,1,0,0,1,1,7pt,0.25,0,0.25448393999999996,0.44476289
877,US Open,2021,Hard,3,1,1,31.5,65.5,1.0,0,7.5,56.25,29.0,0,0,0,0,3,7pt,1.0,1,1.0,1.0
877,US Open,2021,Hard,3,0,0,65.5,31.5,17.0,0,23.0,529.0,33.5,1,0,0,1,3,7pt,0.5,0,0.31663655999999996,0.22264028
878,US Open,2021,Hard,3,1,1,46.0,4.5,18.0,0,15.5,240.25,34.5,0,0,0,1,1,7pt,1.0,1,1.0,1.0
878,US Open,2021,Hard,3,0,1,4.5,46.0,1.0,0,18.0,324.0,35.5,1,0,0,0,1,7pt,1.0,1,0.68292937,0.71418059
878,US Open,2021,Hard,3,1,1,46.0,4.5,18.0,0,15.5,240.25,34.5,0,0,0,0,3,7pt,1.0,1,1.0,1.0
878,US Open,2021,Hard,3,0,1,4.5,46.0,1.0,0,18.0,324.0,35.5,1,0,0,1,3,7pt,1.0,1,0.68292937,0.71418059
880,US Open,2021,Hard,4,0,1,58.0,15.5,8.0,0,18.0,324.0,35.5,0,0,0,0,2,7pt,1.0,1,0.7828256,0.81417686
880,US Open,2021,Hard,4,0,0,15.5,58.0,5.0,0,14.5,210.25,32.5,1,0,0,1,2,7pt,0.25,0,0.26305574,0.31848744
881,US Open,2021,Hard,4,0,0,30.0,6.5,36.0,0,17.5,306.25,38.5,0,0,0,1,1,7pt,0.0,0,0.19741821000000004,0.11366156
881,US Open,2021,Hard,4,0,1,6.5,30.0,1.0,0,12.0,144.0,33.0,1,0,0,0,1,7pt,0.8875000476837158,1,0.62949178,0.69089741
881,US Open,2021,Hard,4,0,0,30.0,6.5,36.0,0,17.5,306.25,38.5,0,0,0,0,3,7pt,0.0,0,0.19741821000000004,0.11366156
881,US Open,2021,Hard,4,0,1,6.5,30.0,1.0,0,12.0,144.0,33.0,1,0,0,1,3,7pt,0.8875000476837158,1,0.62949178,0.69089741
885,US Open,2021,Hard,4,0,0,197.0,16.5,110.0,0,4.0,16.0,24.5,0,0,0,0,1,7pt,0.0,0,0.26292932,0.34853053
885,US Open,2021,Hard,4,0,0,16.5,197.0,11.0,0,18.5,342.25,37.0,1,0,0,1,1,7pt,0.25,0,0.25448393999999996,0.44476289
885,US Open,2021,Hard,4,0,0,197.0,16.5,110.0,0,4.0,16.0,24.5,0,0,0,1,2,7pt,0.0,0,0.26292932,0.34853053
885,US Open,2021,Hard,4,0,0,16.5,197.0,11.0,0,18.5,342.25,37.0,1,0,0,0,2,7pt,0.25,0,0.25448393999999996,0.44476289
887,US Open,2021,Hard,5,0,0,15.5,131.0,5.0,0,14.5,210.25,32.5,0,0,0,0,2,7pt,0.25,0,0.26305574,0.31848744
887,US Open,2021,Hard,5,1,1,131.0,15.5,70.0,0,12.0,144.0,33.0,1,0,0,1,2,7pt,1.0,1,1.0,1.0
888,US Open,2021,Hard,5,1,1,55.5,6.5,27.0,0,10.0,100.0,28.5,0,0,0,0,1,7pt,1.0,1,1.0,1.0
888,US Open,2021,Hard,5,0,1,6.5,55.5,1.0,0,12.0,144.0,33.0,1,0,0,1,1,7pt,0.8875000476837158,1,0.62949178,0.69089741
888,US Open,2021,Hard,5,1,1,55.5,6.5,27.0,0,10.0,100.0,28.5,0,0,0,1,2,7pt,1.0,1,1.0,1.0
888,US Open,2021,Hard,5,0,1,6.5,55.5,1.0,0,12.0,144.0,33.0,1,0,0,0,2,7pt,0.8875000476837158,1,0.62949178,0.69089741
888,US Open,2021,Hard,5,1,1,55.5,6.5,27.0,0,10.0,100.0,28.5,0,0,0,0,3,7pt,1.0,1,1.0,1.0
888,US Open,2021,Hard,5,0,1,6.5,55.5,1.0,0,12.0,144.0,33.0,1,0,0,1,3,7pt,0.8875000476837158,1,0.62949178,0.69089741
890,US Open,2021,Hard,5,0,1,4.5,16.5,1.0,0,18.0,324.0,35.5,0,0,0,1,1,7pt,1.0,1,0.68292937,0.71418059
890,US Open,2021,Hard,5,0,0,16.5,4.5,11.0,0,18.5,342.25,37.0,1,0,0,0,1,7pt,0.25,0,0.25448393999999996,0.44476289
891,US Open,2021,Hard,6,1,1,131.0,6.5,70.0,0,12.0,144.0,33.0,0,0,0,0,1,7pt,1.0,1,1.0,1.0
891,US Open,2021,Hard,6,0,1,6.5,131.0,1.0,0,12.0,144.0,33.0,1,0,0,1,1,7pt,0.8875000476837158,1,0.62949178,0.69089741
895,Wimbledon,2021,Grass,2,1,1,712.5,79.0,563.0,0,1.0,1.0,23.5,0,0,0,0,1,7pt,1.0,1,1.0,1.0
895,Wimbledon,2021,Grass,2,1,1,79.0,712.5,22.0,0,9.0,81.0,26.5,1,0,0,1,1,7pt,1.0,1,1.0,1.0
896,Wimbledon,2021,Grass,2,0,0,656.5,51.0,501.0,0,9.0,81.0,27.5,0,0,0,0,1,7pt,0.0,0,0.023107710000000004,0.11067171
896,Wimbledon,2021,Grass,2,0,1,51.0,656.5,12.0,0,13.5,182.25,31.0,1,0,0,1,1,7pt,0.8575000166893005,1,0.69012758,0.21231112
899,Wimbledon,2021,Grass,2,1,1,247.5,856.0,301.0,0,12.0,144.0,30.0,0,0,0,0,1,7pt,1.0,1,1.0,1.0
899,Wimbledon,2021,Grass,2,1,1,856.0,247.5,374.0,0,1.0,1.0,22.0,1,0,0,1,1,7pt,1.0,1,1.0,1.0
900,Wimbledon,2021,Grass,2,0,0,64.5,63.5,79.0,0,17.5,306.25,38.5,0,0,0,0,1,7pt,1.0,0,0.45713055,0.27157173
900,Wimbledon,2021,Grass,2,1,1,63.5,64.5,57.0,0,19.0,361.0,34.0,1,0,0,1,1,7pt,1.0,1,1.0,1.0
904,Wimbledon,2021,Grass,2,1,1,841.0,64.0,608.0,0,1.0,1.0,29.0,0,0,0,0,1,7pt,1.0,1,1.0,1.0
904,Wimbledon,2021,Grass,2,1,1,64.0,841.0,6.0,0,8.0,64.0,30.5,1,0,0,1,1,7pt,1.0,1,1.0,1.0
905,Wimbledon,2021,Grass,2,1,1,135.5,37.5,223.0,0,9.0,81.0,30.0,0,0,0,0,2,7pt,1.0,1,1.0,1.0
905,Wimbledon,2021,Grass,2,1,1,37.5,135.5,11.0,0,7.0,49.0,25.0,1,0,0,1,2,7pt,1.0,1,1.0,1.0
906,Wimbledon,2021,Grass,2,0,0,27.5,71.5,23.0,0,11.0,121.0,34.0,0,0,0,0,2,7pt,0.5,0,0.46288823999999995,0.47746238
906,Wimbledon,2021,Grass,2,1,1,71.5,27.5,3.0,0,12.0,144.0,33.0,1,0,0,1,2,7pt,1.0,1,1.0,1.0
907,Wimbledon,2021,Grass,2,0,0,61.5,52.5,27.0,0,11.0,121.0,28.0,0,0,0,0,2,7pt,0.25,0,0.29058516,0.4198128
907,Wimbledon,2021,Grass,2,0,1,52.5,61.5,1.0,0,11.5,132.25,32.0,1,0,0,1,2,7pt,1.0,1,0.73746499,0.77297723
911,Wimbledon,2021,Grass,2,1,1,224.0,163.0,152.0,0,3.5,12.25,22.0,0,0,0,0,2,7pt,1.0,1,1.0,1.0
911,Wimbledon,2021,Grass,2,0,0,163.0,224.0,18.0,0,5.5,30.25,25.0,1,0,0,1,2,7pt,0.25,0,0.30475241,0.4400456
913,Wimbledon,2021,Grass,2,0,0,202.5,20.5,37.0,1,7.5,56.25,29.0,0,0,0,0,2,7pt,0.5,0,0.41304898,0.37004793
913,Wimbledon,2021,Grass,2,0,0,20.5,202.5,1.0,0,14.5,210.25,32.5,1,0,0,1,2,7pt,0.25,0,0.26305574,0.31848744
915,Wimbledon,2021,Grass,2,1,1,130.0,924.5,158.0,0,9.5,90.25,30.5,0,0,0,0,2,7pt,1.0,1,1.0,1.0
915,Wimbledon,2021,Grass,2,0,1,924.5,130.0,1181.0,0,5.0,25.0,23.0,1,0,0,1,2,7pt,0.0,1,0.17875867999999995,0.17926528
918,Wimbledon,2021,Grass,2,0,1,139.5,17.5,105.0,0,15.5,240.25,35.0,0,0,0,1,2,7pt,0.7075000405311584,1,0.52563611,0.60401666
918,Wimbledon,2021,Grass,2,0,0,17.5,139.5,9.0,0,18.5,342.25,37.0,1,0,0,0,2,7pt,0.25,0,0.25448393999999996,0.44476289
919,Wimbledon,2021,Grass,2,0,0,51.5,42.0,5.0,0,17.5,306.25,35.0,0,0,0,1,1,7pt,0.75,0,0.68834653,0.69678515
919,Wimbledon,2021,Grass,2,0,0,42.0,51.5,4.0,0,16.0,256.0,34.0,1,0,0,0,1,7pt,0.10249999910593033,0,0.12153596,0.12945253
920,Wimbledon,2021,Grass,2,0,1,260.5,41.0,291.0,0,13.0,169.0,29.0,0,0,0,1,2,7pt,0.75,1,0.40967065,0.060607448
920,Wimbledon,2021,Grass,2,0,0,41.0,260.5,10.0,0,18.5,342.25,37.0,1,0,0,0,2,7pt,0.5,0,0.42751545,0.38409811
921,Wimbledon,2021,Grass,2,1,1,57.0,24.0,38.0,0,18.0,324.0,38.0,0,0,0,0,1,7pt,1.0,1,1.0,1.0
921,Wimbledon,2021,Grass,2,0,0,24.0,57.0,18.0,0,13.0,169.0,31.0,1,0,0,1,1,7pt,0.0,0,0.16907048000000002,0.29890305
922,Wimbledon,2021,Grass,2,0,0,71.5,35.0,13.0,0,11.5,132.25,29.5,0,0,0,1,1,7pt,0.5,0,0.42751545,0.38409811
922,Wimbledon,2021,Grass,2,0,0,35.0,71.5,24.0,0,13.0,169.0,34.0,1,0,0,0,1,7pt,0.0,0,0.01747262000000005,0.089177907
923,Wimbledon,2021,Grass,2,0,0,93.0,258.0,10.0,0,1.0,1.0,34.0,0,0,0,0,1,7pt,0.25,0,0.14422714999999997,0.15774941
923,Wimbledon,2021,Grass,2,0,0,258.0,93.0,194.0,0,9.5,90.25,29.0,1,0,0,1,1,7pt,0.25,0,0.25888562000000004,0.21177195
930,Wimbledon,2021,Grass,3,1,1,138.5,4.5,99.0,0,10.0,100.0,26.0,0,0,0,0,2,7pt,1.0,1,1.0,1.0
930,Wimbledon,2021,Grass,3,1,1,4.5,138.5,1.0,0,13.5,182.25,34.5,1,0,0,1,2,7pt,1.0,1,1.0,1.0
932,Wimbledon,2021,Grass,3,1,1,71.5,52.5,3.0,0,12.0,144.0,33.0,0,0,0,0,1,7pt,1.0,1,1.0,1.0
932,Wimbledon,2021,Grass,3,0,1,52.5,71.5,1.0,0,11.5,132.25,32.0,1,0,0,1,1,7pt,1.0,1,0.73746499,0.77297723
932,Wimbledon,2021,Grass,3,1,1,71.5,52.5,3.0,0,12.0,144.0,33.0,0,0,0,1,2,7pt,1.0,1,1.0,1.0
932,Wimbledon,2021,Grass,3,0,1,52.5,71.5,1.0,0,11.5,132.25,32.0,1,0,0,0,2,7pt,1.0,1,0.73746499,0.77297723
934,Wimbledon,2021,Grass,3,0,0,8.5,163.0,1.0,0,16.5,272.25,36.0,0,0,0,0,1,7pt,0.5,0,0.33146113,0.31087729
934,Wimbledon,2021,Grass,3,0,0,163.0,8.5,18.0,0,5.5,30.25,25.0,1,0,0,1,1,7pt,0.25,0,0.30475241,0.4400456
935,Wimbledon,2021,Grass,3,0,0,20.5,142.5,1.0,0,14.5,210.25,32.5,0,0,0,0,2,7pt,0.25,0,0.26305574,0.31848744
935,Wimbledon,2021,Grass,3,0,0,142.5,20.5,125.0,0,4.5,20.25,25.0,1,0,0,1,2,7pt,0.75,0,0.47592621999999996,0.286461
936,Wimbledon,2021,Grass,3,0,1,924.5,42.5,1181.0,0,5.0,25.0,23.0,0,0,0,0,1,7pt,0.0,1,0.17875867999999995,0.17926528
936,Wimbledon,2021,Grass,3,0,0,42.5,924.5,25.0,0,23.0,529.0,41.0,1,0,0,1,1,7pt,0.25,0,0.25761979999999995,0.11580224
937,Wimbledon,2021,Grass,3,1,1,42.0,8.5,48.0,0,11.5,132.25,35.0,0,0,0,1,2,7pt,1.0,1,1.0,1.0
937,Wimbledon,2021,Grass,3,0,1,8.5,42.0,3.0,0,18.0,324.0,35.5,1,0,0,0,2,7pt,1.0,1,0.68292937,0.71418059
938,Wimbledon,2021,Grass,3,0,0,17.5,42.0,9.0,0,18.5,342.25,37.0,0,0,0,1,1,7pt,0.25,0,0.25448393999999996,0.44476289
938,Wimbledon,2021,Grass,3,0,0,42.0,17.5,4.0,0,16.0,256.0,34.0,1,0,0,0,1,7pt,0.10249999910593033,0,0.12153596,0.12945253
939,Wimbledon,2021,Grass,3,0,0,24.0,41.0,18.0,0,13.0,169.0,31.0,0,0,0,0,1,7pt,0.0,0,0.16907048000000002,0.29890305
939,Wimbledon,2021,Grass,3,0,0,41.0,24.0,10.0,0,18.5,342.25,37.0,1,0,0,1,1,7pt,0.5,0,0.42751545,0.38409811
942,Wimbledon,2021,Grass,4,0,1,51.0,2.0,12.0,0,13.5,182.25,31.0,0,0,0,0,3,7pt,0.8575000166893005,1,0.69012758,0.21231112
942,Wimbledon,2021,Grass,4,1,1,2.0,51.0,2.0,0,11.5,132.25,30.5,1,0,0,1,3,7pt,1.0,1,1.0,1.0
945,Wimbledon,2021,Grass,4,0,1,52.5,11.5,1.0,0,11.5,132.25,32.0,0,0,0,0,3,7pt,1.0,1,0.73746499,0.77297723
945,Wimbledon,2021,Grass,4,0,1,11.5,52.5,1.0,0,12.0,144.0,33.0,1,0,0,1,3,7pt,0.8875000476837158,1,0.62949178,0.69089741
947,Wimbledon,2021,Grass,4,0,0,42.5,8.5,25.0,0,23.0,529.0,41.0,0,0,0,0,2,7pt,0.25,0,0.25761979999999995,0.11580224
947,Wimbledon,2021,Grass,4,0,1,8.5,42.5,3.0,0,18.0,324.0,35.5,1,0,0,1,2,7pt,1.0,1,0.68292937,0.71418059
947,Wimbledon,2021,Grass,4,0,0,42.5,8.5,25.0,0,23.0,529.0,41.0,0,0,0,0,3,7pt,0.25,0,0.25761979999999995,0.11580224
947,Wimbledon,2021,Grass,4,0,1,8.5,42.5,3.0,0,18.0,324.0,35.5,1,0,0,1,3,7pt,1.0,1,0.68292937,0.71418059
949,Wimbledon,2021,Grass,4,1,1,47.5,35.0,21.0,0,15.5,240.25,34.5,0,0,0,1,1,7pt,1.0,1,1.0,1.0
949,Wimbledon,2021,Grass,4,0,0,35.0,47.5,24.0,0,13.0,169.0,34.0,1,0,0,0,1,7pt,0.0,0,0.01747262000000005,0.089177907
949,Wimbledon,2021,Grass,4,1,1,47.5,35.0,21.0,0,15.5,240.25,34.5,0,0,0,1,3,7pt,1.0,1,1.0,1.0
949,Wimbledon,2021,Grass,4,0,0,35.0,47.5,24.0,0,13.0,169.0,34.0,1,0,0,0,3,7pt,0.0,0,0.01747262000000005,0.089177907
949,Wimbledon,2021,Grass,4,1,1,47.5,35.0,21.0,0,15.5,240.25,34.5,0,0,0,0,4,7pt,1.0,1,1.0,1.0
949,Wimbledon,2021,Grass,4,0,0,35.0,47.5,24.0,0,13.0,169.0,34.0,1,0,0,1,4,7pt,0.0,0,0.01747262000000005,0.089177907
950,Wimbledon,2021,Grass,5,0,0,18.0,2.0,2.0,0,21.0,441.0,38.5,0,0,0,0,4,7pt,0.25,0,0.14773548000000003,0.23890541
950,Wimbledon,2021,Grass,5,1,1,2.0,18.0,2.0,0,11.5,132.25,30.5,1,0,0,1,4,7pt,1.0,1,1.0,1.0
951,Wimbledon,2021,Grass,5,1,1,4.5,11.5,1.0,0,13.5,182.25,34.5,0,0,0,0,3,7pt,1.0,1,1.0,1.0
951,Wimbledon,2021,Grass,5,0,1,11.5,4.5,1.0,0,12.0,144.0,33.0,1,0,0,1,3,7pt,0.8875000476837158,1,0.62949178,0.69089741
953,Wimbledon,2021,Grass,5,0,0,35.0,41.0,24.0,0,13.0,169.0,34.0,0,0,0,0,1,7pt,0.0,0,0.01747262000000005,0.089177907
953,Wimbledon,2021,Grass,5,0,0,41.0,35.0,10.0,0,18.5,342.25,37.0,1,0,0,1,1,7pt,0.5,0,0.42751545,0.38409811
954,Wimbledon,2021,Grass,6,0,1,11.5,2.0,1.0,0,12.0,144.0,33.0,0,0,0,0,1,7pt,0.8875000476837158,1,0.62949178,0.69089741
954,Wimbledon,2021,Grass,6,1,1,2.0,11.5,2.0,0,11.5,132.25,30.5,1,0,0,1,1,7pt,1.0,1,1.0,1.0
954,Wimbledon,2021,Grass,6,0,1,11.5,2.0,1.0,0,12.0,144.0,33.0,0,0,0,1,3,7pt,0.8875000476837158,1,0.62949178,0.69089741
954,Wimbledon,2021,Grass,6,1,1,2.0,11.5,2.0,0,11.5,132.25,30.5,1,0,0,0,3,7pt,1.0,1,1.0,1.0
954,Wimbledon,2021,Grass,6,0,1,11.5,2.0,1.0,0,12.0,144.0,33.0,0,0,0,0,4,7pt,0.8875000476837158,1,0.62949178,0.69089741
954,Wimbledon,2021,Grass,6,1,1,2.0,11.5,2.0,0,11.5,132.25,30.5,1,0,0,1,4,7pt,1.0,1,1.0,1.0
955,Wimbledon,2021,Grass,6,0,0,41.0,8.5,10.0,0,18.5,342.25,37.0,0,0,0,0,3,7pt,0.5,0,0.42751545,0.38409811
955,Wimbledon,2021,Grass,6,0,1,8.5,41.0,3.0,0,18.0,324.0,35.5,1,0,0,1,3,7pt,1.0,1,0.68292937,0.71418059
956,Wimbledon,2021,Grass,7,0,1,8.5,2.0,3.0,0,18.0,324.0,35.5,0,0,0,0,2,7pt,1.0,1,0.68292937,0.71418059
956,Wimbledon,2021,Grass,7,1,1,2.0,8.5,2.0,0,11.5,132.25,30.5,1,0,0,1,2,7pt,1.0,1,1.0,1.0
957,Australian Open,2022,Hard,2,1,1,199.5,1.5,57.0,0,14.5,210.25,32.0,0,1,1,0,2,7pt,1.0,1,1.0,1.0
957,Australian Open,2022,Hard,2,1,1,1.5,199.5,1.0,0,12.5,156.25,31.5,1,1,1,1,2,7pt,1.0,1,1.0,1.0
961,Australian Open,2022,Hard,2,1,1,29.5,86.5,7.0,0,8.5,72.25,30.0,0,1,1,0,1,7pt,1.0,1,1.0,1.0
961,Australian Open,2022,Hard,2,1,1,86.5,29.5,5.0,0,6.0,36.0,29.0,1,1,1,1,1,7pt,1.0,1,1.0,1.0
964,Australian Open,2022,Hard,2,1,1,134.5,16.5,71.0,0,12.5,156.25,32.0,0,1,1,0,2,7pt,1.0,1,1.0,1.0
964,Australian Open,2022,Hard,2,0,0,16.5,134.5,3.0,0,12.0,144.0,35.0,1,1,1,1,2,7pt,0.5,0,0.46288823999999995,0.47746238
968,Australian Open,2022,Hard,2,0,0,33.5,209.5,7.0,0,14.5,210.25,36.5,0,1,1,1,1,7pt,0.25,0,0.1605742,0.27577949
968,Australian Open,2022,Hard,2,1,1,209.5,33.5,277.0,0,11.5,132.25,31.0,1,1,1,0,1,7pt,1.0,1,1.0,1.0
968,Australian Open,2022,Hard,2,0,0,33.5,209.5,7.0,0,14.5,210.25,36.5,0,1,1,0,2,7pt,0.25,0,0.1605742,0.27577949
968,Australian Open,2022,Hard,2,1,1,209.5,33.5,277.0,0,11.5,132.25,31.0,1,1,1,1,2,7pt,1.0,1,1.0,1.0
968,Australian Open,2022,Hard,2,0,0,33.5,209.5,7.0,0,14.5,210.25,36.5,0,1,1,0,3,7pt,0.25,0,0.1605742,0.27577949
968,Australian Open,2022,Hard,2,1,1,209.5,33.5,277.0,0,11.5,132.25,31.0,1,1,1,1,3,7pt,1.0,1,1.0,1.0
969,Australian Open,2022,Hard,2,0,1,41.5,27.5,13.0,0,19.0,361.0,36.5,0,1,1,0,1,7pt,1.0,1,0.7828256,0.81417686
969,Australian Open,2022,Hard,2,1,1,27.5,41.5,27.0,0,10.5,110.25,31.0,1,1,1,1,1,7pt,1.0,1,1.0,1.0
970,Australian Open,2022,Hard,2,1,1,550.5,59.5,299.0,0,4.0,16.0,27.0,0,1,1,0,1,7pt,1.0,1,1.0,1.0
970,Australian Open,2022,Hard,2,1,1,59.5,550.5,43.0,0,13.0,169.0,33.5,1,1,1,1,1,7pt,1.0,1,1.0,1.0
970,Australian Open,2022,Hard,2,1,1,550.5,59.5,299.0,0,4.0,16.0,27.0,0,1,1,0,2,7pt,1.0,1,1.0,1.0
970,Australian Open,2022,Hard,2,1,1,59.5,550.5,43.0,0,13.0,169.0,33.5,1,1,1,1,2,7pt,1.0,1,1.0,1.0
973,Australian Open,2022,Hard,2,1,1,18.0,56.0,26.0,0,19.0,361.0,38.0,0,1,1,0,1,7pt,1.0,1,1.0,1.0
973,Australian Open,2022,Hard,2,0,0,56.0,18.0,28.0,0,20.5,420.25,38.5,1,1,1,1,1,7pt,0.10249999910593033,0,0.10970849000000005,0.061906781
975,Australian Open,2022,Hard,2,1,1,951.0,282.5,1164.0,1,6.0,36.0,24.0,0,1,1,0,3,7pt,1.0,1,1.0,1.0
975,Australian Open,2022,Hard,2,0,0,282.5,951.0,243.0,0,9.5,90.25,26.0,1,1,1,1,3,7pt,0.25,0,0.18971008,0.3167223
977,Australian Open,2022,Hard,2,0,0,40.5,38.0,25.0,0,18.5,342.25,37.5,0,1,1,0,1,7pt,0.75,0,0.44548327,0.26302764
977,Australian Open,2022,Hard,2,0,0,38.0,40.5,22.0,0,14.0,196.0,35.0,1,1,1,1,1,7pt,0.0,0,0.01747262000000005,0.089177907
979,Australian Open,2022,Hard,2,0,0,63.0,44.5,2.0,0,15.0,225.0,36.5,0,1,1,0,1,7pt,0.032499998807907104,0,0.19565874000000005,0.21997957
979,Australian Open,2022,Hard,2,1,1,44.5,63.0,21.0,0,11.0,121.0,29.5,1,1,1,1,1,7pt,1.0,1,1.0,1.0
980,Australian Open,2022,Hard,2,0,1,232.0,10.0,64.0,1,6.0,36.0,24.0,0,1,1,0,2,7pt,0.0,1,0.17875867999999995,0.17926528
980,Australian Open,2022,Hard,2,1,1,10.0,232.0,0.0,0,14.5,210.25,35.5,1,1,1,1,2,7pt,1.0,1,1.0,1.0
986,Australian Open,2022,Hard,2,0,0,43.5,144.5,1.0,0,19.0,361.0,42.0,0,1,1,0,2,7pt,0.0,0,0.15970169999999995,0.12863554
986,Australian Open,2022,Hard,2,0,0,144.5,43.5,15.0,0,14.0,196.0,37.0,1,1,1,1,2,7pt,0.25,0,0.22773242000000005,0.040184867
989,Australian Open,2022,Hard,3,1,1,1.5,346.5,1.0,0,12.5,156.25,31.5,0,1,1,0,1,7pt,1.0,1,1.0,1.0
989,Australian Open,2022,Hard,3,1,1,346.5,1.5,175.0,0,9.0,81.0,26.5,1,1,1,1,1,7pt,1.0,1,1.0,1.0
990,Australian Open,2022,Hard,3,1,1,86.5,43.0,35.0,0,9.5,90.25,30.0,0,1,1,0,1,7pt,1.0,1,1.0,1.0
990,Australian Open,2022,Hard,3,0,1,43.0,86.5,8.0,0,12.5,156.25,33.0,1,1,1,1,1,7pt,1.0,1,0.73746499,0.77297723
991,Australian Open,2022,Hard,3,1,1,86.5,877.5,5.0,0,6.0,36.0,29.0,0,1,1,1,1,7pt,1.0,1,1.0,1.0
991,Australian Open,2022,Hard,3,1,1,877.5,86.5,585.0,0,11.0,121.0,28.5,1,1,1,0,1,7pt,1.0,1,1.0,1.0
994,Australian Open,2022,Hard,3,1,1,209.5,110.0,277.0,0,11.5,132.25,31.0,0,1,1,0,2,7pt,1.0,1,1.0,1.0
994,Australian Open,2022,Hard,3,1,1,110.0,209.5,60.0,0,12.5,156.25,30.5,1,1,1,1,2,7pt,1.0,1,1.0,1.0
995,Australian Open,2022,Hard,3,1,1,59.5,27.5,43.0,0,13.0,169.0,33.5,0,1,1,1,2,7pt,1.0,1,1.0,1.0
995,Australian Open,2022,Hard,3,1,1,27.5,59.5,27.0,0,10.5,110.25,31.0,1,1,1,0,2,7pt,1.0,1,1.0,1.0
997,Australian Open,2022,Hard,3,0,0,56.0,934.0,28.0,0,20.5,420.25,38.5,0,1,1,0,3,7pt,0.10249999910593033,0,0.10970849000000005,0.061906781
997,Australian Open,2022,Hard,3,0,0,934.0,56.0,470.0,1,7.5,56.25,27.0,1,1,1,1,3,7pt,0.0,0,0.15215975000000004,0.19234698
1001,Australian Open,2022,Hard,3,0,0,68.5,17.5,11.0,0,10.5,110.25,31.0,0,1,1,1,1,7pt,0.0,0,0.30666101,0.4028565
1001,Australian Open,2022,Hard,3,0,0,17.5,68.5,3.0,0,19.5,380.25,38.0,1,1,1,0,1,7pt,0.25,0,0.25448393999999996,0.44476289
1001,Australian Open,2022,Hard,3,0,0,68.5,17.5,11.0,0,10.5,110.25,31.0,0,1,1,0,2,7pt,0.0,0,0.30666101,0.4028565
1001,Australian Open,2022,Hard,3,0,0,17.5,68.5,3.0,0,19.5,380.25,38.0,1,1,1,1,2,7pt,0.25,0,0.25448393999999996,0.44476289
1002,Australian Open,2022,Hard,3,0,0,18.5,59.0,11.0,0,21.0,441.0,38.0,0,1,1,0,1,7pt,0.25,0,0.39582883999999996,0.28566164
1002,Australian Open,2022,Hard,3,1,1,59.0,18.5,68.0,0,18.5,342.25,36.0,1,1,1,1,1,7pt,1.0,1,1.0,1.0
1003,Australian Open,2022,Hard,3,0,0,144.5,772.5,15.0,0,14.0,196.0,37.0,0,1,1,0,1,7pt,0.25,0,0.22773242000000005,0.040184867
1003,Australian Open,2022,Hard,3,1,1,772.5,144.5,413.0,0,1.0,1.0,23.5,1,1,1,1,1,7pt,1.0,1,1.0,1.0
1010,Australian Open,2022,Hard,4,0,0,38.0,44.5,22.0,0,14.0,196.0,35.0,0,1,1,0,1,7pt,0.0,0,0.01747262000000005,0.089177907
1010,Australian Open,2022,Hard,4,1,1,44.5,38.0,21.0,0,11.0,121.0,29.5,1,1,1,1,1,7pt,1.0,1,1.0,1.0
1011,Australian Open,2022,Hard,4,0,0,17.5,59.0,3.0,0,19.5,380.25,38.0,0,1,1,0,2,7pt,0.25,0,0.25448393999999996,0.44476289
1011,Australian Open,2022,Hard,4,1,1,59.0,17.5,68.0,0,18.5,342.25,36.0,1,1,1,1,2,7pt,1.0,1,1.0,1.0
1014,Australian Open,2022,Hard,5,0,0,10.5,6.5,3.0,0,14.0,196.0,35.5,0,1,1,0,1,7pt,0.25,0,0.25488323,0.23032315
1014,Australian Open,2022,Hard,5,0,1,6.5,10.5,1.0,0,19.0,361.0,36.5,1,1,1,1,1,7pt,1.0,1,0.68292937,0.71418059
1015,Australian Open,2022,Hard,5,0,0,20.5,44.5,1.0,0,12.0,144.0,33.0,0,1,1,0,3,7pt,0.5,0,0.48542041,0.50139606
1015,Australian Open,2022,Hard,5,1,1,44.5,20.5,21.0,0,11.0,121.0,29.5,1,1,1,1,3,7pt,1.0,1,1.0,1.0
1017,Australian Open,2022,Hard,6,0,1,6.5,346.5,1.0,0,19.0,361.0,36.5,0,1,1,0,1,7pt,1.0,1,0.68292937,0.71418059
1017,Australian Open,2022,Hard,6,1,1,346.5,6.5,175.0,0,9.0,81.0,26.5,1,1,1,1,1,7pt,1.0,1,1.0,1.0
1018,Australian Open,2022,Hard,6,0,1,3.5,44.5,1.0,0,13.0,169.0,34.0,0,1,1,0,2,7pt,0.8875000476837158,1,0.62949178,0.69089741
1018,Australian Open,2022,Hard,6,1,1,44.5,3.5,21.0,0,11.0,121.0,29.5,1,1,1,1,2,7pt,1.0,1,1.0,1.0
1025,Roland Garros,2022,Clay,2,0,0,368.5,49.5,577.0,0,7.5,56.25,27.5,0,1,1,0,2,7pt,0.25,0,0.31514198000000004,0.32816222
1025,Roland Garros,2022,Clay,2,0,0,49.5,368.5,31.0,0,7.5,56.25,25.5,1,1,1,1,2,7pt,0.10249999910593033,0,0.13827162999999998,0.14316258
1026,Roland Garros,2022,Clay,2,1,1,68.0,91.0,34.0,0,12.5,156.25,30.5,0,1,1,0,2,7pt,1.0,1,1.0,1.0
1026,Roland Garros,2022,Clay,2,1,1,91.0,68.0,2.0,0,1.0,1.0,29.5,1,1,1,1,2,7pt,1.0,1,1.0,1.0
1027,Roland Garros,2022,Clay,2,0,0,16.0,34.5,2.0,0,14.0,196.0,35.5,0,1,1,0,2,7pt,0.25,0,0.25488323,0.23032315
1027,Roland Garros,2022,Clay,2,0,0,34.5,16.0,5.0,0,14.0,196.0,34.5,1,1,1,1,2,7pt,0.25,0,0.40288400999999996,0.4021906
1029,Roland Garros,2022,Clay,2,1,1,179.5,250.5,53.0,0,12.0,144.0,29.0,0,1,1,0,1,7pt,1.0,1,1.0,1.0
1029,Roland Garros,2022,Clay,2,1,1,250.5,179.5,313.0,0,15.0,225.0,32.5,1,1,1,1,1,7pt,1.0,1,1.0,1.0
1031,Roland Garros,2022,Clay,2,1,1,32.0,112.5,2.0,0,11.0,121.0,29.5,0,1,1,0,2,7pt,1.0,1,1.0,1.0
1031,Roland Garros,2022,Clay,2,1,1,112.5,32.0,61.0,1,8.5,72.25,27.0,1,1,1,1,2,7pt,1.0,1,1.0,1.0
1034,Roland Garros,2022,Clay,2,1,1,358.5,83.0,81.0,0,9.5,90.25,26.5,0,1,1,0,1,7pt,1.0,1,1.0,1.0
1034,Roland Garros,2022,Clay,2,0,1,83.0,358.5,8.0,0,10.0,100.0,28.5,1,1,1,1,1,7pt,0.0,1,0.23402292000000002,0.18278809
1037,Roland Garros,2022,Clay,2,0,0,104.5,154.5,27.0,0,1.0,1.0,35.0,0,1,1,0,3,7pt,0.5,0,0.35501307000000004,0.3145287
1037,Roland Garros,2022,Clay,2,1,1,154.5,104.5,1.0,0,5.5,30.25,26.5,1,1,1,1,3,7pt,1.0,1,1.0,1.0
1038,Roland Garros,2022,Clay,2,0,0,396.0,280.0,502.0,0,14.0,196.0,30.5,0,1,1,1,1,7pt,0.5400000214576721,0,0.68732724,0.70569986
1038,Roland Garros,2022,Clay,2,1,1,280.0,396.0,226.0,0,7.5,56.25,27.0,1,1,1,0,1,7pt,1.0,1,1.0,1.0
1039,Roland Garros,2022,Clay,2,0,0,62.5,27.5,3.0,0,13.0,169.0,34.5,0,1,1,0,1,7pt,0.25,0,0.20034415000000005,0.2143444
1039,Roland Garros,2022,Clay,2,0,0,27.5,62.5,1.0,0,14.5,210.25,36.5,1,1,1,1,1,7pt,0.25,0,0.1605742,0.27577949
1042,Roland Garros,2022,Clay,2,0,0,333.5,120.0,61.0,0,14.0,196.0,30.5,0,1,1,0,1,7pt,0.5,0,0.37758046,0.068870872
1042,Roland Garros,2022,Clay,2,1,1,120.0,333.5,102.0,0,9.5,90.25,28.0,1,1,1,1,1,7pt,1.0,1,1.0,1.0
1043,Roland Garros,2022,Clay,2,1,1,5.5,50.5,3.0,0,17.0,289.0,35.5,0,1,1,1,2,7pt,1.0,1,1.0,1.0
1043,Roland Garros,2022,Clay,2,1,1,50.5,5.5,5.0,0,8.5,72.25,30.0,1,1,1,0,2,7pt,1.0,1,1.0,1.0
1044,Roland Garros,2022,Clay,2,1,1,9.0,320.0,0.0,0,14.5,210.25,35.5,0,1,1,0,1,7pt,1.0,1,1.0,1.0
1044,Roland Garros,2022,Clay,2,0,0,320.0,9.0,424.0,0,15.0,225.0,33.5,1,1,1,1,1,7pt,0.5,0,0.41149276,0.49061128
1044,Roland Garros,2022,Clay,2,1,1,9.0,320.0,0.0,0,14.5,210.25,35.5,0,1,1,0,2,7pt,1.0,1,1.0,1.0
1044,Roland Garros,2022,Clay,2,0,0,320.0,9.0,424.0,0,15.0,225.0,33.5,1,1,1,1,2,7pt,0.5,0,0.41149276,0.49061128
1045,Roland Garros,2022,Clay,2,0,1,46.5,58.5,1.0,0,14.5,210.25,32.0,0,1,1,1,2,7pt,0.8575000166893005,1,0.69012758,0.21231112
1045,Roland Garros,2022,Clay,2,0,0,58.5,46.5,9.0,0,7.5,56.25,28.5,1,1,1,0,2,7pt,0.25,0,0.15654259999999998,0.21429564
1045,Roland Garros,2022,Clay,2,0,1,46.5,58.5,1.0,0,14.5,210.25,32.0,0,1,1,0,3,7pt,0.8575000166893005,1,0.69012758,0.21231112
1045,Roland Garros,2022,Clay,2,0,0,58.5,46.5,9.0,0,7.5,56.25,28.5,1,1,1,1,3,7pt,0.25,0,0.15654259999999998,0.21429564
1052,Roland Garros,2022,Clay,3,0,0,448.0,1.5,648.0,0,11.5,132.25,31.5,0,1,1,0,2,7pt,0.25,0,0.22213411000000005,0.036165025
1052,Roland Garros,2022,Clay,3,0,1,1.5,448.0,1.0,0,13.0,169.0,34.0,1,1,1,1,2,7pt,0.8875000476837158,1,0.62949178,0.69089741
1055,Roland Garros,2022,Clay,3,1,1,91.0,34.5,2.0,0,1.0,1.0,29.5,0,1,1,0,3,7pt,1.0,1,1.0,1.0
1055,Roland Garros,2022,Clay,3,0,0,34.5,91.0,5.0,0,14.0,196.0,34.5,1,1,1,1,3,7pt,0.25,0,0.40288400999999996,0.4021906
1057,Roland Garros,2022,Clay,3,1,1,112.5,89.5,61.0,1,8.5,72.25,27.0,0,1,1,0,1,7pt,1.0,1,1.0,1.0
1057,Roland Garros,2022,Clay,3,0,1,89.5,112.5,11.0,0,6.0,36.0,28.0,1,1,1,1,1,7pt,0.8875000476837158,1,0.62949178,0.69089741
1057,Roland Garros,2022,Clay,3,1,1,112.5,89.5,61.0,1,8.5,72.25,27.0,0,1,1,0,2,7pt,1.0,1,1.0,1.0
1057,Roland Garros,2022,Clay,3,0,1,89.5,112.5,11.0,0,6.0,36.0,28.0,1,1,1,1,2,7pt,0.8875000476837158,1,0.62949178,0.69089741
1058,Roland Garros,2022,Clay,3,0,0,20.5,238.0,3.0,0,19.5,380.25,38.0,0,1,1,0,1,7pt,0.25,0,0.25448393999999996,0.44476289
1058,Roland Garros,2022,Clay,3,1,1,238.0,20.5,194.0,0,6.0,36.0,27.0,1,1,1,1,1,7pt,1.0,1,1.0,1.0
1067,Roland Garros,2022,Clay,3,0,0,52.0,4.0,14.0,0,18.5,342.25,37.5,0,1,1,0,1,7pt,0.0,0,0.15923964999999995,0.15086065
1067,Roland Garros,2022,Clay,3,1,1,4.0,52.0,2.0,0,12.5,156.25,31.5,1,1,1,1,1,7pt,1.0,1,1.0,1.0
1073,Roland Garros,2022,Clay,4,1,1,50.5,55.0,5.0,0,8.5,72.25,30.0,0,1,1,0,3,7pt,1.0,1,1.0,1.0
1073,Roland Garros,2022,Clay,4,0,0,55.0,50.5,6.0,0,1.0,1.0,27.0,1,1,1,1,3,7pt,0.75,0,0.62459007,0.64583308
1074,Roland Garros,2022,Clay,4,0,0,58.5,53.0,9.0,0,7.5,56.25,28.5,0,1,1,0,1,7pt,0.25,0,0.15654259999999998,0.21429564
1074,Roland Garros,2022,Clay,4,0,0,53.0,58.5,18.0,0,10.5,110.25,31.0,1,1,1,1,1,7pt,0.0,0,0.30666101,0.4028565
1075,Roland Garros,2022,Clay,4,1,1,4.0,32.5,2.0,0,12.5,156.25,31.5,0,1,1,1,1,7pt,1.0,1,1.0,1.0
1075,Roland Garros,2022,Clay,4,0,0,32.5,4.0,13.0,0,19.5,380.25,40.5,1,1,1,0,1,7pt,0.0,0,0.19431520000000002,0.13438237
1075,Roland Garros,2022,Clay,4,1,1,4.0,32.5,2.0,0,12.5,156.25,31.5,0,1,1,0,2,7pt,1.0,1,1.0,1.0
1075,Roland Garros,2022,Clay,4,0,0,32.5,4.0,13.0,0,19.5,380.25,40.5,1,1,1,1,2,7pt,0.0,0,0.19431520000000002,0.13438237
1075,Roland Garros,2022,Clay,4,1,1,4.0,32.5,2.0,0,12.5,156.25,31.5,0,1,1,0,3,7pt,1.0,1,1.0,1.0
1075,Roland Garros,2022,Clay,4,0,0,32.5,4.0,13.0,0,19.5,380.25,40.5,1,1,1,1,3,7pt,0.0,0,0.19431520000000002,0.13438237
1076,Roland Garros,2022,Clay,5,0,1,1.5,34.5,1.0,0,13.0,169.0,34.0,0,1,1,0,2,7pt,0.8875000476837158,1,0.62949178,0.69089741
1076,Roland Garros,2022,Clay,5,0,0,34.5,1.5,5.0,0,14.0,196.0,34.5,1,1,1,1,2,7pt,0.25,0,0.40288400999999996,0.4021906
1076,Roland Garros,2022,Clay,5,0,1,1.5,34.5,1.0,0,13.0,169.0,34.0,0,1,1,0,3,7pt,0.8875000476837158,1,0.62949178,0.69089741
1076,Roland Garros,2022,Clay,5,0,0,34.5,1.5,5.0,0,14.0,196.0,34.5,1,1,1,1,3,7pt,0.25,0,0.40288400999999996,0.4021906
1078,Roland Garros,2022,Clay,5,0,0,55.0,27.5,6.0,0,1.0,1.0,27.0,0,1,1,0,1,7pt,0.75,0,0.62459007,0.64583308
1078,Roland Garros,2022,Clay,5,0,0,27.5,55.0,1.0,0,14.5,210.25,36.5,1,1,1,1,1,7pt,0.25,0,0.1605742,0.27577949
1079,Roland Garros,2022,Clay,5,0,0,53.0,32.5,18.0,0,10.5,110.25,31.0,0,1,1,0,3,7pt,0.0,0,0.30666101,0.4028565
1079,Roland Garros,2022,Clay,5,0,0,32.5,53.0,13.0,0,19.5,380.25,40.5,1,1,1,1,3,7pt,0.0,0,0.19431520000000002,0.13438237
1080,Roland Garros,2022,Clay,6,0,1,7.0,34.5,2.0,0,19.0,361.0,36.5,0,1,1,0,2,7pt,1.0,1,0.68292937,0.71418059
1080,Roland Garros,2022,Clay,6,0,0,34.5,7.0,5.0,0,14.0,196.0,34.5,1,1,1,1,2,7pt,0.25,0,0.40288400999999996,0.4021906
1081,Roland Garros,2022,Clay,6,0,0,32.5,27.5,13.0,0,19.5,380.25,40.5,0,1,1,0,3,7pt,0.0,0,0.19431520000000002,0.13438237
1081,Roland Garros,2022,Clay,6,0,0,27.5,32.5,1.0,0,14.5,210.25,36.5,1,1,1,1,3,7pt,0.25,0,0.1605742,0.27577949
1082,Roland Garros,2022,Clay,7,0,0,34.5,27.5,5.0,0,14.0,196.0,34.5,0,1,1,1,1,7pt,0.25,0,0.40288400999999996,0.4021906
1082,Roland Garros,2022,Clay,7,0,0,27.5,34.5,1.0,0,14.5,210.25,36.5,1,1,1,0,1,7pt,0.25,0,0.1605742,0.27577949
1082,Roland Garros,2022,Clay,7,0,0,34.5,27.5,5.0,0,14.0,196.0,34.5,0,1,1,0,2,7pt,0.25,0,0.40288400999999996,0.4021906
1082,Roland Garros,2022,Clay,7,0,0,27.5,34.5,1.0,0,14.5,210.25,36.5,1,1,1,1,2,7pt,0.25,0,0.1605742,0.27577949
1084,US Open,2022,Hard,2,1,1,72.0,3.5,28.0,0,13.0,169.0,34.0,0,1,1,0,2,7pt,1.0,1,1.0,1.0
1084,US Open,2022,Hard,2,0,0,3.5,72.0,1.0,0,12.0,144.0,33.0,1,1,1,1,2,7pt,0.5,0,0.48542041,0.50139606
1085,US Open,2022,Hard,2,1,1,225.0,5.5,430.0,0,8.0,64.0,28.5,0,1,1,0,2,7pt,1.0,1,1.0,1.0
1085,US Open,2022,Hard,2,0,0,5.5,225.0,1.0,0,14.5,210.25,36.5,1,1,1,1,2,7pt,0.25,0,0.1605742,0.27577949
1086,US Open,2022,Hard,2,0,0,60.5,7.5,29.0,0,11.5,132.25,30.0,0,1,1,1,1,7pt,0.10249999910593033,0,0.08848131000000004,0.1197008
1086,US Open,2022,Hard,2,0,0,7.5,60.5,1.0,0,12.0,144.0,35.0,1,1,1,0,1,7pt,0.5,0,0.46288823999999995,0.47746238
1088,US Open,2022,Hard,2,0,0,289.5,20.0,49.0,0,9.5,90.25,26.0,0,1,1,0,1,7pt,0.25,0,0.18971008,0.3167223
1088,US Open,2022,Hard,2,0,0,20.0,289.5,12.0,0,14.0,196.0,34.5,1,1,1,1,1,7pt,0.25,0,0.40288400999999996,0.4021906
1092,US Open,2022,Hard,2,1,1,182.5,25.5,27.0,0,7.0,49.0,28.0,0,1,1,0,2,7pt,1.0,1,1.0,1.0
1092,US Open,2022,Hard,2,1,1,25.5,182.5,3.0,0,10.5,110.25,31.0,1,1,1,1,2,7pt,1.0,1,1.0,1.0
1098,US Open,2022,Hard,2,0,1,10.0,229.0,2.0,0,19.0,361.0,36.5,0,1,1,0,2,7pt,1.0,1,0.68292937,0.71418059
1098,US Open,2022,Hard,2,0,1,229.0,10.0,138.0,0,15.0,225.0,33.0,1,1,1,1,2,7pt,1.0,1,0.70855409,0.7752865
1098,US Open,2022,Hard,2,0,1,10.0,229.0,2.0,0,19.0,361.0,36.5,0,1,1,0,3,7pt,1.0,1,0.68292937,0.71418059
1098,US Open,2022,Hard,2,0,1,229.0,10.0,138.0,0,15.0,225.0,33.0,1,1,1,1,3,7pt,1.0,1,0.70855409,0.7752865
1099,US Open,2022,Hard,2,0,1,32.0,36.5,14.0,0,19.0,361.0,36.5,0,1,1,0,1,7pt,1.0,1,0.7828256,0.81417686
1099,US Open,2022,Hard,2,1,1,36.5,32.0,1.0,0,11.0,121.0,29.5,1,1,1,1,1,7pt,1.0,1,1.0,1.0
1099,US Open,2022,Hard,2,0,1,32.0,36.5,14.0,0,19.0,361.0,36.5,0,1,1,1,2,7pt,1.0,1,0.7828256,0.81417686
1099,US Open,2022,Hard,2,1,1,36.5,32.0,1.0,0,11.0,121.0,29.5,1,1,1,0,2,7pt,1.0,1,1.0,1.0
1100,US Open,2022,Hard,2,1,1,116.5,397.5,103.0,0,4.5,20.25,23.0,0,1,1,0,2,7pt,1.0,1,1.0,1.0
1100,US Open,2022,Hard,2,1,1,397.5,116.5,237.0,0,5.0,25.0,23.0,1,1,1,1,2,7pt,1.0,1,1.0,1.0
1102,US Open,2022,Hard,2,0,0,437.5,933.0,709.0,0,11.5,132.25,31.5,0,1,1,0,1,7pt,0.0,0,0.05242521,0.080360912
1102,US Open,2022,Hard,2,1,1,933.0,437.5,382.0,0,1.0,1.0,18.0,1,1,1,1,1,7pt,1.0,1,1.0,1.0
1103,US Open,2022,Hard,2,0,0,124.5,338.0,109.0,0,8.0,64.0,32.5,0,1,1,1,1,7pt,0.0,0,0.035997990000000035,0.17443262
1103,US Open,2022,Hard,2,0,0,338.0,124.5,520.0,0,6.0,36.0,27.5,1,1,1,0,1,7pt,0.0,0,0.04713803999999999,0.22634706
1103,US Open,2022,Hard,2,0,0,124.5,338.0,109.0,0,8.0,64.0,32.5,0,1,1,0,3,7pt,0.0,0,0.035997990000000035,0.17443262
1103,US Open,2022,Hard,2,0,0,338.0,124.5,520.0,0,6.0,36.0,27.5,1,1,1,1,3,7pt,0.0,0,0.04713803999999999,0.22634706
1106,US Open,2022,Hard,2,0,0,39.0,75.5,2.0,0,1.0,1.0,27.0,0,1,1,0,2,7pt,0.75,0,0.62459007,0.64583308
1106,US Open,2022,Hard,2,0,0,75.5,39.0,9.0,0,1.0,1.0,28.0,1,1,1,1,2,7pt,0.5,0,0.40171468,0.46826074
1106,US Open,2022,Hard,2,0,0,39.0,75.5,2.0,0,1.0,1.0,27.0,0,1,1,0,3,7pt,0.75,0,0.62459007,0.64583308
1106,US Open,2022,Hard,2,0,0,75.5,39.0,9.0,0,1.0,1.0,28.0,1,1,1,1,3,7pt,0.5,0,0.40171468,0.46826074
1107,US Open,2022,Hard,2,0,0,163.0,93.5,188.0,0,14.5,210.25,35.5,0,1,1,1,1,7pt,0.0,0,0.22880137,0.25606239
1107,US Open,2022,Hard,2,0,0,93.5,163.0,3.0,1,10.5,110.25,28.5,1,1,1,0,1,7pt,0.25,0,0.18715464999999998,0.17460041
1107,US Open,2022,Hard,2,0,0,163.0,93.5,188.0,0,14.5,210.25,35.5,0,1,1,0,2,7pt,0.0,0,0.22880137,0.25606239
1107,US Open,2022,Hard,2,0,0,93.5,163.0,3.0,1,10.5,110.25,28.5,1,1,1,1,2,7pt,0.25,0,0.18715464999999998,0.17460041
1108,US Open,2022,Hard,2,0,0,50.0,59.0,2.0,0,17.0,289.0,35.5,0,1,1,1,1,7pt,0.25,0,0.54640347,0.029634008
1108,US Open,2022,Hard,2,0,0,59.0,50.0,30.0,0,22.0,484.0,39.5,1,1,1,0,1,7pt,0.0,0,0.04766965000000001,0.10525802
1108,US Open,2022,Hard,2,0,0,50.0,59.0,2.0,0,17.0,289.0,35.5,0,1,1,0,2,7pt,0.25,0,0.54640347,0.029634008
1108,US Open,2022,Hard,2,0,0,59.0,50.0,30.0,0,22.0,484.0,39.5,1,1,1,1,2,7pt,0.0,0,0.04766965000000001,0.10525802
1111,US Open,2022,Hard,2,0,0,549.0,294.5,474.0,1,9.5,90.25,27.5,0,1,1,0,1,7pt,0.0,0,0.12064253999999996,0.15883534
1111,US Open,2022,Hard,2,1,1,294.5,549.0,169.0,0,18.0,324.0,32.0,1,1,1,1,1,7pt,1.0,1,1.0,1.0
1113,US Open,2022,Hard,2,0,0,55.0,53.0,10.0,0,16.0,256.0,31.5,0,1,1,0,1,7pt,0.25,0,0.36744732,0.52177691
1113,US Open,2022,Hard,2,0,0,53.0,55.0,16.0,0,7.5,56.25,28.5,1,1,1,1,1,7pt,0.25,0,0.15654259999999998,0.21429564
1114,US Open,2022,Hard,2,0,0,20.5,72.5,3.0,0,19.5,380.25,40.5,0,1,1,0,1,7pt,0.0,0,0.19431520000000002,0.13438237
1114,US Open,2022,Hard,2,1,1,72.5,20.5,17.0,1,8.5,72.25,27.0,1,1,1,1,1,7pt,1.0,1,1.0,1.0
1116,US Open,2022,Hard,3,1,1,64.5,3.5,3.0,0,6.0,36.0,29.0,0,1,1,1,2,7pt,1.0,1,1.0,1.0
1116,US Open,2022,Hard,3,0,0,3.5,64.5,1.0,0,12.0,144.0,33.0,1,1,1,0,2,7pt,0.5,0,0.48542041,0.50139606
1118,US Open,2022,Hard,3,1,1,65.0,7.5,34.0,0,5.0,25.0,25.0,0,1,1,0,2,7pt,1.0,1,1.0,1.0
1118,US Open,2022,Hard,3,0,0,7.5,65.0,1.0,0,12.0,144.0,35.0,1,1,1,1,2,7pt,0.5,0,0.46288823999999995,0.47746238
1120,US Open,2022,Hard,3,0,0,338.0,20.5,520.0,0,6.0,36.0,27.5,0,1,1,0,2,7pt,0.0,0,0.04713803999999999,0.22634706
1120,US Open,2022,Hard,3,1,1,20.5,338.0,5.0,0,9.0,81.0,26.5,1,1,1,1,2,7pt,1.0,1,1.0,1.0
1121,US Open,2022,Hard,3,0,0,59.0,24.5,30.0,0,22.0,484.0,39.5,0,1,1,0,2,7pt,0.0,0,0.04766965000000001,0.10525802
1121,US Open,2022,Hard,3,0,0,24.5,59.0,7.0,0,10.5,110.25,31.0,1,1,1,1,2,7pt,0.0,0,0.30666101,0.4028565
1122,US Open,2022,Hard,3,0,0,75.5,30.0,9.0,0,1.0,1.0,28.0,0,1,1,0,1,7pt,0.5,0,0.40171468,0.46826074
1122,US Open,2022,Hard,3,1,1,30.0,75.5,0.0,0,14.5,210.25,35.5,1,1,1,1,1,7pt,1.0,1,1.0,1.0
1122,US Open,2022,Hard,3,0,0,75.5,30.0,9.0,0,1.0,1.0,28.0,0,1,1,1,2,7pt,0.5,0,0.40171468,0.46826074
1122,US Open,2022,Hard,3,1,1,30.0,75.5,0.0,0,14.5,210.25,35.5,1,1,1,0,2,7pt,1.0,1,1.0,1.0
1122,US Open,2022,Hard,3,0,0,75.5,30.0,9.0,0,1.0,1.0,28.0,0,1,1,0,3,7pt,0.5,0,0.40171468,0.46826074
1122,US Open,2022,Hard,3,1,1,30.0,75.5,0.0,0,14.5,210.25,35.5,1,1,1,1,3,7pt,1.0,1,1.0,1.0
1123,US Open,2022,Hard,3,1,1,294.5,33.0,169.0,0,18.0,324.0,32.0,0,1,1,0,1,7pt,1.0,1,1.0,1.0
1123,US Open,2022,Hard,3,1,1,33.0,294.5,2.0,0,18.5,342.25,36.0,1,1,1,1,1,7pt,1.0,1,1.0,1.0
1124,US Open,2022,Hard,3,0,0,20.0,42.5,12.0,0,14.0,196.0,34.5,0,1,1,0,2,7pt,0.25,0,0.40288400999999996,0.4021906
1124,US Open,2022,Hard,3,0,1,42.5,20.0,1.0,0,12.5,156.25,33.0,1,1,1,1,2,7pt,1.0,1,0.73746499,0.77297723
1124,US Open,2022,Hard,3,0,0,20.0,42.5,12.0,0,14.0,196.0,34.5,0,1,1,0,3,7pt,0.25,0,0.40288400999999996,0.4021906
1124,US Open,2022,Hard,3,0,1,42.5,20.0,1.0,0,12.5,156.25,33.0,1,1,1,1,3,7pt,1.0,1,0.73746499,0.77297723
1127,US Open,2022,Hard,3,1,1,25.5,58.0,3.0,0,10.5,110.25,31.0,0,1,1,0,1,7pt,1.0,1,1.0,1.0
1127,US Open,2022,Hard,3,0,0,58.0,25.5,8.0,0,17.0,289.0,35.5,1,1,1,1,1,7pt,0.75,0,0.44548327,0.26302764
1127,US Open,2022,Hard,3,1,1,25.5,58.0,3.0,0,10.5,110.25,31.0,0,1,1,1,2,7pt,1.0,1,1.0,1.0
1127,US Open,2022,Hard,3,0,0,58.0,25.5,8.0,0,17.0,289.0,35.5,1,1,1,0,2,7pt,0.75,0,0.44548327,0.26302764
1128,US Open,2022,Hard,3,0,0,209.0,362.5,22.0,0,4.0,16.0,22.0,0,1,1,0,3,7pt,0.10249999910593033,0,0.11907756000000003,0.13930024
1128,US Open,2022,Hard,3,1,1,362.5,209.0,359.0,0,14.0,196.0,30.0,1,1,1,1,3,7pt,1.0,1,1.0,1.0
1129,US Open,2022,Hard,3,0,0,24.0,53.0,18.0,0,19.5,380.25,38.0,0,1,1,0,1,7pt,0.25,0,0.25448393999999996,0.44476289
1129,US Open,2022,Hard,3,0,0,53.0,24.0,16.0,0,7.5,56.25,28.5,1,1,1,1,1,7pt,0.25,0,0.15654259999999998,0.21429564
1129,US Open,2022,Hard,3,0,0,24.0,53.0,18.0,0,19.5,380.25,38.0,0,1,1,0,2,7pt,0.25,0,0.25448393999999996,0.44476289
1129,US Open,2022,Hard,3,0,0,53.0,24.0,16.0,0,7.5,56.25,28.5,1,1,1,1,2,7pt,0.25,0,0.15654259999999998,0.21429564
1130,US Open,2022,Hard,3,1,1,397.5,72.5,237.0,0,5.0,25.0,23.0,0,1,1,1,2,7pt,1.0,1,1.0,1.0
1130,US Open,2022,Hard,3,1,1,72.5,397.5,17.0,1,8.5,72.25,27.0,1,1,1,0,2,7pt,1.0,1,1.0,1.0
1132,US Open,2022,Hard,4,1,1,36.5,3.5,1.0,0,11.0,121.0,29.5,0,1,1,0,1,7pt,1.0,1,1.0,1.0
1132,US Open,2022,Hard,4,0,0,3.5,36.5,1.0,0,12.0,144.0,33.0,1,1,1,1,1,7pt,0.5,0,0.48542041,0.50139606
1133,US Open,2022,Hard,4,1,1,362.5,5.5,359.0,0,14.0,196.0,30.0,0,1,1,0,2,7pt,1.0,1,1.0,1.0
1133,US Open,2022,Hard,4,0,0,5.5,362.5,1.0,0,14.5,210.25,36.5,1,1,1,1,2,7pt,0.25,0,0.1605742,0.27577949
1135,US Open,2022,Hard,4,1,1,20.5,24.5,5.0,0,9.0,81.0,26.5,0,1,1,0,2,7pt,1.0,1,1.0,1.0
1135,US Open,2022,Hard,4,0,0,24.5,20.5,7.0,0,10.5,110.25,31.0,1,1,1,1,2,7pt,0.0,0,0.30666101,0.4028565
1135,US Open,2022,Hard,4,1,1,20.5,24.5,5.0,0,9.0,81.0,26.5,0,1,1,0,3,7pt,1.0,1,1.0,1.0
1135,US Open,2022,Hard,4,0,0,24.5,20.5,7.0,0,10.5,110.25,31.0,1,1,1,1,3,7pt,0.0,0,0.30666101,0.4028565
1136,US Open,2022,Hard,4,0,0,7.5,30.0,1.0,0,12.0,144.0,35.0,0,1,1,1,1,7pt,0.5,0,0.46288823999999995,0.47746238
1136,US Open,2022,Hard,4,1,1,30.0,7.5,0.0,0,14.5,210.25,35.5,1,1,1,0,1,7pt,1.0,1,1.0,1.0
1137,US Open,2022,Hard,4,1,1,72.5,229.0,17.0,1,8.5,72.25,27.0,0,1,1,0,1,7pt,1.0,1,1.0,1.0
1137,US Open,2022,Hard,4,0,1,229.0,72.5,138.0,0,15.0,225.0,33.0,1,1,1,1,1,7pt,1.0,1,0.70855409,0.7752865
1139,US Open,2022,Hard,5,0,0,53.0,1.5,16.0,0,7.5,56.25,28.5,0,1,1,1,2,7pt,0.25,0,0.15654259999999998,0.21429564
1139,US Open,2022,Hard,5,0,1,1.5,53.0,1.0,0,13.0,169.0,34.0,1,1,1,0,2,7pt,0.8875000476837158,1,0.62949178,0.69089741
1142,US Open,2022,Hard,5,0,0,24.5,30.0,7.0,0,10.5,110.25,31.0,0,1,1,0,1,7pt,0.0,0,0.30666101,0.4028565
1142,US Open,2022,Hard,5,1,1,30.0,24.5,0.0,0,14.5,210.25,35.5,1,1,1,1,1,7pt,1.0,1,1.0,1.0
1143,US Open,2022,Hard,6,1,1,30.0,1.5,0.0,0,14.5,210.25,35.5,0,1,1,0,3,7pt,1.0,1,1.0,1.0
1143,US Open,2022,Hard,6,0,1,1.5,30.0,1.0,0,13.0,169.0,34.0,1,1,1,1,3,7pt,0.8875000476837158,1,0.62949178,0.69089741
1145,US Open,2022,Hard,7,0,0,3.5,1.5,1.0,0,12.0,144.0,33.0,0,1,1,0,1,7pt,0.5,0,0.48542041,0.50139606
1145,US Open,2022,Hard,7,0,1,1.5,3.5,1.0,0,13.0,169.0,34.0,1,1,1,1,1,7pt,0.8875000476837158,1,0.62949178,0.69089741
1146,Wimbledon,2022,Grass,2,0,0,552.0,1.5,454.0,0,7.5,56.25,24.5,0,1,1,0,2,7pt,0.25,0,0.22517370999999997,0.30890587
1146,Wimbledon,2022,Grass,2,0,1,1.5,552.0,1.0,0,13.0,169.0,34.0,1,1,1,1,2,7pt,0.8875000476837158,1,0.62949178,0.69089741
1146,Wimbledon,2022,Grass,2,0,0,552.0,1.5,454.0,0,7.5,56.25,24.5,0,1,1,0,3,7pt,0.25,0,0.22517370999999997,0.30890587
1146,Wimbledon,2022,Grass,2,0,1,1.5,552.0,1.0,0,13.0,169.0,34.0,1,1,1,1,3,7pt,0.8875000476837158,1,0.62949178,0.69089741
1147,Wimbledon,2022,Grass,2,0,0,59.5,57.5,49.0,0,13.0,169.0,34.0,0,1,1,1,2,7pt,0.36250001192092896,1,0.32356726999999996,0.47930565
1147,Wimbledon,2022,Grass,2,0,1,57.5,59.5,15.0,0,14.0,196.0,33.5,1,1,1,0,2,7pt,1.0,1,0.55793491,0.5540092
1147,Wimbledon,2022,Grass,2,0,0,59.5,57.5,49.0,0,13.0,169.0,34.0,0,1,1,0,4,7pt,0.36250001192092896,1,0.32356726999999996,0.47930565
1147,Wimbledon,2022,Grass,2,0,1,57.5,59.5,15.0,0,14.0,196.0,33.5,1,1,1,1,4,7pt,1.0,1,0.55793491,0.5540092
1148,Wimbledon,2022,Grass,2,0,1,216.0,57.0,12.0,0,10.0,100.0,29.5,0,1,1,1,2,7pt,0.8875000476837158,1,0.6669113,0.6979596
1148,Wimbledon,2022,Grass,2,0,0,57.0,216.0,6.0,0,20.5,420.25,38.5,1,1,1,0,2,7pt,0.10249999910593033,0,0.10970849000000005,0.061906781
1149,Wimbledon,2022,Grass,2,1,1,526.0,41.0,56.0,0,7.0,49.0,26.0,0,1,1,1,2,7pt,1.0,1,1.0,1.0
1149,Wimbledon,2022,Grass,2,0,0,41.0,526.0,2.0,0,1.0,1.0,27.0,1,1,1,0,2,7pt,0.75,0,0.62459007,0.64583308
1151,Wimbledon,2022,Grass,2,0,0,72.0,68.0,2.0,0,10.0,100.0,31.0,0,1,1,1,2,7pt,0.25,0,0.28633445999999996,0.27499232
1151,Wimbledon,2022,Grass,2,0,0,68.0,72.0,12.0,0,13.0,169.0,34.5,1,1,1,0,2,7pt,0.25,0,0.20034415000000005,0.2143444
1151,Wimbledon,2022,Grass,2,0,0,72.0,68.0,2.0,0,10.0,100.0,31.0,0,1,1,0,4,7pt,0.25,0,0.28633445999999996,0.27499232
1151,Wimbledon,2022,Grass,2,0,0,68.0,72.0,12.0,0,13.0,169.0,34.5,1,1,1,1,4,7pt,0.25,0,0.20034415000000005,0.2143444
1151,Wimbledon,2022,Grass,2,0,0,72.0,68.0,2.0,0,10.0,100.0,31.0,0,1,1,0,5,7pt,0.25,0,0.28633445999999996,0.27499232
1151,Wimbledon,2022,Grass,2,0,0,68.0,72.0,12.0,0,13.0,169.0,34.5,1,1,1,1,5,7pt,0.25,0,0.20034415000000005,0.2143444
1153,Wimbledon,2022,Grass,2,1,1,68.5,18.0,33.0,0,13.0,169.0,34.0,0,1,1,0,2,7pt,1.0,1,1.0,1.0
1153,Wimbledon,2022,Grass,2,0,0,18.0,68.5,2.0,0,14.0,196.0,34.5,1,1,1,1,2,7pt,0.25,0,0.40288400999999996,0.4021906
1153,Wimbledon,2022,Grass,2,1,1,68.5,18.0,33.0,0,13.0,169.0,34.0,0,1,1,1,3,7pt,1.0,1,1.0,1.0
1153,Wimbledon,2022,Grass,2,0,0,18.0,68.5,2.0,0,14.0,196.0,34.5,1,1,1,0,3,7pt,0.25,0,0.40288400999999996,0.4021906
1155,Wimbledon,2022,Grass,2,0,0,68.0,95.0,58.0,0,17.0,289.0,35.0,0,1,1,0,2,7pt,0.3382500112056732,0,0.4562043,0.41365382
1155,Wimbledon,2022,Grass,2,0,0,95.0,68.0,8.0,0,8.0,64.0,29.0,1,1,1,1,2,7pt,0.25,0,0.24160528000000003,0.38457265
1156,Wimbledon,2022,Grass,2,1,1,393.0,67.5,176.0,0,1.0,1.0,25.5,0,1,1,1,4,7pt,1.0,1,1.0,1.0
1156,Wimbledon,2022,Grass,2,0,0,67.5,393.0,23.0,0,7.0,49.0,29.0,1,1,1,0,4,7pt,0.0,0,0.38233441,0.45229727
1157,Wimbledon,2022,Grass,2,0,0,56.0,32.5,20.0,0,6.0,36.0,29.0,0,1,1,1,1,7pt,0.0,0,0.04713803999999999,0.22634706
1157,Wimbledon,2022,Grass,2,1,1,32.5,56.0,3.0,0,11.0,121.0,29.5,1,1,1,0,1,7pt,1.0,1,1.0,1.0
1157,Wimbledon,2022,Grass,2,0,0,56.0,32.5,20.0,0,6.0,36.0,29.0,0,1,1,0,5,7pt,0.0,0,0.04713803999999999,0.22634706
1157,Wimbledon,2022,Grass,2,1,1,32.5,56.0,3.0,0,11.0,121.0,29.5,1,1,1,1,5,7pt,1.0,1,1.0,1.0
1159,Wimbledon,2022,Grass,2,1,1,634.5,69.5,985.0,0,9.5,90.25,27.0,0,1,1,0,2,7pt,1.0,1,1.0,1.0
1159,Wimbledon,2022,Grass,2,0,0,69.5,634.5,23.0,0,11.5,132.25,29.5,1,1,1,1,2,7pt,0.25,0,0.23473858999999997,0.031222224
1159,Wimbledon,2022,Grass,2,1,1,634.5,69.5,985.0,0,9.5,90.25,27.0,0,1,1,0,3,7pt,1.0,1,1.0,1.0
1159,Wimbledon,2022,Grass,2,0,0,69.5,634.5,23.0,0,11.5,132.25,29.5,1,1,1,1,3,7pt,0.25,0,0.23473858999999997,0.031222224
1160,Wimbledon,2022,Grass,2,0,0,44.0,196.5,38.0,0,15.0,225.0,33.5,0,1,1,0,3,7pt,0.5,0,0.49979233999999995,0.49158752
1160,Wimbledon,2022,Grass,2,0,0,196.5,44.0,59.0,0,11.5,132.25,30.5,1,1,1,1,3,7pt,0.25,0,0.26033449,0.44240552
1163,Wimbledon,2022,Grass,2,0,0,146.5,78.5,77.0,0,14.0,196.0,36.0,0,1,1,0,1,7pt,0.0,0,0.12704062000000005,0.15855227
1163,Wimbledon,2022,Grass,2,1,1,78.5,146.5,23.0,0,5.0,25.0,25.0,1,1,1,1,1,7pt,1.0,1,1.0,1.0
1164,Wimbledon,2022,Grass,2,0,0,148.5,492.5,91.0,0,10.0,100.0,28.5,0,1,1,0,2,7pt,0.25,0,0.27773881,0.38330469
1164,Wimbledon,2022,Grass,2,0,0,492.5,148.5,577.0,0,14.0,196.0,31.5,1,1,1,1,2,7pt,0.0,0,0.18311697000000005,0.19590726
1165,Wimbledon,2022,Grass,2,0,0,422.0,93.5,222.0,1,10.5,110.25,29.0,0,1,1,0,1,7pt,0.0,0,0.07494705999999995,0.099174522
1165,Wimbledon,2022,Grass,2,0,1,93.5,422.0,1.0,0,1.0,1.0,30.5,1,1,1,1,1,7pt,1.0,1,0.86870596,0.87796193
1165,Wimbledon,2022,Grass,2,0,0,422.0,93.5,222.0,1,10.5,110.25,29.0,0,1,1,0,2,7pt,0.0,0,0.07494705999999995,0.099174522
1165,Wimbledon,2022,Grass,2,0,1,93.5,422.0,1.0,0,1.0,1.0,30.5,1,1,1,1,2,7pt,1.0,1,0.86870596,0.87796193
1166,Wimbledon,2022,Grass,2,1,1,156.0,33.0,2.0,0,1.0,1.0,26.0,0,1,1,0,1,7pt,1.0,1,1.0,1.0
1166,Wimbledon,2022,Grass,2,0,1,33.0,156.0,10.0,0,19.0,361.0,36.5,1,1,1,1,1,7pt,1.0,1,0.7828256,0.81417686
1169,Wimbledon,2022,Grass,2,0,0,10.5,153.0,1.0,0,14.5,210.25,36.5,0,1,1,0,1,7pt,0.25,0,0.1605742,0.27577949
1169,Wimbledon,2022,Grass,2,1,1,153.0,10.5,200.0,0,11.5,132.25,30.0,1,1,1,1,1,7pt,1.0,1,1.0,1.0
1170,Wimbledon,2022,Grass,2,0,0,11.5,46.0,5.0,0,12.0,144.0,35.0,0,1,1,0,2,7pt,0.5,0,0.46288823999999995,0.47746238
1170,Wimbledon,2022,Grass,2,0,0,46.0,11.5,10.0,0,22.0,484.0,39.5,1,1,1,1,2,7pt,0.0,0,0.04766965000000001,0.10525802
1170,Wimbledon,2022,Grass,2,0,0,11.5,46.0,5.0,0,12.0,144.0,35.0,0,1,1,0,5,7pt,0.5,0,0.46288823999999995,0.47746238
1170,Wimbledon,2022,Grass,2,0,0,46.0,11.5,10.0,0,22.0,484.0,39.5,1,1,1,1,5,7pt,0.0,0,0.04766965000000001,0.10525802
1172,Wimbledon,2022,Grass,2,0,1,44.5,575.5,1.0,0,12.5,156.25,33.0,0,1,1,0,2,7pt,1.0,1,0.73746499,0.77297723
1172,Wimbledon,2022,Grass,2,1,1,575.5,44.5,87.0,0,1.0,1.0,20.0,1,1,1,1,2,7pt,1.0,1,1.0,1.0
1172,Wimbledon,2022,Grass,2,0,1,44.5,575.5,1.0,0,12.5,156.25,33.0,0,1,1,0,3,7pt,1.0,1,0.73746499,0.77297723
1172,Wimbledon,2022,Grass,2,1,1,575.5,44.5,87.0,0,1.0,1.0,20.0,1,1,1,1,3,7pt,1.0,1,1.0,1.0
1173,Wimbledon,2022,Grass,2,1,1,75.5,29.5,1.0,0,1.0,1.0,29.5,0,1,1,0,3,7pt,1.0,1,1.0,1.0
1173,Wimbledon,2022,Grass,2,1,1,29.5,75.5,13.0,0,10.5,110.25,31.0,1,1,1,1,3,7pt,1.0,1,1.0,1.0
1175,Wimbledon,2022,Grass,2,0,1,75.0,156.0,14.0,0,12.5,156.25,35.0,0,1,1,0,3,7pt,1.0,1,0.86677274,0.88604486
1175,Wimbledon,2022,Grass,2,0,0,156.0,75.0,86.0,0,4.0,16.0,24.0,1,1,1,1,3,7pt,0.4625000059604645,0,0.48845536,0.37362063
1175,Wimbledon,2022,Grass,2,0,1,75.0,156.0,14.0,0,12.5,156.25,35.0,0,1,1,0,5,7pt,1.0,1,0.86677274,0.88604486
1175,Wimbledon,2022,Grass,2,0,0,156.0,75.0,86.0,0,4.0,16.0,24.0,1,1,1,1,5,7pt,0.4625000059604645,0,0.48845536,0.37362063
1176,Wimbledon,2022,Grass,2,0,0,63.5,117.0,13.0,0,13.5,182.25,30.0,0,1,1,0,2,7pt,0.0,0,0.18957716000000002,0.011449533
1176,Wimbledon,2022,Grass,2,1,1,117.0,63.5,22.0,0,18.0,324.0,40.0,1,1,1,1,2,7pt,1.0,1,1.0,1.0
1176,Wimbledon,2022,Grass,2,0,0,63.5,117.0,13.0,0,13.5,182.25,30.0,0,1,1,0,3,7pt,0.0,0,0.18957716000000002,0.011449533
1176,Wimbledon,2022,Grass,2,1,1,117.0,63.5,22.0,0,18.0,324.0,40.0,1,1,1,1,3,7pt,1.0,1,1.0,1.0
1180,Wimbledon,2022,Grass,3,0,0,68.0,33.0,12.0,0,13.0,169.0,34.5,0,1,1,1,1,7pt,0.25,0,0.20034415000000005,0.2143444
1180,Wimbledon,2022,Grass,3,1,1,33.0,68.0,30.0,0,22.0,484.0,40.0,1,1,1,0,1,7pt,1.0,1,1.0,1.0
1180,Wimbledon,2022,Grass,3,0,0,68.0,33.0,12.0,0,13.0,169.0,34.5,0,1,1,1,2,7pt,0.25,0,0.20034415000000005,0.2143444
1180,Wimbledon,2022,Grass,3,1,1,33.0,68.0,30.0,0,22.0,484.0,40.0,1,1,1,0,2,7pt,1.0,1,1.0,1.0
1180,Wimbledon,2022,Grass,3,0,0,68.0,33.0,12.0,0,13.0,169.0,34.5,0,1,1,0,3,7pt,0.25,0,0.20034415000000005,0.2143444
1180,Wimbledon,2022,Grass,3,1,1,33.0,68.0,30.0,0,22.0,484.0,40.0,1,1,1,1,3,7pt,1.0,1,1.0,1.0
1180,Wimbledon,2022,Grass,3,0,0,68.0,33.0,12.0,0,13.0,169.0,34.5,0,1,1,0,4,7pt,0.25,0,0.20034415000000005,0.2143444
1180,Wimbledon,2022,Grass,3,1,1,33.0,68.0,30.0,0,22.0,484.0,40.0,1,1,1,1,4,7pt,1.0,1,1.0,1.0
1181,Wimbledon,2022,Grass,3,1,1,99.5,18.0,25.0,0,14.5,210.25,33.5,0,1,1,0,1,7pt,1.0,1,1.0,1.0
1181,Wimbledon,2022,Grass,3,0,0,18.0,99.5,2.0,0,14.0,196.0,34.5,1,1,1,1,1,7pt,0.25,0,0.40288400999999996,0.4021906
1182,Wimbledon,2022,Grass,3,0,0,95.0,7.5,8.0,0,8.0,64.0,29.0,0,1,1,0,1,7pt,0.25,0,0.24160528000000003,0.38457265
1182,Wimbledon,2022,Grass,3,0,0,7.5,95.0,1.0,0,12.0,144.0,33.0,1,1,1,1,1,7pt,0.5,0,0.48542041,0.50139606
1182,Wimbledon,2022,Grass,3,0,0,95.0,7.5,8.0,0,8.0,64.0,29.0,0,1,1,0,3,7pt,0.25,0,0.24160528000000003,0.38457265
1182,Wimbledon,2022,Grass,3,0,0,7.5,95.0,1.0,0,12.0,144.0,33.0,1,1,1,1,3,7pt,0.5,0,0.48542041,0.50139606
1183,Wimbledon,2022,Grass,3,0,0,67.5,32.5,23.0,0,7.0,49.0,29.0,0,1,1,1,2,7pt,0.0,0,0.38233441,0.45229727
1183,Wimbledon,2022,Grass,3,1,1,32.5,67.5,3.0,0,11.0,121.0,29.5,1,1,1,0,2,7pt,1.0,1,1.0,1.0
1183,Wimbledon,2022,Grass,3,0,0,67.5,32.5,23.0,0,7.0,49.0,29.0,0,1,1,0,4,7pt,0.0,0,0.38233441,0.45229727
1183,Wimbledon,2022,Grass,3,1,1,32.5,67.5,3.0,0,11.0,121.0,29.5,1,1,1,1,4,7pt,1.0,1,1.0,1.0
1184,Wimbledon,2022,Grass,3,0,0,69.5,25.5,23.0,0,11.5,132.25,29.5,0,1,1,0,2,7pt,0.25,0,0.23473858999999997,0.031222224
1184,Wimbledon,2022,Grass,3,0,0,25.5,69.5,9.0,0,19.5,380.25,38.0,1,1,1,1,2,7pt,0.25,0,0.25448393999999996,0.44476289
1185,Wimbledon,2022,Grass,3,0,0,196.5,15.5,59.0,0,11.5,132.25,30.5,0,1,1,0,1,7pt,0.25,0,0.26033449,0.44240552
1185,Wimbledon,2022,Grass,3,0,0,15.5,196.5,1.0,0,14.0,196.0,35.5,1,1,1,1,1,7pt,0.25,0,0.25488323,0.23032315
1187,Wimbledon,2022,Grass,3,0,1,93.5,492.5,1.0,0,1.0,1.0,30.5,0,1,1,0,4,7pt,1.0,1,0.86870596,0.87796193
1187,Wimbledon,2022,Grass,3,0,0,492.5,93.5,577.0,0,14.0,196.0,31.5,1,1,1,1,4,7pt,0.0,0,0.18311697000000005,0.19590726
1188,Wimbledon,2022,Grass,3,1,1,96.5,33.0,3.0,0,7.0,49.0,29.5,0,1,1,0,1,7pt,1.0,1,1.0,1.0
1188,Wimbledon,2022,Grass,3,0,1,33.0,96.5,10.0,0,19.0,361.0,36.5,1,1,1,1,1,7pt,1.0,1,0.7828256,0.81417686
1188,Wimbledon,2022,Grass,3,1,1,96.5,33.0,3.0,0,7.0,49.0,29.5,0,1,1,1,4,7pt,1.0,1,1.0,1.0
1188,Wimbledon,2022,Grass,3,0,1,33.0,96.5,10.0,0,19.0,361.0,36.5,1,1,1,0,4,7pt,1.0,1,0.7828256,0.81417686
1191,Wimbledon,2022,Grass,3,1,1,575.5,29.5,87.0,0,1.0,1.0,20.0,0,1,1,0,1,7pt,1.0,1,1.0,1.0
1191,Wimbledon,2022,Grass,3,1,1,29.5,575.5,13.0,0,10.5,110.25,31.0,1,1,1,1,1,7pt,1.0,1,1.0,1.0
1197,Wimbledon,2022,Grass,4,0,0,25.5,15.5,9.0,0,19.5,380.25,38.0,0,1,1,0,1,7pt,0.25,0,0.25448393999999996,0.44476289
1197,Wimbledon,2022,Grass,4,0,0,15.5,25.5,1.0,0,14.0,196.0,35.5,1,1,1,1,1,7pt,0.25,0,0.25488323,0.23032315
1200,Wimbledon,2022,Grass,4,1,1,89.5,29.5,35.0,0,15.0,225.0,33.0,0,1,1,0,1,7pt,1.0,1,1.0,1.0
1200,Wimbledon,2022,Grass,4,1,1,29.5,89.5,13.0,0,10.5,110.25,31.0,1,1,1,1,1,7pt,1.0,1,1.0,1.0
1201,Wimbledon,2022,Grass,4,0,0,37.5,4.5,11.0,0,10.5,110.25,31.0,0,1,1,0,2,7pt,0.0,0,0.30666101,0.4028565
1201,Wimbledon,2022,Grass,4,1,1,4.5,37.5,3.0,0,12.5,156.25,31.5,1,1,1,1,2,7pt,1.0,1,1.0,1.0
1202,Wimbledon,2022,Grass,5,1,1,33.0,1.5,30.0,0,22.0,484.0,40.0,0,1,1,1,2,7pt,1.0,1,1.0,1.0
1202,Wimbledon,2022,Grass,5,0,1,1.5,33.0,1.0,0,13.0,169.0,34.0,1,1,1,0,2,7pt,0.8875000476837158,1,0.62949178,0.69089741
1206,Wimbledon,2022,Grass,6,0,1,1.5,32.5,1.0,0,13.0,169.0,34.0,0,1,1,1,2,7pt,0.8875000476837158,1,0.62949178,0.69089741
1206,Wimbledon,2022,Grass,6,1,1,32.5,1.5,3.0,0,11.0,121.0,29.5,1,1,1,0,2,7pt,1.0,1,1.0,1.0
1206,Wimbledon,2022,Grass,6,0,1,1.5,32.5,1.0,0,13.0,169.0,34.0,0,1,1,0,3,7pt,0.8875000476837158,1,0.62949178,0.69089741
1206,Wimbledon,2022,Grass,6,1,1,32.5,1.5,3.0,0,11.0,121.0,29.5,1,1,1,1,3,7pt,1.0,1,1.0,1.0
1207,Wimbledon,2022,Grass,6,1,1,12.0,4.5,0.0,0,14.5,210.25,35.5,0,1,1,1,1,7pt,1.0,1,1.0,1.0
1207,Wimbledon,2022,Grass,6,1,1,4.5,12.0,3.0,0,12.5,156.25,31.5,1,1,1,0,1,7pt,1.0,1,1.0,1.0
1207,Wimbledon,2022,Grass,6,1,1,12.0,4.5,0.0,0,14.5,210.25,35.5,0,1,1,0,2,7pt,1.0,1,1.0,1.0
1207,Wimbledon,2022,Grass,6,1,1,4.5,12.0,3.0,0,12.5,156.25,31.5,1,1,1,1,2,7pt,1.0,1,1.0,1.0
1207,Wimbledon,2022,Grass,6,1,1,12.0,4.5,0.0,0,14.5,210.25,35.5,0,1,1,0,5,7pt,1.0,1,1.0,1.0
1207,Wimbledon,2022,Grass,6,1,1,4.5,12.0,3.0,0,12.5,156.25,31.5,1,1,1,1,5,7pt,1.0,1,1.0,1.0
1208,Wimbledon,2022,Grass,7,1,1,4.5,32.5,3.0,0,12.5,156.25,31.5,0,1,1,0,1,7pt,1.0,1,1.0,1.0
1208,Wimbledon,2022,Grass,7,1,1,32.5,4.5,3.0,0,11.0,121.0,29.5,1,1,1,1,1,7pt,1.0,1,1.0,1.0
1208,Wimbledon,2022,Grass,7,1,1,4.5,32.5,3.0,0,12.5,156.25,31.5,0,1,1,1,2,7pt,1.0,1,1.0,1.0
1208,Wimbledon,2022,Grass,7,1,1,32.5,4.5,3.0,0,11.0,121.0,29.5,1,1,1,0,2,7pt,1.0,1,1.0,1.0
1208,Wimbledon,2022,Grass,7,1,1,4.5,32.5,3.0,0,12.5,156.25,31.5,0,1,1,0,5,7pt,1.0,1,1.0,1.0
1208,Wimbledon,2022,Grass,7,1,1,32.5,4.5,3.0,0,11.0,121.0,29.5,1,1,1,1,5,7pt,1.0,1,1.0,1.0
1211,Australian Open,2023,Hard,2,0,0,451.0,6.0,752.0,0,5.0,25.0,27.0,0,1,1,0,2,7pt,0.0,0,0.09052932000000002,0.19935575
1211,Australian Open,2023,Hard,2,0,0,6.0,451.0,0.0,0,15.5,240.25,37.5,1,1,1,1,2,7pt,0.25,0,0.1605742,0.27577949
1213,Australian Open,2023,Hard,2,1,1,43.5,11.5,5.0,0,7.0,49.0,30.0,0,1,1,0,1,7pt,1.0,1,1.0,1.0
1213,Australian Open,2023,Hard,2,0,0,11.5,43.5,1.0,0,11.5,132.25,32.0,1,1,1,1,1,7pt,0.0,0,0.30666101,0.4028565
1216,Australian Open,2023,Hard,2,0,0,570.0,27.0,476.0,0,9.0,81.0,26.5,0,1,1,1,2,7pt,0.25,0,0.14871615000000005,0.24002035
1216,Australian Open,2023,Hard,2,1,1,27.0,570.0,0.0,0,15.5,240.25,36.5,1,1,1,0,2,7pt,1.0,1,1.0,1.0
1217,Australian Open,2023,Hard,2,1,1,82.0,30.0,16.0,0,13.0,169.0,33.5,0,1,1,0,1,7pt,1.0,1,1.0,1.0
1217,Australian Open,2023,Hard,2,0,0,30.0,82.0,16.0,0,11.0,121.0,34.0,1,1,1,1,1,7pt,0.5,0,0.46082597999999997,0.47357476
1217,Australian Open,2023,Hard,2,1,1,82.0,30.0,16.0,0,13.0,169.0,33.5,0,1,1,1,2,7pt,1.0,1,1.0,1.0
1217,Australian Open,2023,Hard,2,0,0,30.0,82.0,16.0,0,11.0,121.0,34.0,1,1,1,0,2,7pt,0.5,0,0.46082597999999997,0.47357476
1222,Australian Open,2023,Hard,2,1,1,977.0,280.0,180.0,0,11.0,121.0,30.5,0,1,1,0,2,7pt,1.0,1,1.0,1.0
1222,Australian Open,2023,Hard,2,1,1,280.0,977.0,150.0,0,6.5,42.25,27.5,1,1,1,1,2,7pt,1.0,1,1.0,1.0
1223,Australian Open,2023,Hard,2,0,1,93.5,54.5,3.0,0,13.0,169.0,31.0,0,1,1,0,2,7pt,0.75,1,0.40967065,0.060607448
1223,Australian Open,2023,Hard,2,0,0,54.5,93.5,21.0,0,12.5,156.25,33.5,1,1,1,1,2,7pt,0.25,0,0.56506574,0.026699821
1226,Australian Open,2023,Hard,2,0,0,102.5,436.5,71.0,1,8.5,72.25,29.0,0,1,1,0,1,7pt,0.2875000238418579,0,0.33500683,0.50676095
1226,Australian Open,2023,Hard,2,1,1,436.5,102.5,757.0,0,17.5,306.25,36.5,1,1,1,1,1,7pt,1.0,1,1.0,1.0
1227,Australian Open,2023,Hard,2,1,1,51.5,89.0,1.0,0,9.5,90.25,31.0,0,1,1,1,1,7pt,1.0,1,1.0,1.0
1227,Australian Open,2023,Hard,2,0,0,89.0,51.5,72.0,0,13.0,169.0,31.0,1,1,1,0,1,7pt,0.5,0,0.42836332,0.41631824
1227,Australian Open,2023,Hard,2,1,1,51.5,89.0,1.0,0,9.5,90.25,31.0,0,1,1,0,2,7pt,1.0,1,1.0,1.0
1227,Australian Open,2023,Hard,2,0,0,89.0,51.5,72.0,0,13.0,169.0,31.0,1,1,1,1,2,7pt,0.5,0,0.42836332,0.41631824
1227,Australian Open,2023,Hard,2,1,1,51.5,89.0,1.0,0,9.5,90.25,31.0,0,1,1,0,3,7pt,1.0,1,1.0,1.0
1227,Australian Open,2023,Hard,2,0,0,89.0,51.5,72.0,0,13.0,169.0,31.0,1,1,1,1,3,7pt,0.5,0,0.42836332,0.41631824
1232,Australian Open,2023,Hard,2,0,0,244.5,105.0,319.0,1,9.5,90.25,27.5,0,1,1,0,1,7pt,0.75,0,0.62459007,0.64583308
1232,Australian Open,2023,Hard,2,1,1,105.0,244.5,98.0,0,14.5,210.25,33.5,1,1,1,1,1,7pt,1.0,1,1.0,1.0
1232,Australian Open,2023,Hard,2,0,0,244.5,105.0,319.0,1,9.5,90.25,27.5,0,1,1,0,2,7pt,0.75,0,0.62459007,0.64583308
1232,Australian Open,2023,Hard,2,1,1,105.0,244.5,98.0,0,14.5,210.25,33.5,1,1,1,1,2,7pt,1.0,1,1.0,1.0
1233,Australian Open,2023,Hard,2,0,0,61.0,220.0,82.0,0,13.0,169.0,36.0,0,1,1,0,1,7pt,0.36250001192092896,1,0.27383226000000005,0.43975583
1233,Australian Open,2023,Hard,2,1,1,220.0,61.0,114.0,0,7.0,49.0,26.0,1,1,1,1,1,7pt,1.0,1,1.0,1.0
1234,Australian Open,2023,Hard,2,1,1,222.5,938.5,27.0,0,5.5,30.25,24.5,0,1,1,0,2,7pt,1.0,1,1.0,1.0
1234,Australian Open,2023,Hard,2,0,0,938.5,222.5,237.0,1,5.5,30.25,24.0,1,1,1,1,2,7pt,0.75,0,0.52729675,0.45108455
1236,Australian Open,2023,Hard,2,0,0,9.5,100.5,1.0,0,15.0,225.0,35.5,0,1,1,0,1,7pt,0.25,0,0.40288400999999996,0.4021906
1236,Australian Open,2023,Hard,2,1,1,100.5,9.5,1.0,0,1.0,1.0,33.0,1,1,1,1,1,7pt,1.0,1,1.0,1.0
1237,Australian Open,2023,Hard,2,0,0,30.0,38.0,2.0,0,1.0,1.0,28.0,0,1,1,1,1,7pt,0.75,0,0.62459007,0.64583308
1237,Australian Open,2023,Hard,2,0,0,38.0,30.0,4.0,0,8.5,72.25,29.5,1,1,1,0,1,7pt,0.25,0,0.15654259999999998,0.21429564
1241,Australian Open,2023,Hard,3,1,1,108.0,3.0,70.0,0,5.5,30.25,24.0,0,1,1,0,1,7pt,1.0,1,1.0,1.0
1241,Australian Open,2023,Hard,3,0,0,3.0,108.0,0.0,0,13.0,169.0,34.0,1,1,1,1,1,7pt,0.5,0,0.48542041,0.50139606
1241,Australian Open,2023,Hard,3,1,1,108.0,3.0,70.0,0,5.5,30.25,24.0,0,1,1,0,3,7pt,1.0,1,1.0,1.0
1241,Australian Open,2023,Hard,3,0,0,3.0,108.0,0.0,0,13.0,169.0,34.0,1,1,1,1,3,7pt,0.5,0,0.48542041,0.50139606
1242,Australian Open,2023,Hard,3,1,1,671.0,1.5,806.0,0,7.0,49.0,25.0,0,1,1,0,1,7pt,1.0,1,1.0,1.0
1242,Australian Open,2023,Hard,3,0,1,1.5,671.0,1.0,0,14.0,196.0,35.0,1,1,1,1,1,7pt,0.8875000476837158,1,0.62949178,0.69089741
1243,Australian Open,2023,Hard,3,1,1,254.5,6.0,369.0,0,9.0,81.0,29.5,0,1,1,0,1,7pt,1.0,1,1.0,1.0
1243,Australian Open,2023,Hard,3,0,0,6.0,254.5,0.0,0,15.5,240.25,37.5,1,1,1,1,1,7pt,0.25,0,0.1605742,0.27577949
1244,Australian Open,2023,Hard,3,0,0,89.0,15.0,72.0,0,13.0,169.0,31.0,0,1,1,0,2,7pt,0.5,0,0.42836332,0.41631824
1244,Australian Open,2023,Hard,3,0,1,15.0,89.0,2.0,0,20.0,400.0,37.5,1,1,1,1,2,7pt,1.0,1,0.68292937,0.71418059
1246,Australian Open,2023,Hard,3,0,0,206.0,30.0,276.0,0,6.0,36.0,28.0,0,1,1,0,2,7pt,0.4350000023841858,0,0.33122933,0.30681199
1246,Australian Open,2023,Hard,3,0,0,30.0,206.0,16.0,0,11.0,121.0,34.0,1,1,1,1,2,7pt,0.5,0,0.46082597999999997,0.47357476
1247,Australian Open,2023,Hard,3,1,1,63.5,31.5,1.0,0,1.0,1.0,27.0,0,1,1,0,2,7pt,1.0,1,1.0,1.0
1247,Australian Open,2023,Hard,3,1,1,31.5,63.5,21.0,0,19.5,380.25,38.0,1,1,1,1,2,7pt,1.0,1,1.0,1.0
1249,Australian Open,2023,Hard,3,0,1,57.0,280.0,18.0,0,15.5,240.25,35.0,0,1,1,1,1,7pt,1.0,1,0.77921258,0.82221639
1249,Australian Open,2023,Hard,3,1,1,280.0,57.0,150.0,0,6.5,42.25,27.5,1,1,1,0,1,7pt,1.0,1,1.0,1.0
1249,Australian Open,2023,Hard,3,0,1,57.0,280.0,18.0,0,15.5,240.25,35.0,0,1,1,0,3,7pt,1.0,1,0.77921258,0.82221639
1249,Australian Open,2023,Hard,3,1,1,280.0,57.0,150.0,0,6.5,42.25,27.5,1,1,1,1,3,7pt,1.0,1,1.0,1.0
1250,Australian Open,2023,Hard,3,0,1,25.0,54.5,20.0,0,16.5,272.25,36.5,0,1,1,0,1,7pt,1.0,1,0.62645039,0.66638535
1250,Australian Open,2023,Hard,3,0,0,54.5,25.0,21.0,0,12.5,156.25,33.5,1,1,1,1,1,7pt,0.25,0,0.56506574,0.026699821
1251,Australian Open,2023,Hard,3,0,0,31.0,79.0,2.0,0,21.5,462.25,40.0,0,1,1,0,1,7pt,0.5,0,0.41251737,0.48770896
1251,Australian Open,2023,Hard,3,0,0,79.0,31.0,6.0,0,20.5,420.25,38.0,1,1,1,1,1,7pt,0.25,0,0.25819563999999995,0.013445484
1251,Australian Open,2023,Hard,3,0,0,31.0,79.0,2.0,0,21.5,462.25,40.0,0,1,1,0,2,7pt,0.5,0,0.41251737,0.48770896
1251,Australian Open,2023,Hard,3,0,0,79.0,31.0,6.0,0,20.5,420.25,38.0,1,1,1,1,2,7pt,0.25,0,0.25819563999999995,0.013445484
1256,Australian Open,2023,Hard,3,1,1,243.0,38.0,420.0,0,8.5,72.25,27.0,0,1,1,0,3,7pt,1.0,1,1.0,1.0
1256,Australian Open,2023,Hard,3,0,0,38.0,243.0,4.0,0,8.5,72.25,29.5,1,1,1,1,3,7pt,0.25,0,0.15654259999999998,0.21429564
1258,Australian Open,2023,Hard,4,1,1,31.5,6.0,21.0,0,19.5,380.25,38.0,0,1,1,0,2,7pt,1.0,1,1.0,1.0
1258,Australian Open,2023,Hard,4,0,0,6.0,31.5,0.0,0,15.5,240.25,37.5,1,1,1,1,2,7pt,0.25,0,0.1605742,0.27577949
1259,Australian Open,2023,Hard,4,1,1,105.0,15.0,98.0,0,14.5,210.25,33.5,0,1,1,0,2,7pt,1.0,1,1.0,1.0
1259,Australian Open,2023,Hard,4,0,1,15.0,105.0,2.0,0,20.0,400.0,37.5,1,1,1,1,2,7pt,1.0,1,0.68292937,0.71418059
1261,Australian Open,2023,Hard,4,1,1,27.0,280.0,0.0,0,15.5,240.25,36.5,0,1,1,0,1,7pt,1.0,1,1.0,1.0
1261,Australian Open,2023,Hard,4,1,1,280.0,27.0,150.0,0,6.5,42.25,27.5,1,1,1,1,1,7pt,1.0,1,1.0,1.0
1261,Australian Open,2023,Hard,4,1,1,27.0,280.0,0.0,0,15.5,240.25,36.5,0,1,1,1,2,7pt,1.0,1,1.0,1.0
1261,Australian Open,2023,Hard,4,1,1,280.0,27.0,150.0,0,6.5,42.25,27.5,1,1,1,0,2,7pt,1.0,1,1.0,1.0
1262,Australian Open,2023,Hard,4,0,0,938.5,436.5,237.0,1,5.5,30.25,24.0,0,1,1,0,1,7pt,0.75,0,0.52729675,0.45108455
1262,Australian Open,2023,Hard,4,1,1,436.5,938.5,757.0,0,17.5,306.25,36.5,1,1,1,1,1,7pt,1.0,1,1.0,1.0
1263,Australian Open,2023,Hard,4,0,0,54.5,220.0,21.0,0,12.5,156.25,33.5,0,1,1,0,2,7pt,0.25,0,0.56506574,0.026699821
1263,Australian Open,2023,Hard,4,1,1,220.0,54.5,114.0,0,7.0,49.0,26.0,1,1,1,1,2,7pt,1.0,1,1.0,1.0
1264,Australian Open,2023,Hard,4,0,1,1.5,38.0,1.0,0,14.0,196.0,35.0,0,1,1,1,1,7pt,0.8875000476837158,1,0.62949178,0.69089741
1264,Australian Open,2023,Hard,4,0,0,38.0,1.5,4.0,0,8.5,72.25,29.5,1,1,1,0,1,7pt,0.25,0,0.15654259999999998,0.21429564
1264,Australian Open,2023,Hard,4,0,1,1.5,38.0,1.0,0,14.0,196.0,35.0,0,1,1,0,2,7pt,0.8875000476837158,1,0.62949178,0.69089741
1264,Australian Open,2023,Hard,4,0,0,38.0,1.5,4.0,0,8.5,72.25,29.5,1,1,1,1,2,7pt,0.25,0,0.15654259999999998,0.21429564
1265,Australian Open,2023,Hard,5,0,0,30.0,15.0,16.0,0,11.0,121.0,34.0,0,1,1,1,2,7pt,0.5,0,0.46082597999999997,0.47357476
1265,Australian Open,2023,Hard,5,0,1,15.0,30.0,2.0,0,20.0,400.0,37.5,1,1,1,0,2,7pt,1.0,1,0.68292937,0.71418059
1266,Australian Open,2023,Hard,5,0,0,6.0,436.5,0.0,0,15.5,240.25,37.5,0,1,1,0,3,7pt,0.25,0,0.1605742,0.27577949
1266,Australian Open,2023,Hard,5,1,1,436.5,6.0,757.0,0,17.5,306.25,36.5,1,1,1,1,3,7pt,1.0,1,1.0,1.0
1271,Australian Open,2023,Hard,7,0,0,38.0,220.0,4.0,0,8.5,72.25,29.5,0,1,1,0,2,7pt,0.25,0,0.15654259999999998,0.21429564
1271,Australian Open,2023,Hard,7,1,1,220.0,38.0,114.0,0,7.0,49.0,26.0,1,1,1,1,2,7pt,1.0,1,1.0,1.0
1272,Roland Garros,2023,Clay,2,0,0,68.0,1.0,26.0,0,14.0,196.0,35.0,0,1,1,0,2,7pt,0.10249999910593033,0,0.07011162999999998,0.10603307
1272,Roland Garros,2023,Clay,2,0,0,1.0,68.0,0.0,0,13.0,169.0,34.0,1,1,1,1,2,7pt,0.5,0,0.48542041,0.50139606
1274,Roland Garros,2023,Clay,2,1,1,137.0,6.0,44.0,0,5.5,30.25,24.0,0,1,1,0,3,7pt,1.0,1,1.0,1.0
1274,Roland Garros,2023,Clay,2,0,0,6.0,137.0,0.0,0,15.5,240.25,37.5,1,1,1,1,3,7pt,0.25,0,0.1605742,0.27577949
1275,Roland Garros,2023,Clay,2,1,1,464.0,6.5,772.0,0,9.5,90.25,29.0,0,1,1,0,1,7pt,1.0,1,1.0,1.0
1275,Roland Garros,2023,Clay,2,0,0,6.5,464.0,3.0,0,15.0,225.0,35.5,1,1,1,1,1,7pt,0.25,0,0.40288400999999996,0.4021906
1275,Roland Garros,2023,Clay,2,1,1,464.0,6.5,772.0,0,9.5,90.25,29.0,0,1,1,0,3,7pt,1.0,1,1.0,1.0
1275,Roland Garros,2023,Clay,2,0,0,6.5,464.0,3.0,0,15.0,225.0,35.5,1,1,1,1,3,7pt,0.25,0,0.40288400999999996,0.4021906
1276,Roland Garros,2023,Clay,2,1,1,34.5,10.0,1.0,0,8.5,72.25,26.5,0,1,1,0,1,7pt,1.0,1,1.0,1.0
1276,Roland Garros,2023,Clay,2,0,0,10.0,34.5,0.0,0,11.5,132.25,32.0,1,1,1,1,1,7pt,0.0,0,0.30666101,0.4028565
1282,Roland Garros,2023,Clay,2,0,1,74.5,27.5,69.0,0,1.0,1.0,29.5,0,1,1,0,1,7pt,1.0,1,0.7034266,0.71754462
1282,Roland Garros,2023,Clay,2,0,1,27.5,74.5,17.0,0,16.5,272.25,36.5,1,1,1,1,1,7pt,1.0,1,0.62645039,0.66638535
1283,Roland Garros,2023,Clay,2,1,1,66.0,27.5,90.0,0,17.5,306.25,36.5,0,1,1,0,3,7pt,1.0,1,1.0,1.0
1283,Roland Garros,2023,Clay,2,1,1,27.5,66.0,5.0,0,19.5,380.25,37.5,1,1,1,1,3,7pt,1.0,1,1.0,1.0
1284,Roland Garros,2023,Clay,2,0,0,50.5,53.5,43.0,0,18.0,324.0,36.5,0,1,1,0,2,7pt,0.75,0,0.44548327,0.26302764
1284,Roland Garros,2023,Clay,2,0,0,53.5,50.5,5.0,0,14.0,196.0,31.5,1,1,1,1,2,7pt,0.25,0,0.22936952,0.22552666
1284,Roland Garros,2023,Clay,2,0,0,50.5,53.5,43.0,0,18.0,324.0,36.5,0,1,1,0,3,7pt,0.75,0,0.44548327,0.26302764
1284,Roland Garros,2023,Clay,2,0,0,53.5,50.5,5.0,0,14.0,196.0,31.5,1,1,1,1,3,7pt,0.25,0,0.22936952,0.22552666
1287,Roland Garros,2023,Clay,2,1,1,560.5,77.5,1.0,1,12.0,144.0,30.5,0,1,1,0,2,7pt,1.0,1,1.0,1.0
1287,Roland Garros,2023,Clay,2,0,0,77.5,560.5,19.0,0,14.0,196.0,31.5,1,1,1,1,2,7pt,0.25,0,0.17335403000000005,0.20140551
1289,Roland Garros,2023,Clay,2,0,0,129.0,49.0,98.0,0,12.0,144.0,30.0,0,1,1,0,1,7pt,0.5,0,0.46082597999999997,0.47357476
1289,Roland Garros,2023,Clay,2,1,1,49.0,129.0,6.0,0,19.5,380.25,37.0,1,1,1,1,1,7pt,1.0,1,1.0,1.0
1291,Roland Garros,2023,Clay,2,1,1,30.0,47.5,6.0,1,7.0,49.0,26.0,0,1,1,0,1,7pt,1.0,1,1.0,1.0
1291,Roland Garros,2023,Clay,2,0,1,47.5,30.0,19.0,0,8.0,64.0,26.5,1,1,1,1,1,7pt,1.0,1,0.70855409,0.7752865
1291,Roland Garros,2023,Clay,2,1,1,30.0,47.5,6.0,1,7.0,49.0,26.0,0,1,1,0,2,7pt,1.0,1,1.0,1.0
1291,Roland Garros,2023,Clay,2,0,1,47.5,30.0,19.0,0,8.0,64.0,26.5,1,1,1,1,2,7pt,1.0,1,0.70855409,0.7752865
1294,Roland Garros,2023,Clay,2,0,1,13.0,46.0,8.0,0,18.5,342.25,39.5,0,1,1,0,2,7pt,0.0,1,0.23631208999999997,0.18120201
1294,Roland Garros,2023,Clay,2,1,1,46.0,13.0,2.0,0,1.0,1.0,30.5,1,1,1,1,2,7pt,1.0,1,1.0,1.0
1295,Roland Garros,2023,Clay,2,0,1,187.5,469.5,181.0,0,8.5,72.25,30.5,0,1,1,0,1,7pt,0.8875000476837158,1,0.6669113,0.6979596
1295,Roland Garros,2023,Clay,2,1,1,469.5,187.5,713.0,0,9.0,81.0,27.0,1,1,1,1,1,7pt,1.0,1,1.0,1.0
1297,Roland Garros,2023,Clay,2,1,1,218.0,309.0,358.0,0,18.0,324.0,36.5,0,1,1,0,3,7pt,1.0,1,1.0,1.0
1297,Roland Garros,2023,Clay,2,1,1,309.0,218.0,500.0,0,8.0,64.0,29.0,1,1,1,1,3,7pt,1.0,1,1.0,1.0
1298,Roland Garros,2023,Clay,2,0,0,56.5,306.0,25.0,0,13.0,169.0,31.0,0,1,1,1,2,7pt,0.5,0,0.42836332,0.41631824
1298,Roland Garros,2023,Clay,2,0,0,306.0,56.5,30.0,1,8.0,64.0,27.5,1,1,1,0,2,7pt,0.3149999976158142,0,0.31459570000000003,0.33960298
1308,Roland Garros,2023,Clay,3,0,0,505.0,10.0,96.0,1,8.0,64.0,26.5,0,1,1,0,1,7pt,0.25,0,0.24598145000000005,0.21747799
1308,Roland Garros,2023,Clay,3,0,0,10.0,505.0,0.0,0,11.5,132.25,32.0,1,1,1,1,1,7pt,0.0,0,0.30666101,0.4028565
1314,Roland Garros,2023,Clay,3,1,1,309.0,27.5,500.0,0,8.0,64.0,29.0,0,1,1,0,1,7pt,1.0,1,1.0,1.0
1314,Roland Garros,2023,Clay,3,1,1,27.5,309.0,5.0,0,19.5,380.25,37.5,1,1,1,1,1,7pt,1.0,1,1.0,1.0
1318,Roland Garros,2023,Clay,3,0,0,13.0,40.0,2.0,0,8.5,72.25,29.5,0,1,1,0,1,7pt,0.25,0,0.15654259999999998,0.21429564
1318,Roland Garros,2023,Clay,3,0,0,40.0,13.0,6.0,0,18.5,342.25,37.5,1,1,1,1,1,7pt,0.25,0,0.17970717000000003,0.37751663
1322,Roland Garros,2023,Clay,4,0,1,47.5,6.5,19.0,0,8.0,64.0,26.5,0,1,1,1,1,7pt,1.0,1,0.70855409,0.7752865
1322,Roland Garros,2023,Clay,4,0,0,6.5,47.5,3.0,0,15.0,225.0,35.5,1,1,1,0,1,7pt,0.25,0,0.40288400999999996,0.4021906
1324,Roland Garros,2023,Clay,4,1,1,46.0,24.5,2.0,0,1.0,1.0,30.5,0,1,1,0,2,7pt,1.0,1,1.0,1.0
1324,Roland Garros,2023,Clay,4,1,1,24.5,46.0,3.0,0,12.5,156.25,33.5,1,1,1,1,2,7pt,1.0,1,1.0,1.0
1327,Roland Garros,2023,Clay,4,0,0,17.0,41.5,2.0,0,21.5,462.25,40.0,0,1,1,1,2,7pt,0.5,0,0.41251737,0.48770896
1327,Roland Garros,2023,Clay,4,1,1,41.5,17.0,1.0,0,9.5,90.25,31.0,1,1,1,0,2,7pt,1.0,1,1.0,1.0
1327,Roland Garros,2023,Clay,4,0,0,17.0,41.5,2.0,0,21.5,462.25,40.0,0,1,1,0,3,7pt,0.5,0,0.41251737,0.48770896
1327,Roland Garros,2023,Clay,4,1,1,41.5,17.0,1.0,0,9.5,90.25,31.0,1,1,1,1,3,7pt,1.0,1,1.0,1.0
1328,Roland Garros,2023,Clay,5,1,1,24.5,6.5,3.0,0,12.5,156.25,33.5,0,1,1,0,1,7pt,1.0,1,1.0,1.0
1328,Roland Garros,2023,Clay,5,0,0,6.5,24.5,3.0,0,15.0,225.0,35.5,1,1,1,1,1,7pt,0.25,0,0.40288400999999996,0.4021906
1329,Roland Garros,2023,Clay,5,0,0,1.0,21.0,0.0,0,13.0,169.0,34.0,0,1,1,0,2,7pt,0.5,0,0.48542041,0.50139606
1329,Roland Garros,2023,Clay,5,0,1,21.0,1.0,2.0,0,20.0,400.0,37.5,1,1,1,1,2,7pt,1.0,1,0.68292937,0.71418059
1330,Roland Garros,2023,Clay,5,0,0,6.0,26.0,0.0,0,15.5,240.25,37.5,0,1,1,0,1,7pt,0.25,0,0.1605742,0.27577949
1330,Roland Garros,2023,Clay,5,0,0,26.0,6.0,4.0,0,15.5,240.25,36.5,1,1,1,1,1,7pt,0.75,0,0.47388262000000003,0.48639801
1331,Roland Garros,2023,Clay,5,1,1,27.5,41.5,5.0,0,19.5,380.25,37.5,0,1,1,0,2,7pt,1.0,1,1.0,1.0
1331,Roland Garros,2023,Clay,5,1,1,41.5,27.5,1.0,0,9.5,90.25,31.0,1,1,1,1,2,7pt,1.0,1,1.0,1.0
1332,Roland Garros,2023,Clay,6,0,1,21.0,6.5,2.0,0,20.0,400.0,37.5,0,1,1,0,2,7pt,1.0,1,0.68292937,0.71418059
1332,Roland Garros,2023,Clay,6,0,0,6.5,21.0,3.0,0,15.0,225.0,35.5,1,1,1,1,2,7pt,0.25,0,0.40288400999999996,0.4021906
1335,US Open,2023,Hard,2,1,1,168.0,1.5,176.0,1,3.5,12.25,24.0,0,1,1,0,2,7pt,1.0,1,1.0,1.0
1335,US Open,2023,Hard,2,0,0,1.5,168.0,1.0,0,13.0,169.0,34.0,1,1,1,1,2,7pt,0.5,0,0.48542041,0.50139606
1337,US Open,2023,Hard,2,0,0,73.5,57.0,15.0,1,12.5,156.25,32.5,0,1,1,1,2,7pt,0.75,0,0.44548327,0.26302764
1337,US Open,2023,Hard,2,0,0,57.0,73.5,4.0,0,14.0,196.0,31.5,1,1,1,0,2,7pt,0.25,0,0.17335403000000005,0.20140551
1337,US Open,2023,Hard,2,0,0,73.5,57.0,15.0,1,12.5,156.25,32.5,0,1,1,0,3,7pt,0.75,0,0.44548327,0.26302764
1337,US Open,2023,Hard,2,0,0,57.0,73.5,4.0,0,14.0,196.0,31.5,1,1,1,1,3,7pt,0.25,0,0.17335403000000005,0.20140551
1339,US Open,2023,Hard,2,1,1,18.5,327.0,11.0,0,12.5,156.25,33.5,0,1,1,0,3,7pt,1.0,1,1.0,1.0
1339,US Open,2023,Hard,2,1,1,327.0,18.5,234.0,1,11.0,121.0,28.0,1,1,1,1,3,7pt,1.0,1,1.0,1.0
1344,US Open,2023,Hard,2,0,0,488.5,203.0,791.0,0,5.0,25.0,24.0,0,1,1,0,2,7pt,0.3149999976158142,0,0.32264649999999995,0.34268156
1344,US Open,2023,Hard,2,0,0,203.0,488.5,240.0,0,4.0,16.0,23.5,1,1,1,1,2,7pt,0.25,0,0.25636840000000005,0.28214619
1345,US Open,2023,Hard,2,1,1,199.5,64.0,1.0,0,14.0,196.0,34.5,0,1,1,0,3,7pt,1.0,1,1.0,1.0
1345,US Open,2023,Hard,2,0,0,64.0,199.5,2.0,0,10.5,110.25,31.5,1,1,1,1,3,7pt,0.2875000238418579,0,0.33500683,0.50676095
1346,US Open,2023,Hard,2,0,0,38.0,26.0,2.0,0,18.5,342.25,37.5,0,1,1,0,2,7pt,0.25,0,0.17970717000000003,0.37751663
1346,US Open,2023,Hard,2,0,0,26.0,38.0,2.0,0,11.5,132.25,32.0,1,1,1,1,2,7pt,0.0,0,0.30666101,0.4028565
1347,US Open,2023,Hard,2,0,0,48.0,27.0,6.0,0,14.0,196.0,35.0,0,1,1,0,1,7pt,0.10249999910593033,0,0.07011162999999998,0.10603307
1347,US Open,2023,Hard,2,0,1,27.0,48.0,2.0,0,16.5,272.25,36.5,1,1,1,1,1,7pt,1.0,1,0.62645039,0.66638535
1347,US Open,2023,Hard,2,0,0,48.0,27.0,6.0,0,14.0,196.0,35.0,0,1,1,0,2,7pt,0.10249999910593033,0,0.07011162999999998,0.10603307
1347,US Open,2023,Hard,2,0,1,27.0,48.0,2.0,0,16.5,272.25,36.5,1,1,1,1,2,7pt,1.0,1,0.62645039,0.66638535
1354,US Open,2023,Hard,2,1,1,21.0,50.5,2.0,0,9.5,90.25,31.0,0,1,1,0,2,7pt,1.0,1,1.0,1.0
1354,US Open,2023,Hard,2,0,1,50.5,21.0,5.0,0,8.0,64.0,26.5,1,1,1,1,2,7pt,1.0,1,0.70855409,0.7752865
1355,US Open,2023,Hard,2,0,0,65.5,32.5,9.0,0,16.0,256.0,31.5,0,1,1,1,2,7pt,0.25,0,0.21113216999999995,0.041329872
1355,US Open,2023,Hard,2,0,0,32.5,65.5,19.0,0,16.5,272.25,35.5,1,1,1,0,2,7pt,0.25,0,0.35325949999999995,0.35046604
1355,US Open,2023,Hard,2,0,0,65.5,32.5,9.0,0,16.0,256.0,31.5,0,1,1,0,3,7pt,0.25,0,0.21113216999999995,0.041329872
1355,US Open,2023,Hard,2,0,0,32.5,65.5,19.0,0,16.5,272.25,35.5,1,1,1,1,3,7pt,0.25,0,0.35325949999999995,0.35046604
1356,US Open,2023,Hard,2,1,1,489.0,44.5,2.0,0,2.0,4.0,19.0,0,1,1,0,1,7pt,1.0,1,1.0,1.0
1356,US Open,2023,Hard,2,0,0,44.5,489.0,25.0,0,8.5,72.25,30.5,1,1,1,1,1,7pt,0.4625000059604645,0,0.46190917,0.49024096
1357,US Open,2023,Hard,2,1,1,34.5,206.5,1.0,0,8.5,72.25,26.5,0,1,1,1,1,7pt,1.0,1,1.0,1.0
1357,US Open,2023,Hard,2,1,1,206.5,34.5,245.0,1,9.0,81.0,29.5,1,1,1,0,1,7pt,1.0,1,1.0,1.0
1358,US Open,2023,Hard,2,1,1,42.0,5.5,2.0,0,14.5,210.25,33.0,0,1,1,0,2,7pt,1.0,1,1.0,1.0
1358,US Open,2023,Hard,2,0,1,5.5,42.0,1.0,0,14.0,196.0,35.0,1,1,1,1,2,7pt,0.8875000476837158,1,0.62949178,0.69089741
1360,US Open,2023,Hard,2,0,0,51.0,69.5,2.0,0,14.0,196.0,31.5,0,1,1,0,1,7pt,0.25,0,0.22936952,0.22552666
1360,US Open,2023,Hard,2,0,0,69.5,51.0,5.0,0,9.5,90.25,32.5,1,1,1,1,1,7pt,0.25,0,0.17241715999999996,0.28593832
1363,US Open,2023,Hard,2,1,1,46.5,28.5,1.0,0,1.0,1.0,30.5,0,1,1,1,2,7pt,1.0,1,1.0,1.0
1363,US Open,2023,Hard,2,0,0,28.5,46.5,15.0,0,16.5,272.25,35.0,1,1,1,0,2,7pt,0.25,0,0.35325949999999995,0.35046604
1365,US Open,2023,Hard,2,0,1,64.5,187.0,9.0,0,13.0,169.0,32.5,0,1,1,0,1,7pt,1.0,1,0.70739213,0.7298128
1365,US Open,2023,Hard,2,1,1,187.0,64.5,140.0,0,5.5,30.25,24.0,1,1,1,1,1,7pt,1.0,1,1.0,1.0
1367,US Open,2023,Hard,3,1,1,58.5,1.5,19.0,0,15.5,240.25,36.5,0,1,1,0,1,7pt,1.0,1,1.0,1.0
1367,US Open,2023,Hard,3,0,0,1.5,58.5,1.0,0,13.0,169.0,34.0,1,1,1,1,1,7pt,0.5,0,0.48542041,0.50139606
1368,US Open,2023,Hard,3,0,0,57.0,30.5,4.0,0,14.0,196.0,31.5,0,1,1,0,1,7pt,0.25,0,0.17335403000000005,0.20140551
1368,US Open,2023,Hard,3,1,1,30.5,57.0,1.0,0,7.0,49.0,30.0,1,1,1,1,1,7pt,1.0,1,1.0,1.0
1369,US Open,2023,Hard,3,1,1,327.0,60.0,234.0,1,11.0,121.0,28.0,0,1,1,0,1,7pt,1.0,1,1.0,1.0
1369,US Open,2023,Hard,3,1,1,60.0,327.0,4.0,0,1.0,1.0,27.0,1,1,1,1,1,7pt,1.0,1,1.0,1.0
1372,US Open,2023,Hard,3,0,0,26.0,64.0,2.0,0,11.5,132.25,32.0,0,1,1,0,1,7pt,0.0,0,0.30666101,0.4028565
1372,US Open,2023,Hard,3,0,0,64.0,26.0,2.0,0,10.5,110.25,31.5,1,1,1,1,1,7pt,0.2875000238418579,0,0.33500683,0.50676095
1372,US Open,2023,Hard,3,0,0,26.0,64.0,2.0,0,11.5,132.25,32.0,0,1,1,0,2,7pt,0.0,0,0.30666101,0.4028565
1372,US Open,2023,Hard,3,0,0,64.0,26.0,2.0,0,10.5,110.25,31.5,1,1,1,1,2,7pt,0.2875000238418579,0,0.33500683,0.50676095
1378,US Open,2023,Hard,3,1,1,206.5,5.5,245.0,1,9.0,81.0,29.5,0,1,1,0,2,7pt,1.0,1,1.0,1.0
1378,US Open,2023,Hard,3,0,1,5.5,206.5,1.0,0,14.0,196.0,35.0,1,1,1,1,2,7pt,0.8875000476837158,1,0.62949178,0.69089741
1379,US Open,2023,Hard,3,0,0,69.5,12.5,5.0,0,9.5,90.25,32.5,0,1,1,0,2,7pt,0.25,0,0.17241715999999996,0.28593832
1379,US Open,2023,Hard,3,0,0,12.5,69.5,5.0,0,22.0,484.0,40.0,1,1,1,1,2,7pt,0.5,0,0.41251737,0.48770896
1379,US Open,2023,Hard,3,0,0,69.5,12.5,5.0,0,9.5,90.25,32.5,0,1,1,0,3,7pt,0.25,0,0.17241715999999996,0.28593832
1379,US Open,2023,Hard,3,0,0,12.5,69.5,5.0,0,22.0,484.0,40.0,1,1,1,1,3,7pt,0.5,0,0.41251737,0.48770896
1382,US Open,2023,Hard,3,1,1,187.0,3.5,140.0,0,5.5,30.25,24.0,0,1,1,1,2,7pt,1.0,1,1.0,1.0
1382,US Open,2023,Hard,3,0,0,3.5,187.0,1.0,0,15.0,225.0,35.5,1,1,1,0,2,7pt,0.25,0,0.40288400999999996,0.4021906
1383,US Open,2023,Hard,4,0,0,1.5,30.5,1.0,0,13.0,169.0,34.0,0,1,1,0,1,7pt,0.5,0,0.48542041,0.50139606
1383,US Open,2023,Hard,4,1,1,30.5,1.5,1.0,0,7.0,49.0,30.0,1,1,1,1,1,7pt,1.0,1,1.0,1.0
1384,US Open,2023,Hard,4,1,1,60.0,12.5,4.0,0,1.0,1.0,27.0,0,1,1,1,2,7pt,1.0,1,1.0,1.0
1384,US Open,2023,Hard,4,0,1,12.5,60.0,3.0,0,18.5,342.25,39.5,1,1,1,0,2,7pt,0.0,1,0.23631208999999997,0.18120201
1384,US Open,2023,Hard,4,1,1,60.0,12.5,4.0,0,1.0,1.0,27.0,0,1,1,0,3,7pt,1.0,1,1.0,1.0
1384,US Open,2023,Hard,4,0,1,12.5,60.0,3.0,0,18.5,342.25,39.5,1,1,1,1,3,7pt,0.0,1,0.23631208999999997,0.18120201
1386,US Open,2023,Hard,4,0,1,16.5,126.5,1.0,0,20.0,400.0,37.5,0,1,1,0,1,7pt,1.0,1,0.68292937,0.71418059
1386,US Open,2023,Hard,4,1,1,126.5,16.5,173.0,0,18.0,324.0,36.5,1,1,1,1,1,7pt,1.0,1,1.0,1.0
1387,US Open,2023,Hard,4,0,0,127.0,9.5,32.0,0,9.0,81.0,27.0,0,1,1,0,1,7pt,0.5,0,0.49979233999999995,0.49158752
1387,US Open,2023,Hard,4,1,1,9.5,127.0,5.0,0,19.5,380.25,37.5,1,1,1,1,1,7pt,1.0,1,1.0,1.0
1387,US Open,2023,Hard,4,0,0,127.0,9.5,32.0,0,9.0,81.0,27.0,0,1,1,1,2,7pt,0.5,0,0.49979233999999995,0.49158752
1387,US Open,2023,Hard,4,1,1,9.5,127.0,5.0,0,19.5,380.25,37.5,1,1,1,0,2,7pt,1.0,1,1.0,1.0
1389,US Open,2023,Hard,4,0,0,12.5,18.5,5.0,0,22.0,484.0,40.0,0,1,1,1,1,7pt,0.5,0,0.41251737,0.48770896
1389,US Open,2023,Hard,4,0,0,18.5,12.5,1.0,0,8.5,72.25,29.5,1,1,1,0,1,7pt,0.25,0,0.15654259999999998,0.21429564
1391,US Open,2023,Hard,5,1,1,30.5,12.5,1.0,0,7.0,49.0,30.0,0,1,1,0,1,7pt,1.0,1,1.0,1.0
1391,US Open,2023,Hard,5,0,1,12.5,30.5,3.0,0,18.5,342.25,39.5,1,1,1,1,1,7pt,0.0,1,0.23631208999999997,0.18120201
1395,US Open,2023,Hard,6,1,1,126.5,12.5,173.0,0,18.0,324.0,36.5,0,1,1,0,1,7pt,1.0,1,1.0,1.0
1395,US Open,2023,Hard,6,0,1,12.5,126.5,3.0,0,18.5,342.25,39.5,1,1,1,1,1,7pt,0.0,1,0.23631208999999997,0.18120201
1402,Wimbledon,2023,Grass,2,0,0,40.5,17.0,27.0,0,19.0,361.0,37.0,0,1,1,0,1,7pt,0.25,0,0.18154316999999998,0.32001269
1402,Wimbledon,2023,Grass,2,1,1,17.0,40.5,0.0,0,13.5,182.25,32.5,1,1,1,1,1,7pt,1.0,1,1.0,1.0
1404,Wimbledon,2023,Grass,2,1,1,160.0,71.0,162.0,0,9.0,81.0,28.5,0,1,1,0,2,7pt,1.0,1,1.0,1.0
1404,Wimbledon,2023,Grass,2,0,0,71.0,160.0,6.0,0,14.0,196.0,31.5,1,1,1,1,2,7pt,0.25,0,0.17335403000000005,0.20140551
1406,Wimbledon,2023,Grass,2,0,1,5.5,146.0,1.0,0,14.0,196.0,35.0,0,1,1,1,1,7pt,0.8875000476837158,1,0.62949178,0.69089741
1406,Wimbledon,2023,Grass,2,1,1,146.0,5.5,60.0,0,8.0,64.0,26.0,1,1,1,0,1,7pt,1.0,1,1.0,1.0
1407,Wimbledon,2023,Grass,2,0,0,51.5,42.5,7.0,0,14.0,196.0,35.0,0,1,1,0,2,7pt,0.10249999910593033,0,0.07011162999999998,0.10603307
1407,Wimbledon,2023,Grass,2,1,1,42.5,51.5,1.0,0,14.5,210.25,33.0,1,1,1,1,2,7pt,1.0,1,1.0,1.0
1409,Wimbledon,2023,Grass,2,0,0,49.5,32.5,29.0,0,18.0,324.0,36.5,0,1,1,1,1,7pt,0.75,0,0.44548327,0.26302764
1409,Wimbledon,2023,Grass,2,0,0,32.5,49.5,7.0,0,18.5,342.25,37.5,1,1,1,0,1,7pt,0.25,0,0.17970717000000003,0.37751663
1410,Wimbledon,2023,Grass,2,0,0,83.0,25.0,10.0,1,11.0,121.0,31.0,0,1,1,0,2,7pt,0.10250000655651093,0,0.13793277999999998,0.14961526
1410,Wimbledon,2023,Grass,2,0,0,25.0,83.0,32.0,0,15.5,240.25,35.5,1,1,1,1,2,7pt,0.25,0,0.36744732,0.52177691
1412,Wimbledon,2023,Grass,2,0,0,72.5,353.0,5.0,0,7.0,49.0,30.0,0,1,1,0,2,7pt,0.0,0,0.04713803999999999,0.22634706
1412,Wimbledon,2023,Grass,2,1,1,353.0,72.5,158.0,0,1.0,1.0,21.5,1,1,1,1,2,7pt,1.0,1,1.0,1.0
1413,Wimbledon,2023,Grass,2,1,1,153.5,14.0,141.0,0,10.0,100.0,29.5,0,1,1,1,2,7pt,1.0,1,1.0,1.0
1413,Wimbledon,2023,Grass,2,0,1,14.0,153.5,4.0,0,18.5,342.25,39.5,1,1,1,0,2,7pt,0.0,1,0.23631208999999997,0.18120201
1413,Wimbledon,2023,Grass,2,1,1,153.5,14.0,141.0,0,10.0,100.0,29.5,0,1,1,0,3,7pt,1.0,1,1.0,1.0
1413,Wimbledon,2023,Grass,2,0,1,14.0,153.5,4.0,0,18.5,342.25,39.5,1,1,1,1,3,7pt,0.0,1,0.23631208999999997,0.18120201
1414,Wimbledon,2023,Grass,2,1,1,321.5,10.5,239.0,1,11.0,121.0,28.0,0,1,1,0,3,7pt,1.0,1,1.0,1.0
1414,Wimbledon,2023,Grass,2,0,0,10.5,321.5,1.0,0,22.0,484.0,40.0,1,1,1,1,3,7pt,0.5,0,0.41251737,0.48770896
1426,Wimbledon,2023,Grass,2,1,1,56.0,27.0,18.0,0,15.5,240.25,36.5,0,1,1,1,1,7pt,1.0,1,1.0,1.0
1426,Wimbledon,2023,Grass,2,0,1,27.0,56.0,2.0,0,20.0,400.0,37.5,1,1,1,0,1,7pt,1.0,1,0.68292937,0.71418059
1426,Wimbledon,2023,Grass,2,1,1,56.0,27.0,18.0,0,15.5,240.25,36.5,0,1,1,0,2,7pt,1.0,1,1.0,1.0
1426,Wimbledon,2023,Grass,2,0,1,27.0,56.0,2.0,0,20.0,400.0,37.5,1,1,1,1,2,7pt,1.0,1,0.68292937,0.71418059
1426,Wimbledon,2023,Grass,2,1,1,56.0,27.0,18.0,0,15.5,240.25,36.5,0,1,1,0,3,7pt,1.0,1,1.0,1.0
1426,Wimbledon,2023,Grass,2,0,1,27.0,56.0,2.0,0,20.0,400.0,37.5,1,1,1,1,3,7pt,1.0,1,0.68292937,0.71418059
1427,Wimbledon,2023,Grass,2,1,1,139.5,795.0,63.0,0,5.5,30.25,24.0,0,1,1,1,1,7pt,1.0,1,1.0,1.0
1427,Wimbledon,2023,Grass,2,1,1,795.0,139.5,4.0,0,2.0,4.0,19.0,1,1,1,0,1,7pt,1.0,1,1.0,1.0
1429,Wimbledon,2023,Grass,2,1,1,93.5,2.5,1.0,0,1.0,1.0,33.0,0,1,1,0,1,7pt,1.0,1,1.0,1.0
1429,Wimbledon,2023,Grass,2,0,0,2.5,93.5,3.0,0,15.0,225.0,35.5,1,1,1,1,1,7pt,0.25,0,0.40288400999999996,0.4021906
1430,Wimbledon,2023,Grass,3,1,1,34.0,2.0,6.0,1,7.0,49.0,26.0,0,1,1,0,1,7pt,1.0,1,1.0,1.0
1430,Wimbledon,2023,Grass,3,0,0,2.0,34.0,0.0,0,13.0,169.0,34.0,1,1,1,1,1,7pt,0.5,0,0.48542041,0.50139606
1432,Wimbledon,2023,Grass,3,0,1,46.5,17.0,5.0,0,8.0,64.0,26.5,0,1,1,0,2,7pt,1.0,1,0.70855409,0.7752865
1432,Wimbledon,2023,Grass,3,1,1,17.0,46.5,0.0,0,13.5,182.25,32.5,1,1,1,1,2,7pt,1.0,1,1.0,1.0
1433,Wimbledon,2023,Grass,3,0,0,21.5,71.0,1.0,0,13.5,182.25,35.0,0,1,1,0,1,7pt,0.25,0,0.28170055000000005,0.37885547
1433,Wimbledon,2023,Grass,3,0,0,71.0,21.5,6.0,0,14.0,196.0,31.5,1,1,1,1,1,7pt,0.25,0,0.17335403000000005,0.20140551
1434,Wimbledon,2023,Grass,3,1,1,42.5,146.0,1.0,0,14.5,210.25,33.0,0,1,1,0,2,7pt,1.0,1,1.0,1.0
1434,Wimbledon,2023,Grass,3,1,1,146.0,42.5,60.0,0,8.0,64.0,26.0,1,1,1,1,2,7pt,1.0,1,1.0,1.0
1434,Wimbledon,2023,Grass,3,1,1,42.5,146.0,1.0,0,14.5,210.25,33.0,0,1,1,0,3,7pt,1.0,1,1.0,1.0
1434,Wimbledon,2023,Grass,3,1,1,146.0,42.5,60.0,0,8.0,64.0,26.0,1,1,1,1,3,7pt,1.0,1,1.0,1.0
1436,Wimbledon,2023,Grass,3,0,0,25.0,83.0,32.0,0,15.5,240.25,35.5,0,1,1,0,3,7pt,0.25,0,0.36744732,0.52177691
1436,Wimbledon,2023,Grass,3,0,0,83.0,25.0,6.0,0,4.0,16.0,29.5,1,1,1,1,3,7pt,0.4625000059604645,0,0.49804503,0.5075919
1438,Wimbledon,2023,Grass,3,1,1,602.5,10.5,113.0,0,1.0,1.0,21.5,0,1,1,0,2,7pt,1.0,1,1.0,1.0
1438,Wimbledon,2023,Grass,3,0,0,10.5,602.5,1.0,0,22.0,484.0,40.0,1,1,1,1,2,7pt,0.5,0,0.41251737,0.48770896
1440,Wimbledon,2023,Grass,3,1,1,39.0,26.5,2.0,0,8.5,72.25,26.5,0,1,1,1,1,7pt,1.0,1,1.0,1.0
1440,Wimbledon,2023,Grass,3,0,1,26.5,39.0,13.0,0,16.5,272.25,36.5,1,1,1,0,1,7pt,1.0,1,0.62645039,0.66638535
1440,Wimbledon,2023,Grass,3,1,1,39.0,26.5,2.0,0,8.5,72.25,26.5,0,1,1,0,2,7pt,1.0,1,1.0,1.0
1440,Wimbledon,2023,Grass,3,0,1,26.5,39.0,13.0,0,16.5,272.25,36.5,1,1,1,1,2,7pt,1.0,1,0.62645039,0.66638535
1441,Wimbledon,2023,Grass,3,0,0,368.0,10.0,436.0,0,12.5,156.25,29.5,0,1,1,0,1,7pt,0.5,0,0.41149276,0.49061128
1441,Wimbledon,2023,Grass,3,0,0,10.0,368.0,6.0,0,8.5,72.25,29.5,1,1,1,1,1,7pt,0.25,0,0.15654259999999998,0.21429564
1442,Wimbledon,2023,Grass,3,0,0,14.0,36.5,0.0,0,15.5,240.25,37.5,0,1,1,0,2,7pt,0.25,0,0.1605742,0.27577949
1442,Wimbledon,2023,Grass,3,1,1,36.5,14.0,5.0,0,7.0,49.0,30.0,1,1,1,1,2,7pt,1.0,1,1.0,1.0
1443,Wimbledon,2023,Grass,3,0,0,52.5,24.0,1.0,0,14.0,196.0,31.5,0,1,1,0,1,7pt,0.25,0,0.22936952,0.22552666
1443,Wimbledon,2023,Grass,3,1,1,24.0,52.5,2.0,0,9.5,90.25,31.0,1,1,1,1,1,7pt,1.0,1,1.0,1.0
1444,Wimbledon,2023,Grass,3,1,1,795.0,27.0,4.0,0,2.0,4.0,19.0,0,1,1,0,1,7pt,1.0,1,1.0,1.0
1444,Wimbledon,2023,Grass,3,0,1,27.0,795.0,2.0,0,20.0,400.0,37.5,1,1,1,1,1,7pt,1.0,1,0.68292937,0.71418059
1444,Wimbledon,2023,Grass,3,1,1,795.0,27.0,4.0,0,2.0,4.0,19.0,0,1,1,1,2,7pt,1.0,1,1.0,1.0
1444,Wimbledon,2023,Grass,3,0,1,27.0,795.0,2.0,0,20.0,400.0,37.5,1,1,1,0,2,7pt,1.0,1,0.68292937,0.71418059
1445,Wimbledon,2023,Grass,3,0,0,2.5,122.0,3.0,0,15.0,225.0,35.5,0,1,1,1,1,7pt,0.25,0,0.40288400999999996,0.4021906
1445,Wimbledon,2023,Grass,3,0,1,122.0,2.5,90.0,0,8.0,64.0,28.5,1,1,1,0,1,7pt,0.0,1,0.17614149999999995,0.18345237
1445,Wimbledon,2023,Grass,3,0,0,2.5,122.0,3.0,0,15.0,225.0,35.5,0,1,1,0,2,7pt,0.25,0,0.40288400999999996,0.4021906
1445,Wimbledon,2023,Grass,3,0,1,122.0,2.5,90.0,0,8.0,64.0,28.5,1,1,1,1,2,7pt,0.0,1,0.17614149999999995,0.18345237
1446,Wimbledon,2023,Grass,4,1,1,112.5,2.0,113.0,0,8.5,72.25,27.0,0,1,1,0,2,7pt,1.0,1,1.0,1.0
1446,Wimbledon,2023,Grass,4,0,0,2.0,112.5,0.0,0,13.0,169.0,34.0,1,1,1,1,2,7pt,0.5,0,0.48542041,0.50139606
1449,Wimbledon,2023,Grass,4,0,0,83.0,14.0,6.0,0,4.0,16.0,29.5,0,1,1,0,3,7pt,0.4625000059604645,0,0.49804503,0.5075919
1449,Wimbledon,2023,Grass,4,0,1,14.0,83.0,4.0,0,18.5,342.25,39.5,1,1,1,1,3,7pt,0.0,1,0.23631208999999997,0.18120201
1453,Wimbledon,2023,Grass,4,0,1,122.0,27.0,90.0,0,8.0,64.0,28.5,0,1,1,0,1,7pt,0.0,1,0.17614149999999995,0.18345237
1453,Wimbledon,2023,Grass,4,0,1,27.0,122.0,2.0,0,20.0,400.0,37.5,1,1,1,1,1,7pt,1.0,1,0.68292937,0.71418059
1453,Wimbledon,2023,Grass,4,0,1,122.0,27.0,90.0,0,8.0,64.0,28.5,0,1,1,0,2,7pt,0.0,1,0.17614149999999995,0.18345237
1453,Wimbledon,2023,Grass,4,0,1,27.0,122.0,2.0,0,20.0,400.0,37.5,1,1,1,1,2,7pt,1.0,1,0.68292937,0.71418059
1455,Wimbledon,2023,Grass,5,1,1,146.0,14.0,60.0,0,8.0,64.0,26.0,0,1,1,1,1,7pt,1.0,1,1.0,1.0
1455,Wimbledon,2023,Grass,5,0,1,14.0,146.0,4.0,0,18.5,342.25,39.5,1,1,1,0,1,7pt,0.0,1,0.23631208999999997,0.18120201
1463,Australian Open,2024,Hard,2,0,0,52.5,50.5,3.0,0,15.0,225.0,32.5,0,1,1,0,3,7pt,0.25,0,0.22936952,0.22552666
1463,Australian Open,2024,Hard,2,1,1,50.5,52.5,11.0,0,15.5,240.25,34.0,1,1,1,1,3,7pt,1.0,1,1.0,1.0
1465,Australian Open,2024,Hard,2,1,1,64.5,25.5,3.0,0,1.0,1.0,27.5,0,1,1,0,1,7pt,1.0,1,1.0,1.0
1465,Australian Open,2024,Hard,2,0,0,25.5,64.5,13.0,0,12.5,156.25,32.5,1,1,1,1,1,7pt,0.25,0,0.39876634,0.25055853
1469,Australian Open,2024,Hard,2,1,1,65.0,8.0,10.0,0,8.0,64.0,30.0,0,1,1,0,2,7pt,1.0,1,1.0,1.0
1469,Australian Open,2024,Hard,2,0,1,8.0,65.0,2.0,0,21.0,441.0,38.5,1,1,1,1,2,7pt,1.0,1,0.68292937,0.71418059
1470,Australian Open,2024,Hard,2,1,1,299.0,693.5,78.0,1,9.0,81.0,26.5,0,1,1,1,1,7pt,1.0,1,1.0,1.0
1470,Australian Open,2024,Hard,2,0,0,693.5,299.0,1319.0,0,11.0,121.0,34.5,1,1,1,0,1,7pt,0.5,0,0.46082597999999997,0.47357476
1473,Australian Open,2024,Hard,2,1,1,90.5,24.5,37.0,1,9.0,81.0,27.0,0,1,1,0,1,7pt,1.0,1,1.0,1.0
1473,Australian Open,2024,Hard,2,0,0,24.5,90.5,13.0,0,15.0,225.0,37.0,1,1,1,1,1,7pt,0.5,0,0.48542041,0.50139606
1475,Australian Open,2024,Hard,2,1,1,39.0,61.5,4.0,0,9.5,90.25,27.5,0,1,1,0,2,7pt,1.0,1,1.0,1.0
1475,Australian Open,2024,Hard,2,1,1,61.5,39.0,57.0,1,9.5,90.25,28.0,1,1,1,1,2,7pt,1.0,1,1.0,1.0
1476,Australian Open,2024,Hard,2,1,1,439.5,16.0,9.0,0,1.0,1.0,22.0,0,1,1,1,1,7pt,1.0,1,1.0,1.0
1476,Australian Open,2024,Hard,2,0,0,16.0,439.5,2.0,0,9.5,90.25,30.5,1,1,1,0,1,7pt,0.25,0,0.15654259999999998,0.21429564
1477,Australian Open,2024,Hard,2,0,0,79.0,10.5,10.0,1,8.0,64.0,29.0,0,1,1,0,1,7pt,0.4625000059604645,0,0.49804503,0.5075919
1477,Australian Open,2024,Hard,2,0,0,10.5,79.0,1.0,0,17.5,306.25,38.0,1,1,1,1,1,7pt,0.25,0,0.25302237000000005,0.40436414
1478,Australian Open,2024,Hard,2,1,1,169.5,63.0,5.0,0,2.0,4.0,24.0,0,1,1,1,2,7pt,1.0,1,1.0,1.0
1478,Australian Open,2024,Hard,2,0,0,63.0,169.5,20.0,0,9.0,81.0,27.5,1,1,1,0,2,7pt,0.25,0,0.32481414,0.50261873
1478,Australian Open,2024,Hard,2,1,1,169.5,63.0,5.0,0,2.0,4.0,24.0,0,1,1,0,3,7pt,1.0,1,1.0,1.0
1478,Australian Open,2024,Hard,2,0,0,63.0,169.5,20.0,0,9.0,81.0,27.5,1,1,1,1,3,7pt,0.25,0,0.32481414,0.50261873
1479,Australian Open,2024,Hard,2,0,0,50.0,62.0,22.0,0,17.5,306.25,34.5,0,1,1,0,2,7pt,0.0,0,0.19431520000000002,0.13438237
1479,Australian Open,2024,Hard,2,0,0,62.0,50.0,6.0,0,15.0,225.0,32.5,1,1,1,1,2,7pt,0.75,0,0.72351459,0.72844374
1479,Australian Open,2024,Hard,2,0,0,50.0,62.0,22.0,0,17.5,306.25,34.5,0,1,1,0,3,7pt,0.0,0,0.19431520000000002,0.13438237
1479,Australian Open,2024,Hard,2,0,0,62.0,50.0,6.0,0,15.0,225.0,32.5,1,1,1,1,3,7pt,0.75,0,0.72351459,0.72844374
1484,Australian Open,2024,Hard,2,0,0,46.0,5.5,8.0,0,24.0,576.0,41.0,0,1,1,0,1,7pt,0.25,0,0.18154316999999998,0.32001269
1484,Australian Open,2024,Hard,2,0,1,5.5,46.0,1.0,0,15.0,225.0,36.0,1,1,1,1,1,7pt,0.8875000476837158,1,0.62949178,0.69089741
1486,Australian Open,2024,Hard,2,0,0,48.0,349.0,8.0,0,15.0,225.0,36.0,0,1,1,1,2,7pt,0.10249999910593033,0,0.07011162999999998,0.10603307
1486,Australian Open,2024,Hard,2,0,0,349.0,48.0,256.0,1,5.5,30.25,27.5,1,1,1,0,2,7pt,0.25,0,0.26033449,0.44240552
1486,Australian Open,2024,Hard,2,0,0,48.0,349.0,8.0,0,15.0,225.0,36.0,0,1,1,0,3,7pt,0.10249999910593033,0,0.07011162999999998,0.10603307
1486,Australian Open,2024,Hard,2,0,0,349.0,48.0,256.0,1,5.5,30.25,27.5,1,1,1,1,3,7pt,0.25,0,0.26033449,0.44240552
1489,Australian Open,2024,Hard,2,1,1,35.5,25.5,1.0,0,1.0,1.0,31.5,0,1,1,0,1,7pt,1.0,1,1.0,1.0
1489,Australian Open,2024,Hard,2,0,0,25.5,35.5,35.0,0,16.0,256.0,35.5,1,1,1,1,1,7pt,0.25,0,0.35325949999999995,0.35046604
1490,Australian Open,2024,Hard,2,1,1,159.0,33.5,40.0,0,12.5,156.25,30.5,0,1,1,0,2,7pt,1.0,1,1.0,1.0
1490,Australian Open,2024,Hard,2,0,0,33.5,159.0,9.0,0,14.5,210.25,35.5,1,1,1,1,2,7pt,0.0,0,0.32045548999999995,0.40157098
1491,Australian Open,2024,Hard,2,0,0,570.0,495.5,998.0,0,17.0,289.0,35.0,0,1,1,1,1,7pt,0.25,0,0.16776943,0.37132788
1491,Australian Open,2024,Hard,2,1,1,495.5,570.0,151.0,0,18.0,324.0,27.5,1,1,1,0,1,7pt,1.0,1,1.0,1.0
1491,Australian Open,2024,Hard,2,0,0,570.0,495.5,998.0,0,17.0,289.0,35.0,0,1,1,0,3,7pt,0.25,0,0.16776943,0.37132788
1491,Australian Open,2024,Hard,2,1,1,495.5,570.0,151.0,0,18.0,324.0,27.5,1,1,1,1,3,7pt,1.0,1,1.0,1.0
1492,Australian Open,2024,Hard,2,1,1,734.5,3.5,995.0,0,11.5,132.25,29.5,0,1,1,0,1,7pt,1.0,1,1.0,1.0
1492,Australian Open,2024,Hard,2,0,1,3.5,734.5,1.0,0,19.5,380.25,40.5,1,1,1,1,1,7pt,0.0,1,0.23631208999999997,0.18120201
1492,Australian Open,2024,Hard,2,1,1,734.5,3.5,995.0,0,11.5,132.25,29.5,0,1,1,0,3,7pt,1.0,1,1.0,1.0
1492,Australian Open,2024,Hard,2,0,1,3.5,734.5,1.0,0,19.5,380.25,40.5,1,1,1,1,3,7pt,0.0,1,0.23631208999999997,0.18120201
1493,Australian Open,2024,Hard,3,0,0,1.5,65.5,1.0,0,16.0,256.0,36.5,0,1,1,1,2,7pt,0.25,0,0.40288400999999996,0.4021906
1493,Australian Open,2024,Hard,3,0,0,65.5,1.5,3.0,0,17.0,289.0,35.5,1,1,1,0,2,7pt,0.5,0,0.48693103000000004,0.10078068
1493,Australian Open,2024,Hard,3,0,0,1.5,65.5,1.0,0,16.0,256.0,36.5,0,1,1,0,3,7pt,0.25,0,0.40288400999999996,0.4021906
1493,Australian Open,2024,Hard,3,0,0,65.5,1.5,3.0,0,17.0,289.0,35.5,1,1,1,1,3,7pt,0.5,0,0.48693103000000004,0.10078068
1494,Australian Open,2024,Hard,3,1,1,25.5,50.5,29.0,0,24.0,576.0,42.0,0,1,1,0,1,7pt,1.0,1,1.0,1.0
1494,Australian Open,2024,Hard,3,1,1,50.5,25.5,11.0,0,15.5,240.25,34.0,1,1,1,1,1,7pt,1.0,1,1.0,1.0
1499,Australian Open,2024,Hard,3,0,0,61.5,24.5,13.0,0,10.0,100.0,31.5,0,1,1,0,1,7pt,0.25,0,0.25695133000000003,0.3825404
1499,Australian Open,2024,Hard,3,0,0,24.5,61.5,13.0,0,15.0,225.0,37.0,1,1,1,1,1,7pt,0.5,0,0.48542041,0.50139606
1500,Australian Open,2024,Hard,3,1,1,61.5,16.0,57.0,1,9.5,90.25,28.0,0,1,1,1,2,7pt,1.0,1,1.0,1.0
1500,Australian Open,2024,Hard,3,0,0,16.0,61.5,2.0,0,9.5,90.25,30.5,1,1,1,0,2,7pt,0.25,0,0.15654259999999998,0.21429564
1502,Australian Open,2024,Hard,3,0,0,62.0,52.5,6.0,0,15.0,225.0,32.5,0,1,1,0,2,7pt,0.75,0,0.72351459,0.72844374
1502,Australian Open,2024,Hard,3,0,0,52.5,62.0,9.0,0,15.0,225.0,32.5,1,1,1,1,2,7pt,0.25,0,0.17335403000000005,0.20140551
1503,Australian Open,2024,Hard,3,1,1,977.0,345.0,792.0,0,10.5,110.25,28.5,0,1,1,0,1,7pt,1.0,1,1.0,1.0
1503,Australian Open,2024,Hard,3,0,0,345.0,977.0,560.0,0,9.5,90.25,26.0,1,1,1,1,1,7pt,0.0,0,0.0035851000000000077,0.010945486
1511,Australian Open,2024,Hard,4,0,1,8.0,634.0,2.0,0,21.0,441.0,38.5,0,1,1,0,1,7pt,1.0,1,0.68292937,0.71418059
1511,Australian Open,2024,Hard,4,1,1,634.0,8.0,502.0,1,8.5,72.25,31.5,1,1,1,1,1,7pt,1.0,1,1.0,1.0
1511,Australian Open,2024,Hard,4,0,1,8.0,634.0,2.0,0,21.0,441.0,38.5,0,1,1,1,2,7pt,1.0,1,0.68292937,0.71418059
1511,Australian Open,2024,Hard,4,1,1,634.0,8.0,502.0,1,8.5,72.25,31.5,1,1,1,0,2,7pt,1.0,1,1.0,1.0
1512,Australian Open,2024,Hard,4,0,0,24.5,16.0,13.0,0,15.0,225.0,37.0,0,1,1,0,3,7pt,0.5,0,0.48542041,0.50139606
1512,Australian Open,2024,Hard,4,0,0,16.0,24.5,2.0,0,9.5,90.25,30.5,1,1,1,1,3,7pt,0.25,0,0.15654259999999998,0.21429564
1513,Australian Open,2024,Hard,4,0,0,10.5,52.5,1.0,0,17.5,306.25,38.0,0,1,1,0,2,7pt,0.25,0,0.25302237000000005,0.40436414
1513,Australian Open,2024,Hard,4,0,0,52.5,10.5,9.0,0,15.0,225.0,32.5,1,1,1,1,2,7pt,0.25,0,0.17335403000000005,0.20140551
1515,Australian Open,2024,Hard,4,1,1,24.0,13.0,2.0,0,8.0,64.0,31.0,0,1,1,0,1,7pt,1.0,1,1.0,1.0
1515,Australian Open,2024,Hard,4,1,1,13.0,24.0,0.0,0,20.5,420.25,38.5,1,1,1,1,1,7pt,1.0,1,1.0,1.0
1515,Australian Open,2024,Hard,4,1,1,24.0,13.0,2.0,0,8.0,64.0,31.0,0,1,1,0,3,7pt,1.0,1,1.0,1.0
1515,Australian Open,2024,Hard,4,1,1,13.0,24.0,0.0,0,20.5,420.25,38.5,1,1,1,1,3,7pt,1.0,1,1.0,1.0
1516,Australian Open,2024,Hard,4,0,0,25.5,3.5,35.0,0,16.0,256.0,35.5,0,1,1,0,1,7pt,0.25,0,0.35325949999999995,0.35046604
1516,Australian Open,2024,Hard,4,0,1,3.5,25.5,1.0,0,19.5,380.25,40.5,1,1,1,1,1,7pt,0.0,1,0.23631208999999997,0.18120201
1516,Australian Open,2024,Hard,4,0,0,25.5,3.5,35.0,0,16.0,256.0,35.5,0,1,1,0,2,7pt,0.25,0,0.35325949999999995,0.35046604
1516,Australian Open,2024,Hard,4,0,1,3.5,25.5,1.0,0,19.5,380.25,40.5,1,1,1,1,2,7pt,0.0,1,0.23631208999999997,0.18120201
1518,Australian Open,2024,Hard,5,0,0,16.0,634.0,2.0,0,9.5,90.25,30.5,0,1,1,0,2,7pt,0.25,0,0.15654259999999998,0.21429564
1518,Australian Open,2024,Hard,5,1,1,634.0,16.0,502.0,1,8.5,72.25,31.5,1,1,1,1,2,7pt,1.0,1,1.0,1.0
1520,Australian Open,2024,Hard,5,1,1,13.0,3.5,0.0,0,20.5,420.25,38.5,0,1,1,0,2,7pt,1.0,1,1.0,1.0
1520,Australian Open,2024,Hard,5,0,1,3.5,13.0,1.0,0,19.5,380.25,40.5,1,1,1,1,2,7pt,0.0,1,0.23631208999999997,0.18120201
1521,Australian Open,2024,Hard,6,1,1,634.0,50.5,502.0,1,8.5,72.25,31.5,0,1,1,0,3,7pt,1.0,1,1.0,1.0
1521,Australian Open,2024,Hard,6,1,1,50.5,634.0,11.0,0,15.5,240.25,34.0,1,1,1,1,3,7pt,1.0,1,1.0,1.0
1522,Australian Open,2024,Hard,6,0,0,345.0,3.5,560.0,0,9.5,90.25,26.0,0,1,1,0,3,7pt,0.0,0,0.0035851000000000077,0.010945486
1522,Australian Open,2024,Hard,6,0,1,3.5,345.0,1.0,0,19.5,380.25,40.5,1,1,1,1,3,7pt,0.0,1,0.23631208999999997,0.18120201
1523,Australian Open,2024,Hard,7,1,1,50.5,3.5,11.0,0,15.5,240.25,34.0,0,1,1,0,1,7pt,1.0,1,1.0,1.0
1523,Australian Open,2024,Hard,7,0,1,3.5,50.5,1.0,0,19.5,380.25,40.5,1,1,1,1,1,7pt,0.0,1,0.23631208999999997,0.18120201
1559,Roland Garros,2024,Clay,2,0,0,139.5,29.5,145.0,0,1.0,1.0,26.5,0,1,1,1,1,7pt,0.5,0,0.40372151,0.3432039
1559,Roland Garros,2024,Clay,2,0,0,29.5,139.5,1.0,0,9.5,90.25,30.5,1,1,1,0,1,7pt,0.25,0,0.15654259999999998,0.21429564
1563,Roland Garros,2024,Clay,2,0,0,31.5,16.5,15.0,0,15.0,225.0,37.0,0,1,1,0,1,7pt,0.5,0,0.48542041,0.50139606
1563,Roland Garros,2024,Clay,2,1,1,16.5,31.5,1.0,0,20.5,420.25,38.5,1,1,1,1,1,7pt,1.0,1,1.0,1.0
1565,Roland Garros,2024,Clay,2,0,0,65.5,107.5,7.0,0,1.0,1.0,36.0,0,1,1,0,1,7pt,0.25,0,0.20703632000000005,0.17417969
1565,Roland Garros,2024,Clay,2,1,1,107.5,65.5,69.0,0,6.5,42.25,25.0,1,1,1,1,1,7pt,1.0,1,1.0,1.0
1566,Roland Garros,2024,Clay,2,0,0,55.5,66.0,5.0,0,12.0,144.0,32.0,0,1,1,0,1,7pt,0.75,0,0.61731634,0.65999466
1566,Roland Garros,2024,Clay,2,0,0,66.0,55.5,22.0,0,8.5,72.25,28.0,1,1,1,1,1,7pt,0.25,0,0.23379433000000005,0.38462105
1567,Roland Garros,2024,Clay,2,1,1,25.0,104.5,0.0,0,8.0,64.0,31.0,0,1,1,0,1,7pt,1.0,1,1.0,1.0
1567,Roland Garros,2024,Clay,2,1,1,104.5,25.0,9.0,0,8.0,64.0,30.5,1,1,1,1,1,7pt,1.0,1,1.0,1.0
1569,Roland Garros,2024,Clay,2,0,0,663.0,394.0,156.0,1,15.5,240.25,33.0,0,1,1,0,1,7pt,0.8875000476837158,0,0.03227126999999996,0.051188286
1569,Roland Garros,2024,Clay,2,0,1,394.0,663.0,522.0,1,12.0,144.0,32.0,1,1,1,1,1,7pt,0.8875000476837158,1,0.66709471,0.6995635
1570,Roland Garros,2024,Clay,2,0,0,728.0,101.5,1312.0,0,4.0,16.0,28.0,0,1,1,0,3,7pt,0.5,0,0.43556653999999995,0.38229698
1570,Roland Garros,2024,Clay,2,1,1,101.5,728.0,21.0,1,8.5,72.25,31.5,1,1,1,1,3,7pt,1.0,1,1.0,1.0
1572,Roland Garros,2024,Clay,2,1,1,63.0,15.5,24.0,0,22.0,484.0,37.0,0,1,1,1,2,7pt,1.0,1,1.0,1.0
1572,Roland Garros,2024,Clay,2,0,0,15.5,63.0,13.0,0,16.0,256.0,35.5,1,1,1,0,2,7pt,0.25,0,0.35325949999999995,0.35046604
1573,Roland Garros,2024,Clay,2,0,0,124.0,34.5,68.0,0,6.0,36.0,31.5,0,1,1,1,1,7pt,0.5,0,0.41393596,0.47037259
1573,Roland Garros,2024,Clay,2,1,1,34.5,124.0,3.0,1,9.5,90.25,28.0,1,1,1,0,1,7pt,1.0,1,1.0,1.0
1574,Roland Garros,2024,Clay,2,1,1,60.5,40.5,1.0,0,1.0,1.0,27.5,0,1,1,0,1,7pt,1.0,1,1.0,1.0
1574,Roland Garros,2024,Clay,2,1,1,40.5,60.5,7.0,0,26.0,676.0,34.5,1,1,1,1,1,7pt,1.0,1,1.0,1.0
1574,Roland Garros,2024,Clay,2,1,1,60.5,40.5,1.0,0,1.0,1.0,27.5,0,1,1,0,3,7pt,1.0,1,1.0,1.0
1574,Roland Garros,2024,Clay,2,1,1,40.5,60.5,7.0,0,26.0,676.0,34.5,1,1,1,1,3,7pt,1.0,1,1.0,1.0
1578,Roland Garros,2024,Clay,2,1,1,74.5,43.5,65.0,0,1.0,1.0,31.5,0,1,1,0,1,7pt,1.0,1,1.0,1.0
1578,Roland Garros,2024,Clay,2,0,0,43.5,74.5,7.0,0,15.0,225.0,36.0,1,1,1,1,1,7pt,0.10249999910593033,0,0.07011162999999998,0.10603307
1582,Roland Garros,2024,Clay,2,0,0,50.0,189.0,4.0,0,15.0,225.0,32.5,0,1,1,0,2,7pt,0.0,0,0.15970169999999995,0.12863554
1582,Roland Garros,2024,Clay,2,0,0,189.0,50.0,292.0,1,11.0,121.0,31.5,1,1,1,1,2,7pt,0.25,0,0.18715464999999998,0.17460041
1583,Roland Garros,2024,Clay,2,0,0,369.0,18.0,560.0,0,1.0,1.0,26.0,0,1,1,0,1,7pt,0.25,0,0.22214836000000004,0.17131267
1583,Roland Garros,2024,Clay,2,1,1,18.0,369.0,0.0,0,10.5,110.25,32.0,1,1,1,1,1,7pt,1.0,1,1.0,1.0
1584,Roland Garros,2024,Clay,2,1,1,31.5,98.5,1.0,0,1.0,1.0,31.5,0,1,1,0,2,7pt,1.0,1,1.0,1.0
1584,Roland Garros,2024,Clay,2,1,1,98.5,31.5,57.0,0,1.0,1.0,24.5,1,1,1,1,2,7pt,1.0,1,1.0,1.0
1586,Roland Garros,2024,Clay,2,1,1,316.5,435.0,61.0,1,18.5,342.25,35.5,0,1,1,0,1,7pt,1.0,1,1.0,1.0
1586,Roland Garros,2024,Clay,2,0,0,435.0,316.5,2.0,1,6.0,36.0,24.0,1,1,1,1,1,7pt,0.75,0,0.66296932,0.68623358
1586,Roland Garros,2024,Clay,2,1,1,316.5,435.0,61.0,1,18.5,342.25,35.5,0,1,1,0,2,7pt,1.0,1,1.0,1.0
1586,Roland Garros,2024,Clay,2,0,0,435.0,316.5,2.0,1,6.0,36.0,24.0,1,1,1,1,2,7pt,0.75,0,0.66296932,0.68623358
1588,Roland Garros,2024,Clay,3,1,1,45.0,1.0,0.0,0,9.5,90.25,27.5,0,1,1,0,1,7pt,1.0,1,1.0,1.0
1588,Roland Garros,2024,Clay,3,0,1,1.0,45.0,0.0,0,21.0,441.0,38.5,1,1,1,1,1,7pt,1.0,1,0.68292937,0.71418059
1593,Roland Garros,2024,Clay,3,0,0,66.0,104.5,22.0,0,8.5,72.25,28.0,0,1,1,0,2,7pt,0.25,0,0.23379433000000005,0.38462105
1593,Roland Garros,2024,Clay,3,1,1,104.5,66.0,9.0,0,8.0,64.0,30.5,1,1,1,1,2,7pt,1.0,1,1.0,1.0
1598,Roland Garros,2024,Clay,3,0,1,27.5,659.5,1.0,0,17.5,306.25,37.5,0,1,1,0,2,7pt,1.0,1,0.62645039,0.66638535
1598,Roland Garros,2024,Clay,3,1,1,659.5,27.5,457.0,1,12.0,144.0,30.0,1,1,1,1,2,7pt,1.0,1,1.0,1.0
1606,Roland Garros,2024,Clay,4,1,1,104.5,107.5,9.0,0,8.0,64.0,30.5,0,1,1,0,1,7pt,1.0,1,1.0,1.0
1606,Roland Garros,2024,Clay,4,1,1,107.5,104.5,69.0,0,6.5,42.25,25.0,1,1,1,1,1,7pt,1.0,1,1.0,1.0
1607,Roland Garros,2024,Clay,4,1,1,14.0,17.0,0.0,0,13.5,182.25,34.5,0,1,1,0,1,7pt,1.0,1,1.0,1.0
1607,Roland Garros,2024,Clay,4,0,0,17.0,14.0,8.0,0,12.5,156.25,32.5,1,1,1,1,1,7pt,0.25,0,0.39876634,0.25055853
1607,Roland Garros,2024,Clay,4,1,1,14.0,17.0,0.0,0,13.5,182.25,34.5,0,1,1,0,2,7pt,1.0,1,1.0,1.0
1607,Roland Garros,2024,Clay,4,0,0,17.0,14.0,8.0,0,12.5,156.25,32.5,1,1,1,1,2,7pt,0.25,0,0.39876634,0.25055853
1611,Roland Garros,2024,Clay,4,0,0,81.5,3.5,5.0,0,14.0,196.0,35.5,0,1,1,1,1,7pt,0.0,0,0.14296317000000003,0.10061308
1611,Roland Garros,2024,Clay,4,0,1,3.5,81.5,1.0,0,19.5,380.25,40.5,1,1,1,0,1,7pt,0.0,1,0.23631208999999997,0.18120201
1611,Roland Garros,2024,Clay,4,0,0,81.5,3.5,5.0,0,14.0,196.0,35.5,0,1,1,0,3,7pt,0.0,0,0.14296317000000003,0.10061308
1611,Roland Garros,2024,Clay,4,0,1,3.5,81.5,1.0,0,19.5,380.25,40.5,1,1,1,1,3,7pt,0.0,1,0.23631208999999997,0.18120201
1615,Roland Garros,2024,Clay,5,1,1,18.0,3.5,0.0,0,10.5,110.25,32.0,0,1,1,0,1,7pt,1.0,1,1.0,1.0
1615,Roland Garros,2024,Clay,5,0,1,3.5,18.0,1.0,0,19.5,380.25,40.5,1,1,1,1,1,7pt,0.0,1,0.23631208999999997,0.18120201
1622,US Open,2024,Hard,2,1,1,45.0,31.0,0.0,0,1.0,1.0,27.5,0,0,1,1,1,7pt,1.0,1,1.0,1.0
1622,US Open,2024,Hard,2,0,0,31.0,45.0,18.0,0,16.5,272.25,38.5,1,0,1,0,1,7pt,0.4625000059604645,0,0.49804503,0.5075919
1623,US Open,2024,Hard,2,1,1,259.5,24.5,105.0,0,9.0,81.0,27.0,0,0,1,0,1,7pt,1.0,1,1.0,1.0
1623,US Open,2024,Hard,2,0,0,24.5,259.5,1.0,0,9.5,90.25,30.5,1,0,1,1,1,7pt,0.25,0,0.15654259999999998,0.21429564
1624,US Open,2024,Hard,2,0,0,585.5,215.0,81.0,1,6.5,42.25,25.0,0,0,1,0,1,7pt,0.0,0,0.12027836000000003,0.1792665
1624,US Open,2024,Hard,2,1,1,215.0,585.5,262.0,0,7.0,49.0,27.0,1,0,1,1,1,7pt,1.0,1,1.0,1.0
1627,US Open,2024,Hard,2,0,0,187.0,5.5,172.0,0,18.0,324.0,28.5,0,0,1,1,1,7pt,0.5,0,0.42836332,0.41631824
1627,US Open,2024,Hard,2,0,1,5.5,187.0,1.0,0,15.0,225.0,36.0,1,0,1,0,1,7pt,0.8875000476837158,1,0.62949178,0.69089741
1628,US Open,2024,Hard,2,0,1,114.0,46.5,76.0,1,9.0,81.0,29.0,0,0,1,1,2,7pt,1.0,1,0.81761548,0.83837992
1628,US Open,2024,Hard,2,0,1,46.5,114.0,9.0,1,6.0,36.0,27.0,1,0,1,0,2,7pt,1.0,1,0.62578252,0.66404462
1629,US Open,2024,Hard,2,1,1,494.5,128.0,849.0,0,11.0,121.0,27.5,0,0,1,0,1,7pt,1.0,1,1.0,1.0
1629,US Open,2024,Hard,2,1,1,128.0,494.5,58.0,0,17.0,289.0,36.0,1,0,1,1,1,7pt,1.0,1,1.0,1.0
1630,US Open,2024,Hard,2,1,1,185.0,26.0,182.0,0,8.5,72.25,29.0,0,0,1,1,1,7pt,1.0,1,1.0,1.0
1630,US Open,2024,Hard,2,1,1,26.0,185.0,0.0,0,8.0,64.0,31.0,1,0,1,0,1,7pt,1.0,1,1.0,1.0
1631,US Open,2024,Hard,2,0,0,170.5,21.0,107.0,1,10.0,100.0,28.0,0,0,1,0,2,7pt,0.5,0,0.49979233999999995,0.49158752
1631,US Open,2024,Hard,2,0,0,21.0,170.5,14.0,0,16.0,256.0,35.5,1,0,1,1,2,7pt,0.25,0,0.35325949999999995,0.35046604
1636,US Open,2024,Hard,2,0,0,144.0,64.0,162.0,0,15.0,225.0,36.0,0,0,1,0,3,7pt,0.25,0,0.16205901,0.32974881
1636,US Open,2024,Hard,2,0,0,64.0,144.0,4.0,0,14.0,196.0,33.5,1,0,1,1,3,7pt,0.0,0,0.15787309000000005,0.11175504
1637,US Open,2024,Hard,2,1,1,95.0,38.0,46.0,1,4.5,20.25,24.5,0,0,1,0,1,7pt,1.0,1,1.0,1.0
1637,US Open,2024,Hard,2,0,1,38.0,95.0,2.0,0,9.0,81.0,30.0,1,0,1,1,1,7pt,0.8875000476837158,1,0.62949178,0.69089741
1641,US Open,2024,Hard,2,0,0,279.0,35.0,256.0,1,8.0,64.0,26.0,0,0,1,1,2,7pt,0.5,0,0.44947760999999997,0.11151498
1641,US Open,2024,Hard,2,1,1,35.0,279.0,0.0,0,10.5,110.25,32.0,1,0,1,0,2,7pt,1.0,1,1.0,1.0
1644,US Open,2024,Hard,2,0,1,43.0,61.0,22.0,0,16.5,272.25,37.0,0,0,1,0,2,7pt,1.0,1,0.62578252,0.66404462
1644,US Open,2024,Hard,2,0,0,61.0,43.0,12.0,0,6.0,36.0,30.0,1,0,1,1,2,7pt,0.5,0,0.41393596,0.47037259
1644,US Open,2024,Hard,2,0,1,43.0,61.0,22.0,0,16.5,272.25,37.0,0,0,1,0,3,7pt,1.0,1,0.62578252,0.66404462
1644,US Open,2024,Hard,2,0,0,61.0,43.0,12.0,0,6.0,36.0,30.0,1,0,1,1,3,7pt,0.5,0,0.41393596,0.47037259
1646,US Open,2024,Hard,2,0,0,55.0,20.0,4.0,0,15.0,225.0,36.0,0,0,1,0,1,7pt,0.10249999910593033,0,0.07011162999999998,0.10603307
1646,US Open,2024,Hard,2,1,1,20.0,55.0,0.0,0,13.5,182.25,34.5,1,0,1,1,1,7pt,1.0,1,1.0,1.0
1651,US Open,2024,Hard,3,0,0,65.0,1.0,32.0,0,15.5,240.25,34.0,0,0,1,0,2,7pt,0.75,0,0.44548327,0.26302764
1651,US Open,2024,Hard,3,0,1,1.0,65.0,0.0,0,21.0,441.0,38.5,1,0,1,1,2,7pt,1.0,1,0.68292937,0.71418059
1653,US Open,2024,Hard,3,0,0,24.5,215.0,1.0,0,9.5,90.25,30.5,0,0,1,0,1,7pt,0.25,0,0.15654259999999998,0.21429564
1653,US Open,2024,Hard,3,1,1,215.0,24.5,262.0,0,7.0,49.0,27.0,1,0,1,1,1,7pt,1.0,1,1.0,1.0
1654,US Open,2024,Hard,3,0,0,60.0,15.5,8.0,0,11.0,121.0,34.5,0,0,1,0,2,7pt,0.5,0,0.46082597999999997,0.47357476
1654,US Open,2024,Hard,3,1,1,15.5,60.0,5.0,1,9.5,90.25,28.0,1,0,1,1,2,7pt,1.0,1,1.0,1.0
1655,US Open,2024,Hard,3,0,1,46.5,5.5,9.0,1,6.0,36.0,27.0,0,0,1,0,2,7pt,1.0,1,0.62578252,0.66404462
1655,US Open,2024,Hard,3,0,1,5.5,46.5,1.0,0,15.0,225.0,36.0,1,0,1,1,2,7pt,0.8875000476837158,1,0.62949178,0.69089741
1657,US Open,2024,Hard,3,1,1,36.0,21.0,4.0,0,26.0,676.0,34.5,0,0,1,1,2,7pt,1.0,1,1.0,1.0
1657,US Open,2024,Hard,3,0,0,21.0,36.0,14.0,0,16.0,256.0,35.5,1,0,1,0,2,7pt,0.25,0,0.35325949999999995,0.35046604
1659,US Open,2024,Hard,3,0,0,64.0,18.0,4.0,0,14.0,196.0,33.5,0,0,1,0,1,7pt,0.0,0,0.15787309000000005,0.11175504
1659,US Open,2024,Hard,3,0,1,18.0,64.0,2.0,0,13.5,182.25,36.0,1,0,1,1,1,7pt,1.0,1,0.62645039,0.66638535
1660,US Open,2024,Hard,3,0,1,38.0,407.0,2.0,0,9.0,81.0,30.0,0,0,1,1,1,7pt,0.8875000476837158,1,0.62949178,0.69089741
1660,US Open,2024,Hard,3,1,1,407.0,38.0,60.0,0,6.0,36.0,27.5,1,0,1,0,1,7pt,1.0,1,1.0,1.0
1661,US Open,2024,Hard,3,0,0,58.5,29.5,13.0,0,15.0,225.0,33.0,0,0,1,1,2,7pt,0.0,0,0.12543720000000003,0.15531835
1661,US Open,2024,Hard,3,0,0,29.5,58.5,27.0,0,16.0,256.0,34.5,1,0,1,0,2,7pt,0.5,0,0.34767264,0.34120926
1662,US Open,2024,Hard,3,1,1,35.0,7.5,0.0,0,10.5,110.25,32.0,0,0,1,0,1,7pt,1.0,1,1.0,1.0
1662,US Open,2024,Hard,3,0,0,7.5,35.0,1.0,0,12.5,156.25,32.5,1,0,1,1,1,7pt,0.25,0,0.39876634,0.25055853
1662,US Open,2024,Hard,3,1,1,35.0,7.5,0.0,0,10.5,110.25,32.0,0,0,1,1,2,7pt,1.0,1,1.0,1.0
1662,US Open,2024,Hard,3,0,0,7.5,35.0,1.0,0,12.5,156.25,32.5,1,0,1,0,2,7pt,0.25,0,0.39876634,0.25055853
1663,US Open,2024,Hard,3,0,0,61.0,9.5,12.0,0,6.0,36.0,30.0,0,0,1,0,2,7pt,0.5,0,0.41393596,0.47037259
1663,US Open,2024,Hard,3,1,1,9.5,61.0,1.0,0,15.5,240.25,34.0,1,0,1,1,2,7pt,1.0,1,1.0,1.0
1665,US Open,2024,Hard,3,1,1,231.0,31.5,38.0,0,1.0,1.0,22.5,0,0,1,1,1,7pt,1.0,1,1.0,1.0
1665,US Open,2024,Hard,3,1,1,31.5,231.0,3.0,0,20.5,420.25,38.5,1,0,1,0,1,7pt,1.0,1,1.0,1.0
1665,US Open,2024,Hard,3,1,1,231.0,31.5,38.0,0,1.0,1.0,22.5,0,0,1,0,2,7pt,1.0,1,1.0,1.0
1665,US Open,2024,Hard,3,1,1,31.5,231.0,3.0,0,20.5,420.25,38.5,1,0,1,1,2,7pt,1.0,1,1.0,1.0
1668,US Open,2024,Hard,4,1,1,215.0,15.5,262.0,0,7.0,49.0,27.0,0,0,1,0,1,7pt,1.0,1,1.0,1.0
1668,US Open,2024,Hard,4,1,1,15.5,215.0,5.0,1,9.5,90.25,28.0,1,0,1,1,1,7pt,1.0,1,1.0,1.0
1669,US Open,2024,Hard,4,0,1,5.5,26.0,1.0,0,15.0,225.0,36.0,0,0,1,0,1,7pt,0.8875000476837158,1,0.62949178,0.69089741
1669,US Open,2024,Hard,4,1,1,26.0,5.5,0.0,0,8.0,64.0,31.0,1,0,1,1,1,7pt,1.0,1,1.0,1.0
1671,US Open,2024,Hard,4,1,1,407.0,18.0,60.0,0,6.0,36.0,27.5,0,0,1,0,2,7pt,1.0,1,1.0,1.0
1671,US Open,2024,Hard,4,0,1,18.0,407.0,2.0,0,13.5,182.25,36.0,1,0,1,1,2,7pt,1.0,1,0.62645039,0.66638535
1672,US Open,2024,Hard,4,0,0,29.5,7.5,27.0,0,16.0,256.0,34.5,0,0,1,0,2,7pt,0.5,0,0.34767264,0.34120926
1672,US Open,2024,Hard,4,0,0,7.5,29.5,1.0,0,12.5,156.25,32.5,1,0,1,1,2,7pt,0.25,0,0.39876634,0.25055853
1673,US Open,2024,Hard,4,1,1,9.5,20.0,1.0,0,15.5,240.25,34.0,0,0,1,0,3,7pt,1.0,1,1.0,1.0
1673,US Open,2024,Hard,4,1,1,20.0,9.5,0.0,0,13.5,182.25,34.5,1,0,1,1,3,7pt,1.0,1,1.0,1.0
1675,US Open,2024,Hard,5,0,1,1.0,15.5,0.0,0,21.0,441.0,38.5,0,0,1,0,1,7pt,1.0,1,0.68292937,0.71418059
1675,US Open,2024,Hard,5,1,1,15.5,1.0,5.0,1,9.5,90.25,28.0,1,0,1,1,1,7pt,1.0,1,1.0,1.0
1676,US Open,2024,Hard,5,0,0,21.0,26.0,14.0,0,16.0,256.0,35.5,0,0,1,1,2,7pt,0.25,0,0.35325949999999995,0.35046604
1676,US Open,2024,Hard,5,1,1,26.0,21.0,0.0,0,8.0,64.0,31.0,1,0,1,0,2,7pt,1.0,1,1.0,1.0
1677,US Open,2024,Hard,5,0,1,18.0,7.5,2.0,0,13.5,182.25,36.0,0,0,1,0,1,7pt,1.0,1,0.62645039,0.66638535
1677,US Open,2024,Hard,5,0,0,7.5,18.0,1.0,0,12.5,156.25,32.5,1,0,1,1,1,7pt,0.25,0,0.39876634,0.25055853
1678,US Open,2024,Hard,5,1,1,31.5,20.0,3.0,0,20.5,420.25,38.5,0,0,1,1,1,7pt,1.0,1,1.0,1.0
1678,US Open,2024,Hard,5,1,1,20.0,31.5,0.0,0,13.5,182.25,34.5,1,0,1,0,1,7pt,1.0,1,1.0,1.0
1679,US Open,2024,Hard,6,1,1,26.0,15.5,0.0,0,8.0,64.0,31.0,0,0,1,0,2,7pt,1.0,1,1.0,1.0
1679,US Open,2024,Hard,6,1,1,15.5,26.0,5.0,1,9.5,90.25,28.0,1,0,1,1,2,7pt,1.0,1,1.0,1.0
1680,US Open,2024,Hard,6,0,0,7.5,20.0,1.0,0,12.5,156.25,32.5,0,0,1,1,2,7pt,0.25,0,0.39876634,0.25055853
1680,US Open,2024,Hard,6,1,1,20.0,7.5,0.0,0,13.5,182.25,34.5,1,0,1,0,2,7pt,1.0,1,1.0,1.0
1681,US Open,2024,Hard,7,1,1,20.0,15.5,0.0,0,13.5,182.25,34.5,0,0,1,0,2,7pt,1.0,1,1.0,1.0
1681,US Open,2024,Hard,7,1,1,15.5,20.0,5.0,1,9.5,90.25,28.0,1,0,1,1,2,7pt,1.0,1,1.0,1.0
1683,Wimbledon,2024,Grass,2,0,1,323.5,56.5,503.0,0,5.5,30.25,28.0,0,1,1,0,2,7pt,0.8875000476837158,1,0.6669113,0.6979596
1683,Wimbledon,2024,Grass,2,0,1,56.5,323.5,7.0,0,24.0,576.0,35.5,1,1,1,1,2,7pt,0.0,0,0.17028016,0.1901425
1685,Wimbledon,2024,Grass,2,0,0,27.5,612.0,1.0,0,9.5,90.25,30.5,0,1,1,0,3,7pt,0.25,0,0.15654259999999998,0.21429564
1685,Wimbledon,2024,Grass,2,0,0,612.0,27.5,520.0,1,14.0,196.0,32.0,1,1,1,1,3,7pt,0.25,0,0.014874759999999987,0.026608467
1687,Wimbledon,2024,Grass,2,1,1,778.5,98.0,1233.0,0,7.5,56.25,25.5,0,1,1,1,2,7pt,1.0,1,1.0,1.0
1687,Wimbledon,2024,Grass,2,1,1,98.0,778.5,44.0,1,5.0,25.0,25.5,1,1,1,0,2,7pt,1.0,1,1.0,1.0
1694,Wimbledon,2024,Grass,2,1,1,85.0,19.5,4.0,0,6.5,42.25,25.0,0,1,1,0,1,7pt,1.0,1,1.0,1.0
1694,Wimbledon,2024,Grass,2,1,1,19.5,85.0,3.0,0,20.5,420.25,38.5,1,1,1,1,1,7pt,1.0,1,1.0,1.0
1700,Wimbledon,2024,Grass,2,0,1,901.5,40.5,987.0,0,1.0,1.0,31.0,0,1,1,0,2,7pt,0.8875000476837158,1,0.62949178,0.69089741
1700,Wimbledon,2024,Grass,2,1,1,40.5,901.5,1.0,0,26.0,676.0,34.5,1,1,1,1,2,7pt,1.0,1,1.0,1.0
1701,Wimbledon,2024,Grass,2,0,0,18.0,59.0,2.0,0,16.0,256.0,36.5,0,1,1,0,1,7pt,0.25,0,0.40288400999999996,0.4021906
1701,Wimbledon,2024,Grass,2,0,0,59.0,18.0,14.0,0,12.0,144.0,32.0,1,1,1,1,1,7pt,0.75,0,0.61731634,0.65999466
1701,Wimbledon,2024,Grass,2,0,0,18.0,59.0,2.0,0,16.0,256.0,36.5,0,1,1,0,2,7pt,0.25,0,0.40288400999999996,0.4021906
1701,Wimbledon,2024,Grass,2,0,0,59.0,18.0,14.0,0,12.0,144.0,32.0,1,1,1,1,2,7pt,0.75,0,0.61731634,0.65999466
1702,Wimbledon,2024,Grass,2,1,1,696.5,33.5,717.0,0,8.0,64.0,27.0,0,1,1,0,2,7pt,1.0,1,1.0,1.0
1702,Wimbledon,2024,Grass,2,1,1,33.5,696.5,1.0,0,1.0,1.0,31.5,1,1,1,1,2,7pt,1.0,1,1.0,1.0
1703,Wimbledon,2024,Grass,2,0,0,189.0,37.0,236.0,0,16.0,256.0,29.5,0,1,1,0,1,7pt,0.25,0,0.29298263999999996,0.45947856
1703,Wimbledon,2024,Grass,2,0,1,37.0,189.0,4.0,0,9.0,81.0,30.0,1,1,1,1,1,7pt,0.8875000476837158,1,0.62949178,0.69089741
1708,Wimbledon,2024,Grass,2,1,1,185.5,50.5,321.0,0,19.5,380.25,37.5,0,1,1,0,1,7pt,1.0,1,1.0,1.0
1708,Wimbledon,2024,Grass,2,1,1,50.5,185.5,1.0,0,8.0,64.0,29.5,1,1,1,1,1,7pt,1.0,1,1.0,1.0
1709,Wimbledon,2024,Grass,2,1,1,43.5,16.0,1.0,0,9.5,90.25,27.5,0,1,1,1,1,7pt,1.0,1,1.0,1.0
1709,Wimbledon,2024,Grass,2,0,1,16.0,43.5,8.0,0,13.5,182.25,36.0,1,1,1,0,1,7pt,1.0,1,0.62645039,0.66638535
1709,Wimbledon,2024,Grass,2,1,1,43.5,16.0,1.0,0,9.5,90.25,27.5,0,1,1,0,3,7pt,1.0,1,1.0,1.0
1709,Wimbledon,2024,Grass,2,0,1,16.0,43.5,8.0,0,13.5,182.25,36.0,1,1,1,1,3,7pt,1.0,1,0.62645039,0.66638535
1712,Wimbledon,2024,Grass,2,0,0,476.0,58.5,788.0,1,8.0,64.0,30.0,0,1,1,0,1,7pt,0.25,0,0.12486279,0.15453196
1712,Wimbledon,2024,Grass,2,1,1,58.5,476.0,1.0,0,1.0,1.0,27.5,1,1,1,1,1,7pt,1.0,1,1.0,1.0
1712,Wimbledon,2024,Grass,2,0,0,476.0,58.5,788.0,1,8.0,64.0,30.0,0,1,1,0,2,7pt,0.25,0,0.12486279,0.15453196
1712,Wimbledon,2024,Grass,2,1,1,58.5,476.0,1.0,0,1.0,1.0,27.5,1,1,1,1,2,7pt,1.0,1,1.0,1.0
1720,Wimbledon,2024,Grass,3,0,0,51.5,19.5,5.0,0,9.5,90.25,26.0,0,1,1,0,1,7pt,0.0,0,0.0035851000000000077,0.010945486
1720,Wimbledon,2024,Grass,3,1,1,19.5,51.5,3.0,0,20.5,420.25,38.5,1,1,1,1,1,7pt,1.0,1,1.0,1.0
1721,Wimbledon,2024,Grass,3,0,0,15.0,286.5,14.0,0,16.0,256.0,35.5,0,1,1,0,1,7pt,0.25,0,0.35325949999999995,0.35046604
1721,Wimbledon,2024,Grass,3,1,1,286.5,15.0,203.0,0,1.0,1.0,24.0,1,1,1,1,1,7pt,1.0,1,1.0,1.0
1721,Wimbledon,2024,Grass,3,0,0,15.0,286.5,14.0,0,16.0,256.0,35.5,0,1,1,0,2,7pt,0.25,0,0.35325949999999995,0.35046604
1721,Wimbledon,2024,Grass,3,1,1,286.5,15.0,203.0,0,1.0,1.0,24.0,1,1,1,1,2,7pt,1.0,1,1.0,1.0
1722,Wimbledon,2024,Grass,3,1,1,406.5,39.5,321.0,0,9.0,81.0,27.0,0,1,1,0,1,7pt,1.0,1,1.0,1.0
1722,Wimbledon,2024,Grass,3,0,0,39.5,406.5,5.0,0,16.0,256.0,31.5,1,1,1,1,1,7pt,0.0,0,0.30666101,0.4028565
1723,Wimbledon,2024,Grass,3,0,0,59.0,40.5,14.0,0,12.0,144.0,32.0,0,1,1,1,1,7pt,0.75,0,0.61731634,0.65999466
1723,Wimbledon,2024,Grass,3,1,1,40.5,59.0,1.0,0,26.0,676.0,34.5,1,1,1,0,1,7pt,1.0,1,1.0,1.0
1723,Wimbledon,2024,Grass,3,0,0,59.0,40.5,14.0,0,12.0,144.0,32.0,0,1,1,0,2,7pt,0.75,0,0.61731634,0.65999466
1723,Wimbledon,2024,Grass,3,1,1,40.5,59.0,1.0,0,26.0,676.0,34.5,1,1,1,1,2,7pt,1.0,1,1.0,1.0
1723,Wimbledon,2024,Grass,3,0,0,59.0,40.5,14.0,0,12.0,144.0,32.0,0,1,1,0,3,7pt,0.75,0,0.61731634,0.65999466
1723,Wimbledon,2024,Grass,3,1,1,40.5,59.0,1.0,0,26.0,676.0,34.5,1,1,1,1,3,7pt,1.0,1,1.0,1.0
1724,Wimbledon,2024,Grass,3,0,1,37.0,33.5,4.0,0,9.0,81.0,30.0,0,1,1,1,1,7pt,0.8875000476837158,1,0.62949178,0.69089741
1724,Wimbledon,2024,Grass,3,1,1,33.5,37.0,1.0,0,1.0,1.0,31.5,1,1,1,0,1,7pt,1.0,1,1.0,1.0
1724,Wimbledon,2024,Grass,3,0,1,37.0,33.5,4.0,0,9.0,81.0,30.0,0,1,1,0,3,7pt,0.8875000476837158,1,0.62949178,0.69089741
1724,Wimbledon,2024,Grass,3,1,1,33.5,37.0,1.0,0,1.0,1.0,31.5,1,1,1,1,3,7pt,1.0,1,1.0,1.0
1726,Wimbledon,2024,Grass,3,0,0,13.5,136.5,1.0,0,23.0,529.0,41.0,0,1,1,0,2,7pt,0.5,0,0.41251737,0.48770896
1726,Wimbledon,2024,Grass,3,1,1,136.5,13.5,113.0,1,9.0,81.0,30.0,1,1,1,1,2,7pt,1.0,1,1.0,1.0
1727,Wimbledon,2024,Grass,3,1,1,50.5,16.0,1.0,0,8.0,64.0,29.5,0,1,1,1,2,7pt,1.0,1,1.0,1.0
1727,Wimbledon,2024,Grass,3,0,1,16.0,50.5,8.0,0,13.5,182.25,36.0,1,1,1,0,2,7pt,1.0,1,0.62645039,0.66638535
1728,Wimbledon,2024,Grass,3,1,1,29.0,35.5,0.0,0,10.5,110.25,32.0,0,1,1,0,1,7pt,1.0,1,1.0,1.0
1728,Wimbledon,2024,Grass,3,0,0,35.5,29.0,19.0,0,15.0,225.0,37.0,1,1,1,1,1,7pt,0.5,0,0.48542041,0.50139606
1728,Wimbledon,2024,Grass,3,1,1,29.0,35.5,0.0,0,10.5,110.25,32.0,0,1,1,0,2,7pt,1.0,1,1.0,1.0
1728,Wimbledon,2024,Grass,3,0,0,35.5,29.0,19.0,0,15.0,225.0,37.0,1,1,1,1,2,7pt,0.5,0,0.48542041,0.50139606
1729,Wimbledon,2024,Grass,3,0,1,2.5,58.5,3.0,0,19.5,380.25,40.5,0,1,1,0,2,7pt,0.0,1,0.23631208999999997,0.18120201
1729,Wimbledon,2024,Grass,3,1,1,58.5,2.5,1.0,0,1.0,1.0,27.5,1,1,1,1,2,7pt,1.0,1,1.0,1.0
1733,Wimbledon,2024,Grass,4,1,1,286.5,19.5,203.0,0,1.0,1.0,24.0,0,1,1,1,2,7pt,1.0,1,1.0,1.0
1733,Wimbledon,2024,Grass,4,1,1,19.5,286.5,3.0,0,20.5,420.25,38.5,1,1,1,0,2,7pt,1.0,1,1.0,1.0
1734,Wimbledon,2024,Grass,4,1,1,40.5,39.5,1.0,0,26.0,676.0,34.5,0,1,1,0,1,7pt,1.0,1,1.0,1.0
1734,Wimbledon,2024,Grass,4,0,0,39.5,40.5,5.0,0,16.0,256.0,31.5,1,1,1,1,1,7pt,0.0,0,0.30666101,0.4028565
1735,Wimbledon,2024,Grass,4,1,1,33.5,8.0,1.0,0,1.0,1.0,31.5,0,1,1,0,2,7pt,1.0,1,1.0,1.0
1735,Wimbledon,2024,Grass,4,0,0,8.0,33.5,2.0,0,12.5,156.25,32.5,1,1,1,1,2,7pt,0.25,0,0.39876634,0.25055853
1737,Wimbledon,2024,Grass,4,0,0,35.5,58.5,19.0,0,15.0,225.0,37.0,0,1,1,0,1,7pt,0.5,0,0.48542041,0.50139606
1737,Wimbledon,2024,Grass,4,1,1,58.5,35.5,1.0,0,1.0,1.0,27.5,1,1,1,1,1,7pt,1.0,1,1.0,1.0
1737,Wimbledon,2024,Grass,4,0,0,35.5,58.5,19.0,0,15.0,225.0,37.0,0,1,1,0,2,7pt,0.5,0,0.48542041,0.50139606
1737,Wimbledon,2024,Grass,4,1,1,58.5,35.5,1.0,0,1.0,1.0,27.5,1,1,1,1,2,7pt,1.0,1,1.0,1.0
1738,Wimbledon,2024,Grass,5,1,1,15.0,2.0,0.0,0,13.5,182.25,34.5,0,1,1,0,2,7pt,1.0,1,1.0,1.0
1738,Wimbledon,2024,Grass,5,0,1,2.0,15.0,0.0,0,21.0,441.0,38.5,1,1,1,1,2,7pt,1.0,1,0.68292937,0.71418059
1739,Wimbledon,2024,Grass,5,1,1,19.5,31.5,3.0,0,20.5,420.25,38.5,0,1,1,1,2,7pt,1.0,1,1.0,1.0
1739,Wimbledon,2024,Grass,5,1,1,31.5,19.5,1.0,1,9.5,90.25,28.0,1,1,1,0,2,7pt,1.0,1,1.0,1.0
1740,Wimbledon,2024,Grass,5,0,0,8.0,39.5,2.0,0,12.5,156.25,32.5,0,1,1,0,2,7pt,0.25,0,0.39876634,0.25055853
1740,Wimbledon,2024,Grass,5,0,0,39.5,8.0,5.0,0,16.0,256.0,31.5,1,1,1,1,2,7pt,0.0,0,0.30666101,0.4028565
1740,Wimbledon,2024,Grass,5,0,0,8.0,39.5,2.0,0,12.5,156.25,32.5,0,1,1,0,3,7pt,0.25,0,0.39876634,0.25055853
1740,Wimbledon,2024,Grass,5,0,0,39.5,8.0,5.0,0,16.0,256.0,31.5,1,1,1,1,3,7pt,0.0,0,0.30666101,0.4028565
1741,Wimbledon,2024,Grass,5,1,1,58.5,16.0,1.0,0,1.0,1.0,27.5,0,1,1,0,1,7pt,1.0,1,1.0,1.0
1741,Wimbledon,2024,Grass,5,0,1,16.0,58.5,8.0,0,13.5,182.25,36.0,1,1,1,1,1,7pt,1.0,1,0.62645039,0.66638535
1741,Wimbledon,2024,Grass,5,1,1,58.5,16.0,1.0,0,1.0,1.0,27.5,0,1,1,0,2,7pt,1.0,1,1.0,1.0
1741,Wimbledon,2024,Grass,5,0,1,16.0,58.5,8.0,0,13.5,182.25,36.0,1,1,1,1,2,7pt,1.0,1,0.62645039,0.66638535
1743,Wimbledon,2024,Grass,6,0,1,16.0,39.5,8.0,0,13.5,182.25,36.0,0,1,1,0,2,7pt,1.0,1,0.62645039,0.66638535
1743,Wimbledon,2024,Grass,6,0,0,39.5,16.0,5.0,0,16.0,256.0,31.5,1,1,1,1,2,7pt,0.0,0,0.30666101,0.4028565
1744,Wimbledon,2024,Grass,7,1,1,31.5,39.5,1.0,1,9.5,90.25,28.0,0,1,1,1,1,7pt,1.0,1,1.0,1.0
1744,Wimbledon,2024,Grass,7,0,0,39.5,31.5,5.0,0,16.0,256.0,31.5,1,1,1,0,1,7pt,0.0,0,0.30666101,0.4028565
1744,Wimbledon,2024,Grass,7,1,1,31.5,39.5,1.0,1,9.5,90.25,28.0,0,1,1,0,2,7pt,1.0,1,1.0,1.0
1744,Wimbledon,2024,Grass,7,0,0,39.5,31.5,5.0,0,16.0,256.0,31.5,1,1,1,1,2,7pt,0.0,0,0.30666101,0.4028565
1744,Wimbledon,2024,Grass,7,1,1,31.5,39.5,1.0,1,9.5,90.25,28.0,0,1,1,0,3,7pt,1.0,1,1.0,1.0
1744,Wimbledon,2024,Grass,7,0,0,39.5,31.5,5.0,0,16.0,256.0,31.5,1,1,1,1,3,7pt,0.0,0,0.30666101,0.4028565
1746,Australian Open,2025,Hard,2,0,0,106.0,429.5,20.0,0,1.0,1.0,28.5,0,0,1,0,1,7pt,0.0,0,0.16569972,0.09596359
1746,Australian Open,2025,Hard,2,0,0,429.5,106.0,649.0,0,10.0,100.0,29.0,1,0,1,1,1,7pt,0.25,0,0.21389228000000005,0.022456994
1746,Australian Open,2025,Hard,2,0,0,106.0,429.5,20.0,0,1.0,1.0,28.5,0,0,1,0,3,7pt,0.0,0,0.16569972,0.09596359
1746,Australian Open,2025,Hard,2,0,0,429.5,106.0,649.0,0,10.0,100.0,29.0,1,0,1,1,3,7pt,0.25,0,0.21389228000000005,0.022456994
1747,Australian Open,2025,Hard,2,1,1,484.5,52.5,753.0,0,16.0,256.0,32.5,0,0,1,1,1,7pt,1.0,1,1.0,1.0
1747,Australian Open,2025,Hard,2,0,0,52.5,484.5,1.0,0,1.0,1.0,32.5,1,0,1,0,1,7pt,0.5,0,0.48542041,0.50139606
1749,Australian Open,2025,Hard,2,1,1,545.0,29.0,680.0,1,7.0,49.0,25.0,0,0,1,0,1,7pt,1.0,1,1.0,1.0
1749,Australian Open,2025,Hard,2,1,1,29.0,545.0,22.0,0,12.0,144.0,34.5,1,0,1,1,1,7pt,1.0,1,1.0,1.0
1755,Australian Open,2025,Hard,2,0,1,333.5,40.5,513.0,0,5.0,25.0,28.0,0,0,1,1,2,7pt,1.0,1,0.55793491,0.5540092
1755,Australian Open,2025,Hard,2,0,0,40.5,333.5,21.0,0,17.5,306.25,37.5,1,0,1,0,2,7pt,0.25,0,0.25916445,0.24476379
1756,Australian Open,2025,Hard,2,0,0,32.0,276.5,32.0,0,19.0,361.0,41.5,0,0,1,0,2,7pt,0.0,0,0.14675355,0.1029001
1756,Australian Open,2025,Hard,2,1,1,276.5,32.0,81.0,0,10.0,100.0,28.0,1,0,1,1,2,7pt,1.0,1,1.0,1.0
1757,Australian Open,2025,Hard,2,0,1,410.5,30.0,273.0,0,8.0,64.0,26.5,0,0,1,1,2,7pt,0.75,1,0.40967065,0.060607448
1757,Australian Open,2025,Hard,2,0,1,30.0,410.5,6.0,0,17.5,306.25,38.0,1,0,1,0,2,7pt,1.0,1,0.62578252,0.66404462
1760,Australian Open,2025,Hard,2,0,0,12.5,164.0,9.0,0,16.5,272.25,37.5,0,0,1,0,1,7pt,0.25,0,0.36878025999999997,0.38747251
1760,Australian Open,2025,Hard,2,1,1,164.0,12.5,176.0,1,8.0,64.0,28.0,1,0,1,1,1,7pt,1.0,1,1.0,1.0
1761,Australian Open,2025,Hard,2,1,1,331.5,20.0,505.0,0,11.5,132.25,32.5,0,0,1,0,2,7pt,1.0,1,1.0,1.0
1761,Australian Open,2025,Hard,2,1,1,20.0,331.5,0.0,0,9.0,81.0,32.0,1,0,1,1,2,7pt,1.0,1,1.0,1.0
1764,Australian Open,2025,Hard,2,1,1,229.5,27.0,47.0,1,7.5,56.25,26.5,0,0,1,0,1,7pt,1.0,1,1.0,1.0
1764,Australian Open,2025,Hard,2,1,1,27.0,229.5,8.0,0,10.0,100.0,30.5,1,0,1,1,1,7pt,1.0,1,1.0,1.0
1767,Australian Open,2025,Hard,2,0,0,106.0,182.5,62.0,0,18.0,324.0,32.5,0,0,1,0,2,7pt,0.4625000059604645,0,0.49804503,0.5075919
1767,Australian Open,2025,Hard,2,0,0,182.5,106.0,183.0,1,1.0,1.0,28.0,1,0,1,1,2,7pt,0.5,0,0.34577625999999995,0.41443047
1769,Australian Open,2025,Hard,2,0,1,75.0,13.5,6.0,0,1.0,1.0,25.0,0,0,1,0,1,7pt,0.0,1,0.23402292000000002,0.18278809
1769,Australian Open,2025,Hard,2,0,0,13.5,75.0,1.0,0,17.0,289.0,32.5,1,0,1,1,1,7pt,0.0,0,0.30666101,0.4028565
1770,Australian Open,2025,Hard,2,1,1,236.5,301.5,333.0,0,8.0,64.0,30.0,0,0,1,0,1,7pt,1.0,1,1.0,1.0
1770,Australian Open,2025,Hard,2,1,1,301.5,236.5,409.0,0,10.0,100.0,27.0,1,0,1,1,1,7pt,1.0,1,1.0,1.0
1771,Australian Open,2025,Hard,2,0,0,45.5,164.0,3.0,0,16.0,256.0,33.5,0,0,1,0,2,7pt,0.0,0,0.15970169999999995,0.12863554
1771,Australian Open,2025,Hard,2,1,1,164.0,45.5,52.0,0,3.0,9.0,25.0,1,0,1,1,2,7pt,1.0,1,1.0,1.0
1776,Australian Open,2025,Hard,2,1,1,96.5,80.0,7.0,0,19.0,361.0,32.5,0,0,1,0,3,7pt,1.0,1,1.0,1.0
1776,Australian Open,2025,Hard,2,1,1,80.0,96.5,0.0,0,1.0,1.0,27.5,1,0,1,1,3,7pt,1.0,1,1.0,1.0
1778,Australian Open,2025,Hard,3,0,0,52.5,32.0,1.0,0,1.0,1.0,32.5,0,0,1,0,1,7pt,0.5,0,0.48542041,0.50139606
1778,Australian Open,2025,Hard,3,1,1,32.0,52.5,8.0,0,1.0,1.0,32.5,1,0,1,1,1,7pt,1.0,1,1.0,1.0
1778,Australian Open,2025,Hard,3,0,0,52.5,32.0,1.0,0,1.0,1.0,32.5,0,0,1,0,2,7pt,0.5,0,0.48542041,0.50139606
1778,Australian Open,2025,Hard,3,1,1,32.0,52.5,8.0,0,1.0,1.0,32.5,1,0,1,1,2,7pt,1.0,1,1.0,1.0
1781,Australian Open,2025,Hard,3,0,0,153.0,6.5,130.0,0,1.0,1.0,27.5,0,0,1,0,1,7pt,0.5,0,0.40765333000000004,0.35414785
1781,Australian Open,2025,Hard,3,1,1,6.5,153.0,1.0,0,16.5,272.25,35.0,1,0,1,1,1,7pt,1.0,1,1.0,1.0
1781,Australian Open,2025,Hard,3,0,0,153.0,6.5,130.0,0,1.0,1.0,27.5,0,0,1,0,2,7pt,0.5,0,0.40765333000000004,0.35414785
1781,Australian Open,2025,Hard,3,1,1,6.5,153.0,1.0,0,16.5,272.25,35.0,1,0,1,1,2,7pt,1.0,1,1.0,1.0
1784,Australian Open,2025,Hard,3,0,0,62.0,164.0,6.0,0,15.0,225.0,36.5,0,0,1,0,1,7pt,0.0,0,0.14296317000000003,0.10061308
1784,Australian Open,2025,Hard,3,1,1,164.0,62.0,176.0,1,8.0,64.0,28.0,1,0,1,1,1,7pt,1.0,1,1.0,1.0
1785,Australian Open,2025,Hard,3,1,1,20.0,37.0,0.0,0,9.0,81.0,32.0,0,0,1,1,2,7pt,1.0,1,1.0,1.0
1785,Australian Open,2025,Hard,3,0,0,37.0,20.0,10.0,0,14.5,210.25,34.5,1,0,1,0,2,7pt,0.36250001192092896,1,0.35557448999999997,0.50382447
1787,Australian Open,2025,Hard,3,0,0,65.0,31.0,2.0,0,1.0,1.0,30.0,0,0,1,0,1,7pt,0.5,0,0.41910601000000003,0.53861094
1787,Australian Open,2025,Hard,3,0,0,31.0,65.0,12.0,0,9.0,81.0,31.5,1,0,1,1,1,7pt,0.0,0,0.22880137,0.25606239
1789,Australian Open,2025,Hard,3,1,1,301.5,13.5,409.0,0,10.0,100.0,27.0,0,0,1,0,1,7pt,1.0,1,1.0,1.0
1789,Australian Open,2025,Hard,3,0,0,13.5,301.5,1.0,0,17.0,289.0,32.5,1,0,1,1,1,7pt,0.0,0,0.30666101,0.4028565
1791,Australian Open,2025,Hard,3,0,0,40.0,31.5,28.0,0,21.0,441.0,35.0,0,0,1,1,1,7pt,0.0,0,0.32849246,0.092371315
1791,Australian Open,2025,Hard,3,0,1,31.5,40.0,15.0,0,15.0,225.0,34.0,1,0,1,0,1,7pt,1.0,1,0.55793491,0.5540092
1793,Australian Open,2025,Hard,4,1,1,32.0,1.0,8.0,0,1.0,1.0,32.5,0,0,1,0,2,7pt,1.0,1,1.0,1.0
1793,Australian Open,2025,Hard,4,0,0,1.0,32.0,0.0,0,13.5,182.25,33.5,1,0,1,1,2,7pt,0.25,0,0.39876634,0.25055853
1795,Australian Open,2025,Hard,4,1,1,276.5,6.5,81.0,0,10.0,100.0,28.0,0,0,1,0,2,7pt,1.0,1,1.0,1.0
1795,Australian Open,2025,Hard,4,1,1,6.5,276.5,1.0,0,16.5,272.25,35.0,1,0,1,1,2,7pt,1.0,1,1.0,1.0
1796,Australian Open,2025,Hard,4,1,1,168.0,164.0,50.0,0,9.5,90.25,29.5,0,0,1,0,1,7pt,1.0,1,1.0,1.0
1796,Australian Open,2025,Hard,4,1,1,164.0,168.0,176.0,1,8.0,64.0,28.0,1,0,1,1,1,7pt,1.0,1,1.0,1.0
1797,Australian Open,2025,Hard,4,0,0,37.0,27.0,10.0,0,14.5,210.25,34.5,0,0,1,0,3,7pt,0.36250001192092896,1,0.35557448999999997,0.50382447
1797,Australian Open,2025,Hard,4,1,1,27.0,37.0,8.0,0,10.0,100.0,30.5,1,0,1,1,3,7pt,1.0,1,1.0,1.0
1798,Australian Open,2025,Hard,4,0,0,31.0,9.5,12.0,0,9.0,81.0,31.5,0,0,1,1,1,7pt,0.0,0,0.22880137,0.25606239
1798,Australian Open,2025,Hard,4,1,1,9.5,31.0,1.0,0,14.5,210.25,35.5,1,0,1,0,1,7pt,1.0,1,1.0,1.0
1799,Australian Open,2025,Hard,4,1,1,36.0,13.5,14.0,0,17.0,289.0,38.0,0,0,1,0,2,7pt,1.0,1,1.0,1.0
1799,Australian Open,2025,Hard,4,0,0,13.5,36.0,1.0,0,17.0,289.0,32.5,1,0,1,1,2,7pt,0.0,0,0.30666101,0.4028565
1802,Australian Open,2025,Hard,5,1,1,164.0,6.5,176.0,1,8.0,64.0,28.0,0,0,1,0,2,7pt,1.0,1,1.0,1.0
1802,Australian Open,2025,Hard,5,1,1,6.5,164.0,1.0,0,16.5,272.25,35.0,1,0,1,1,2,7pt,1.0,1,1.0,1.0
1803,Australian Open,2025,Hard,5,1,1,27.0,9.5,8.0,0,10.0,100.0,30.5,0,0,1,0,1,7pt,1.0,1,1.0,1.0
1803,Australian Open,2025,Hard,5,1,1,9.5,27.0,1.0,0,14.5,210.25,35.5,1,0,1,1,1,7pt,1.0,1,1.0,1.0
1803,Australian Open,2025,Hard,5,1,1,27.0,9.5,8.0,0,10.0,100.0,30.5,0,0,1,0,2,7pt,1.0,1,1.0,1.0
1803,Australian Open,2025,Hard,5,1,1,9.5,27.0,1.0,0,14.5,210.25,35.5,1,0,1,1,2,7pt,1.0,1,1.0,1.0
1806,Australian Open,2025,Hard,6,1,1,9.5,13.5,1.0,0,14.5,210.25,35.5,0,0,1,0,3,7pt,1.0,1,1.0,1.0
1806,Australian Open,2025,Hard,6,0,0,13.5,9.5,1.0,0,17.0,289.0,32.5,1,0,1,1,3,7pt,0.0,0,0.30666101,0.4028565
1807,Australian Open,2025,Hard,7,1,1,6.5,13.5,1.0,0,16.5,272.25,35.0,0,0,1,1,1,7pt,1.0,1,1.0,1.0
1807,Australian Open,2025,Hard,7,0,0,13.5,6.5,1.0,0,17.0,289.0,32.5,1,0,1,0,1,7pt,0.0,0,0.30666101,0.4028565
1807,Australian Open,2025,Hard,7,1,1,6.5,13.5,1.0,0,16.5,272.25,35.0,0,0,1,0,2,7pt,1.0,1,1.0,1.0
1807,Australian Open,2025,Hard,7,0,0,13.5,6.5,1.0,0,17.0,289.0,32.5,1,0,1,1,2,7pt,0.0,0,0.30666101,0.4028565
1810,Roland Garros,2025,Clay,2,0,0,76.5,403.5,1.0,0,22.0,484.0,37.0,0,0,1,0,1,7pt,0.0,0,0.0713895,0.1089069
1810,Roland Garros,2025,Clay,2,1,1,403.5,76.5,169.0,0,11.0,121.0,31.0,1,0,1,1,1,7pt,1.0,1,1.0,1.0
1811,Roland Garros,2025,Clay,2,0,0,50.5,35.5,9.0,0,15.0,225.0,34.0,0,0,1,1,1,7pt,0.0,0,0.32562846,0.38785428
1811,Roland Garros,2025,Clay,2,0,1,35.5,50.5,7.0,0,15.0,225.0,34.0,1,0,1,0,1,7pt,1.0,1,0.55793491,0.5540092
1811,Roland Garros,2025,Clay,2,0,0,50.5,35.5,9.0,0,15.0,225.0,34.0,0,0,1,0,2,7pt,0.0,0,0.32562846,0.38785428
1811,Roland Garros,2025,Clay,2,0,1,35.5,50.5,7.0,0,15.0,225.0,34.0,1,0,1,1,2,7pt,1.0,1,0.55793491,0.5540092
1812,Roland Garros,2025,Clay,2,1,1,22.0,86.5,6.0,0,21.5,462.25,39.5,0,0,1,0,1,7pt,1.0,1,1.0,1.0
1812,Roland Garros,2025,Clay,2,0,0,86.5,22.0,3.0,0,1.0,1.0,30.0,1,0,1,1,1,7pt,0.6200000047683716,0,0.36581706999999997,0.30058894
1813,Roland Garros,2025,Clay,2,0,0,150.5,39.5,119.0,0,15.0,225.0,33.0,0,0,1,0,3,7pt,0.75,0,0.68508506,0.70420337
1813,Roland Garros,2025,Clay,2,0,0,39.5,150.5,5.0,0,1.0,1.0,32.5,1,0,1,1,3,7pt,0.5,0,0.48542041,0.50139606
1821,Roland Garros,2025,Clay,2,1,1,437.5,224.5,857.0,1,13.0,169.0,31.5,0,0,1,0,1,7pt,1.0,1,1.0,1.0
1821,Roland Garros,2025,Clay,2,1,1,224.5,437.5,327.0,0,14.0,196.0,31.5,1,0,1,1,1,7pt,1.0,1,1.0,1.0
1821,Roland Garros,2025,Clay,2,1,1,437.5,224.5,857.0,1,13.0,169.0,31.5,0,0,1,0,2,7pt,1.0,1,1.0,1.0
1821,Roland Garros,2025,Clay,2,1,1,224.5,437.5,327.0,0,14.0,196.0,31.5,1,0,1,1,2,7pt,1.0,1,1.0,1.0
1822,Roland Garros,2025,Clay,2,0,0,108.5,47.0,57.0,0,1.0,1.0,27.5,0,0,1,0,3,7pt,0.5,0,0.40765333000000004,0.35414785
1822,Roland Garros,2025,Clay,2,0,0,47.0,108.5,6.0,0,10.0,100.0,27.5,1,0,1,1,3,7pt,1.0,0,0.45713055,0.27157173
1823,Roland Garros,2025,Clay,2,0,0,50.0,10.5,2.0,0,10.5,110.25,28.5,0,0,1,0,1,7pt,0.25,0,0.25826298999999997,0.26646632
1823,Roland Garros,2025,Clay,2,0,1,10.5,50.0,1.0,0,22.0,484.0,39.5,1,0,1,1,1,7pt,1.0,1,0.68292937,0.71418059
1827,Roland Garros,2025,Clay,2,1,1,396.0,29.0,370.0,1,7.5,56.25,25.0,0,0,1,0,2,7pt,1.0,1,1.0,1.0
1827,Roland Garros,2025,Clay,2,0,0,29.0,396.0,4.0,0,7.0,49.0,31.0,1,0,1,1,2,7pt,0.5,0,0.41393596,0.47037259
1828,Roland Garros,2025,Clay,2,1,1,917.0,32.0,492.0,0,1.0,1.0,25.0,0,0,1,0,3,7pt,1.0,1,1.0,1.0
1828,Roland Garros,2025,Clay,2,1,1,32.0,917.0,8.0,0,16.5,272.25,37.5,1,0,1,1,3,7pt,1.0,1,1.0,1.0
1831,Roland Garros,2025,Clay,2,1,1,306.5,7.5,309.0,0,20.0,400.0,38.5,0,0,1,0,1,7pt,1.0,1,1.0,1.0
1831,Roland Garros,2025,Clay,2,1,1,7.5,306.5,1.0,0,16.5,272.25,35.0,1,0,1,1,1,7pt,1.0,1,1.0,1.0
1833,Roland Garros,2025,Clay,2,0,0,65.5,39.5,17.0,0,20.0,400.0,34.0,0,0,1,1,2,7pt,0.75,0,0.47388262000000003,0.48639801
1833,Roland Garros,2025,Clay,2,0,1,39.5,65.5,3.0,0,13.5,182.25,33.0,1,0,1,0,2,7pt,0.0,1,0.23402292000000002,0.18278809
1837,Roland Garros,2025,Clay,2,1,1,69.0,42.5,4.0,0,1.0,1.0,23.5,0,0,1,0,1,7pt,1.0,1,1.0,1.0
1837,Roland Garros,2025,Clay,2,0,0,42.5,69.0,19.0,0,17.5,306.25,38.0,1,0,1,1,1,7pt,0.0,0,0.16051232999999998,0.08596915
1843,Roland Garros,2025,Clay,3,1,1,412.5,15.0,659.0,0,2.0,4.0,23.0,0,0,1,0,2,7pt,1.0,1,1.0,1.0
1843,Roland Garros,2025,Clay,3,1,1,15.0,412.5,2.0,0,10.0,100.0,30.5,1,0,1,1,2,7pt,1.0,1,1.0,1.0
1844,Roland Garros,2025,Clay,3,1,1,5.5,61.0,1.0,0,14.5,210.25,35.5,0,0,1,0,2,7pt,1.0,1,1.0,1.0
1844,Roland Garros,2025,Clay,3,0,0,61.0,5.5,6.0,0,21.0,441.0,33.5,1,0,1,1,2,7pt,0.25,0,0.39582883999999996,0.28566164
1845,Roland Garros,2025,Clay,3,1,1,532.5,59.0,95.0,0,5.0,25.0,23.0,0,0,1,1,2,7pt,1.0,1,1.0,1.0
1845,Roland Garros,2025,Clay,3,0,0,59.0,532.5,6.0,0,16.0,256.0,36.0,1,0,1,0,2,7pt,0.25,0,0.17970717000000003,0.37751663
1846,Roland Garros,2025,Clay,3,1,1,224.5,63.0,327.0,0,14.0,196.0,31.5,0,0,1,0,1,7pt,1.0,1,1.0,1.0
1846,Roland Garros,2025,Clay,3,0,0,63.0,224.5,20.0,0,18.5,342.25,38.5,1,0,1,1,1,7pt,0.36250001192092896,1,0.27383226000000005,0.43975583
1850,Roland Garros,2025,Clay,3,1,1,59.0,32.0,0.0,0,1.0,1.0,27.5,0,0,1,0,1,7pt,1.0,1,1.0,1.0
1850,Roland Garros,2025,Clay,3,1,1,32.0,59.0,8.0,0,16.5,272.25,37.5,1,0,1,1,1,7pt,1.0,1,1.0,1.0
1852,Roland Garros,2025,Clay,3,0,0,15.0,39.5,4.0,0,16.5,272.25,37.5,0,0,1,1,1,7pt,0.25,0,0.36878025999999997,0.38747251
1852,Roland Garros,2025,Clay,3,0,1,39.5,15.0,3.0,0,13.5,182.25,33.0,1,0,1,0,1,7pt,0.0,1,0.23402292000000002,0.18278809
1852,Roland Garros,2025,Clay,3,0,0,15.0,39.5,4.0,0,16.5,272.25,37.5,0,0,1,0,2,7pt,0.25,0,0.36878025999999997,0.38747251
1852,Roland Garros,2025,Clay,3,0,1,39.5,15.0,3.0,0,13.5,182.25,33.0,1,0,1,1,2,7pt,0.0,1,0.23402292000000002,0.18278809
1854,Roland Garros,2025,Clay,3,1,1,24.0,42.5,4.0,0,1.0,1.0,32.5,0,0,1,1,1,7pt,1.0,1,1.0,1.0
1854,Roland Garros,2025,Clay,3,0,0,42.5,24.0,19.0,0,17.5,306.25,38.0,1,0,1,0,1,7pt,0.0,0,0.16051232999999998,0.08596915
1854,Roland Garros,2025,Clay,3,1,1,24.0,42.5,4.0,0,1.0,1.0,32.5,0,0,1,0,2,7pt,1.0,1,1.0,1.0
1854,Roland Garros,2025,Clay,3,0,0,42.5,24.0,19.0,0,17.5,306.25,38.0,1,0,1,1,2,7pt,0.0,0,0.16051232999999998,0.08596915
1857,Roland Garros,2025,Clay,4,1,1,15.0,39.5,2.0,0,10.0,100.0,30.5,0,0,1,0,3,7pt,1.0,1,1.0,1.0
1857,Roland Garros,2025,Clay,4,0,0,39.5,15.0,5.0,0,1.0,1.0,32.5,1,0,1,1,3,7pt,0.5,0,0.48542041,0.50139606
1858,Roland Garros,2025,Clay,4,0,0,59.0,61.0,6.0,0,16.0,256.0,36.0,0,0,1,0,2,7pt,0.25,0,0.17970717000000003,0.37751663
1858,Roland Garros,2025,Clay,4,0,0,61.0,59.0,6.0,0,21.0,441.0,33.5,1,0,1,1,2,7pt,0.25,0,0.39582883999999996,0.28566164
1860,Roland Garros,2025,Clay,4,0,0,700.0,17.5,1198.0,1,6.5,42.25,29.0,0,0,1,0,1,7pt,0.5,0,0.44052201999999996,0.5649724
1860,Roland Garros,2025,Clay,4,1,1,17.5,700.0,5.0,0,12.0,144.0,34.5,1,0,1,1,1,7pt,1.0,1,1.0,1.0
1861,Roland Garros,2025,Clay,4,1,1,7.5,32.0,1.0,0,16.5,272.25,35.0,0,0,1,0,2,7pt,1.0,1,1.0,1.0
1861,Roland Garros,2025,Clay,4,1,1,32.0,7.5,8.0,0,16.5,272.25,37.5,1,0,1,1,2,7pt,1.0,1,1.0,1.0
1863,Roland Garros,2025,Clay,4,0,0,42.5,3.5,19.0,0,17.5,306.25,38.0,0,0,1,0,2,7pt,0.0,0,0.16051232999999998,0.08596915
1863,Roland Garros,2025,Clay,4,0,0,3.5,42.5,1.0,0,17.0,289.0,32.5,1,0,1,1,2,7pt,0.0,0,0.30666101,0.4028565
1865,Roland Garros,2025,Clay,5,0,0,61.0,10.5,6.0,0,21.0,441.0,33.5,0,0,1,0,2,7pt,0.25,0,0.39582883999999996,0.28566164
1865,Roland Garros,2025,Clay,5,0,1,10.5,61.0,1.0,0,22.0,484.0,39.5,1,0,1,1,2,7pt,1.0,1,0.68292937,0.71418059
1866,Roland Garros,2025,Clay,5,1,1,32.0,17.5,8.0,0,16.5,272.25,37.5,0,0,1,1,1,7pt,1.0,1,1.0,1.0
1866,Roland Garros,2025,Clay,5,1,1,17.5,32.0,5.0,0,12.0,144.0,34.5,1,0,1,0,1,7pt,1.0,1,1.0,1.0
1868,Roland Garros,2025,Clay,6,0,1,35.5,10.5,7.0,0,15.0,225.0,34.0,0,0,1,1,1,7pt,1.0,1,0.55793491,0.5540092
1868,Roland Garros,2025,Clay,6,0,1,10.5,35.5,1.0,0,22.0,484.0,39.5,1,0,1,0,1,7pt,1.0,1,0.68292937,0.71418059
1869,Roland Garros,2025,Clay,6,1,1,19.5,17.5,3.0,0,15.0,225.0,32.0,0,0,1,1,1,7pt,1.0,1,1.0,1.0
1869,Roland Garros,2025,Clay,6,1,1,17.5,19.5,5.0,0,12.0,144.0,34.5,1,0,1,0,1,7pt,1.0,1,1.0,1.0
1869,Roland Garros,2025,Clay,6,1,1,19.5,17.5,3.0,0,15.0,225.0,32.0,0,0,1,0,3,7pt,1.0,1,1.0,1.0
1869,Roland Garros,2025,Clay,6,1,1,17.5,19.5,5.0,0,12.0,144.0,34.5,1,0,1,1,3,7pt,1.0,1,1.0,1.0
1870,Roland Garros,2025,Clay,7,1,1,17.5,10.5,5.0,0,12.0,144.0,34.5,0,0,1,1,2,7pt,1.0,1,1.0,1.0
1870,Roland Garros,2025,Clay,7,0,1,10.5,17.5,1.0,0,22.0,484.0,39.5,1,0,1,0,2,7pt,1.0,1,0.68292937,0.71418059
1871,US Open,2025,Hard,2,1,1,1.5,38.0,1.0,0,10.0,100.0,30.5,0,0,1,0,1,7pt,1.0,1,1.0,1.0
1871,US Open,2025,Hard,2,0,0,38.0,1.5,8.0,0,10.0,100.0,30.5,1,0,1,1,1,7pt,0.4625000059604645,0,0.49360377,0.35846734
1871,US Open,2025,Hard,2,1,1,1.5,38.0,1.0,0,10.0,100.0,30.5,0,0,1,0,2,7pt,1.0,1,1.0,1.0
1871,US Open,2025,Hard,2,0,0,38.0,1.5,8.0,0,10.0,100.0,30.5,1,0,1,1,2,7pt,0.4625000059604645,0,0.49360377,0.35846734
1872,US Open,2025,Hard,2,1,1,129.0,62.0,68.0,0,3.0,9.0,26.5,0,0,1,0,1,7pt,1.0,1,1.0,1.0
1872,US Open,2025,Hard,2,1,1,62.0,129.0,0.0,0,1.0,1.0,27.5,1,0,1,1,1,7pt,1.0,1,1.0,1.0
1876,US Open,2025,Hard,2,1,1,120.5,86.0,143.0,0,10.0,100.0,27.0,0,0,1,1,1,7pt,1.0,1,1.0,1.0
1876,US Open,2025,Hard,2,0,0,86.0,120.5,2.0,0,22.0,484.0,34.5,1,0,1,0,1,7pt,0.42500001192092896,0,0.40269971000000004,0.43399045
1876,US Open,2025,Hard,2,1,1,120.5,86.0,143.0,0,10.0,100.0,27.0,0,0,1,0,3,7pt,1.0,1,1.0,1.0
1876,US Open,2025,Hard,2,0,0,86.0,120.5,2.0,0,22.0,484.0,34.5,1,0,1,1,3,7pt,0.42500001192092896,0,0.40269971000000004,0.43399045
1878,US Open,2025,Hard,2,1,1,97.0,12.5,12.0,1,10.0,100.0,28.0,0,0,1,0,1,7pt,1.0,1,1.0,1.0
1878,US Open,2025,Hard,2,1,1,12.5,97.0,1.0,0,16.5,272.25,35.0,1,0,1,1,1,7pt,1.0,1,1.0,1.0
1879,US Open,2025,Hard,2,0,0,5.0,76.0,0.0,0,17.0,289.0,32.5,0,0,1,1,1,7pt,0.0,0,0.30666101,0.4028565
1879,US Open,2025,Hard,2,0,0,76.0,5.0,14.0,0,20.0,400.0,32.5,1,0,1,0,1,7pt,0.75,0,0.47388262000000003,0.48639801
1879,US Open,2025,Hard,2,0,0,5.0,76.0,0.0,0,17.0,289.0,32.5,0,0,1,0,2,7pt,0.0,0,0.30666101,0.4028565
1879,US Open,2025,Hard,2,0,0,76.0,5.0,14.0,0,20.0,400.0,32.5,1,0,1,1,2,7pt,0.75,0,0.47388262000000003,0.48639801
1881,US Open,2025,Hard,2,0,0,624.5,539.5,515.0,0,9.0,81.0,30.0,0,0,1,1,2,7pt,0.25,0,0.24576401999999997,0.032865126
1881,US Open,2025,Hard,2,1,1,539.5,624.5,235.0,1,8.5,72.25,26.0,1,0,1,0,2,7pt,1.0,1,1.0,1.0
1883,US Open,2025,Hard,2,0,0,70.5,27.0,1.0,0,12.5,156.25,35.0,0,0,1,0,1,7pt,0.36250001192092896,1,0.27652013,0.45101935
1883,US Open,2025,Hard,2,0,0,27.0,70.5,2.0,0,10.5,110.25,28.5,1,0,1,1,1,7pt,0.25,0,0.25826298999999997,0.26646632
1884,US Open,2025,Hard,2,0,0,55.5,41.0,21.0,0,15.0,225.0,34.0,0,0,1,0,1,7pt,0.0,0,0.32562846,0.38785428
1884,US Open,2025,Hard,2,0,0,41.0,55.5,10.0,0,9.5,90.25,30.0,1,0,1,1,1,7pt,0.5,0,0.44554085,0.35287556
1884,US Open,2025,Hard,2,0,0,55.5,41.0,21.0,0,15.0,225.0,34.0,0,0,1,0,2,7pt,0.0,0,0.32562846,0.38785428
1884,US Open,2025,Hard,2,0,0,41.0,55.5,10.0,0,9.5,90.25,30.0,1,0,1,1,2,7pt,0.5,0,0.44554085,0.35287556
1885,US Open,2025,Hard,2,1,1,99.5,425.5,45.0,0,1.0,1.0,26.0,0,0,1,0,2,7pt,1.0,1,1.0,1.0
1885,US Open,2025,Hard,2,1,1,425.5,99.5,235.0,0,5.5,30.25,25.5,1,0,1,1,2,7pt,1.0,1,1.0,1.0
1886,US Open,2025,Hard,2,1,1,766.0,12.5,1002.0,0,8.0,64.0,24.0,0,0,1,0,2,7pt,1.0,1,1.0,1.0
1886,US Open,2025,Hard,2,0,1,12.5,766.0,3.0,0,22.0,484.0,39.5,1,0,1,1,2,7pt,1.0,1,0.68292937,0.71418059
1889,US Open,2025,Hard,2,1,1,259.5,80.5,13.0,0,7.0,49.0,28.5,0,0,1,0,2,7pt,1.0,1,1.0,1.0
1889,US Open,2025,Hard,2,0,0,80.5,259.5,1.0,0,1.0,1.0,27.5,1,0,1,1,2,7pt,0.0,0,0.0007093000000000238,0.0076249768
1889,US Open,2025,Hard,2,1,1,259.5,80.5,13.0,0,7.0,49.0,28.5,0,0,1,0,3,7pt,1.0,1,1.0,1.0
1889,US Open,2025,Hard,2,0,0,80.5,259.5,1.0,0,1.0,1.0,27.5,1,0,1,1,3,7pt,0.0,0,0.0007093000000000238,0.0076249768
1890,US Open,2025,Hard,2,0,0,42.5,22.0,3.0,0,12.0,144.0,32.0,0,0,1,0,2,7pt,0.5,0,0.41720712000000004,0.50120014
1890,US Open,2025,Hard,2,0,0,22.0,42.5,26.0,0,19.0,361.0,39.0,1,0,1,1,2,7pt,0.25,0,0.40288400999999996,0.4021906
1892,US Open,2025,Hard,2,1,1,751.5,95.5,377.0,1,5.0,25.0,31.0,0,0,1,0,2,7pt,1.0,1,1.0,1.0
1892,US Open,2025,Hard,2,0,1,95.5,751.5,5.0,0,13.5,182.25,37.0,1,0,1,1,2,7pt,1.0,1,0.82506853,0.83701128
1893,US Open,2025,Hard,2,1,1,58.0,702.5,0.0,0,1.0,1.0,26.5,0,0,1,0,1,7pt,1.0,1,1.0,1.0
1893,US Open,2025,Hard,2,1,1,702.5,58.0,771.0,0,1.0,1.0,22.0,1,0,1,1,1,7pt,1.0,1,1.0,1.0
1894,US Open,2025,Hard,2,1,1,656.0,7.5,810.0,1,14.5,210.25,32.5,0,0,1,0,1,7pt,1.0,1,1.0,1.0
1894,US Open,2025,Hard,2,1,1,7.5,656.0,1.0,0,14.5,210.25,35.5,1,0,1,1,1,7pt,1.0,1,1.0,1.0
1897,US Open,2025,Hard,2,1,1,72.5,75.0,1.0,0,1.0,1.0,29.5,0,0,1,0,2,7pt,1.0,1,1.0,1.0
1897,US Open,2025,Hard,2,0,0,75.0,72.5,2.0,0,1.0,1.0,26.5,1,0,1,1,2,7pt,0.4625000059604645,0,0.49804503,0.5075919
1898,US Open,2025,Hard,2,0,0,47.5,20.0,17.0,1,4.0,16.0,29.0,0,0,1,0,1,7pt,0.5,0,0.49979233999999995,0.49158752
1898,US Open,2025,Hard,2,0,1,20.0,47.5,2.0,0,15.0,225.0,34.0,1,0,1,1,1,7pt,1.0,1,0.55793491,0.5540092
1898,US Open,2025,Hard,2,0,0,47.5,20.0,17.0,1,4.0,16.0,29.0,0,0,1,0,2,7pt,0.5,0,0.49979233999999995,0.49158752
1898,US Open,2025,Hard,2,0,1,20.0,47.5,2.0,0,15.0,225.0,34.0,1,0,1,1,2,7pt,1.0,1,0.55793491,0.5540092
1899,US Open,2025,Hard,2,1,1,33.0,87.0,34.0,1,15.5,240.25,34.5,0,0,1,0,1,7pt,1.0,1,1.0,1.0
1899,US Open,2025,Hard,2,0,0,87.0,33.0,6.0,0,18.0,324.0,32.5,1,0,1,1,1,7pt,0.25,0,0.31173569,0.32680425
1900,US Open,2025,Hard,2,1,1,707.5,44.0,367.0,0,7.0,49.0,24.5,0,0,1,0,1,7pt,1.0,1,1.0,1.0
1900,US Open,2025,Hard,2,0,1,44.0,707.5,34.0,0,11.5,132.25,34.5,1,0,1,1,1,7pt,0.8875000476837158,1,0.6669113,0.6979596
1900,US Open,2025,Hard,2,1,1,707.5,44.0,367.0,0,7.0,49.0,24.5,0,0,1,0,3,7pt,1.0,1,1.0,1.0
1900,US Open,2025,Hard,2,0,1,44.0,707.5,34.0,0,11.5,132.25,34.5,1,0,1,1,3,7pt,0.8875000476837158,1,0.6669113,0.6979596
1901,US Open,2025,Hard,2,0,1,71.0,132.5,8.0,0,1.0,1.0,26.0,0,0,1,0,1,7pt,0.8875000476837158,1,0.6669113,0.6979596
1901,US Open,2025,Hard,2,1,1,132.5,71.0,35.0,1,8.0,64.0,26.5,1,0,1,1,1,7pt,1.0,1,1.0,1.0
1902,US Open,2025,Hard,2,0,0,98.5,3.0,41.0,0,8.0,64.0,31.5,0,0,1,0,2,7pt,0.0,0,0.13264120000000001,0.092179596
1902,US Open,2025,Hard,2,0,0,3.0,98.5,0.0,0,13.5,182.25,33.5,1,0,1,1,2,7pt,0.25,0,0.39876634,0.25055853
1903,US Open,2025,Hard,3,0,0,38.0,62.0,8.0,0,10.0,100.0,30.5,0,0,1,0,1,7pt,0.4625000059604645,0,0.49360377,0.35846734
1903,US Open,2025,Hard,3,1,1,62.0,38.0,0.0,0,1.0,1.0,27.5,1,0,1,1,1,7pt,1.0,1,1.0,1.0
1903,US Open,2025,Hard,3,0,0,38.0,62.0,8.0,0,10.0,100.0,30.5,0,0,1,0,3,7pt,0.4625000059604645,0,0.49360377,0.35846734
1903,US Open,2025,Hard,3,1,1,62.0,38.0,0.0,0,1.0,1.0,27.5,1,0,1,1,3,7pt,1.0,1,1.0,1.0
1906,US Open,2025,Hard,3,1,1,12.5,58.5,1.0,0,16.5,272.25,35.0,0,0,1,1,1,7pt,1.0,1,1.0,1.0
1906,US Open,2025,Hard,3,1,1,58.5,12.5,3.0,0,1.0,1.0,23.5,1,0,1,0,1,7pt,1.0,1,1.0,1.0
1906,US Open,2025,Hard,3,1,1,12.5,58.5,1.0,0,16.5,272.25,35.0,0,0,1,0,2,7pt,1.0,1,1.0,1.0
1906,US Open,2025,Hard,3,1,1,58.5,12.5,3.0,0,1.0,1.0,23.5,1,0,1,1,2,7pt,1.0,1,1.0,1.0
1906,US Open,2025,Hard,3,1,1,12.5,58.5,1.0,0,16.5,272.25,35.0,0,0,1,0,3,7pt,1.0,1,1.0,1.0
1906,US Open,2025,Hard,3,1,1,58.5,12.5,3.0,0,1.0,1.0,23.5,1,0,1,1,3,7pt,1.0,1,1.0,1.0
1907,US Open,2025,Hard,3,0,0,64.5,76.0,1.0,0,15.0,225.0,30.5,0,0,1,1,1,7pt,0.5,0,0.41910601000000003,0.53861094
1907,US Open,2025,Hard,3,0,0,76.0,64.5,14.0,0,20.0,400.0,32.5,1,0,1,0,1,7pt,0.75,0,0.47388262000000003,0.48639801
1907,US Open,2025,Hard,3,0,0,64.5,76.0,1.0,0,15.0,225.0,30.5,0,0,1,0,2,7pt,0.5,0,0.41910601000000003,0.53861094
1907,US Open,2025,Hard,3,0,0,76.0,64.5,14.0,0,20.0,400.0,32.5,1,0,1,1,2,7pt,0.75,0,0.47388262000000003,0.48639801
1908,US Open,2025,Hard,3,0,0,27.5,539.5,7.0,0,1.0,1.0,32.5,0,0,1,0,2,7pt,0.5,0,0.48542041,0.50139606
1908,US Open,2025,Hard,3,1,1,539.5,27.5,235.0,1,8.5,72.25,26.0,1,0,1,1,2,7pt,1.0,1,1.0,1.0
1912,US Open,2025,Hard,3,0,0,80.5,22.0,1.0,0,1.0,1.0,27.5,0,0,1,0,2,7pt,0.0,0,0.0007093000000000238,0.0076249768
1912,US Open,2025,Hard,3,0,0,22.0,80.5,26.0,0,19.0,361.0,39.0,1,0,1,1,2,7pt,0.25,0,0.40288400999999996,0.4021906
1914,US Open,2025,Hard,3,1,1,702.5,7.5,771.0,0,1.0,1.0,22.0,0,0,1,0,1,7pt,1.0,1,1.0,1.0
1914,US Open,2025,Hard,3,1,1,7.5,702.5,1.0,0,14.5,210.25,35.5,1,0,1,1,1,7pt,1.0,1,1.0,1.0
1914,US Open,2025,Hard,3,1,1,702.5,7.5,771.0,0,1.0,1.0,22.0,0,0,1,0,2,7pt,1.0,1,1.0,1.0
1914,US Open,2025,Hard,3,1,1,7.5,702.5,1.0,0,14.5,210.25,35.5,1,0,1,1,2,7pt,1.0,1,1.0,1.0
1917,US Open,2025,Hard,3,0,1,44.0,87.0,34.0,0,11.5,132.25,34.5,0,0,1,0,3,7pt,0.8875000476837158,1,0.6669113,0.6979596
1917,US Open,2025,Hard,3,0,0,87.0,44.0,6.0,0,18.0,324.0,32.5,1,0,1,1,3,7pt,0.25,0,0.31173569,0.32680425
1918,US Open,2025,Hard,3,0,0,3.0,132.5,0.0,0,13.5,182.25,33.5,0,0,1,0,2,7pt,0.25,0,0.39876634,0.25055853
1918,US Open,2025,Hard,3,1,1,132.5,3.0,35.0,1,8.0,64.0,26.5,1,0,1,1,2,7pt,1.0,1,1.0,1.0
1919,US Open,2025,Hard,4,1,1,62.0,29.5,0.0,0,1.0,1.0,27.5,0,0,1,0,1,7pt,1.0,1,1.0,1.0
1919,US Open,2025,Hard,4,1,1,29.5,62.0,1.0,0,1.0,1.0,32.5,1,0,1,1,1,7pt,1.0,1,1.0,1.0
1922,US Open,2025,Hard,4,0,0,41.0,12.5,10.0,0,9.5,90.25,30.0,0,0,1,1,1,7pt,0.5,0,0.44554085,0.35287556
1922,US Open,2025,Hard,4,0,1,12.5,41.0,3.0,0,22.0,484.0,39.5,1,0,1,0,1,7pt,1.0,1,0.68292937,0.71418059
1922,US Open,2025,Hard,4,0,0,41.0,12.5,10.0,0,9.5,90.25,30.0,0,0,1,0,3,7pt,0.5,0,0.44554085,0.35287556
1922,US Open,2025,Hard,4,0,1,12.5,41.0,3.0,0,22.0,484.0,39.5,1,0,1,1,3,7pt,1.0,1,0.68292937,0.71418059
1923,US Open,2025,Hard,4,0,0,49.0,22.0,4.0,0,16.0,256.0,36.0,0,0,1,1,1,7pt,0.25,0,0.17970717000000003,0.37751663
1923,US Open,2025,Hard,4,0,0,22.0,49.0,26.0,0,19.0,361.0,39.0,1,0,1,0,1,7pt,0.25,0,0.40288400999999996,0.4021906
1925,US Open,2025,Hard,4,0,1,20.0,12.5,2.0,0,15.0,225.0,34.0,0,0,1,0,2,7pt,1.0,1,0.55793491,0.5540092
1925,US Open,2025,Hard,4,1,1,12.5,20.0,5.0,0,12.0,144.0,34.5,1,0,1,1,2,7pt,1.0,1,1.0,1.0
1927,US Open,2025,Hard,5,1,1,29.5,58.5,1.0,0,1.0,1.0,32.5,0,0,1,0,2,7pt,1.0,1,1.0,1.0
1927,US Open,2025,Hard,5,1,1,58.5,29.5,3.0,0,1.0,1.0,23.5,1,0,1,1,2,7pt,1.0,1,1.0,1.0
1929,US Open,2025,Hard,5,0,0,22.0,28.5,26.0,0,19.0,361.0,39.0,0,0,1,1,2,7pt,0.25,0,0.40288400999999996,0.4021906
1929,US Open,2025,Hard,5,0,1,28.5,22.0,7.0,0,16.5,272.25,35.5,1,0,1,0,2,7pt,0.0,1,0.23361790000000004,0.18300405
1930,US Open,2025,Hard,5,1,1,132.5,12.5,35.0,1,8.0,64.0,26.5,0,0,1,0,1,7pt,1.0,1,1.0,1.0
1930,US Open,2025,Hard,5,1,1,12.5,132.5,5.0,0,12.0,144.0,34.5,1,0,1,1,1,7pt,1.0,1,1.0,1.0
1932,US Open,2025,Hard,6,0,1,28.5,12.5,7.0,0,16.5,272.25,35.5,0,0,1,1,1,7pt,0.0,1,0.23361790000000004,0.18300405
1932,US Open,2025,Hard,6,1,1,12.5,28.5,5.0,0,12.0,144.0,34.5,1,0,1,0,1,7pt,1.0,1,1.0,1.0
1932,US Open,2025,Hard,6,0,1,28.5,12.5,7.0,0,16.5,272.25,35.5,0,0,1,0,2,7pt,0.0,1,0.23361790000000004,0.18300405
1932,US Open,2025,Hard,6,1,1,12.5,28.5,5.0,0,12.0,144.0,34.5,1,0,1,1,2,7pt,1.0,1,1.0,1.0
1933,US Open,2025,Hard,7,1,1,12.5,12.5,5.0,0,12.0,144.0,34.5,0,0,1,0,2,7pt,1.0,1,1.0,1.0
1933,US Open,2025,Hard,7,0,1,12.5,12.5,3.0,0,22.0,484.0,39.5,1,0,1,1,2,7pt,1.0,1,0.68292937,0.71418059
1936,Wimbledon,2025,Grass,2,0,1,36.0,43.5,4.0,0,21.0,441.0,40.0,0,0,1,0,1,7pt,0.8875000476837158,1,0.62949178,0.69089741
1936,Wimbledon,2025,Grass,2,0,0,43.5,36.0,7.0,0,10.5,110.25,28.5,1,0,1,1,1,7pt,0.25,0,0.25826298999999997,0.26646632
1938,Wimbledon,2025,Grass,2,1,1,127.0,22.5,108.0,0,10.0,100.0,31.0,0,0,1,0,1,7pt,1.0,1,1.0,1.0
1938,Wimbledon,2025,Grass,2,0,1,22.5,127.0,3.0,0,15.0,225.0,34.0,1,0,1,1,1,7pt,1.0,1,0.55793491,0.5540092
1939,Wimbledon,2025,Grass,2,1,1,615.5,60.0,539.0,0,7.0,49.0,25.0,0,0,1,0,2,7pt,1.0,1,1.0,1.0
1939,Wimbledon,2025,Grass,2,1,1,60.0,615.5,0.0,0,1.0,1.0,27.5,1,0,1,1,2,7pt,1.0,1,1.0,1.0
1940,Wimbledon,2025,Grass,2,0,0,46.0,43.5,20.0,0,18.5,342.25,38.5,0,0,1,0,1,7pt,0.36250001192092896,1,0.27383226000000005,0.43975583
1940,Wimbledon,2025,Grass,2,0,0,43.5,46.0,5.0,0,9.5,90.25,30.0,1,0,1,1,1,7pt,0.5,0,0.44554085,0.35287556
1940,Wimbledon,2025,Grass,2,0,0,46.0,43.5,20.0,0,18.5,342.25,38.5,0,0,1,0,2,7pt,0.36250001192092896,1,0.27383226000000005,0.43975583
1940,Wimbledon,2025,Grass,2,0,0,43.5,46.0,5.0,0,9.5,90.25,30.0,1,0,1,1,2,7pt,0.5,0,0.44554085,0.35287556
1941,Wimbledon,2025,Grass,2,0,0,53.0,14.5,20.0,0,15.0,225.0,34.0,0,0,1,0,1,7pt,0.0,0,0.32562846,0.38785428
1941,Wimbledon,2025,Grass,2,1,1,14.5,53.0,1.0,0,16.5,272.25,35.0,1,0,1,1,1,7pt,1.0,1,1.0,1.0
1941,Wimbledon,2025,Grass,2,0,0,53.0,14.5,20.0,0,15.0,225.0,34.0,0,0,1,0,2,7pt,0.0,0,0.32562846,0.38785428
1941,Wimbledon,2025,Grass,2,1,1,14.5,53.0,1.0,0,16.5,272.25,35.0,1,0,1,1,2,7pt,1.0,1,1.0,1.0
1944,Wimbledon,2025,Grass,2,1,1,83.0,69.5,4.0,0,1.0,1.0,28.5,0,0,1,0,2,7pt,1.0,1,1.0,1.0
1944,Wimbledon,2025,Grass,2,1,1,69.5,83.0,3.0,0,1.0,1.0,23.5,1,0,1,1,2,7pt,1.0,1,1.0,1.0
1945,Wimbledon,2025,Grass,2,0,0,29.0,115.5,4.0,0,7.0,49.0,31.0,0,0,1,0,2,7pt,0.5,0,0.41393596,0.47037259
1945,Wimbledon,2025,Grass,2,0,0,115.5,29.0,67.0,1,4.0,16.0,29.0,1,0,1,1,2,7pt,0.5,0,0.49979233999999995,0.49158752
1945,Wimbledon,2025,Grass,2,0,0,29.0,115.5,4.0,0,7.0,49.0,31.0,0,0,1,0,3,7pt,0.5,0,0.41393596,0.47037259
1945,Wimbledon,2025,Grass,2,0,0,115.5,29.0,67.0,1,4.0,16.0,29.0,1,0,1,1,3,7pt,0.5,0,0.49979233999999995,0.49158752
1946,Wimbledon,2025,Grass,2,0,1,690.5,24.5,389.0,0,4.5,20.25,25.0,0,0,1,1,2,7pt,0.0,1,0.36279655,0.42048559
1946,Wimbledon,2025,Grass,2,1,1,24.5,690.5,3.0,0,1.0,1.0,32.5,1,0,1,0,2,7pt,1.0,1,1.0,1.0
1947,Wimbledon,2025,Grass,2,0,1,800.0,47.0,1242.0,0,3.0,9.0,25.5,0,0,1,0,1,7pt,0.8875000476837158,1,0.6669113,0.6979596
1947,Wimbledon,2025,Grass,2,0,0,47.0,800.0,10.0,0,10.0,100.0,27.5,1,0,1,1,1,7pt,1.0,0,0.45713055,0.27157173
1948,Wimbledon,2025,Grass,2,0,0,55.0,51.0,4.0,0,21.0,441.0,33.5,0,0,1,1,1,7pt,0.25,0,0.39582883999999996,0.28566164
1948,Wimbledon,2025,Grass,2,1,1,51.0,55.0,14.0,0,27.0,729.0,35.5,1,0,1,0,1,7pt,1.0,1,1.0,1.0
1948,Wimbledon,2025,Grass,2,0,0,55.0,51.0,4.0,0,21.0,441.0,33.5,0,0,1,0,2,7pt,0.25,0,0.39582883999999996,0.28566164
1948,Wimbledon,2025,Grass,2,1,1,51.0,55.0,14.0,0,27.0,729.0,35.5,1,0,1,1,2,7pt,1.0,1,1.0,1.0
1949,Wimbledon,2025,Grass,2,1,1,1086.0,16.5,362.0,0,1.0,1.0,23.0,0,0,1,0,2,7pt,1.0,1,1.0,1.0
1949,Wimbledon,2025,Grass,2,0,0,16.5,1086.0,7.0,0,16.5,272.25,37.5,1,0,1,1,2,7pt,0.25,0,0.36878025999999997,0.38747251
1951,Wimbledon,2025,Grass,2,0,1,725.5,74.5,259.0,0,13.5,182.25,31.5,0,0,1,0,3,7pt,0.0,1,0.39218503000000005,0.46041548
1951,Wimbledon,2025,Grass,2,0,0,74.5,725.5,9.0,0,16.0,256.0,31.0,1,0,1,1,3,7pt,0.0,0,0.14675355,0.1029001
1952,Wimbledon,2025,Grass,2,1,1,418.0,73.5,106.0,1,19.0,361.0,36.0,0,0,1,0,3,7pt,1.0,1,1.0,1.0
1952,Wimbledon,2025,Grass,2,0,0,73.5,418.0,37.0,0,1.0,1.0,26.0,1,0,1,1,3,7pt,0.2875000238418579,0,0.33500683,0.50676095
1954,Wimbledon,2025,Grass,2,0,1,42.0,36.0,6.0,0,9.0,81.0,31.5,0,0,1,0,1,7pt,1.0,1,0.55793491,0.5540092
1954,Wimbledon,2025,Grass,2,0,1,36.0,42.0,2.0,0,13.5,182.25,33.0,1,0,1,1,1,7pt,0.0,1,0.23402292000000002,0.18278809
1955,Wimbledon,2025,Grass,2,1,1,76.0,336.0,2.0,0,21.0,441.0,41.0,0,0,1,0,1,7pt,1.0,1,1.0,1.0
1955,Wimbledon,2025,Grass,2,0,0,336.0,76.0,496.0,1,8.5,72.25,30.0,1,0,1,1,1,7pt,0.32500001788139343,0,0.32260859,0.50929391
1957,Wimbledon,2025,Grass,2,0,1,489.0,7.5,792.0,1,1.0,1.0,24.0,0,0,1,0,1,7pt,1.0,1,0.74176836,0.40035141
1957,Wimbledon,2025,Grass,2,0,1,7.5,489.0,1.0,0,22.0,484.0,39.5,1,0,1,1,1,7pt,1.0,1,0.68292937,0.71418059
1958,Wimbledon,2025,Grass,2,0,0,80.5,11.0,5.0,0,1.0,1.0,26.5,0,0,1,0,1,7pt,0.4625000059604645,0,0.49804503,0.5075919
1958,Wimbledon,2025,Grass,2,1,1,11.0,80.5,2.0,0,10.0,100.0,30.5,1,0,1,1,1,7pt,1.0,1,1.0,1.0
1961,Wimbledon,2025,Grass,2,1,1,18.5,69.0,1.0,0,15.0,225.0,32.0,0,0,1,0,2,7pt,1.0,1,1.0,1.0
1961,Wimbledon,2025,Grass,2,0,0,69.0,18.5,36.0,0,17.0,289.0,35.0,1,0,1,1,2,7pt,0.75,0,0.66296932,0.68623358
1962,Wimbledon,2025,Grass,2,1,1,30.0,78.5,4.0,0,9.0,81.0,32.0,0,0,1,0,2,7pt,1.0,1,1.0,1.0
1962,Wimbledon,2025,Grass,2,0,0,78.5,30.0,139.0,1,13.5,182.25,32.5,1,0,1,1,2,7pt,0.25,0,0.29715174,0.45988548
1963,Wimbledon,2025,Grass,2,1,1,207.5,510.5,219.0,0,1.0,1.0,24.5,0,0,1,0,1,7pt,1.0,1,1.0,1.0
1963,Wimbledon,2025,Grass,2,0,0,510.5,207.5,157.0,0,8.0,64.0,25.0,1,0,1,1,1,7pt,0.0,0,0.09495025999999995,0.14361209
1964,Wimbledon,2025,Grass,2,0,0,266.0,499.5,156.0,0,7.0,49.0,25.5,0,0,1,0,1,7pt,0.10249999910593033,0,0.10858601000000001,0.10550182
1964,Wimbledon,2025,Grass,2,1,1,499.5,266.0,781.0,0,18.0,324.0,32.5,1,0,1,1,1,7pt,1.0,1,1.0,1.0
1964,Wimbledon,2025,Grass,2,0,0,266.0,499.5,156.0,0,7.0,49.0,25.5,0,0,1,0,2,7pt,0.10249999910593033,0,0.10858601000000001,0.10550182
1964,Wimbledon,2025,Grass,2,1,1,499.5,266.0,781.0,0,18.0,324.0,32.5,1,0,1,1,2,7pt,1.0,1,1.0,1.0
1965,Wimbledon,2025,Grass,2,1,1,1174.0,3.0,4.0,0,19.0,361.0,27.0,0,0,1,0,1,7pt,1.0,1,1.0,1.0
1965,Wimbledon,2025,Grass,2,0,0,3.0,1174.0,0.0,0,17.0,289.0,32.5,1,0,1,1,1,7pt,0.0,0,0.30666101,0.4028565
1967,Wimbledon,2025,Grass,3,0,0,43.5,65.0,7.0,0,10.5,110.25,28.5,0,0,1,0,2,7pt,0.25,0,0.25826298999999997,0.26646632
1967,Wimbledon,2025,Grass,3,1,1,65.0,43.5,0.0,0,1.0,1.0,26.5,1,0,1,1,2,7pt,1.0,1,1.0,1.0
1969,Wimbledon,2025,Grass,3,1,1,14.5,43.5,1.0,0,16.5,272.25,35.0,0,0,1,0,1,7pt,1.0,1,1.0,1.0
1969,Wimbledon,2025,Grass,3,0,0,43.5,14.5,5.0,0,9.5,90.25,30.0,1,0,1,1,1,7pt,0.5,0,0.44554085,0.35287556
1969,Wimbledon,2025,Grass,3,1,1,14.5,43.5,1.0,0,16.5,272.25,35.0,0,0,1,0,2,7pt,1.0,1,1.0,1.0
1969,Wimbledon,2025,Grass,3,0,0,43.5,14.5,5.0,0,9.5,90.25,30.0,1,0,1,1,2,7pt,0.5,0,0.44554085,0.35287556
1970,Wimbledon,2025,Grass,3,0,1,70.5,5.5,3.0,0,1.0,1.0,26.0,0,0,1,0,2,7pt,0.8875000476837158,1,0.6669113,0.6979596
1970,Wimbledon,2025,Grass,3,1,1,5.5,70.5,1.0,0,14.5,210.25,35.5,1,0,1,1,2,7pt,1.0,1,1.0,1.0
1971,Wimbledon,2025,Grass,3,1,1,69.5,115.5,3.0,0,1.0,1.0,23.5,0,0,1,1,2,7pt,1.0,1,1.0,1.0
1971,Wimbledon,2025,Grass,3,0,0,115.5,69.5,67.0,1,4.0,16.0,29.0,1,0,1,0,2,7pt,0.5,0,0.49979233999999995,0.49158752
1971,Wimbledon,2025,Grass,3,1,1,69.5,115.5,3.0,0,1.0,1.0,23.5,0,0,1,0,3,7pt,1.0,1,1.0,1.0
1971,Wimbledon,2025,Grass,3,0,0,115.5,69.5,67.0,1,4.0,16.0,29.0,1,0,1,1,3,7pt,0.5,0,0.49979233999999995,0.49158752
1972,Wimbledon,2025,Grass,3,1,1,24.5,47.0,3.0,0,1.0,1.0,32.5,0,0,1,0,2,7pt,1.0,1,1.0,1.0
1972,Wimbledon,2025,Grass,3,0,0,47.0,24.5,10.0,0,10.0,100.0,27.5,1,0,1,1,2,7pt,1.0,0,0.45713055,0.27157173
1973,Wimbledon,2025,Grass,3,0,0,16.5,51.0,7.0,0,16.5,272.25,37.5,0,0,1,0,1,7pt,0.25,0,0.36878025999999997,0.38747251
1973,Wimbledon,2025,Grass,3,1,1,51.0,16.5,14.0,0,27.0,729.0,35.5,1,0,1,1,1,7pt,1.0,1,1.0,1.0
1973,Wimbledon,2025,Grass,3,0,0,16.5,51.0,7.0,0,16.5,272.25,37.5,0,0,1,0,3,7pt,0.25,0,0.36878025999999997,0.38747251
1973,Wimbledon,2025,Grass,3,1,1,51.0,16.5,14.0,0,27.0,729.0,35.5,1,0,1,1,3,7pt,1.0,1,1.0,1.0
1974,Wimbledon,2025,Grass,3,0,0,74.5,14.0,9.0,0,16.0,256.0,31.0,0,0,1,0,2,7pt,0.0,0,0.14675355,0.1029001
1974,Wimbledon,2025,Grass,3,1,1,14.0,74.5,6.0,0,12.0,144.0,34.5,1,0,1,1,2,7pt,1.0,1,1.0,1.0
1975,Wimbledon,2025,Grass,3,0,0,73.5,26.0,37.0,0,1.0,1.0,26.0,0,0,1,1,2,7pt,0.2875000238418579,0,0.33500683,0.50676095
1975,Wimbledon,2025,Grass,3,1,1,26.0,73.5,8.0,0,21.5,462.25,39.5,1,0,1,0,2,7pt,1.0,1,1.0,1.0
1976,Wimbledon,2025,Grass,3,0,0,336.0,36.0,496.0,1,8.5,72.25,30.0,0,0,1,0,2,7pt,0.32500001788139343,0,0.32260859,0.50929391
1976,Wimbledon,2025,Grass,3,0,1,36.0,336.0,2.0,0,13.5,182.25,33.0,1,0,1,1,2,7pt,0.0,1,0.23402292000000002,0.18278809
1980,Wimbledon,2025,Grass,3,0,0,510.5,78.5,157.0,0,8.0,64.0,25.0,0,0,1,1,2,7pt,0.0,0,0.09495025999999995,0.14361209
1980,Wimbledon,2025,Grass,3,0,0,78.5,510.5,139.0,1,13.5,182.25,32.5,1,0,1,0,2,7pt,0.25,0,0.29715174,0.45988548
1981,Wimbledon,2025,Grass,3,1,1,499.5,3.0,781.0,0,18.0,324.0,32.5,0,0,1,0,1,7pt,1.0,1,1.0,1.0
1981,Wimbledon,2025,Grass,3,0,0,3.0,499.5,0.0,0,17.0,289.0,32.5,1,0,1,1,1,7pt,0.0,0,0.30666101,0.4028565
1982,Wimbledon,2025,Grass,4,1,1,65.0,1.0,0.0,0,1.0,1.0,26.5,0,0,1,0,2,7pt,1.0,1,1.0,1.0
1982,Wimbledon,2025,Grass,4,0,0,1.0,65.0,0.0,0,13.5,182.25,33.5,1,0,1,1,2,7pt,0.25,0,0.39876634,0.25055853
1983,Wimbledon,2025,Grass,4,0,0,43.5,22.5,5.0,0,9.5,90.25,30.0,0,0,1,0,2,7pt,0.5,0,0.44554085,0.35287556
1983,Wimbledon,2025,Grass,4,0,1,22.5,43.5,3.0,0,15.0,225.0,34.0,1,0,1,1,2,7pt,1.0,1,0.55793491,0.5540092
1986,Wimbledon,2025,Grass,4,1,1,26.0,14.0,8.0,0,21.5,462.25,39.5,0,0,1,1,2,7pt,1.0,1,1.0,1.0
1986,Wimbledon,2025,Grass,4,1,1,14.0,26.0,6.0,0,12.0,144.0,34.5,1,0,1,0,2,7pt,1.0,1,1.0,1.0
1986,Wimbledon,2025,Grass,4,1,1,26.0,14.0,8.0,0,21.5,462.25,39.5,0,0,1,0,3,7pt,1.0,1,1.0,1.0
1986,Wimbledon,2025,Grass,4,1,1,14.0,26.0,6.0,0,12.0,144.0,34.5,1,0,1,1,3,7pt,1.0,1,1.0,1.0
1987,Wimbledon,2025,Grass,4,0,1,36.0,7.5,2.0,0,13.5,182.25,33.0,0,0,1,0,3,7pt,0.0,1,0.23402292000000002,0.18278809
1987,Wimbledon,2025,Grass,4,0,1,7.5,36.0,1.0,0,22.0,484.0,39.5,1,0,1,1,3,7pt,1.0,1,0.68292937,0.71418059
1990,Wimbledon,2025,Grass,5,0,1,22.5,1.0,3.0,0,15.0,225.0,34.0,0,0,1,1,2,7pt,1.0,1,0.55793491,0.5540092
1990,Wimbledon,2025,Grass,5,0,0,1.0,22.5,0.0,0,13.5,182.25,33.5,1,0,1,0,2,7pt,0.25,0,0.39876634,0.25055853
1990,Wimbledon,2025,Grass,5,0,1,22.5,1.0,3.0,0,15.0,225.0,34.0,0,0,1,0,3,7pt,1.0,1,0.55793491,0.5540092
1990,Wimbledon,2025,Grass,5,0,0,1.0,22.5,0.0,0,13.5,182.25,33.5,1,0,1,1,3,7pt,0.25,0,0.39876634,0.25055853
1991,Wimbledon,2025,Grass,5,1,1,51.0,115.5,14.0,0,27.0,729.0,35.5,0,0,1,0,1,7pt,1.0,1,1.0,1.0
1991,Wimbledon,2025,Grass,5,0,0,115.5,51.0,67.0,1,4.0,16.0,29.0,1,0,1,1,1,7pt,0.5,0,0.49979233999999995,0.49158752
1992,Wimbledon,2025,Grass,5,1,1,14.0,7.5,6.0,0,12.0,144.0,34.5,0,0,1,0,1,7pt,1.0,1,1.0,1.0
1992,Wimbledon,2025,Grass,5,0,1,7.5,14.0,1.0,0,22.0,484.0,39.5,1,0,1,1,1,7pt,1.0,1,0.68292937,0.71418059
1992,Wimbledon,2025,Grass,5,1,1,14.0,7.5,6.0,0,12.0,144.0,34.5,0,0,1,0,2,7pt,1.0,1,1.0,1.0
1992,Wimbledon,2025,Grass,5,0,1,7.5,14.0,1.0,0,22.0,484.0,39.5,1,0,1,1,2,7pt,1.0,1,0.68292937,0.71418059
1993,Wimbledon,2025,Grass,5,0,0,3.0,11.0,0.0,0,17.0,289.0,32.5,0,0,1,0,3,7pt,0.0,0,0.30666101,0.4028565
1993,Wimbledon,2025,Grass,5,1,1,11.0,3.0,2.0,0,10.0,100.0,30.5,1,0,1,1,3,7pt,1.0,1,1.0,1.0
1994,Wimbledon,2025,Grass,6,0,0,1.0,115.5,0.0,0,13.5,182.25,33.5,0,0,1,1,1,7pt,0.25,0,0.39876634,0.25055853
1994,Wimbledon,2025,Grass,6,0,0,115.5,1.0,67.0,1,4.0,16.0,29.0,1,0,1,0,1,7pt,0.5,0,0.49979233999999995,0.49158752
1994,Wimbledon,2025,Grass,6,0,0,1.0,115.5,0.0,0,13.5,182.25,33.5,0,0,1,0,2,7pt,0.25,0,0.39876634,0.25055853
1994,Wimbledon,2025,Grass,6,0,0,115.5,1.0,67.0,1,4.0,16.0,29.0,1,0,1,1,2,7pt,0.5,0,0.49979233999999995,0.49158752
1994,Wimbledon,2025,Grass,6,0,0,1.0,115.5,0.0,0,13.5,182.25,33.5,0,0,1,0,3,7pt,0.25,0,0.39876634,0.25055853
1994,Wimbledon,2025,Grass,6,0,0,115.5,1.0,67.0,1,4.0,16.0,29.0,1,0,1,1,3,7pt,0.5,0,0.49979233999999995,0.49158752
1996,Wimbledon,2025,Grass,7,0,0,115.5,11.0,67.0,1,4.0,16.0,29.0,0,0,1,0,2,7pt,0.5,0,0.49979233999999995,0.49158752
1996,Wimbledon,2025,Grass,7,1,1,11.0,115.5,2.0,0,10.0,100.0,30.5,1,0,1,1,2,7pt,1.0,1,1.0,1.0
